{
  "rawData": {
    "6": [
      0,
      1,
      2,
      3,
      4,
      5,
      6,
      7,
      8,
      9,
      10,
      11,
      12,
      13,
      14,
      15,
      16,
      17,
      18,
      19,
      20,
      21,
      22,
      23,
      24,
      25,
      26,
      27,
      28,
      29,
      30,
      31,
      32,
      33,
      34,
      35,
      36,
      37,
      38,
      39,
      40,
      41,
      42,
      43,
      44,
      45,
      46,
      47,
      48,
      49,
      50,
      51,
      52,
      53,
      54,
      55,
      56,
      57,
      58,
      59,
      60,
      61,
      62,
      63,
      64,
      65,
      66,
      67,
      68,
      69,
      70,
      71,
      72,
      73,
      74,
      75,
      76,
      77,
      78,
      79,
      80,
      81,
      82,
      83,
      84,
      85,
      86,
      87,
      88,
      89,
      90,
      91,
      92,
      93,
      94,
      95,
      96,
      97,
      98,
      99,
      100,
      101,
      102,
      103,
      104,
      105,
      106,
      107,
      108,
      109,
      110,
      111,
      112,
      113,
      114,
      115,
      116,
      117,
      118,
      119,
      120,
      121,
      122,
      123,
      124,
      125,
      126,
      127,
      128,
      129,
      130,
      131,
      132,
      133,
      134,
      135,
      136,
      137,
      138,
      139,
      140,
      141,
      142,
      143,
      144,
      145,
      146,
      147,
      148,
      149,
      150,
      151,
      152,
      153,
      154,
      155,
      156,
      157,
      158,
      159,
      160,
      161,
      162,
      163,
      164,
      165,
      166,
      167
    ],
    "7": [
      81.40288825421004,
      42.95276252909872,
      42.266355430910934,
      26.05879077603243,
      28.021153907586758,
      0,
      0,
      0,
      0,
      0,
      0,
      0,
      0,
      0,
      0,
      0,
      30.42632780884061,
      26.730975525410006,
      56.43356501807209,
      53.38283256762361,
      60.12791948345274,
      83.45558102540147,
      66.18371985510697,
      73.29932688954334,
      72.79641892588583,
      76.21858926868504,
      39.61104498468585,
      39.73311718287138,
      18.25234741104412,
      0.3871910360249018,
      0,
      0,
      0,
      0,
      0,
      0,
      0,
      0,
      0,
      3.6537237520469503,
      24.180819582273216,
      31.666529964664726,
      51.95123825791131,
      59.4579662315584,
      52.542909767580795,
      77.60985955600896,
      62.29326181481471,
      60.25172504838568,
      71.92065426953661,
      53.23179766889678,
      43.852562374214756,
      20.730218632894402,
      6.165334235088748,
      0,
      0,
      0,
      0,
      0,
      0,
      0,
      0,
      0,
      0,
      1.6294556703427139,
      11.29027519152162,
      35.2423095925796,
      39.41860813320582,
      38.802879950237376,
      59.69662278123431,
      54.44528659247216,
      73.760544686544,
      69.31057870998269,
      60.215975496251815,
      46.55016612966374,
      38.831438950544104,
      36.31029941714861,
      20.51496968129046,
      5.809232687566217,
      0,
      0,
      0,
      0,
      0,
      0,
      0,
      0,
      0,
      2.575108910516299,
      12.909537205496445,
      35.35613909731598,
      38.59607563532256,
      45.96118981361853,
      64.48236290661923,
      76.81186534736695,
      89.40965022270979,
      70.43856167666351,
      62.34184836600074,
      41.164550160572915,
      47.80595394677738,
      29.074530515063053,
      19.541467624925964,
      5.589036774874835,
      0,
      0,
      0,
      0,
      0,
      0,
      0,
      3.169390466487151,
      0,
      2.482292118205077,
      24.086467622113673,
      32.17803431758918,
      49.74893141147662,
      62.08901538490988,
      80.90030707817078,
      74.44250333541433,
      77.38608465305771,
      68.69646385559363,
      62.69475683189391,
      53.44862478609461,
      51.63837058358477,
      26.13777160026003,
      5.367423747866612,
      0,
      0,
      0,
      0,
      0,
      0,
      0,
      0,
      0,
      0,
      8.165689657653532,
      10.905604407996847,
      18.274395452267072,
      48.928741487551065,
      55.234186864744196,
      63.17117401431474,
      67.14876319508444,
      63.54821284493002,
      67.65938361602268,
      64.73095564553637,
      56.094044838371005,
      45.86994311495466,
      40.49037628728303,
      24.871978305163903,
      9.283802079782227,
      0,
      0,
      0,
      0,
      0,
      0,
      0,
      0,
      0,
      16.85518386618609,
      39.62717320740366,
      41.441278312863844,
      47.57221337574225,
      49.709732799898504,
      64.56207896370849,
      60.53793180911762,
      80.38999340841931,
      69.10866133238164
    ]
  },
  "data": [
    {
      "id": 6,
      "name": "hour",
      "data": 6,
      "type": "number",
      "tableProcessGUId": "",
      "producerNodeId": null,
      "producerPort": null,
      "producerArtifactKind": null,
      "provenance": "",
      "processes": []
    },
    {
      "id": 7,
      "name": "activity",
      "data": 7,
      "type": "number",
      "tableProcessGUId": "",
      "producerNodeId": null,
      "producerPort": null,
      "producerArtifactKind": null,
      "provenance": "",
      "processes": []
    }
  ],
  "plots": [
    {
      "id": 2,
      "name": "Activity actogram",
      "x": 350,
      "y": 150,
      "width": 500,
      "height": 250,
      "type": "actogram",
      "selected": false,
      "plot": {
        "ylimsOption": "overall",
        "ylimsIN": [
          0,
          100
        ],
        "paddingIN": {
          "top": 30,
          "right": 20,
          "bottom": 10,
          "left": 20
        },
        "doublePlot": 2,
        "periodHrs": 24,
        "showDayNumbers": false,
        "lightBands": {
          "bands": []
        },
        "xAxis": {
          "label": "",
          "gridlines": false,
          "nticks": 6,
          "manualTicks": null
        },
        "data": [
          {
            "x": {
              "id": 8,
              "name": "hour",
              "refId": 6,
              "type": "number",
              "tableProcessGUId": "",
              "producerNodeId": null,
              "producerPort": null,
              "producerArtifactKind": null,
              "provenance": "refers to hour which is ",
              "processes": []
            },
            "y": {
              "id": 9,
              "name": "activity",
              "refId": 7,
              "type": "number",
              "tableProcessGUId": "",
              "producerNodeId": null,
              "producerPort": null,
              "producerArtifactKind": null,
              "provenance": "refers to activity which is ",
              "processes": []
            },
            "colour": "#234154",
            "draw": true,
            "phaseMarkers": []
          }
        ]
      }
    }
  ],
  "tableProcesses": [],
  "storedValues": {},
  "nodeNotes": {},
  "notes": [
    {
      "id": "note_1",
      "text": "AM I A NIGHT OWL? — NZ Yr 9–13\n\nHidden truth: this is an EVENING type (owl) — activity peaks at about 22:00 and rest is in the early hours. Frame the biology around homeostasis/feedback, with the body clock (circadian rhythm) as the worked example.\n\nCurriculum (NZ): NZC Living World — Life processes (L7/8); NCEA AS91604 (homeostasis). Intl: AP Bio 8.1, IB Bio D3.3.\nNCEA is transitional: L1 removed from 2028; NZCE (Yr12) 2029; NZACE (Yr13) 2030. Standards below remain valid through the change.\n\nFull mapping + worked walkthrough: classroom-handbook.html",
      "x": 40,
      "y": 40,
      "width": 380,
      "height": 240
    }
  ],
  "groups": [],
  "orphanProcesses": [],
  "appState": {
    "currentTab": "null",