{
  "rawData": {
    "12": [
      0,
      1,
      2,
      3,
      4,
      5,
      6,
      7,
      8,
      9,
      10,
      11,
      12,
      13,
      14,
      15,
      16,
      17,
      18,
      19,
      20,
      21,
      22,
      23,
      24,
      25,
      26,
      27,
      28,
      29,
      30,
      31,
      32,
      33,
      34,
      35,
      36,
      37,
      38,
      39,
      40,
      41,
      42,
      43,
      44,
      45,
      46,
      47,
      48,
      49,
      50,
      51,
      52,
      53,
      54,
      55,
      56,
      57,
      58,
      59,
      60,
      61,
      62,
      63,
      64,
      65,
      66,
      67,
      68,
      69,
      70,
      71,
      72,
      73,
      74,
      75,
      76,
      77,
      78,
      79,
      80,
      81,
      82,
      83,
      84,
      85,
      86,
      87,
      88,
      89,
      90,
      91,
      92,
      93,
      94,
      95,
      96,
      97,
      98,
      99,
      100,
      101,
      102,
      103,
      104,
      105,
      106,
      107,
      108,
      109,
      110,
      111,
      112,
      113,
      114,
      115,
      116,
      117,
      118,
      119,
      120,
      121,
      122,
      123,
      124,
      125,
      126,
      127,
      128,
      129,
      130,
      131,
      132,
      133,
      134,
      135,
      136,
      137,
      138,
      139,
      140,
      141,
      142,
      143,
      144,
      145,
      146,
      147,
      148,
      149,
      150,
      151,
      152,
      153,
      154,
      155,
      156,
      157,
      158,
      159,
      160,
      161,
      162,
      163,
      164,
      165,
      166,
      167
    ],
    "13": [
      35.75917073311306,
      45.31224444826615,
      45.67977499102772,
      58.030648375586615,
      68.18765283788262,
      79.68255386492778,
      83.93060290984987,
      89.46200087653641,
      86.14360715524617,
      88.3858893249006,
      77.88415406442418,
      76.40857979658603,
      62.140064959055266,
      60.37915290900104,
      53.62392232147832,
      32.961107992660466,
      33.043428376008954,
      23.96494637932108,
      22.703571413120383,
      7.664193694091043,
      10.1823321533302,
      11.22893702086262,
      17.53640553523515,
      26.460181643864317,
      26.804300789685133,
      44.399144083492416,
      43.554751503187994,
      58.44355398450546,
      63.83082154639685,
      79.59462973148689,
      85.64048302696428,
      84.28439118761752,
      99.69467874704549,
      95.50724986622022,
      90.24705430379542,
      80.64734340271077,
      59.97125269918011,
      65.72811150692567,
      60.833351628317075,
      38.58925345421523,
      23.417098945109974,
      25.780091354686213,
      23.46565938036325,
      16.336546701476625,
      9.534108605623304,
      19.132789188270223,
      21.043950273227907,
      33.30410914900103,
      39.08637800501634,
      37.38616842048394,
      46.229232204852245,
      51.88881952767237,
      60.07677711552749,
      73.59606776979028,
      86.541563562253,
      88.1650055458077,
      83.94638698052782,
      91.46240576060666,
      84.67141385766965,
      82.48701202599204,
      75.03585544328138,
      69.66497720572154,
      34.843953390352354,
      37.02649223715296,
      28.633177042365045,
      14.427107690501833,
      13.772588460539898,
      13.574778329873034,
      -4.228483598640162,
      5.52719498847366,
      15.661095830777134,
      21.144320003360022,
      29.9156517399929,
      44.46452442061878,
      53.05329314360147,
      66.70756177601876,
      73.25179265350998,
      81.65671570162657,
      85.88642037759898,
      84.95247249967466,
      95.63535125955798,
      85.3045522289276,
      82.10358390587852,
      85.72317288680883,
      64.82740066572677,
      60.5564644382007,
      50.92490511123701,
      39.99720190021298,
      30.068244203927588,
      28.840066213638934,
      17.35743816056154,
      15.587837839003898,
      7.063577813604985,
      8.384934063765673,
      12.161650697336073,
      21.283658316267637,
      23.664689404253522,
      34.56671980981359,
      47.76629069463083,
      53.358590069956854,
      67.91928603679158,
      75.97281071961302,
      84.83032159562116,
      87.48250184419646,
      92.29712547580525,
      87.32170852339478,
      91.99367415727157,
      82.28867758469943,
      71.3423309924616,
      59.22696610244096,
      51.24167967967001,
      40.177482868508584,
      23.15392949431578,
      33.1858338538578,
      17.039868948054,
      4.314868783043884,
      9.238214569596607,
      7.752429606642483,
      12.976482845703572,
      12.801909927415338,
      27.81225806715814,
      36.652771325818904,
      57.597386252230066,
      56.333835042728126,
      68.89530785436732,
      90.90098040227805,
      86.5600581936014,
      97.23433338760675,
      95.48728503858052,
      78.74235464164236,
      82.23551414603502,
      81.56098099698362,
      69.12878344934494,
      60.669663663298444,
      46.596454547577665,
      35.48070044038836,
      28.95911988653926,
      21.473849346695957,
      10.465290386749507,
      20.142284227538475,
      8.124264214792584,
      16.487558997276587,
      15.146775205206879,
      21.814585373368615,
      30.468035637964622,
      44.62004907078142,
      43.184463236763335,
      61.00067380879649,
      71.59028611740047,
      83.1894019541179,
      91.074007851956,
      95.52961865385974,
      83.1259982404466,
      93.12500182343727,
      91.02428497240531,
      79.29068337230434,
      67.51891220157972,
      67.58849490797522,
      44.67685694804577,
      36.19333720499145,
      21.405455893844994,
      19.52177806490412,
      16.31099677441628,
      15.097535135975512,
      9.42701826785261,
      13.389764380242212,
      12.582919823825392,
      19.856638732773458
    ]
  },
  "data": [
    {
      "id": 12,
      "name": "hour",
      "data": 12,
      "type": "number",
      "tableProcessGUId": "",
      "producerNodeId": null,
      "producerPort": null,
      "producerArtifactKind": null,
      "provenance": "",
      "processes": []
    },
    {
      "id": 13,
      "name": "signal",
      "data": 13,
      "type": "number",
      "tableProcessGUId": "",
      "producerNodeId": null,
      "producerPort": null,
      "producerArtifactKind": null,
      "provenance": "",
      "processes": []
    },
    {
      "id": 16,
      "name": "cosinorx_1",
      "data": null,
      "tableProcessGUId": "",
      "producerNodeId": null,
      "producerPort": null,
      "producerArtifactKind": null,
      "provenance": "",
      "processes": []
    },
    {
      "id": 17,
      "name": "cosinory_13_1",
      "data": null,
      "tableProcessGUId": "",
      "producerNodeId": null,
      "producerPort": null,
      "producerArtifactKind": null,
      "provenance": "",
      "processes": []
    }
  ],
  "plots": [
    {
      "id": 3,
      "name": "Signal vs hour",
      "x": 350,
      "y": 150,
      "width": 500,
      "height": 250,
      "type": "scatterplot",
      "selected": false,
      "plot": {
        "xlimsIN": [
          null,
          null
        ],
        "xLogScale": false,
        "ylimsLeftIN": [
          null,
          null
        ],
        "ylimsRightIN": [
          null,
          null
        ],
        "yLogScaleLeft": false,
        "yLogScaleRight": false,
        "padding": {
          "top": 15,
          "right": 30,
          "bottom": 30,
          "left": 30
        },
        "xAxis": {
          "label": "",
          "gridlines": true,
          "nticks": 5,
          "manualTicks": null
        },
        "yAxisLeft": {
          "label": "",
          "gridlines": true,
          "nticks": 5,
          "manualTicks": null
        },