{
  "rawData": {
    "0": [
      0,
      1,
      2,
      3,
      4,
      5,
      6,
      7,
      8,
      9,
      10,
      11,
      12,
      13,
      14,
      15,
      16,
      17,
      18,
      19,
      20,
      21,
      22,
      23,
      24,
      25,
      26,
      27,
      28,
      29,
      30,
      31,
      32,
      33,
      34,
      35,
      36,
      37,
      38,
      39,
      40,
      41,
      42,
      43,
      44,
      45,
      46,
      47,
      48,
      49,
      50,
      51,
      52,
      53,
      54,
      55,
      56,
      57,
      58,
      59,
      60,
      61,
      62,
      63,
      64,
      65,
      66,
      67,
      68,
      69,
      70,
      71,
      72,
      73,
      74,
      75,
      76,
      77,
      78,
      79,
      80,
      81,
      82,
      83,
      84,
      85,
      86,
      87,
      88,
      89,
      90,
      91,
      92,
      93,
      94,
      95,
      96,
      97,
      98,
      99,
      100,
      101,
      102,
      103,
      104,
      105,
      106,
      107,
      108,
      109,
      110,
      111,
      112,
      113,
      114,
      115,
      116,
      117,
      118,
      119,
      120,
      121,
      122,
      123,
      124,
      125,
      126,
      127,
      128,
      129,
      130,
      131,
      132,
      133,
      134,
      135,
      136,
      137,
      138,
      139,
      140,
      141,
      142,
      143,
      144,
      145,
      146,
      147,
      148,
      149,
      150,
      151,
      152,
      153,
      154,
      155,
      156,
      157,
      158,
      159,
      160,
      161,
      162,
      163,
      164,
      165,
      166,
      167
    ],
    "1": [
      51.113789610378596,
      56.20886537212363,
      67.1078593396908,
      84.30886880254755,
      93.74599400595412,
      90.90125861012523,
      95.82262480668257,
      94.27146597509909,
      72.30427537028208,
      83.62946208285261,
      69.40914012879298,
      51.699440077042944,
      37.27451352914516,
      26.25830273483191,
      26.97554177680988,
      25.746025213301976,
      20.62795666156367,
      18.381185342572255,
      16.903279277043552,
      15.41267316155459,
      26.21828726247643,
      20.11432643898265,
      31.461635279706726,
      39.79385995074627,
      39.618137063595825,
      61.76592129665794,
      62.406595651272525,
      76.51064630849348,
      85.29385940291951,
      94.73258224641533,
      84.82311545731974,
      94.0504266832739,
      86.2528188979814,
      72.33492563333297,
      66.51983481722885,
      70.46898685542507,
      53.03325767612728,
      37.035239183270875,
      30.028748850583554,
      19.575242813280827,
      17.899389740504013,
      19.560060090591897,
      7.523961981029894,
      5.860816419023593,
      8.990107170420156,
      25.176364836866284,
      36.398463837201525,
      35.977328763109824,
      55.499954096202046,
      65.74095385878528,
      59.826914046743326,
      72.65025052968252,
      92.60690309216713,
      98.90701648786984,
      92.48542583354667,
      82.63896623791616,
      82.60549908321876,
      84.23316164855157,
      68.27992233233661,
      54.05327309889583,
      43.37079945600174,
      38.49809936222459,
      37.052158308663756,
      27.69410619674939,
      17.046619410803387,
      11.737471917737041,
      9.125372492531357,
      8.189988368729221,
      24.664871235674642,
      22.04519307280689,
      31.441551906245394,
      45.01076858070594,
      47.22102700609357,
      53.258646148996526,
      74.050832671585,
      73.4814089121762,
      82.61635771784441,
      102.43392815359128,
      82.14092088877791,
      94.74394151695115,
      83.20540692176692,
      76.50713745243456,
      65.31085884065476,
      65.57252919835456,
      42.608011644501865,
      28.34663321104142,
      24.91183982103648,
      25.366171266585923,
      10.223434268841874,
      8.440962585626682,
      15.636588629525226,
      9.261489424066573,
      34.76868615008257,
      21.4296272948363,
      27.31495813023153,
      43.10190803849737,
      54.50311762825493,
      65.20330076691313,
      65.68075810761158,
      64.06065232841756,
      76.53456000302499,
      91.11464368870232,
      82.80944181119065,
      95.07443625124567,
      89.9465164381027,
      75.18553815211234,
      73.54998466839116,
      53.866188713573564,
      49.35256760171914,
      30.575194216028066,
      20.76709875774678,
      12.90782891490756,
      8.68632180687588,
      16.974847614960552,
      0.6350183246812069,
      6.10200518753423,
      12.57105114176722,
      25.38372183215151,
      24.351538201750294,
      36.707894965190214,
      51.20943632064351,
      57.956351184535286,
      72.5916336527752,
      72.56328120670211,
      87.00254168398739,
      87.23164610792138,
      87.89576678426627,
      89.59982469822087,
      77.76225088913152,
      76.93412329733435,
      65.37903755322222,
      57.672044326113095,
      42.41044559009898,
      42.68185124305445,
      33.23260192508941,
      26.1226977827833,
      20.84525958902979,
      10.744698790025927,
      1.6783034219218322,
      4.393562133731811,
      25.908704358086176,
      32.99651501680483,
      33.11986613276633,
      39.095412870781416,
      50.873251945114646,
      68.17130546143254,
      74.17756132006404,
      69.9778775683283,
      83.79781667925594,
      79.82251912244287,
      96.1104988672192,
      83.79463821174272,
      78.82562927885506,
      80.53544009994835,
      76.31379450834118,
      63.090560254469544,
      48.221532987245155,
      29.09291070199169,
      30.910007990989257,
      13.298837001019903,
      12.825767615402434,
      4.622951652828198,
      18.465546136040565,
      21.855634863881168,
      6.410434485141991,
      21.270003599843147,
      32.37939503222088,
      41.409391309141064
    ]
  },
  "data": [
    {
      "id": 0,
      "name": "hour",
      "data": 0,
      "type": "number",
      "tableProcessGUId": "",
      "producerNodeId": null,
      "producerPort": null,
      "producerArtifactKind": null,
      "provenance": "",
      "processes": []
    },
    {
      "id": 1,
      "name": "activity",
      "data": 1,
      "type": "number",
      "tableProcessGUId": "",
      "producerNodeId": null,
      "producerPort": null,
      "producerArtifactKind": null,
      "provenance": "",
      "processes": []
    }
  ],
  "plots": [
    {
      "id": 0,
      "name": "Activity periodogram",
      "x": 350,
      "y": 150,
      "width": 500,
      "height": 250,
      "type": "periodogram",
      "selected": false,
      "plot": {
        "periodlimsIN": [
          1,
          30
        ],
        "periodSteps": 0.25,
        "ylimsIN": [
          null,
          null
        ],
        "padding": {
          "top": 15,
          "right": 20,
          "bottom": 30,
          "left": 30
        },
        "xAxis": {
          "label": "Period (hours)",
          "gridlines": true,
          "nticks": 5,
          "manualTicks": null
        },
        "yAxis": {
          "label": "Power",
          "gridlines": true,
          "nticks": 5,
          "manualTicks": null
        },
        "data": [
          {
            "x": {
              "id": 2,
              "name": "hour",
              "refId": 0,
              "type": "number",
              "tableProcessGUId": "",
              "producerNodeId": null,
              "producerPort": null,
              "producerArtifactKind": null,
              "provenance": "refers to hour which is ",
              "processes": []
            },
            "y": {
              "id": 3,
              "name": "activity",
              "refId": 1,
              "type": "number",
              "tableProcessGUId": "",
              "producerNodeId": null,