minute,count
0,3
1,5
2,2
3,6
4,1
5,5
6,5
7,4
8,4
9,6
10,2
11,2
12,4
13,3
14,4
15,1
16,1
17,1
18,3
19,3
20,0
21,2
22,3
23,2
24,3
25,4
26,0
27,3
28,4
29,2
30,1
31,2
32,3
33,4
34,2
35,3
36,5
37,3
38,2
39,2
40,6
41,5
42,3
43,2
44,4
45,5
46,2
47,1
48,6
49,2
50,1
51,2
52,1
53,4
54,1
55,2
56,4
57,7
58,4
59,5
60,3
61,4
62,2
63,2
64,3
65,2
66,4
67,5
68,1
69,6
70,2
71,5
72,4
73,6
74,1
75,2
76,2
77,6
78,1
79,1
80,5
81,4
82,2
83,5
84,1
85,5
86,3
87,2
88,4
89,3
90,3
91,6
92,3
93,5
94,4
95,1
96,5
97,3
98,5
99,2
100,2
101,3
102,1
103,2
104,3
105,2
106,3
107,2
108,1
109,4
110,6
111,3
112,4
113,3
114,6
115,3
116,6
117,2
118,3
119,1
120,4
121,8
122,1
123,5
124,3
125,1
126,3
127,4
128,3
129,2
130,4
131,1
132,2
133,1
134,2
135,2
136,4
137,6
138,9
139,0
140,0
141,1
142,2
143,7
144,3
145,5
146,1
147,3
148,3
149,1
150,2
151,5
152,1
153,2
154,1
155,3
156,4
157,4
158,1
159,4
160,3
161,4
162,1
163,1
164,1
165,3
166,2
167,8
168,2
169,2
170,3
171,3
172,3
173,4
174,4
175,2
176,2
177,4
178,3
179,6
180,6
181,5
182,4
183,2
184,0
185,4
186,4
187,2
188,3
189,1
190,3
191,2
192,3
193,1
194,2
195,3
196,4
197,0
198,3
199,3
200,2
201,4
202,3
203,3
204,1
205,4
206,1
207,6
208,2
209,4
210,6
211,1
212,1
213,3
214,2
215,5
216,1
217,3
218,6
219,7
220,10
221,2
222,3
223,3
224,2
225,7
226,8
227,3
228,2
229,12
230,3
231,2
232,3
233,2
234,3
235,3
236,2
237,3
238,1
239,1
240,6
241,0
242,2
243,3
244,2
245,3
246,7
247,5
248,2
249,4
250,2
251,1
252,3
253,3
254,0
255,3
256,8
257,2
258,2
259,2
260,3
261,3
262,2
263,3
264,3
265,0
266,2
267,1
268,5
269,4
270,1
271,5
272,1
273,1
274,5
275,1
276,1
277,3
278,0
279,0
280,5
281,1
282,3
283,6
284,1
285,0
286,2
287,3
288,4
289,3
290,2
291,4
292,4
293,3
294,3
295,3
296,4
297,2
298,2
299,4
300,6
301,5
302,2
303,2
304,2
305,1
306,3
307,1
308,6
309,2
310,0
311,1
312,2
313,2
314,3
315,3
316,3
317,4
318,3
319,1
320,1
321,0
322,3
323,3
324,4
325,3
326,2
327,5
328,3
329,3
330,2
331,3
332,1
333,3
334,2
335,0
336,1
337,0
338,2
339,1
340,3
341,4
342,3
343,2
344,5
345,4
346,1
347,3
348,6
349,3
350,3
351,3
352,1
353,1
354,3
355,0
356,3
357,3
358,5
359,1
360,3
361,3
362,2
363,2
364,4
365,1
366,3
367,2
368,2
369,5
370,2
371,0
372,4
373,2
374,3
375,4
376,1
377,1
378,2
379,2
380,3
381,1
382,4
383,3
384,6
385,0
386,1
387,3
388,3
389,3
390,1
391,4
392,2
393,1
394,2
395,1
396,5
397,2
398,5
399,3
400,4
401,8
402,2
403,4
404,2
405,2
406,2
407,6
408,4
409,3
410,4
411,3
412,2
413,2
414,1
415,2
416,1
417,3
418,7
419,5
420,1
421,3
422,4
423,2
424,1
425,4
426,3
427,3
428,2
429,0
430,4
431,2
432,9
433,7
434,5
435,3
436,1
437,3
438,6
439,26
440,26
441,35
442,6
443,27
444,31
445,25
446,35
447,34
448,38
449,23
450,24
451,33
452,32
453,29
454,29
455,35
456,25
457,29
458,4
459,42
460,31
461,22
462,5
463,26
464,36
465,6
466,41
467,35
468,34
469,33
470,6
471,31
472,21
473,22
474,26
475,21
476,32
477,23
478,34
479,25
480,31
481,31
482,26
483,26
484,33
485,29
486,25
487,25
488,23
489,29
490,24
491,38
492,30
493,35
494,32
495,3
496,37
497,39
498,26
499,4
500,40
501,37
502,4
503,31
504,28
505,25
506,27
507,4
508,27
509,22
510,25
511,25
512,33
513,31
514,8
515,33
516,25
517,25
518,34
519,31
520,26
521,26
522,4
523,32
524,22
525,32
526,31
527,23
528,27
529,36
530,33
531,18
532,5
533,30
534,20
535,40
536,33
537,31
538,33
539,40
540,18
541,31
542,29
543,38
544,26
545,22
546,35
547,34
548,28
549,22
550,24
551,30
552,22
553,29
554,33
555,24
556,32
557,31
558,31
559,17
560,5
561,6
562,34
563,4
564,29
565,35
566,21
567,31
568,27
569,25
570,25
571,23
572,26
573,38
574,3
575,29
576,44
577,28
578,26
579,30
580,34
581,25
582,24
583,43
584,40
585,40
586,29
587,27
588,28
589,37
590,26
591,33
592,33
593,42
594,34
595,31
596,30
597,22
598,27
599,34
600,29
601,29
602,40
603,26
604,41
605,23
606,32
607,32
608,43
609,45
610,19
611,30
612,26
613,43
614,30
615,30
616,29
617,34
618,35
619,26
620,24
621,31
622,24
623,32
624,37
625,33
626,36
627,34
628,27
629,24
630,33
631,31
632,3
633,27
634,38
635,24
636,31
637,30
638,27
639,22
640,36
641,35
642,3
643,28
644,40
645,26
646,31
647,23
648,34
649,8
650,4
651,32
652,24
653,23
654,25
655,32
656,46
657,22
658,27
659,27
660,28
661,37
662,35
663,28
664,26
665,5
666,32
667,24
668,29
669,32
670,23
671,29
672,36
673,31
674,30
675,29
676,25
677,39
678,35
679,19
680,2
681,34
682,35
683,42
684,32
685,24
686,29
687,35
688,27
689,30
690,24
691,2
692,23
693,39
694,31
695,30
696,20
697,28
698,24
699,5
700,31
701,28
702,26
703,34
704,34
705,26
706,26
707,29
708,34
709,6
710,25
711,30
712,2
713,35
714,36
715,28
716,31
717,34
718,24
719,42
720,27
721,38
722,10
723,33
724,2
725,29
726,29
727,30
728,1
729,1
730,36
731,31
732,27
733,26
734,34
735,33
736,29
737,28
738,22
739,25
740,26
741,30
742,38
743,32
744,31
745,32
746,35
747,4
748,33
749,32
750,23
751,36
752,22
753,28
754,32
755,35
756,22
757,30
758,24
759,26
760,27
761,40
762,27
763,30
764,30
765,36
766,29
767,28
768,33
769,28
770,3
771,29
772,26
773,24
774,6
775,37
776,39
777,5
778,29
779,21
780,28
781,25
782,24
783,36
784,28
785,24
786,37
787,1
788,31
789,1
790,31
791,36
792,35
793,28
794,2
795,24
796,28
797,34
798,33
799,34
800,27
801,28
802,29
803,25
804,29
805,29
806,30
807,2
808,8
809,20
810,25
811,27
812,22
813,25
814,28
815,31
816,34
817,26
818,38
819,28
820,34
821,16
822,34
823,21
824,31
825,32
826,24
827,34
828,23
829,34
830,31
831,25
832,30
833,32
834,27
835,25
836,42
837,28
838,37
839,23
840,32
841,27
842,30
843,40
844,30
845,32
846,33
847,40
848,26
849,32
850,28
851,30
852,2
853,32
854,21
855,23
856,28
857,28
858,33
859,28
860,25
861,4
862,28
863,30
864,28
865,2
866,31
867,23
868,30
869,1
870,27
871,25
872,32
873,23
874,33
875,22
876,10
877,33
878,29
879,28
880,30
881,30
882,32
883,32
884,28
885,34
886,24
887,1
888,25
889,28
890,27
891,26
892,26
893,4
894,2
895,26
896,35
897,1
898,28
899,35
900,35
901,29
902,6
903,27
904,26
905,34
906,29
907,24
908,43
909,40
910,41
911,24
912,39
913,33
914,32
915,35
916,24
917,1
918,35
919,37
920,27
921,40
922,24
923,31
924,28
925,32
926,33
927,27
928,22
929,29
930,32
931,23
932,23
933,34
934,36
935,20
936,1
937,3
938,29
939,35
940,32
941,35
942,26
943,28
944,28
945,33
946,25
947,38
948,32
949,37
950,29
951,34
952,3
953,25
954,24
955,33
956,29
957,27
958,38
959,24
960,41
961,3
962,4
963,5
964,37
965,32
966,31
967,28
968,37
969,33
970,38
971,19
972,39
973,35
974,34
975,26
976,39
977,17
978,23
979,3
980,27
981,29
982,27
983,26
984,32
985,23
986,30
987,31
988,25
989,25
990,37
991,23
992,36
993,31
994,33
995,25
996,31
997,2
998,20
999,29
1000,27
1001,4
1002,29
1003,37
1004,5
1005,28
1006,29
1007,37
1008,23
1009,37
1010,25
1011,24
1012,25
1013,25
1014,24
1015,27
1016,26
1017,36
1018,27
1019,22
1020,28
1021,36
1022,26
1023,0
1024,36
1025,27
1026,24
1027,27
1028,29
1029,29
1030,28
1031,32
1032,31
1033,3
1034,18
1035,25
1036,35
1037,29
1038,32
1039,25
1040,3
1041,27
1042,5
1043,27
1044,27
1045,22
1046,29
1047,36
1048,27
1049,26
1050,27
1051,42
1052,2
1053,28
1054,32
1055,34
1056,30
1057,36
1058,35
1059,24
1060,31
1061,38
1062,36
1063,32
1064,23
1065,30
1066,36
1067,25
1068,34
1069,39
1070,35
1071,23
1072,29
1073,6
1074,27
1075,35
1076,4
1077,29
1078,29
1079,21
1080,25
1081,27
1082,34
1083,30
1084,29
1085,39
1086,31
1087,26
1088,31
1089,31
1090,37
1091,28
1092,23
1093,28
1094,35
1095,42
1096,30
1097,16
1098,31
1099,38
1100,30
1101,47
1102,3
1103,45
1104,32
1105,15
1106,31
1107,2
1108,36
1109,35
1110,3
1111,33
1112,30
1113,30
1114,29
1115,34
1116,37
1117,29
1118,24
1119,26
1120,33
1121,34
1122,23
1123,29
1124,27
1125,33
1126,24
1127,29
1128,28
1129,23
1130,32
1131,27
1132,26
1133,21
1134,33
1135,32
1136,35
1137,24
1138,3
1139,27
1140,38
1141,34
1142,32
1143,40
1144,29
1145,26
1146,27
1147,34
1148,33
1149,32
1150,27
1151,30
1152,17
1153,31
1154,29
1155,25
1156,27
1157,35
1158,22
1159,1
1160,25
1161,23
1162,25
1163,24
1164,35
1165,25
1166,36
1167,26
1168,23
1169,38
1170,6
1171,25
1172,27
1173,37
1174,26
1175,28
1176,36
1177,37
1178,39
1179,5
1180,32
1181,43
1182,22
1183,24
1184,34
1185,31
1186,35
1187,25
1188,33
1189,18
1190,41
1191,34
1192,37
1193,24
1194,3
1195,35
1196,1
1197,34
1198,33
1199,26
1200,33
1201,22
1202,31
1203,24
1204,29
1205,36
1206,6
1207,14
1208,34
1209,27
1210,25
1211,1
1212,26
1213,28
1214,29
1215,2
1216,38
1217,28
1218,5
1219,33
1220,32
1221,36
1222,26
1223,20
1224,29
1225,30
1226,4
1227,25
1228,31
1229,44
1230,32
1231,36
1232,36
1233,30
1234,25
1235,22
1236,4
1237,24
1238,31
1239,29
1240,33
1241,32
1242,35
1243,26
1244,44
1245,33
1246,29
1247,4
1248,30
1249,29
1250,24
1251,40
1252,45
1253,34
1254,35
1255,29
1256,21
1257,21
1258,35
1259,40
1260,33
1261,31
1262,29
1263,1
1264,17
1265,7
1266,30
1267,33
1268,19
1269,28
1270,35
1271,35
1272,28
1273,37
1274,26
1275,35
1276,33
1277,19
1278,26
1279,4
1280,21
1281,35
1282,31
1283,30
1284,34
1285,30
1286,27
1287,23
1288,21
1289,24
1290,4
1291,30
1292,29
1293,3
1294,2
1295,30
1296,34
1297,32
1298,31
1299,45
1300,20
1301,34
1302,34
1303,22
1304,28
1305,36
1306,33
1307,31
1308,32
1309,37
1310,21
1311,20
1312,28
1313,30
1314,34
1315,34
1316,35
1317,31
1318,37
1319,32
1320,31
1321,23
1322,28
1323,4
1324,29
1325,28
1326,38
1327,31
1328,23
1329,28
1330,15
1331,32
1332,24
1333,37
1334,32
1335,24
1336,36
1337,24
1338,38
1339,37
1340,35
1341,23
1342,33
1343,33
1344,27
1345,39
1346,33
1347,31
1348,34
1349,21
1350,25
1351,35
1352,36
1353,30
1354,35
1355,18
1356,31
1357,32
1358,22
1359,23
1360,30
1361,43
1362,31
1363,31
1364,29
1365,24
1366,22
1367,37
1368,38
1369,26
1370,27
1371,26
1372,24
1373,36
1374,36
1375,26
1376,24
1377,31
1378,26
1379,31
1380,32
1381,25
1382,27
1383,24
1384,36
1385,29
1386,24
1387,30
1388,35
1389,25
1390,31
1391,30
1392,35
1393,33
1394,25
1395,29
1396,4
1397,34
1398,3
1399,5
1400,6
1401,3
1402,6
1403,0
1404,4
1405,2
1406,1
1407,3
1408,2
1409,5
1410,2
1411,4
1412,3
1413,4
1414,0
1415,5
1416,0
1417,3
1418,4
1419,1
1420,2
1421,2
1422,5
1423,5
1424,3
1425,2
1426,4
1427,3
1428,0
1429,3
1430,2
1431,3
1432,3
1433,5
1434,3
1435,2
1436,4
1437,3
1438,1
1439,5
1440,2
1441,4
1442,4
1443,5
1444,3
1445,7
1446,2
1447,1
1448,2
1449,2
1450,7
1451,0
1452,1
1453,3
1454,3
1455,3
1456,5
1457,6
1458,3
1459,3
1460,4
1461,2
1462,5
1463,4
1464,4
1465,2
1466,2
1467,5
1468,2
1469,2
1470,3
1471,1
1472,3
1473,4
1474,4
1475,1
1476,7
1477,1
1478,2
1479,3
1480,2
1481,8
1482,4
1483,6
1484,7
1485,5
1486,7
1487,5
1488,2
1489,4
1490,5
1491,3
1492,2
1493,2
1494,2
1495,3
1496,5
1497,3
1498,1
1499,2
1500,0
1501,5
1502,1
1503,3
1504,5
1505,1
1506,3
1507,2
1508,2
1509,2
1510,2
1511,1
1512,3
1513,3
1514,2
1515,7
1516,2
1517,0
1518,1
1519,4
1520,3
1521,0
1522,1
1523,3
1524,3
1525,5
1526,5
1527,3
1528,1
1529,0
1530,6
1531,4
1532,6
1533,2
1534,4
1535,4
1536,1
1537,3
1538,5
1539,2
1540,9
1541,2
1542,2
1543,0
1544,0
1545,2
1546,3
1547,5
1548,5
1549,6
1550,4
1551,2
1552,0
1553,0
1554,4
1555,1
1556,1
1557,1
1558,0
1559,2
1560,0
1561,4
1562,3
1563,5
1564,2
1565,5
1566,1
1567,2
1568,0
1569,2
1570,3
1571,7
1572,1
1573,2
1574,1
1575,2
1576,0
1577,1
1578,4
1579,2
1580,5
1581,0
1582,4
1583,4
1584,0
1585,4
1586,6
1587,2
1588,1
1589,5
1590,5
1591,1
1592,1
1593,6
1594,2
1595,3
1596,7
1597,2
1598,3
1599,4
1600,4
1601,8
1602,6
1603,1
1604,3
1605,3
1606,4
1607,3
1608,2
1609,0
1610,1
1611,1
1612,4
1613,4
1614,5
1615,1
1616,2
1617,3
1618,3
1619,2
1620,8
1621,3
1622,6
1623,1
1624,1
1625,5
1626,2
1627,3
1628,2
1629,3
1630,2
1631,2
1632,4
1633,5
1634,2
1635,4
1636,3
1637,1
1638,4
1639,4
1640,4
1641,3
1642,5
1643,8
1644,1
1645,2
1646,2
1647,2
1648,4
1649,2
1650,5
1651,1
1652,2
1653,2
1654,2
1655,4
1656,4
1657,4
1658,3
1659,2
1660,4
1661,0
1662,2
1663,1
1664,5
1665,3
1666,5
1667,1
1668,1
1669,0
1670,6
1671,0
1672,1
1673,4
1674,1
1675,5
1676,3
1677,1
1678,6
1679,2
1680,5
1681,0
1682,3
1683,2
1684,4
1685,4
1686,4
1687,2
1688,2
1689,4
1690,2
1691,0
1692,4
1693,3
1694,5
1695,3
1696,3
1697,5
1698,3
1699,0
1700,6
1701,4
1702,2
1703,3
1704,2
1705,3
1706,5
1707,4
1708,2
1709,4
1710,3
1711,1
1712,3
1713,5
1714,2
1715,2
1716,2
1717,7
1718,3
1719,1
1720,6
1721,3
1722,2
1723,2
1724,4
1725,5
1726,2
1727,1
1728,5
1729,4
1730,6
1731,3
1732,1
1733,2
1734,0
1735,2
1736,2
1737,2
1738,2
1739,1
1740,3
1741,2
1742,1
1743,2
1744,6
1745,3
1746,3
1747,6
1748,2
1749,1
1750,2
1751,1
1752,5
1753,3
1754,0
1755,2
1756,6
1757,5
1758,3
1759,2
1760,2
1761,1
1762,2
1763,2
1764,2
1765,3
1766,3
1767,5
1768,2
1769,2
1770,0
1771,3
1772,4
1773,1
1774,4
1775,2
1776,3
1777,3
1778,3
1779,4
1780,4
1781,5
1782,5
1783,1
1784,5
1785,4
1786,5
1787,3
1788,3
1789,2
1790,4
1791,1
1792,1
1793,3
1794,2
1795,1
1796,0
1797,4
1798,4
1799,1
1800,2
1801,5
1802,2
1803,4
1804,4
1805,2
1806,1
1807,3
1808,4
1809,3
1810,4
1811,1
1812,2
1813,3
1814,5
1815,6
1816,4
1817,5
1818,2
1819,0
1820,2
1821,5
1822,1
1823,2
1824,2
1825,2
1826,2
1827,2
1828,3
1829,4
1830,2
1831,4
1832,3
1833,2
1834,2
1835,2
1836,3
1837,1
1838,3
1839,1
1840,3
1841,4
1842,0
1843,3
1844,1
1845,1
1846,3
1847,2
1848,0
1849,5
1850,4
1851,1
1852,5
1853,3
1854,3
1855,1
1856,5
1857,0
1858,2
1859,2
1860,4
1861,4
1862,3
1863,2
1864,3
1865,3
1866,2
1867,4
1868,31
1869,37
1870,27
1871,31
1872,39
1873,29
1874,42
1875,31
1876,29
1877,24
1878,30
1879,27
1880,27
1881,22
1882,21
1883,20
1884,27
1885,31
1886,46
1887,22
1888,35
1889,36
1890,37
1891,31
1892,31
1893,37
1894,36
1895,33
1896,26
1897,20
1898,35
1899,25
1900,30
1901,31
1902,28
1903,30
1904,39
1905,22
1906,30
1907,37
1908,24
1909,23
1910,27
1911,28
1912,30
1913,30
1914,41
1915,36
1916,32
1917,30
1918,30
1919,30
1920,31
1921,26
1922,21
1923,43
1924,33
1925,4
1926,32
1927,29
1928,18
1929,38
1930,30
1931,3
1932,28
1933,29
1934,35
1935,27
1936,37
1937,31
1938,28
1939,17
1940,44
1941,22
1942,29
1943,2
1944,31
1945,26
1946,37
1947,24
1948,36
1949,15
1950,37
1951,24
1952,37
1953,29
1954,28
1955,32
1956,26
1957,30
1958,32
1959,29
1960,28
1961,27
1962,35
1963,33
1964,35
1965,28
1966,1
1967,4
1968,34
1969,25
1970,29
1971,32
1972,5
1973,32
1974,33
1975,28
1976,23
1977,28
1978,25
1979,24
1980,26
1981,39
1982,24
1983,4
1984,23
1985,24
1986,29
1987,33
1988,40
1989,35
1990,30
1991,42
1992,30
1993,27
1994,35
1995,20
1996,37
1997,28
1998,28
1999,4
2000,32
2001,21
2002,24
2003,31
2004,25
2005,28
2006,32
2007,42
2008,3
2009,29
2010,29
2011,32
2012,34
2013,48
2014,27
2015,30
2016,29
2017,30
2018,28
2019,33
2020,35
2021,30
2022,33
2023,20
2024,32
2025,28
2026,2
2027,29
2028,36
2029,26
2030,20
2031,34
2032,28
2033,32
2034,28
2035,3
2036,27
2037,30
2038,22
2039,30
2040,3
2041,22
2042,31
2043,38
2044,26
2045,28
2046,36
2047,24
2048,20
2049,29
2050,34
2051,30
2052,28
2053,2
2054,27
2055,32
2056,29
2057,32
2058,32
2059,2
2060,35
2061,26
2062,34
2063,35
2064,34
2065,2
2066,31
2067,29
2068,40
2069,26
2070,26
2071,20
2072,33
2073,25
2074,20
2075,36
2076,2
2077,24
2078,36
2079,33
2080,30
2081,27
2082,25
2083,28
2084,29
2085,31
2086,33
2087,33
2088,30
2089,28
2090,33
2091,31
2092,43
2093,4
2094,31
2095,2
2096,30
2097,34
2098,28
2099,33
2100,31
2101,31
2102,39
2103,21
2104,39
2105,35
2106,2
2107,37
2108,1
2109,25
2110,35
2111,33
2112,21
2113,33
2114,2
2115,28
2116,32
2117,32
2118,32
2119,32
2120,30
2121,37
2122,28
2123,4
2124,33
2125,26
2126,27
2127,29
2128,33
2129,19
2130,32
2131,31
2132,31
2133,0
2134,25
2135,27
2136,30
2137,35
2138,41
2139,36
2140,38
2141,25
2142,25
2143,1
2144,33
2145,29
2146,25
2147,25
2148,28
2149,32
2150,29
2151,24
2152,30
2153,27
2154,27
2155,26
2156,22
2157,26
2158,27
2159,36
2160,30
2161,33
2162,35
2163,32
2164,32
2165,26
2166,25
2167,29
2168,23
2169,23
2170,25
2171,29
2172,33
2173,30
2174,29
2175,26
2176,28
2177,23
2178,30
2179,29
2180,33
2181,32
2182,24
2183,23
2184,32
2185,30
2186,3
2187,30
2188,33
2189,30
2190,35
2191,33
2192,4
2193,33
2194,0
2195,35
2196,31
2197,28
2198,31
2199,37
2200,28
2201,27
2202,1
2203,27
2204,37
2205,25
2206,23
2207,2
2208,34
2209,19
2210,39
2211,15
2212,26
2213,26
2214,29
2215,29
2216,30
2217,27
2218,33
2219,25
2220,35
2221,33
2222,29
2223,30
2224,26
2225,20
2226,26
2227,31
2228,39
2229,25
2230,29
2231,31
2232,26
2233,28
2234,19
2235,18
2236,34
2237,20
2238,23
2239,27
2240,28
2241,26
2242,30
2243,35
2244,25
2245,31
2246,28
2247,29
2248,34
2249,28
2250,30
2251,25
2252,20
2253,42
2254,39
2255,36
2256,27
2257,27
2258,27
2259,35
2260,27
2261,26
2262,40
2263,27
2264,32
2265,23
2266,36
2267,30
2268,3
2269,34
2270,36
2271,26
2272,2
2273,33
2274,36
2275,29
2276,31
2277,29
2278,24
2279,28
2280,24
2281,3
2282,38
2283,42
2284,24
2285,32
2286,25
2287,32
2288,3
2289,30
2290,22
2291,21
2292,24
2293,34
2294,34
2295,32
2296,34
2297,38
2298,3
2299,35
2300,26
2301,34
2302,22
2303,20
2304,20
2305,1
2306,3
2307,29
2308,31
2309,34
2310,28
2311,39
2312,22
2313,30
2314,29
2315,24
2316,35
2317,33
2318,33
2319,32
2320,24
2321,23
2322,27
2323,30
2324,30
2325,37
2326,32
2327,35
2328,35
2329,34
2330,23
2331,31
2332,27
2333,19
2334,30
2335,2
2336,2
2337,31
2338,34
2339,36
2340,33
2341,31
2342,32
2343,26
2344,31
2345,36
2346,29
2347,31
2348,40
2349,29
2350,34
2351,27
2352,36
2353,23
2354,22
2355,31
2356,38
2357,26
2358,35
2359,29
2360,29
2361,3
2362,34
2363,28
2364,27
2365,34
2366,25
2367,5
2368,42
2369,34
2370,28
2371,30
2372,40
2373,4
2374,27
2375,42
2376,21
2377,28
2378,28
2379,42
2380,3
2381,19
2382,34
2383,2
2384,32
2385,33
2386,33
2387,25
2388,37
2389,37
2390,33
2391,3
2392,3
2393,3
2394,18
2395,31
2396,37
2397,19
2398,35
2399,34
2400,30
2401,20
2402,25
2403,26
2404,36
2405,29
2406,42
2407,30
2408,25
2409,27
2410,29
2411,33
2412,29
2413,28
2414,19
2415,33
2416,28
2417,34
2418,1
2419,28
2420,30
2421,38
2422,20
2423,23
2424,31
2425,24
2426,24
2427,36
2428,27
2429,39
2430,34
2431,29
2432,2
2433,35
2434,31
2435,5
2436,29
2437,25
2438,39
2439,3
2440,23
2441,27
2442,34
2443,31
2444,23
2445,25
2446,4
2447,30
2448,30
2449,26
2450,28
2451,30
2452,27
2453,25
2454,32
2455,22
2456,29
2457,32
2458,28
2459,39
2460,17
2461,28
2462,37
2463,27
2464,24
2465,4
2466,31
2467,25
2468,26
2469,34
2470,37
2471,29
2472,19
2473,41
2474,20
2475,35
2476,3
2477,3
2478,28
2479,34
2480,29
2481,28
2482,32
2483,29
2484,29
2485,31
2486,31
2487,32
2488,32
2489,34
2490,29
2491,3
2492,5
2493,28
2494,21
2495,33
2496,28
2497,22
2498,1
2499,33
2500,2
2501,33
2502,32
2503,31
2504,30
2505,26
2506,24
2507,24
2508,22
2509,37
2510,25
2511,25
2512,31
2513,29
2514,33
2515,22
2516,33
2517,30
2518,26
2519,34
2520,32
2521,2
2522,2
2523,28
2524,33
2525,38
2526,19
2527,39
2528,35
2529,18
2530,5
2531,35
2532,12
2533,38
2534,2
2535,35
2536,24
2537,31
2538,31
2539,23
2540,29
2541,24
2542,37
2543,3
2544,24
2545,43
2546,31
2547,25
2548,40
2549,28
2550,33
2551,29
2552,26
2553,33
2554,38
2555,36
2556,1
2557,45
2558,38
2559,40
2560,27
2561,31
2562,38
2563,31
2564,23
2565,30
2566,29
2567,30
2568,19
2569,31
2570,31
2571,31
2572,2
2573,21
2574,1
2575,6
2576,25
2577,26
2578,19
2579,30
2580,30
2581,38
2582,2
2583,30
2584,43
2585,30
2586,34
2587,23
2588,28
2589,25
2590,35
2591,32
2592,28
2593,44
2594,31
2595,30
2596,26
2597,21
2598,36
2599,34
2600,21
2601,27
2602,45
2603,4
2604,30
2605,53
2606,31
2607,34
2608,33
2609,34
2610,31
2611,23
2612,2
2613,35
2614,29
2615,19
2616,29
2617,26
2618,28
2619,37
2620,31
2621,40
2622,27
2623,34
2624,27
2625,28
2626,28
2627,25
2628,34
2629,25
2630,27
2631,35
2632,28
2633,32
2634,26
2635,29
2636,30
2637,33
2638,32
2639,33
2640,30
2641,32
2642,26
2643,26
2644,29
2645,30
2646,25
2647,24
2648,41
2649,4
2650,23
2651,36
2652,6
2653,9
2654,27
2655,22
2656,6
2657,26
2658,26
2659,32
2660,35
2661,33
2662,25
2663,1
2664,5
2665,18
2666,24
2667,19
2668,34
2669,30
2670,28
2671,25
2672,28
2673,2
2674,37
2675,1
2676,38
2677,29
2678,37
2679,33
2680,35
2681,32
2682,20
2683,33
2684,34
2685,23
2686,33
2687,36
2688,41
2689,33
2690,34
2691,38
2692,23
2693,29
2694,28
2695,0
2696,4
2697,37
2698,29
2699,21
2700,33
2701,32
2702,25
2703,1
2704,35
2705,30
2706,28
2707,25
2708,25
2709,26
2710,25
2711,3
2712,30
2713,22
2714,32
2715,28
2716,33
2717,30
2718,25
2719,30
2720,27
2721,32
2722,33
2723,30
2724,4
2725,31
2726,34
2727,26
2728,30
2729,25
2730,34
2731,31
2732,33
2733,36
2734,27
2735,28
2736,8
2737,31
2738,3
2739,26
2740,26
2741,29
2742,38
2743,36
2744,32
2745,35
2746,30
2747,3
2748,27
2749,41
2750,2
2751,31
2752,40
2753,29
2754,28
2755,4
2756,27
2757,25
2758,28
2759,25
2760,33
2761,25
2762,3
2763,31
2764,25
2765,27
2766,27
2767,34
2768,31
2769,4
2770,24
2771,33
2772,28
2773,29
2774,25
2775,34
2776,34
2777,31
2778,30
2779,39
2780,29
2781,32
2782,31
2783,22
2784,32
2785,32
2786,30
2787,34
2788,25
2789,31
2790,31
2791,36
2792,1
2793,31
2794,36
2795,22
2796,31
2797,39
2798,23
2799,25
2800,22
2801,27
2802,32
2803,32
2804,34
2805,4
2806,33
2807,30
2808,29
2809,31
2810,0
2811,44
2812,32
2813,26
2814,26
2815,27
2816,27
2817,3
2818,30
2819,24
2820,27
2821,35
2822,38
2823,42
2824,31
2825,25
2826,38
2827,34
2828,5
2829,3
2830,3
2831,1
2832,3
2833,3
2834,0
2835,5
2836,4
2837,3
2838,5
2839,1
2840,1
2841,3
2842,4
2843,2
2844,5
2845,4
2846,3
2847,1
2848,3
2849,4
2850,2
2851,4
2852,4
2853,3
2854,8
2855,5
2856,3
2857,1
2858,3
2859,2
2860,2
2861,2
2862,6
2863,2
2864,4
2865,4
2866,6
2867,2
2868,1
2869,4
2870,4
2871,2
2872,3
2873,1
2874,2
2875,2
2876,4
2877,3
2878,3
2879,2
2880,6
2881,4
2882,3
2883,4
2884,3
2885,2
2886,3
2887,2
2888,0
2889,7
2890,2
2891,2
2892,3
2893,2
2894,1
2895,3
2896,5
2897,4
2898,2
2899,4
2900,5
2901,3
2902,5
2903,8
2904,2
2905,5
2906,0
2907,5
2908,7
2909,2
2910,1
2911,2
2912,2
2913,5
2914,0
2915,4
2916,4
2917,3
2918,2
2919,6
2920,4
2921,2
2922,4
2923,2
2924,5
2925,6
2926,2
2927,8
2928,2
2929,3
2930,2
2931,4
2932,3
2933,2
2934,4
2935,3
2936,6
2937,4
2938,4
2939,4
2940,5
2941,2
2942,2
2943,4
2944,2
2945,2
2946,2
2947,1
2948,1
2949,5
2950,4
2951,3
2952,4
2953,2
2954,1
2955,1
2956,2
2957,2
2958,2
2959,2
2960,1
2961,2
2962,2
2963,3
2964,6
2965,2
2966,3
2967,1
2968,3
2969,3
2970,5
2971,7
2972,2
2973,4
2974,2
2975,1
2976,2
2977,1
2978,3
2979,4
2980,2
2981,4
2982,3
2983,1
2984,1
2985,3
2986,4
2987,7
2988,1
2989,4
2990,6
2991,5
2992,1
2993,0
2994,7
2995,0
2996,5
2997,5
2998,2
2999,8
3000,7
3001,3
3002,2
3003,4
3004,2
3005,3
3006,5
3007,2
3008,7
3009,0
3010,4
3011,3
3012,5
3013,0
3014,0
3015,5
3016,4
3017,3
3018,2
3019,3
3020,2
3021,4
3022,3
3023,3
3024,2
3025,2
3026,2
3027,4
3028,2
3029,0
3030,5
3031,2
3032,7
3033,6
3034,4
3035,6
3036,7
3037,3
3038,1
3039,1
3040,0
3041,8
3042,4
3043,4
3044,6
3045,2
3046,3
3047,1
3048,2
3049,1
3050,5
3051,4
3052,3
3053,6
3054,5
3055,2
3056,3
3057,1
3058,1
3059,2
3060,4
3061,4
3062,0
3063,4
3064,2
3065,6
3066,2
3067,5
3068,3
3069,2
3070,3
3071,2
3072,3
3073,2
3074,6
3075,3
3076,5
3077,3
3078,4
3079,1
3080,2
3081,2
3082,4
3083,3
3084,0
3085,4
3086,1
3087,4
3088,4
3089,5
3090,4
3091,3
3092,1
3093,2
3094,2
3095,2
3096,2
3097,4
3098,5
3099,0
3100,3
3101,3
3102,0
3103,2
3104,5
3105,3
3106,2
3107,4
3108,5
3109,2
3110,4
3111,2
3112,3
3113,3
3114,5
3115,0
3116,3
3117,3
3118,6
3119,2
3120,3
3121,6
3122,2
3123,5
3124,3
3125,2
3126,1
3127,4
3128,0
3129,5
3130,4
3131,5
3132,5
3133,4
3134,4
3135,1
3136,1
3137,6
3138,3
3139,2
3140,1
3141,4
3142,3
3143,6
3144,2
3145,3
3146,3
3147,3
3148,6
3149,3
3150,1
3151,3
3152,3
3153,6
3154,2
3155,2
3156,2
3157,5
3158,8
3159,3
3160,2
3161,5
3162,4
3163,3
3164,5
3165,4
3166,7
3167,4
3168,1
3169,6
3170,2
3171,5
3172,3
3173,4
3174,7
3175,4
3176,2
3177,1
3178,2
3179,0
3180,6
3181,1
3182,5
3183,3
3184,3
3185,4
3186,2
3187,2
3188,2
3189,4
3190,3
3191,4
3192,4
3193,3
3194,2
3195,3
3196,2
3197,1
3198,6
3199,4
3200,3
3201,5
3202,2
3203,0
3204,1
3205,1
3206,3
3207,1
3208,1
3209,7
3210,3
3211,4
3212,4
3213,4
3214,4
3215,5
3216,4
3217,1
3218,0
3219,5
3220,1
3221,5
3222,2
3223,3
3224,1
3225,2
3226,5
3227,1
3228,4
3229,4
3230,1
3231,4
3232,8
3233,5
3234,5
3235,4
3236,3
3237,4
3238,2
3239,2
3240,1
3241,2
3242,3
3243,5
3244,2
3245,3
3246,1
3247,3
3248,6
3249,1
3250,4
3251,3
3252,1
3253,2
3254,0
3255,2
3256,3
3257,4
3258,3
3259,1
3260,3
3261,2
3262,1
3263,6
3264,3
3265,3
3266,4
3267,2
3268,2
3269,3
3270,3
3271,5
3272,3
3273,3
3274,3
3275,8
3276,7
3277,3
3278,4
3279,1
3280,1
3281,5
3282,5
3283,2
3284,4
3285,2
3286,2
3287,3
3288,0
3289,6
3290,4
3291,1
3292,5
3293,0
3294,1
3295,1
3296,2
3297,1
3298,3
3299,0
3300,1
3301,3
3302,1
3303,1
3304,4
3305,2
3306,2
3307,3
3308,1
3309,4
3310,3
3311,1
3312,3
3313,3
3314,2
3315,2
3316,2
3317,3
3318,4
3319,3
3320,4
3321,2
3322,3
3323,40
3324,25
3325,31
3326,3
3327,20
3328,29
3329,42
3330,26
3331,25
3332,33
3333,33
3334,49
3335,28
3336,31
3337,2
3338,28
3339,35
3340,27
3341,24
3342,37
3343,26
3344,41
3345,39
3346,32
3347,43
3348,5
3349,31
3350,31
3351,21
3352,29
3353,23
3354,45
3355,27
3356,36
3357,33
3358,33
3359,25
3360,24
3361,27
3362,32
3363,39
3364,26
3365,40
3366,1
3367,27
3368,31
3369,39
3370,39
3371,25
3372,35
3373,24
3374,41
3375,30
3376,25
3377,29
3378,34
3379,28
3380,5
3381,32
3382,45
3383,28
3384,38
3385,42
3386,40
3387,2
3388,23
3389,38
3390,27
3391,5
3392,31
3393,34
3394,25
3395,30
3396,46
3397,24
3398,36
3399,36
3400,34
3401,25
3402,19
3403,24
3404,29
3405,30
3406,23
3407,36
3408,36
3409,31
3410,3
3411,0
3412,28
3413,29
3414,35
3415,29
3416,30
3417,26
3418,36
3419,3
3420,28
3421,23
3422,34
3423,26
3424,32
3425,30
3426,1
3427,29
3428,25
3429,29
3430,25
3431,24
3432,28
3433,3
3434,31
3435,31
3436,23
3437,33
3438,28
3439,28
3440,39
3441,32
3442,26
3443,19
3444,30
3445,2
3446,34
3447,43
3448,40
3449,35
3450,31
3451,31
3452,26
3453,33
3454,28
3455,39
3456,27
3457,28
3458,32
3459,26
3460,23
3461,40
3462,37
3463,26
3464,24
3465,2
3466,28
3467,37
3468,2
3469,31
3470,23
3471,36
3472,39
3473,33
3474,31
3475,23
3476,30
3477,30
3478,32
3479,6
3480,34
3481,32
3482,37
3483,21
3484,28
3485,27
3486,34
3487,37
3488,38
3489,21
3490,30
3491,28
3492,25
3493,31
3494,33
3495,35
3496,20
3497,6
3498,27
3499,29
3500,40
3501,31
3502,40
3503,32
3504,32
3505,35
3506,31
3507,30
3508,29
3509,33
3510,25
3511,23
3512,27
3513,21
3514,30
3515,40
3516,39
3517,27
3518,2
3519,28
3520,25
3521,28
3522,29
3523,30
3524,36
3525,29
3526,38
3527,25
3528,38
3529,3
3530,33
3531,36
3532,4
3533,31
3534,35
3535,34
3536,41
3537,22
3538,5
3539,35
3540,26
3541,28
3542,32
3543,25
3544,23
3545,2
3546,37
3547,0
3548,25
3549,25
3550,38
3551,31
3552,34
3553,36
3554,32
3555,25
3556,33
3557,33
3558,35
3559,1
3560,24
3561,29
3562,35
3563,31
3564,5
3565,30
3566,24
3567,26
3568,2
3569,31
3570,26
3571,33
3572,26
3573,29
3574,27
3575,30
3576,33
3577,32
3578,37
3579,37
3580,25
3581,30
3582,26
3583,29
3584,34
3585,30
3586,32
3587,30
3588,28
3589,30
3590,28
3591,28
3592,25
3593,37
3594,29
3595,34
3596,32
3597,31
3598,29
3599,41
3600,30
3601,26
3602,38
3603,32
3604,2
3605,43
3606,30
3607,40
3608,30
3609,37
3610,28
3611,28
3612,23
3613,25
3614,40
3615,24
3616,23
3617,22
3618,4
3619,38
3620,29
3621,38
3622,33
3623,16
3624,22
3625,29
3626,34
3627,42
3628,39
3629,40
3630,31
3631,25
3632,24
3633,2
3634,33
3635,24
3636,27
3637,33
3638,30
3639,2
3640,27
3641,24
3642,27
3643,38
3644,34
3645,38
3646,2
3647,21
3648,21
3649,28
3650,29
3651,30
3652,26
3653,31
3654,22
3655,28
3656,34
3657,34
3658,6
3659,23
3660,30
3661,4
3662,31
3663,35
3664,26
3665,30
3666,41
3667,33
3668,30
3669,36
3670,30
3671,5
3672,30
3673,25
3674,30
3675,37
3676,30
3677,25
3678,31
3679,27
3680,35
3681,35
3682,26
3683,27
3684,27
3685,29
3686,30
3687,43
3688,4
3689,27
3690,24
3691,19
3692,23
3693,35
3694,30
3695,33
3696,2
3697,31
3698,2
3699,22
3700,28
3701,35
3702,26
3703,42
3704,30
3705,31
3706,30
3707,22
3708,28
3709,23
3710,32
3711,21
3712,36
3713,31
3714,31
3715,29
3716,29
3717,35
3718,22
3719,38
3720,28
3721,26
3722,25
3723,31
3724,26
3725,18
3726,42
3727,3
3728,21
3729,29
3730,36
3731,30
3732,1
3733,37
3734,26
3735,2
3736,6
3737,33
3738,23
3739,3
3740,33
3741,34
3742,23
3743,27
3744,36
3745,31
3746,23
3747,2
3748,26
3749,31
3750,21
3751,21
3752,1
3753,30
3754,27
3755,28
3756,31
3757,33
3758,1
3759,20
3760,2
3761,35
3762,19
3763,4
3764,2
3765,23
3766,20
3767,34
3768,29
3769,4
3770,28
3771,27
3772,28
3773,25
3774,28
3775,35
3776,25
3777,33
3778,36
3779,23
3780,38
3781,24
3782,41
3783,30
3784,24
3785,34
3786,22
3787,29
3788,32
3789,34
3790,30
3791,31
3792,35
3793,30
3794,33
3795,37
3796,27
3797,32
3798,35
3799,34
3800,32
3801,24
3802,31
3803,28
3804,31
3805,15
3806,33
3807,31
3808,22
3809,34
3810,22
3811,30
3812,32
3813,40
3814,23
3815,24
3816,38
3817,34
3818,32
3819,30
3820,34
3821,38
3822,29
3823,20
3824,37
3825,32
3826,29
3827,33
3828,21
3829,25
3830,30
3831,27
3832,31
3833,31
3834,29
3835,23
3836,27
3837,39
3838,36
3839,25
3840,30
3841,35
3842,22
3843,34
3844,38
3845,30
3846,3
3847,25
3848,30
3849,31
3850,22
3851,26
3852,4
3853,25
3854,33
3855,24
3856,34
3857,35
3858,6
3859,28
3860,34
3861,34
3862,32
3863,36
3864,29
3865,28
3866,34
3867,28
3868,27
3869,31
3870,36
3871,21
3872,31
3873,29
3874,33
3875,30
3876,31
3877,4
3878,37
3879,35
3880,31
3881,27
3882,27
3883,27
3884,26
3885,21
3886,34
3887,29
3888,36
3889,35
3890,31
3891,22
3892,36
3893,35
3894,32
3895,23
3896,34
3897,24
3898,6
3899,30
3900,28
3901,39
3902,26
3903,3
3904,21
3905,42
3906,35
3907,3
3908,2
3909,25
3910,34
3911,25
3912,30
3913,31
3914,32
3915,26
3916,28
3917,4
3918,23
3919,26
3920,26
3921,5
3922,40
3923,28
3924,36
3925,24
3926,4
3927,29
3928,33
3929,23
3930,32
3931,28
3932,28
3933,2
3934,34
3935,34
3936,27
3937,26
3938,30
3939,35
3940,36
3941,22
3942,39
3943,33
3944,26
3945,21
3946,40
3947,34
3948,3
3949,23
3950,27
3951,32
3952,29
3953,6
3954,28
3955,37
3956,31
3957,23
3958,22
3959,30
3960,25
3961,29
3962,3
3963,24
3964,25
3965,23
3966,5
3967,30
3968,27
3969,23
3970,47
3971,24
3972,31
3973,29
3974,32
3975,29
3976,30
3977,28
3978,41
3979,21
3980,27
3981,30
3982,26
3983,25
3984,34
3985,30
3986,4
3987,29
3988,38
3989,26
3990,25
3991,30
3992,27
3993,32
3994,35
3995,42
3996,41
3997,37
3998,36
3999,31
4000,30
4001,41
4002,29
4003,32
4004,23
4005,26
4006,26
4007,32
4008,37
4009,30
4010,23
4011,21
4012,35
4013,28
4014,33
4015,31
4016,35
4017,26
4018,15
4019,35
4020,28
4021,28
4022,27
4023,27
4024,32
4025,27
4026,35
4027,30
4028,39
4029,33
4030,44
4031,28
4032,30
4033,28
4034,31
4035,33
4036,33
4037,29
4038,28
4039,34
4040,21
4041,3
4042,31
4043,24
4044,36
4045,43
4046,28
4047,39
4048,32
4049,23
4050,26
4051,34
4052,22
4053,29
4054,24
4055,33
4056,23
4057,2
4058,37
4059,30
4060,30
4061,29
4062,27
4063,31
4064,25
4065,33
4066,29
4067,31
4068,48
4069,18
4070,2
4071,32
4072,25
4073,26
4074,27
4075,34
4076,37
4077,33
4078,30
4079,26
4080,29
4081,2
4082,41
4083,28
4084,30
4085,28
4086,32
4087,22
4088,36
4089,31
4090,29
4091,24
4092,34
4093,24
4094,26
4095,43
4096,1
4097,33
4098,29
4099,27
4100,32
4101,36
4102,44
4103,27
4104,23
4105,32
4106,25
4107,33
4108,24
4109,24
4110,29
4111,34
4112,3
4113,28
4114,31
4115,34
4116,1
4117,32
4118,28
4119,31
4120,30
4121,6
4122,27
4123,22
4124,33
4125,35
4126,3
4127,26
4128,28
4129,28
4130,28
4131,38
4132,23
4133,27
4134,30
4135,28
4136,34
4137,36
4138,32
4139,5
4140,34
4141,20
4142,22
4143,27
4144,26
4145,38
4146,28
4147,24
4148,31
4149,28
4150,23
4151,22
4152,24
4153,31
4154,21
4155,24
4156,26
4157,23
4158,24
4159,33
4160,29
4161,26
4162,37
4163,29
4164,26
4165,3
4166,28
4167,31
4168,25
4169,27
4170,32
4171,38
4172,24
4173,37
4174,33
4175,43
4176,2
4177,39
4178,1
4179,33
4180,33
4181,31
4182,28
4183,36
4184,39
4185,32
4186,40
4187,22
4188,34
4189,28
4190,28
4191,32
4192,36
4193,39
4194,22
4195,25
4196,24
4197,36
4198,32
4199,36
4200,7
4201,26
4202,30
4203,6
4204,25
4205,35
4206,34
4207,27
4208,36
4209,39
4210,25
4211,32
4212,31
4213,33
4214,26
4215,31
4216,28
4217,28
4218,27
4219,27
4220,28
4221,32
4222,30
4223,23
4224,33
4225,29
4226,30
4227,28
4228,34
4229,21
4230,32
4231,31
4232,31
4233,21
4234,29
4235,3
4236,34
4237,31
4238,29
4239,32
4240,26
4241,33
4242,30
4243,36
4244,32
4245,29
4246,21
4247,28
4248,27
4249,24
4250,38
4251,34
4252,24
4253,35
4254,22
4255,29
4256,33
4257,22
4258,22
4259,34
4260,3
4261,32
4262,30
4263,26
4264,27
4265,25
4266,23
4267,28
4268,27
4269,27
4270,24
4271,39
4272,23
4273,32
4274,24
4275,26
4276,32
4277,36
4278,2
4279,35
4280,30
4281,36
4282,18
4283,3
4284,1
4285,3
4286,4
4287,5
4288,1
4289,1
4290,5
4291,6
4292,3
4293,4
4294,1
4295,3
4296,4
4297,1
4298,4
4299,2
4300,3
4301,3
4302,2
4303,2
4304,4
4305,4
4306,3
4307,5
4308,4
4309,4
4310,2
4311,4
4312,3
4313,4
4314,1
4315,0
4316,2
4317,2
4318,3
4319,1
4320,5
4321,6
4322,2
4323,5
4324,2
4325,3
4326,2
4327,1
4328,1
4329,5
4330,0
4331,6
4332,4
4333,6
4334,3
4335,3
4336,6
4337,1
4338,3
4339,0
4340,4
4341,1
4342,3
4343,3
4344,5
4345,2
4346,3
4347,1
4348,1
4349,2
4350,3
4351,1
4352,2
4353,3
4354,4
4355,3
4356,3
4357,3
4358,2
4359,2
4360,0
4361,4
4362,2
4363,7
4364,3
4365,4
4366,4
4367,3
4368,2
4369,2
4370,4
4371,5
4372,4
4373,4
4374,1
4375,2
4376,4
4377,3
4378,3
4379,3
4380,4
4381,2
4382,2
4383,4
4384,4
4385,6
4386,3
4387,2
4388,4
4389,2
4390,3
4391,1
4392,4
4393,4
4394,6
4395,1
4396,3
4397,4
4398,2
4399,3
4400,3
4401,4
4402,2
4403,3
4404,1
4405,5
4406,4
4407,1
4408,1
4409,5
4410,3
4411,5
4412,4
4413,1
4414,4
4415,3
4416,2
4417,1
4418,2
4419,3
4420,5
4421,1
4422,1
4423,3
4424,2
4425,6
4426,2
4427,3
4428,5
4429,3
4430,1
4431,5
4432,2
4433,2
4434,5
4435,3
4436,1
4437,3
4438,1
4439,2
4440,2
4441,1
4442,3
4443,1
4444,5
4445,3
4446,3
4447,5
4448,3
4449,2
4450,3
4451,3
4452,3
4453,0
4454,4
4455,4
4456,1
4457,4
4458,7
4459,3
4460,1
4461,6
4462,4
4463,2
4464,5
4465,5
4466,2
4467,1
4468,6
4469,1
4470,3
4471,3
4472,6
4473,2
4474,4
4475,2
4476,4
4477,4
4478,3
4479,1
4480,3
4481,2
4482,1
4483,6
4484,3
4485,5
4486,0
4487,3
4488,4
4489,3
4490,0
4491,5
4492,1
4493,0
4494,2
4495,5
4496,2
4497,3
4498,2
4499,5
4500,5
4501,4
4502,3
4503,8
4504,4
4505,1
4506,6
4507,4
4508,2
4509,4
4510,1
4511,6
4512,5
4513,2
4514,2
4515,3
4516,3
4517,1
4518,4
4519,3
4520,3
4521,2
4522,2
4523,1
4524,3
4525,4
4526,6
4527,6
4528,1
4529,3
4530,1
4531,4
4532,2
4533,4
4534,4
4535,1
4536,5
4537,6
4538,7
4539,2
4540,5
4541,3
4542,2
4543,1
4544,3
4545,4
4546,6
4547,5
4548,1
4549,6
4550,3
4551,1
4552,2
4553,5
4554,2
4555,3
4556,4
4557,3
4558,7
4559,3
4560,2
4561,4
4562,3
4563,4
4564,7
4565,4
4566,4
4567,2
4568,2
4569,2
4570,5
4571,4
4572,5
4573,2
4574,2
4575,4
4576,0
4577,2
4578,5
4579,2
4580,2
4581,2
4582,4
4583,0
4584,2
4585,5
4586,4
4587,3
4588,5
4589,4
4590,2
4591,6
4592,2
4593,3
4594,2
4595,5
4596,4
4597,4
4598,5
4599,3
4600,1
4601,2
4602,0
4603,2
4604,4
4605,4
4606,1
4607,2
4608,1
4609,5
4610,4
4611,3
4612,4
4613,5
4614,5
4615,3
4616,1
4617,0
4618,0
4619,2
4620,3
4621,1
4622,4
4623,3
4624,3
4625,1
4626,1
4627,4
4628,3
4629,4
4630,6
4631,4
4632,4
4633,2
4634,3
4635,1
4636,5
4637,2
4638,3
4639,2
4640,2
4641,3
4642,3
4643,4
4644,2
4645,2
4646,0
4647,5
4648,5
4649,4
4650,2
4651,0
4652,3
4653,4
4654,1
4655,4
4656,5
4657,4
4658,4
4659,3
4660,1
4661,2
4662,2
4663,4
4664,3
4665,6
4666,3
4667,1
4668,4
4669,7
4670,3
4671,1
4672,1
4673,7
4674,2
4675,1
4676,3
4677,4
4678,2
4679,2
4680,2
4681,4
4682,2
4683,3
4684,6
4685,4
4686,2
4687,4
4688,5
4689,2
4690,1
4691,6
4692,2
4693,1
4694,4
4695,4
4696,2
4697,5
4698,4
4699,3
4700,2
4701,1
4702,4
4703,1
4704,3
4705,1
4706,2
4707,1
4708,1
4709,4
4710,4
4711,4
4712,1
4713,1
4714,3
4715,3
4716,2
4717,3
4718,1
4719,3
4720,0
4721,5
4722,1
4723,3
4724,3
4725,5
4726,3
4727,3
4728,3
4729,4
4730,2
4731,4
4732,4
4733,1
4734,1
4735,5
4736,3
4737,4
4738,4
4739,3
4740,2
4741,3
4742,4
4743,1
4744,2
4745,3
4746,3
4747,0
4748,6
4749,3
4750,4
4751,3
4752,4
4753,3
4754,2
4755,2
4756,4
4757,3
4758,2
4759,3
4760,2
4761,0
4762,7
4763,2
4764,2
4765,4
4766,6
4767,1
4768,4
4769,2
4770,1
4771,1
4772,4
4773,4
4774,3
4775,3
4776,1
4777,1
4778,4
4779,2
4780,0
4781,4
4782,2
4783,4
4784,2
4785,6
4786,5
4787,21
4788,33
4789,30
4790,25
4791,5
4792,35
4793,31
4794,2
4795,32
4796,28
4797,30
4798,27
4799,24
4800,35
4801,1
4802,4
4803,37
4804,32
4805,26
4806,40
4807,29
4808,31
4809,5
4810,30
4811,36
4812,32
4813,27
4814,24
4815,33
4816,18
4817,30
4818,39
4819,39
4820,30
4821,35
4822,34
4823,28
4824,33
4825,3
4826,32
4827,29
4828,33
4829,32
4830,3
4831,32
4832,29
4833,4
4834,39
4835,36
4836,29
4837,34
4838,30
4839,43
4840,22
4841,31
4842,3
4843,37
4844,31
4845,31
4846,7
4847,33
4848,29
4849,28
4850,33
4851,29
4852,33
4853,26
4854,23
4855,27
4856,44
4857,20
4858,28
4859,31
4860,24
4861,31
4862,28
4863,36
4864,33
4865,31
4866,18
4867,40
4868,29
4869,35
4870,22
4871,31
4872,39
4873,31
4874,1
4875,32
4876,41
4877,23
4878,27
4879,27
4880,30
4881,36
4882,25
4883,28
4884,31
4885,27
4886,31
4887,25
4888,31
4889,38
4890,1
4891,39
4892,27
4893,28
4894,16
4895,24
4896,3
4897,21
4898,23
4899,29
4900,32
4901,3
4902,32
4903,3
4904,21
4905,33
4906,34
4907,42
4908,17
4909,24
4910,31
4911,32
4912,32
4913,28
4914,1
4915,27
4916,35
4917,26
4918,4
4919,19
4920,1
4921,31
4922,30
4923,29
4924,18
4925,27
4926,28
4927,28
4928,33
4929,35
4930,44
4931,34
4932,39
4933,29
4934,32
4935,42
4936,24
4937,24
4938,30
4939,21
4940,32
4941,1
4942,31
4943,21
4944,31
4945,27
4946,26
4947,1
4948,42
4949,36
4950,29
4951,31
4952,34
4953,26
4954,28
4955,34
4956,31
4957,28
4958,27
4959,29
4960,23
4961,30
4962,33
4963,25
4964,25
4965,4
4966,29
4967,43
4968,28
4969,31
4970,34
4971,36
4972,35
4973,32
4974,31
4975,22
4976,29
4977,36
4978,26
4979,37
4980,33
4981,29
4982,42
4983,24
4984,32
4985,26
4986,35
4987,36
4988,29
4989,36
4990,28
4991,32
4992,23
4993,29
4994,26
4995,37
4996,31
4997,32
4998,30
4999,30
5000,28
5001,35
5002,33
5003,28
5004,30
5005,28
5006,32
5007,32
5008,1
5009,26
5010,24
5011,37
5012,34
5013,30
5014,35
5015,26
5016,29
5017,33
5018,26
5019,30
5020,33
5021,37
5022,3
5023,29
5024,34
5025,29
5026,30
5027,33
5028,1
5029,37
5030,43
5031,37
5032,24
5033,25
5034,3
5035,24
5036,23
5037,29
5038,30
5039,30
5040,29
5041,4
5042,34
5043,28
5044,46
5045,30
5046,28
5047,30
5048,26
5049,20
5050,19
5051,32
5052,0
5053,31
5054,30
5055,27
5056,29
5057,46
5058,28
5059,26
5060,25
5061,24
5062,25
5063,31
5064,34
5065,29
5066,31
5067,29
5068,30
5069,24
5070,29
5071,26
5072,29
5073,34
5074,24
5075,39
5076,22
5077,23
5078,17
5079,30
5080,37
5081,37
5082,35
5083,30
5084,29
5085,27
5086,40
5087,19
5088,33
5089,33
5090,23
5091,30
5092,25
5093,32
5094,30
5095,26
5096,26
5097,34
5098,25
5099,32
5100,30
5101,18
5102,32
5103,31
5104,29
5105,33
5106,38
5107,29
5108,43
5109,1
5110,34
5111,33
5112,39
5113,40
5114,20
5115,26
5116,32
5117,30
5118,31
5119,27
5120,26
5121,23
5122,31
5123,33
5124,28
5125,33
5126,28
5127,38
5128,27
5129,23
5130,4
5131,21
5132,25
5133,23
5134,33
5135,5
5136,26
5137,26
5138,31
5139,2
5140,34
5141,0
5142,32
5143,27
5144,39
5145,20
5146,30
5147,27
5148,31
5149,32
5150,37
5151,37
5152,34
5153,36
5154,25
5155,44
5156,30
5157,42
5158,39
5159,28
5160,26
5161,4
5162,31
5163,27
5164,35
5165,27
5166,32
5167,1
5168,24
5169,1
5170,30
5171,31
5172,38
5173,1
5174,36
5175,40
5176,37
5177,32
5178,26
5179,31
5180,16
5181,23
5182,36
5183,1
5184,38
5185,33
5186,28
5187,40
5188,27
5189,29
5190,34
5191,4
5192,32
5193,31
5194,20
5195,31
5196,39
5197,29
5198,1
5199,28
5200,34
5201,21
5202,4
5203,22
5204,1
5205,27
5206,27
5207,26
5208,36
5209,27
5210,3
5211,2
5212,27
5213,22
5214,31
5215,34
5216,38
5217,31
5218,33
5219,43
5220,23
5221,34
5222,28
5223,22
5224,32
5225,21
5226,45
5227,24
5228,30
5229,22
5230,27
5231,3
5232,32
5233,4
5234,23
5235,41
5236,27
5237,32
5238,21
5239,34
5240,42
5241,34
5242,30
5243,26
5244,30
5245,2
5246,22
5247,33
5248,38
5249,37
5250,34
5251,35
5252,29
5253,45
5254,22
5255,30
5256,22
5257,28
5258,34
5259,33
5260,27
5261,34
5262,22
5263,41
5264,30
5265,24
5266,31
5267,25
5268,24
5269,38
5270,36
5271,37
5272,28
5273,27
5274,30
5275,39
5276,27
5277,27
5278,24
5279,38
5280,29
5281,4
5282,33
5283,0
5284,27
5285,33
5286,32
5287,25
5288,24
5289,28
5290,23
5291,27
5292,16
5293,36
5294,29
5295,31
5296,35
5297,22
5298,23
5299,32
5300,36
5301,27
5302,32
5303,28
5304,26
5305,27
5306,5
5307,39
5308,27
5309,31
5310,25
5311,33
5312,30
5313,36
5314,27
5315,33
5316,32
5317,27
5318,36
5319,33
5320,6
5321,38
5322,3
5323,41
5324,27
5325,24
5326,25
5327,3
5328,33
5329,28
5330,31
5331,27
5332,41
5333,33
5334,17
5335,27
5336,24
5337,29
5338,28
5339,35
5340,30
5341,31
5342,30
5343,28
5344,23
5345,22
5346,35
5347,27
5348,32
5349,30
5350,32
5351,25
5352,27
5353,33
5354,27
5355,27
5356,4
5357,29
5358,28
5359,2
5360,29
5361,35
5362,22
5363,3
5364,19
5365,35
5366,33
5367,25
5368,31
5369,34
5370,3
5371,2
5372,26
5373,23
5374,29
5375,40
5376,32
5377,5
5378,31
5379,34
5380,29
5381,37
5382,34
5383,30
5384,34
5385,22
5386,3
5387,20
5388,33
5389,24
5390,34
5391,28
5392,35
5393,26
5394,35
5395,32
5396,24
5397,23
5398,1
5399,27
5400,5
5401,23
5402,26
5403,37
5404,30
5405,22
5406,30
5407,25
5408,21
5409,15
5410,23
5411,32
5412,1
5413,37
5414,24
5415,19
5416,27
5417,38
5418,18
5419,25
5420,32
5421,30
5422,22
5423,27
5424,24
5425,20
5426,3
5427,21
5428,36
5429,4
5430,35
5431,29
5432,38
5433,29
5434,31
5435,3
5436,30
5437,20
5438,26
5439,2
5440,31
5441,29
5442,26
5443,30
5444,31
5445,31
5446,43
5447,34
5448,31
5449,32
5450,30
5451,2
5452,30
5453,38
5454,28
5455,27
5456,35
5457,2
5458,33
5459,22
5460,28
5461,29
5462,22
5463,22
5464,23
5465,32
5466,22
5467,28
5468,20
5469,30
5470,33
5471,4
5472,20
5473,23
5474,30
5475,40
5476,34
5477,32
5478,2
5479,33
5480,48
5481,39
5482,35
5483,27
5484,33
5485,30
5486,26
5487,31
5488,25
5489,31
5490,5
5491,28
5492,45
5493,21
5494,25
5495,30
5496,24
5497,25
5498,27
5499,30
5500,22
5501,24
5502,31
5503,30
5504,26
5505,25
5506,30
5507,30
5508,4
5509,28
5510,23
5511,34
5512,28
5513,25
5514,24
5515,27
5516,34
5517,31
5518,35
5519,27
5520,26
5521,33
5522,4
5523,34
5524,25
5525,26
5526,33
5527,35
5528,22
5529,43
5530,25
5531,26
5532,3
5533,29
5534,33
5535,28
5536,36
5537,37
5538,40
5539,36
5540,32
5541,38
5542,37
5543,28
5544,30
5545,27
5546,34
5547,36
5548,36
5549,1
5550,20
5551,27
5552,31
5553,2
5554,27
5555,32
5556,35
5557,27
5558,32
5559,27
5560,33
5561,25
5562,2
5563,26
5564,35
5565,31
5566,3
5567,23
5568,31
5569,3
5570,31
5571,3
5572,24
5573,26
5574,30
5575,25
5576,29
5577,26
5578,32
5579,2
5580,28
5581,24
5582,30
5583,34
5584,35
5585,34
5586,33
5587,5
5588,28
5589,35
5590,5
5591,24
5592,23
5593,35
5594,36
5595,33
5596,33
5597,35
5598,28
5599,23
5600,27
5601,33
5602,30
5603,29
5604,33
5605,25
5606,33
5607,2
5608,27
5609,26
5610,42
5611,33
5612,27
5613,31
5614,29
5615,35
5616,27
5617,2
5618,32
5619,30
5620,27
5621,28
5622,25
5623,22
5624,43
5625,31
5626,43
5627,35
5628,30
5629,35
5630,23
5631,32
5632,36
5633,2
5634,6
5635,36
5636,30
5637,23
5638,36
5639,25
5640,3
5641,33
5642,28
5643,30
5644,30
5645,34
5646,26
5647,33
5648,27
5649,39
5650,25
5651,28
5652,39
5653,2
5654,29
5655,29
5656,31
5657,28
5658,22
5659,31
5660,27
5661,33
5662,32
5663,33
5664,29
5665,33
5666,37
5667,26
5668,35
5669,34
5670,40
5671,30
5672,4
5673,34
5674,29
5675,31
5676,28
5677,37
5678,26
5679,25
5680,20
5681,28
5682,33
5683,27
5684,26
5685,29
5686,28
5687,36
5688,38
5689,25
5690,32
5691,35
5692,36
5693,30
5694,26
5695,36
5696,31
5697,33
5698,38
5699,31
5700,24
5701,28
5702,24
5703,31
5704,20
5705,32
5706,32
5707,29
5708,27
5709,29
5710,26
5711,4
5712,29
5713,40
5714,33
5715,33
5716,3
5717,19
5718,34
5719,35
5720,37
5721,24
5722,40
5723,26
5724,38
5725,27
5726,33
5727,31
5728,19
5729,15
5730,30
5731,27
5732,27
5733,33
5734,0
5735,3
5736,32
5737,5
5738,4
5739,33
5740,2
5741,25
5742,30
5743,36
5744,39
5745,5
5746,40
5747,4
5748,4
5749,4
5750,1
5751,1
5752,4
5753,4
5754,3
5755,3
5756,2
5757,4
5758,3
5759,6
5760,3
5761,5
5762,1
5763,0
5764,3
5765,0
5766,3
5767,3
5768,3
5769,4
5770,2
5771,5
5772,2
5773,5
5774,2
5775,5
5776,4
5777,2
5778,4
5779,1
5780,5
5781,2
5782,1
5783,4
5784,4
5785,3
5786,4
5787,3
5788,6
5789,3
5790,1
5791,1
5792,4
5793,3
5794,3
5795,3
5796,4
5797,2
5798,2
5799,4
5800,4
5801,4
5802,1
5803,4
5804,4
5805,2
5806,2
5807,3
5808,3
5809,3
5810,3
5811,2
5812,3
5813,1
5814,6
5815,3
5816,1
5817,1
5818,3
5819,2
5820,4
5821,2
5822,5
5823,4
5824,7
5825,3
5826,0
5827,4
5828,2
5829,2
5830,5
5831,4
5832,3
5833,4
5834,3
5835,3
5836,2
5837,3
5838,0
5839,3
5840,0
5841,2
5842,5
5843,9
5844,3
5845,4
5846,10
5847,2
5848,1
5849,3
5850,0
5851,2
5852,8
5853,6
5854,2
5855,3
5856,0
5857,0
5858,4
5859,1
5860,1
5861,6
5862,4
5863,1
5864,1
5865,2
5866,2
5867,3
5868,0
5869,2
5870,3
5871,2
5872,7
5873,3
5874,1
5875,1
5876,2
5877,4
5878,7
5879,3
5880,3
5881,1
5882,0
5883,2
5884,5
5885,2
5886,4
5887,1
5888,3
5889,3
5890,3
5891,5
5892,7
5893,3
5894,6
5895,6
5896,4
5897,2
5898,4
5899,3
5900,2
5901,4
5902,3
5903,3
5904,0
5905,1
5906,4
5907,1
5908,1
5909,4
5910,3
5911,1
5912,3
5913,2
5914,6
5915,2
5916,3
5917,3
5918,0
5919,3
5920,4
5921,2
5922,1
5923,1
5924,2
5925,3
5926,1
5927,0
5928,1
5929,3
5930,6
5931,5
5932,2
5933,3
5934,1
5935,2
5936,1
5937,5
5938,3
5939,2
5940,4
5941,8
5942,4
5943,3
5944,1
5945,4
5946,4
5947,0
5948,1
5949,1
5950,6
5951,4
5952,4
5953,6
5954,2
5955,4
5956,2
5957,2
5958,4
5959,1
5960,3
5961,2
5962,2
5963,1
5964,1
5965,3
5966,3
5967,1
5968,2
5969,4
5970,2
5971,6
5972,1
5973,5
5974,5
5975,1
5976,1
5977,1
5978,2
5979,1
5980,3
5981,4
5982,2
5983,8
5984,6
5985,0
5986,4
5987,5
5988,6
5989,6
5990,7
5991,0
5992,5
5993,3
5994,2
5995,1
5996,4
5997,3
5998,4
5999,3
6000,2
6001,5
6002,4
6003,1
6004,1
6005,7
6006,3
6007,5
6008,3
6009,2
6010,3
6011,3
6012,2
6013,3
6014,3
6015,4
6016,4
6017,2
6018,7
6019,4
6020,5
6021,6
6022,3
6023,0
6024,1
6025,1
6026,2
6027,3
6028,1
6029,3
6030,2
6031,7
6032,7
6033,4
6034,2
6035,3
6036,6
6037,2
6038,2
6039,4
6040,3
6041,5
6042,1
6043,1
6044,1
6045,2
6046,7
6047,3
6048,2
6049,3
6050,2
6051,3
6052,5
6053,4
6054,2
6055,6
6056,2
6057,8
6058,5
6059,5
6060,2
6061,2
6062,4
6063,6
6064,2
6065,4
6066,1
6067,3
6068,3
6069,2
6070,1
6071,3
6072,3
6073,3
6074,1
6075,3
6076,5
6077,3
6078,2
6079,3
6080,2
6081,2
6082,4
6083,5
6084,9
6085,2
6086,4
6087,1
6088,4
6089,0
6090,3
6091,0
6092,1
6093,4
6094,5
6095,6
6096,5
6097,2
6098,2
6099,5
6100,5
6101,5
6102,2
6103,3
6104,5
6105,4
6106,1
6107,1
6108,2
6109,2
6110,1
6111,5
6112,5
6113,2
6114,1
6115,2
6116,2
6117,5
6118,4
6119,4
6120,1
6121,1
6122,2
6123,3
6124,5
6125,4
6126,4
6127,5
6128,31
6129,27
6130,21
6131,30
6132,26
6133,32
6134,35
6135,27
6136,1
6137,0
6138,29
6139,24
6140,35
6141,5
6142,22
6143,24
6144,17
6145,22
6146,3
6147,36
6148,28
6149,31
6150,30
6151,32
6152,42
6153,1
6154,33
6155,27
6156,17
6157,39
6158,31
6159,25
6160,27
6161,34
6162,29
6163,36
6164,24
6165,27
6166,31
6167,31
6168,24
6169,29
6170,29
6171,26
6172,32
6173,30
6174,2
6175,29
6176,24
6177,29
6178,32
6179,4
6180,36
6181,4
6182,19
6183,4
6184,35
6185,39
6186,26
6187,35
6188,30
6189,32
6190,22
6191,33
6192,22
6193,34
6194,39
6195,29
6196,33
6197,42
6198,31
6199,23
6200,19
6201,31
6202,25
6203,33
6204,39
6205,25
6206,30
6207,30
6208,27
6209,40
6210,35
6211,29
6212,34
6213,31
6214,32
6215,31
6216,37
6217,28
6218,43
6219,26
6220,26
6221,34
6222,30
6223,27
6224,22
6225,42
6226,36
6227,31
6228,32
6229,24
6230,24
6231,34
6232,22
6233,27
6234,35
6235,5
6236,27
6237,30
6238,29
6239,23
6240,36
6241,30
6242,38
6243,31
6244,35
6245,2
6246,29
6247,2
6248,24
6249,31
6250,25
6251,35
6252,3
6253,34
6254,40
6255,22
6256,29
6257,30
6258,24
6259,28
6260,36
6261,23
6262,24
6263,36
6264,35
6265,31
6266,24
6267,33
6268,27
6269,27
6270,4
6271,37
6272,1
6273,3
6274,31
6275,35
6276,34
6277,42
6278,5
6279,1
6280,29
6281,30
6282,1
6283,31
6284,39
6285,34
6286,31
6287,30
6288,24
6289,33
6290,17
6291,33
6292,33
6293,32
6294,30
6295,25
6296,31
6297,27
6298,26
6299,31
6300,32
6301,26
6302,38
6303,24
6304,36
6305,34
6306,38
6307,37
6308,36
6309,38
6310,29
6311,38
6312,32
6313,21
6314,32
6315,25
6316,36
6317,29
6318,29
6319,33
6320,32
6321,29
6322,36
6323,44
6324,28
6325,33
6326,31
6327,30
6328,40
6329,35
6330,24
6331,25
6332,39
6333,38
6334,26
6335,20
6336,3
6337,35
6338,4
6339,23
6340,31
6341,33
6342,31
6343,24
6344,39
6345,30
6346,2
6347,37
6348,22
6349,17
6350,23
6351,25
6352,22
6353,22
6354,34
6355,27
6356,7
6357,30
6358,32
6359,25
6360,30
6361,28
6362,16
6363,24
6364,24
6365,0
6366,39
6367,25
6368,27
6369,26
6370,25
6371,1
6372,21
6373,37
6374,3
6375,36
6376,30
6377,31
6378,30
6379,33
6380,25
6381,35
6382,32
6383,22
6384,28
6385,0
6386,33
6387,27
6388,32
6389,28
6390,28
6391,37
6392,36
6393,31
6394,25
6395,34
6396,4
6397,31
6398,25
6399,29
6400,37
6401,34
6402,32
6403,22
6404,36
6405,37
6406,24
6407,4
6408,26
6409,25
6410,38
6411,29
6412,31
6413,29
6414,32
6415,34
6416,29
6417,3
6418,28
6419,29
6420,29
6421,31
6422,32
6423,26
6424,34
6425,26
6426,31
6427,5
6428,25
6429,26
6430,34
6431,29
6432,22
6433,23
6434,30
6435,1
6436,39
6437,37
6438,32
6439,4
6440,24
6441,28
6442,41
6443,26
6444,25
6445,40
6446,29
6447,37
6448,23
6449,39
6450,29
6451,31
6452,20
6453,35
6454,28
6455,30
6456,22
6457,34
6458,33
6459,5
6460,31
6461,36
6462,33
6463,29
6464,39
6465,28
6466,17
6467,23
6468,3
6469,30
6470,31
6471,32
6472,37
6473,27
6474,6
6475,24
6476,2
6477,32
6478,26
6479,2
6480,38
6481,7
6482,31
6483,26
6484,3
6485,32
6486,29
6487,27
6488,34
6489,25
6490,24
6491,31
6492,2
6493,4
6494,30
6495,31
6496,23
6497,44
6498,21
6499,27
6500,32
6501,36
6502,24
6503,29
6504,31
6505,28
6506,30
6507,31
6508,29
6509,1
6510,33
6511,32
6512,21
6513,28
6514,20
6515,4
6516,29
6517,28
6518,27
6519,33
6520,31
6521,21
6522,45
6523,26
6524,28
6525,29
6526,27
6527,28
6528,24
6529,23
6530,33
6531,30
6532,32
6533,30
6534,26
6535,33
6536,33
6537,40
6538,25
6539,25
6540,3
6541,29
6542,31
6543,38
6544,29
6545,17
6546,5
6547,21
6548,30
6549,28
6550,31
6551,35
6552,21
6553,22
6554,32
6555,29
6556,24
6557,0
6558,28
6559,16
6560,46
6561,34
6562,27
6563,27
6564,37
6565,37
6566,25
6567,6
6568,30
6569,24
6570,29
6571,34
6572,1
6573,26
6574,29
6575,26
6576,26
6577,27
6578,28
6579,28
6580,43
6581,21
6582,31
6583,30
6584,36
6585,30
6586,30
6587,32
6588,28
6589,25
6590,26
6591,27
6592,27
6593,1
6594,35
6595,30
6596,29
6597,31
6598,25
6599,28
6600,33
6601,37
6602,31
6603,29
6604,31
6605,30
6606,34
6607,37
6608,25
6609,30
6610,24
6611,39
6612,29
6613,25
6614,24
6615,0
6616,29
6617,39
6618,27
6619,5
6620,24
6621,1
6622,7
6623,3
6624,40
6625,30
6626,24
6627,28
6628,29
6629,30
6630,27
6631,38
6632,27
6633,30
6634,29
6635,35
6636,1
6637,32
6638,35
6639,35
6640,29
6641,38
6642,33
6643,23
6644,34
6645,29
6646,29
6647,38
6648,29
6649,24
6650,22
6651,3
6652,20
6653,25
6654,28
6655,30
6656,26
6657,32
6658,32
6659,22
6660,37
6661,38
6662,36
6663,32
6664,34
6665,37
6666,28
6667,27
6668,22
6669,58
6670,35
6671,23
6672,4
6673,41
6674,38
6675,28
6676,28
6677,31
6678,21
6679,33
6680,26
6681,37
6682,25
6683,23
6684,23
6685,31
6686,32
6687,38
6688,25
6689,26
6690,22
6691,35
6692,27
6693,38
6694,31
6695,20
6696,29
6697,31
6698,33
6699,2
6700,26
6701,23
6702,21
6703,31
6704,42
6705,24
6706,28
6707,30
6708,24
6709,27
6710,29
6711,36
6712,23
6713,4
6714,21
6715,31
6716,30
6717,35
6718,1
6719,40
6720,20
6721,27
6722,26
6723,29
6724,39
6725,38
6726,37
6727,32
6728,25
6729,44
6730,31
6731,33
6732,33
6733,25
6734,25
6735,34
6736,28
6737,37
6738,25
6739,1
6740,40
6741,4
6742,32
6743,33
6744,24
6745,36
6746,26
6747,31
6748,32
6749,27
6750,28
6751,26
6752,37
6753,33
6754,32
6755,22
6756,32
6757,36
6758,25
6759,38
6760,35
6761,28
6762,32
6763,4
6764,8
6765,39
6766,29
6767,31
6768,35
6769,29
6770,21
6771,35
6772,38
6773,2
6774,3
6775,34
6776,16
6777,26
6778,28
6779,27
6780,22
6781,33
6782,16
6783,28
6784,29
6785,38
6786,32
6787,35
6788,42
6789,28
6790,24
6791,34
6792,33
6793,32
6794,28
6795,29
6796,2
6797,2
6798,28
6799,28
6800,28
6801,6
6802,30
6803,26
6804,34
6805,38
6806,26
6807,21
6808,29
6809,31
6810,23
6811,33
6812,28
6813,0
6814,30
6815,33
6816,41
6817,32
6818,36
6819,28
6820,33
6821,35
6822,29
6823,32
6824,23
6825,28
6826,25
6827,33
6828,20
6829,39
6830,24
6831,26
6832,30
6833,39
6834,24
6835,23
6836,31
6837,31
6838,29
6839,38
6840,35
6841,23
6842,20
6843,3
6844,34
6845,31
6846,26
6847,32
6848,31
6849,2
6850,21
6851,28
6852,36
6853,24
6854,21
6855,3
6856,24
6857,2
6858,32
6859,26
6860,38
6861,22
6862,29
6863,31
6864,21
6865,41
6866,32
6867,3
6868,29
6869,36
6870,31
6871,36
6872,20
6873,38
6874,1
6875,22
6876,32
6877,34
6878,38
6879,34
6880,40
6881,21
6882,22
6883,33
6884,37
6885,28
6886,31
6887,33
6888,31
6889,41
6890,39
6891,26
6892,22
6893,33
6894,30
6895,28
6896,30
6897,25
6898,22
6899,29
6900,32
6901,25
6902,3
6903,39
6904,25
6905,31
6906,34
6907,27
6908,26
6909,28
6910,30
6911,31
6912,25
6913,28
6914,36
6915,26
6916,27
6917,29
6918,31
6919,37
6920,38
6921,33
6922,30
6923,36
6924,28
6925,34
6926,27
6927,40
6928,1
6929,28
6930,28
6931,3
6932,26
6933,32
6934,23
6935,28
6936,29
6937,28
6938,40
6939,31
6940,30
6941,32
6942,31
6943,3
6944,1
6945,33
6946,27
6947,29
6948,33
6949,22
6950,31
6951,24
6952,28
6953,31
6954,16
6955,28
6956,30
6957,34
6958,34
6959,28
6960,40
6961,42
6962,33
6963,35
6964,39
6965,18
6966,30
6967,24
6968,31
6969,29
6970,23
6971,28
6972,36
6973,31
6974,33
6975,34
6976,36
6977,35
6978,25
6979,33
6980,42
6981,31
6982,33
6983,29
6984,29
6985,4
6986,26
6987,26
6988,34
6989,38
6990,34
6991,16
6992,29
6993,22
6994,6
6995,26
6996,26
6997,36
6998,36
6999,5
7000,17
7001,24
7002,29
7003,2
7004,42
7005,40
7006,35
7007,29
7008,23
7009,33
7010,33
7011,39
7012,40
7013,35
7014,28
7015,33
7016,29
7017,1
7018,28
7019,33
7020,38
7021,24
7022,34
7023,26
7024,33
7025,26
7026,35
7027,30
7028,18
7029,4
7030,36
7031,4
7032,3
7033,28
7034,22
7035,25
7036,18
7037,29
7038,34
7039,2
7040,21
7041,28
7042,37
7043,28
7044,33
7045,36
7046,22
7047,31
7048,36
7049,33
7050,42
7051,29
7052,3
7053,1
7054,31
7055,31
7056,25
7057,27
7058,21
7059,38
7060,3
7061,34
7062,28
7063,34
7064,34
7065,2
7066,4
7067,39
7068,30
7069,30
7070,24
7071,32
7072,27
7073,3
7074,26
7075,25
7076,31
7077,36
7078,4
7079,3
7080,33
7081,34
7082,32
7083,30
7084,31
7085,39
7086,34
7087,36
7088,4
7089,1
7090,2
7091,3
7092,3
7093,5
7094,3
7095,4
7096,5
7097,3
7098,1
7099,4
7100,4
7101,5
7102,3
7103,8
7104,6
7105,5
7106,0
7107,6
7108,3
7109,5
7110,4
7111,1
7112,0
7113,5
7114,4
7115,3
7116,2
7117,2
7118,2
7119,2
7120,6
7121,3
7122,4
7123,3
7124,4
7125,3
7126,1
7127,4
7128,5
7129,7
7130,2
7131,2
7132,4
7133,3
7134,2
7135,2
7136,7
7137,4
7138,2
7139,6
7140,2
7141,3
7142,1
7143,5
7144,3
7145,5
7146,6
7147,2
7148,2
7149,3
7150,2
7151,3
7152,2
7153,5
7154,1
7155,3
7156,5
7157,1
7158,2
7159,2
7160,4
7161,1
7162,7
7163,1
7164,3
7165,3
7166,0
7167,2
7168,3
7169,1
7170,1
7171,5
7172,3
7173,6
7174,4
7175,3
7176,4
7177,2
7178,2
7179,3
7180,2
7181,2
7182,9
7183,3
7184,4
7185,4
7186,1
7187,4
7188,3
7189,4
7190,3
7191,4
7192,1
7193,4
7194,4
7195,2
7196,5
7197,3
7198,1
7199,2
7200,2
7201,3
7202,1
7203,3
7204,3
7205,0
7206,2
7207,3
7208,4
7209,5
7210,2
7211,2
7212,2
7213,1
7214,2
7215,2
7216,2
7217,2
7218,6
7219,3
7220,2
7221,1
7222,6
7223,2
7224,4
7225,0
7226,5
7227,2
7228,2
7229,5
7230,2
7231,1
7232,7
7233,2
7234,3
7235,2
7236,4
7237,6
7238,3
7239,3
7240,2
7241,4
7242,6
7243,4
7244,0
7245,4
7246,3
7247,5
7248,7
7249,4
7250,3
7251,1
7252,3
7253,2
7254,5
7255,6
7256,4
7257,0
7258,3
7259,1
7260,0
7261,3
7262,9
7263,1
7264,3
7265,6
7266,3
7267,8
7268,3
7269,6
7270,4
7271,1
7272,3
7273,3
7274,3
7275,1
7276,1
7277,2
7278,3
7279,5
7280,4
7281,5
7282,1
7283,4
7284,2
7285,1
7286,0
7287,1
7288,2
7289,4
7290,3
7291,8
7292,5
7293,3
7294,4
7295,9
7296,1
7297,4
7298,6
7299,4
7300,2
7301,4
7302,1
7303,3
7304,2
7305,1
7306,3
7307,3
7308,3
7309,1
7310,4
7311,1
7312,2
7313,2
7314,3
7315,1
7316,4
7317,2
7318,2
7319,1
7320,4
7321,2
7322,0
7323,3
7324,7
7325,6
7326,4
7327,2
7328,1
7329,2
7330,5
7331,8
7332,3
7333,1
7334,6
7335,5
7336,2
7337,4
7338,2
7339,1
7340,4
7341,1
7342,4
7343,3
7344,4
7345,4
7346,1
7347,3
7348,1
7349,0
7350,3
7351,2
7352,3
7353,4
7354,4
7355,3
7356,1
7357,1
7358,2
7359,0
7360,4
7361,3
7362,1
7363,5
7364,3
7365,1
7366,6
7367,2
7368,3
7369,3
7370,1
7371,4
7372,4
7373,3
7374,3
7375,3
7376,2
7377,2
7378,2
7379,1
7380,3
7381,4
7382,0
7383,0
7384,2
7385,1
7386,4
7387,1
7388,1
7389,5
7390,4
7391,6
7392,4
7393,3
7394,4
7395,3
7396,2
7397,1
7398,1
7399,2
7400,2
7401,3
7402,3
7403,2
7404,4
7405,3
7406,1
7407,4
7408,4
7409,6
7410,2
7411,3
7412,1
7413,4
7414,3
7415,1
7416,3
7417,3
7418,4
7419,3
7420,3
7421,7
7422,3
7423,0
7424,6
7425,6
7426,2
7427,3
7428,4
7429,2
7430,0
7431,6
7432,3
7433,6
7434,6
7435,2
7436,4
7437,5
7438,3
7439,3
7440,4
7441,3
7442,3
7443,4
7444,1
7445,0
7446,4
7447,8
7448,0
7449,2
7450,4
7451,1
7452,3
7453,3
7454,2
7455,2
7456,2
7457,1
7458,4
7459,3
7460,3
7461,4
7462,5
7463,3
7464,4
7465,8
7466,2
7467,3
7468,3
7469,3
7470,4
7471,3
7472,6
7473,1
7474,2
7475,3
7476,2
7477,2
7478,3
7479,6
7480,5
7481,3
7482,4
7483,2
7484,3
7485,2
7486,3
7487,5
7488,3
7489,2
7490,0
7491,3
7492,1
7493,5
7494,3
7495,5
7496,4
7497,1
7498,4
7499,1
7500,2
7501,4
7502,4
7503,3
7504,3
7505,3
7506,3
7507,0
7508,0
7509,4
7510,3
7511,2
7512,5
7513,3
7514,3
7515,4
7516,2
7517,3
7518,4
7519,2
7520,5
7521,1
7522,2
7523,3
7524,6
7525,2
7526,0
7527,2
7528,4
7529,5
7530,2
7531,3
7532,2
7533,0
7534,1
7535,1
7536,4
7537,2
7538,0
7539,1
7540,2
7541,2
7542,5
7543,1
7544,2
7545,10
7546,2
7547,2
7548,3
7549,3
7550,5
7551,1
7552,4
7553,3
7554,3
7555,2
7556,3
7557,1
7558,5
7559,1
7560,4
7561,3
7562,5
7563,1
7564,2
7565,1
7566,2
7567,2
7568,5
7569,5
7570,7
7571,2
7572,3
7573,1
7574,6
7575,3
7576,1
7577,2
7578,3
7579,3
7580,1
7581,2
7582,2
7583,3
7584,2
7585,4
7586,3
7587,2
7588,3
7589,2
7590,3
7591,6
7592,2
7593,5
7594,2
7595,4
7596,4
7597,2
7598,4
7599,2
7600,3
7601,2
7602,3
7603,2
7604,6
7605,3
7606,1
7607,6
7608,5
7609,2
7610,2
7611,5
7612,5
7613,2
7614,3
7615,1
7616,4
7617,4
7618,3
7619,5
7620,5
7621,4
7622,4
7623,1
7624,5
7625,2
7626,6
7627,1
7628,3
7629,0
7630,5
7631,8
7632,3
7633,4
7634,6
7635,1
7636,1
7637,3
7638,1
7639,3
7640,6
7641,1
7642,2
7643,3
7644,1
7645,3
7646,3
7647,5
7648,4
7649,2
7650,4
7651,1
7652,3
7653,5
7654,4
7655,3
7656,8
7657,1
7658,6
7659,4
7660,1
7661,4
7662,3
7663,4
7664,2
7665,2
7666,2
7667,7
7668,4
7669,3
7670,2
7671,32
7672,25
7673,28
7674,25
7675,26
7676,28
7677,40
7678,26
7679,29
7680,22
7681,37
7682,25
7683,30
7684,26
7685,29
7686,36
7687,37
7688,42
7689,32
7690,29
7691,33
7692,27
7693,27
7694,26
7695,28
7696,30
7697,28
7698,43
7699,27
7700,33
7701,31
7702,26
7703,29
7704,29
7705,1
7706,33
7707,2
7708,3
7709,3
7710,37
7711,25
7712,28
7713,42
7714,30
7715,31
7716,2
7717,39
7718,2
7719,27
7720,5
7721,30
7722,31
7723,30
7724,33
7725,31
7726,24
7727,24
7728,2
7729,23
7730,34
7731,36
7732,25
7733,28
7734,30
7735,29
7736,35
7737,30
7738,34
7739,36
7740,30
7741,29
7742,27
7743,31
7744,27
7745,23
7746,38
7747,34
7748,29
7749,36
7750,23
7751,32
7752,36
7753,40
7754,37
7755,33
7756,25
7757,21
7758,24
7759,21
7760,30
7761,21
7762,30
7763,29
7764,31
7765,25
7766,32
7767,31
7768,23
7769,4
7770,37
7771,32
7772,26
7773,29
7774,28
7775,45
7776,26
7777,3
7778,26
7779,33
7780,2
7781,30
7782,29
7783,2
7784,29
7785,18
7786,24
7787,32
7788,37
7789,28
7790,27
7791,38
7792,34
7793,38
7794,22
7795,41
7796,29
7797,25
7798,30
7799,33
7800,39
7801,28
7802,5
7803,29
7804,21
7805,42
7806,25
7807,24
7808,36
7809,35
7810,23
7811,28
7812,29
7813,28
7814,26
7815,21
7816,6
7817,28
7818,28
7819,32
7820,38
7821,28
7822,35
7823,21
7824,43
7825,36
7826,26
7827,32
7828,33
7829,32
7830,26
7831,31
7832,22
7833,25
7834,32
7835,30
7836,35
7837,25
7838,32
7839,28
7840,35
7841,27
7842,38
7843,32
7844,50
7845,39
7846,40
7847,30
7848,6
7849,5
7850,30
7851,24
7852,31
7853,3
7854,31
7855,22
7856,49
7857,36
7858,40
7859,37
7860,42
7861,34
7862,21
7863,1
7864,19
7865,30
7866,3
7867,33
7868,30
7869,30
7870,33
7871,30
7872,33
7873,36
7874,28
7875,2
7876,26
7877,35
7878,30
7879,22
7880,21
7881,39
7882,30
7883,26
7884,29
7885,19
7886,35
7887,43
7888,44
7889,33
7890,28
7891,37
7892,31
7893,28
7894,31
7895,23
7896,39
7897,28
7898,16
7899,27
7900,24
7901,28
7902,41
7903,29
7904,20
7905,31
7906,17
7907,27
7908,30
7909,24
7910,23
7911,42
7912,29
7913,32
7914,20
7915,32
7916,38
7917,34
7918,23
7919,28
7920,29
7921,30
7922,36
7923,22
7924,32
7925,26
7926,25
7927,5
7928,26
7929,25
7930,41
7931,36
7932,33
7933,32
7934,35
7935,32
7936,40
7937,28
7938,41
7939,27
7940,1
7941,44
7942,29
7943,2
7944,28
7945,33
7946,36
7947,18
7948,27
7949,22
7950,29
7951,28
7952,33
7953,38
7954,2
7955,34
7956,26
7957,44
7958,29
7959,25
7960,23
7961,26
7962,22
7963,33
7964,27
7965,37
7966,32
7967,26
7968,27
7969,34
7970,28
7971,29
7972,37
7973,1
7974,29
7975,32
7976,34
7977,30
7978,29
7979,29
7980,32
7981,20
7982,3
7983,23
7984,39
7985,42
7986,22
7987,32
7988,2
7989,35
7990,4
7991,33
7992,26
7993,19
7994,31
7995,40
7996,31
7997,26
7998,27
7999,41
8000,36
8001,27
8002,25
8003,40
8004,30
8005,23
8006,33
8007,29
8008,31
8009,27
8010,32
8011,36
8012,27
8013,29
8014,28
8015,28
8016,32
8017,28
8018,3
8019,26
8020,25
8021,31
8022,32
8023,33
8024,27
8025,23
8026,27
8027,25
8028,38
8029,2
8030,33
8031,27
8032,34
8033,2
8034,25
8035,27
8036,32
8037,26
8038,23
8039,29
8040,4
8041,21
8042,34
8043,24
8044,40
8045,34
8046,2
8047,29
8048,32
8049,27
8050,33
8051,3
8052,28
8053,31
8054,28
8055,30
8056,35
8057,29
8058,31
8059,4
8060,31
8061,25
8062,31
8063,36
8064,25
8065,35
8066,36
8067,32
8068,26
8069,5
8070,20
8071,31
8072,29
8073,27
8074,37
8075,29
8076,38
8077,22
8078,30
8079,2
8080,5
8081,31
8082,32
8083,35
8084,33
8085,2
8086,37
8087,38
8088,25
8089,33
8090,40
8091,36
8092,32
8093,3
8094,33
8095,26
8096,5
8097,38
8098,4
8099,35
8100,36
8101,37
8102,23
8103,29
8104,27
8105,28
8106,31
8107,32
8108,36
8109,41
8110,34
8111,31
8112,24
8113,3
8114,23
8115,31
8116,30
8117,31
8118,23
8119,1
8120,28
8121,31
8122,31
8123,22
8124,29
8125,2
8126,31
8127,25
8128,3
8129,26
8130,28
8131,26
8132,25
8133,35
8134,25
8135,2
8136,32
8137,34
8138,22
8139,29
8140,38
8141,18
8142,22
8143,33
8144,29
8145,30
8146,41
8147,32
8148,21
8149,3
8150,1
8151,33
8152,5
8153,39
8154,29
8155,37
8156,38
8157,24
8158,35
8159,30
8160,24
8161,30
8162,32
8163,33
8164,24
8165,25
8166,28
8167,34
8168,25
8169,41
8170,33
8171,34
8172,22
8173,20
8174,27
8175,29
8176,33
8177,27
8178,28
8179,23
8180,31
8181,3
8182,35
8183,29
8184,4
8185,29
8186,25
8187,33
8188,30
8189,29
8190,32
8191,36
8192,36
8193,2
8194,31
8195,34
8196,34
8197,36
8198,30
8199,30
8200,36
8201,25
8202,3
8203,40
8204,23
8205,31
8206,39
8207,29
8208,27
8209,30
8210,31
8211,25
8212,21
8213,25
8214,33
8215,30
8216,1
8217,29
8218,33
8219,32
8220,39
8221,35
8222,6
8223,32
8224,32
8225,27
8226,37
8227,33
8228,36
8229,27
8230,31
8231,25
8232,24
8233,31
8234,42
8235,31
8236,26
8237,25
8238,45
8239,2
8240,28
8241,23
8242,33
8243,26
8244,27
8245,27
8246,18
8247,24
8248,28
8249,39
8250,22
8251,34
8252,33
8253,29
8254,3
8255,29
8256,26
8257,40
8258,27
8259,4
8260,18
8261,36
8262,29
8263,25
8264,33
8265,27
8266,35
8267,2
8268,6
8269,29
8270,27
8271,31
8272,2
8273,23
8274,18
8275,5
8276,3
8277,31
8278,6
8279,30
8280,30
8281,24
8282,26
8283,36
8284,32
8285,32
8286,33
8287,35
8288,29
8289,35
8290,34
8291,32
8292,32
8293,27
8294,30
8295,26
8296,2
8297,25
8298,33
8299,37
8300,2
8301,7
8302,35
8303,31
8304,22
8305,6
8306,32
8307,27
8308,18
8309,25
8310,35
8311,19
8312,3
8313,34
8314,25
8315,28
8316,39
8317,29
8318,0
8319,29
8320,27
8321,34
8322,28
8323,30
8324,19
8325,30
8326,29
8327,25
8328,38
8329,26
8330,29
8331,35
8332,30
8333,36
8334,5
8335,28
8336,26
8337,29
8338,34
8339,26
8340,3
8341,41
8342,35
8343,1
8344,33
8345,30
8346,27
8347,32
8348,25
8349,31
8350,3
8351,25
8352,28
8353,33
8354,26
8355,42
8356,30
8357,22
8358,32
8359,34
8360,30
8361,0
8362,5
8363,28
8364,29
8365,15
8366,1
8367,41
8368,37
8369,33
8370,44
8371,36
8372,35
8373,26
8374,30
8375,2
8376,32
8377,33
8378,32
8379,28
8380,41
8381,4
8382,5
8383,30
8384,33
8385,38
8386,25
8387,33
8388,31
8389,31
8390,5
8391,29
8392,24
8393,37
8394,27
8395,30
8396,35
8397,31
8398,4
8399,21
8400,36
8401,23
8402,37
8403,34
8404,29
8405,29
8406,29
8407,3
8408,25
8409,30
8410,41
8411,30
8412,26
8413,27
8414,33
8415,31
8416,25
8417,1
8418,1
8419,37
8420,34
8421,22
8422,44
8423,32
8424,26
8425,37
8426,4
8427,26
8428,34
8429,30
8430,29
8431,30
8432,38
8433,28
8434,23
8435,32
8436,27
8437,3
8438,34
8439,18
8440,28
8441,27
8442,26
8443,32
8444,27
8445,29
8446,24
8447,26
8448,30
8449,38
8450,35
8451,1
8452,39
8453,32
8454,31
8455,25
8456,1
8457,27
8458,28
8459,30
8460,42
8461,37
8462,3
8463,32
8464,33
8465,37
8466,31
8467,37
8468,37
8469,32
8470,29
8471,22
8472,33
8473,18
8474,34
8475,37
8476,27
8477,26
8478,30
8479,30
8480,36
8481,29
8482,28
8483,28
8484,21
8485,17
8486,24
8487,23
8488,26
8489,31
8490,35
8491,30
8492,44
8493,21
8494,27
8495,38
8496,26
8497,24
8498,20
8499,24
8500,26
8501,20
8502,27
8503,31
8504,6
8505,27
8506,31
8507,31
8508,39
8509,27
8510,30
8511,25
8512,35
8513,44
8514,33
8515,35
8516,2
8517,23
8518,41
8519,19
8520,27
8521,17
8522,28
8523,21
8524,44
8525,22
8526,30
8527,31
8528,30
8529,21
8530,24
8531,36
8532,22
8533,26
8534,27
8535,30
8536,20
8537,28
8538,32
8539,26
8540,42
8541,36
8542,26
8543,33
8544,37
8545,34
8546,29
8547,32
8548,33
8549,26
8550,37
8551,27
8552,35
8553,25
8554,36
8555,37
8556,2
8557,2
8558,34
8559,38
8560,30
8561,31
8562,30
8563,27
8564,35
8565,0
8566,31
8567,40
8568,33
8569,22
8570,19
8571,38
8572,33
8573,29
8574,38
8575,29
8576,26
8577,35
8578,25
8579,31
8580,26
8581,3
8582,22
8583,32
8584,36
8585,32
8586,44
8587,24
8588,2
8589,30
8590,37
8591,25
8592,38
8593,25
8594,30
8595,27
8596,35
8597,30
8598,25
8599,23
8600,27
8601,28
8602,33
8603,23
8604,42
8605,35
8606,35
8607,27
8608,41
8609,33
8610,25
8611,31
8612,40
8613,27
8614,36
8615,24
8616,46
8617,36
8618,21
8619,26
8620,32
8621,28
8622,37
8623,23
8624,24
8625,32
8626,32
8627,28
8628,24
8629,3
8630,31
8631,0
8632,2
8633,1
8634,3
8635,4
8636,5
8637,2
8638,3
8639,2
8640,2
8641,1
8642,2
8643,6
8644,3
8645,1
8646,3
8647,1
8648,7
8649,1
8650,2
8651,2
8652,6
8653,4
8654,5
8655,1
8656,1
8657,3
8658,4
8659,7
8660,3
8661,2
8662,2
8663,6
8664,2
8665,1
8666,2
8667,3
8668,1
8669,3
8670,3
8671,5
8672,2
8673,2
8674,4
8675,1
8676,5
8677,1
8678,1
8679,2
8680,3
8681,4
8682,3
8683,4
8684,6
8685,4
8686,3
8687,4
8688,4
8689,3
8690,1
8691,0
8692,3
8693,1
8694,0
8695,2
8696,1
8697,3
8698,1
8699,1
8700,8
8701,6
8702,4
8703,6
8704,4
8705,3
8706,5
8707,2
8708,1
8709,3
8710,3
8711,2
8712,3
8713,1
8714,4
8715,3
8716,3
8717,0
8718,4
8719,1
8720,4
8721,5
8722,2
8723,3
8724,6
8725,3
8726,5
8727,1
8728,2
8729,2
8730,3
8731,6
8732,3
8733,5
8734,4
8735,4
8736,2
8737,5
8738,5
8739,2
8740,3
8741,2
8742,1
8743,3
8744,1
8745,1
8746,2
8747,3
8748,6
8749,2
8750,3
8751,4
8752,5
8753,2
8754,4
8755,0
8756,3
8757,3
8758,2
8759,0
8760,1
8761,4
8762,3
8763,0
8764,2
8765,2
8766,9
8767,2
8768,6
8769,0
8770,5
8771,2
8772,3
8773,5
8774,6
8775,3
8776,2
8777,5
8778,2
8779,0
8780,2
8781,3
8782,1
8783,0
8784,6
8785,2
8786,0
8787,4
8788,2
8789,5
8790,4
8791,2
8792,2
8793,1
8794,3
8795,7
8796,3
8797,0
8798,1
8799,3
8800,3
8801,2
8802,3
8803,5
8804,5
8805,7
8806,4
8807,1
8808,0
8809,1
8810,6
8811,6
8812,5
8813,7
8814,2
8815,2
8816,4
8817,2
8818,3
8819,7
8820,3
8821,1
8822,2
8823,4
8824,3
8825,1
8826,1
8827,3
8828,5
8829,2
8830,4
8831,6
8832,8
8833,2
8834,1
8835,4
8836,3
8837,4
8838,5
8839,2
8840,1
8841,4
8842,3
8843,4
8844,6
8845,1
8846,2
8847,4
8848,3
8849,4
8850,4
8851,2
8852,2
8853,7
8854,3
8855,3
8856,5
8857,2
8858,2
8859,0
8860,2
8861,4
8862,2
8863,5
8864,4
8865,2
8866,6
8867,4
8868,3
8869,2
8870,1
8871,3
8872,3
8873,5
8874,5
8875,4
8876,8
8877,0
8878,0
8879,5
8880,6
8881,2
8882,3
8883,5
8884,4
8885,6
8886,2
8887,1
8888,3
8889,4
8890,0
8891,1
8892,3
8893,2
8894,7
8895,2
8896,4
8897,6
8898,2
8899,3
8900,6
8901,6
8902,1
8903,5
8904,2
8905,4
8906,3
8907,1
8908,7
8909,3
8910,4
8911,3
8912,4
8913,5
8914,2
8915,3
8916,5
8917,4
8918,2
8919,1
8920,6
8921,1
8922,4
8923,1
8924,0
8925,3
8926,2
8927,3
8928,2
8929,3
8930,0
8931,2
8932,3
8933,1
8934,4
8935,4
8936,2
8937,3
8938,2
8939,3
8940,2
8941,3
8942,3
8943,3
8944,6
8945,5
8946,4
8947,4
8948,5
8949,3
8950,5
8951,2
8952,6
8953,1
8954,5
8955,3
8956,2
8957,4
8958,5
8959,3
8960,6
8961,1
8962,5
8963,4
8964,7
8965,4
8966,3
8967,2
8968,2
8969,6
8970,4
8971,3
8972,3
8973,2
8974,3
8975,4
8976,4
8977,2
8978,3
8979,2
8980,2
8981,5
8982,0
8983,2
8984,7
8985,2
8986,3
8987,6
8988,2
8989,4
8990,4
8991,1
8992,3
8993,3
8994,2
8995,1
8996,1
8997,2
8998,2
8999,4
9000,1
9001,3
9002,2
9003,4
9004,2
9005,1
9006,0
9007,4
9008,3
9009,0
9010,4
9011,5
9012,5
9013,7
9014,1
9015,4
9016,2
9017,6
9018,3
9019,6
9020,1
9021,3
9022,1
9023,2
9024,4
9025,3
9026,0
9027,5
9028,1
9029,1
9030,4
9031,2
9032,3
9033,3
9034,7
9035,3
9036,2
9037,3
9038,2
9039,1
9040,2
9041,5
9042,0
9043,3
9044,5
9045,3
9046,7
9047,2
9048,1
9049,2
9050,1
9051,2
9052,4
9053,4
9054,34
9055,22
9056,27
9057,5
9058,30
9059,22
9060,29
9061,30
9062,29
9063,32
9064,32
9065,28
9066,32
9067,3
9068,26
9069,21
9070,33
9071,22
9072,1
9073,50
9074,20
9075,36
9076,29
9077,37
9078,22
9079,24
9080,37
9081,35
9082,42
9083,26
9084,35
9085,30
9086,30
9087,26
9088,27
9089,39
9090,22
9091,4
9092,23
9093,47
9094,39
9095,24
9096,27
9097,43
9098,33
9099,35
9100,28
9101,26
9102,42
9103,30
9104,34
9105,35
9106,32
9107,36
9108,20
9109,25
9110,31
9111,21
9112,31
9113,38
9114,29
9115,33
9116,29
9117,26
9118,28
9119,31
9120,29
9121,26
9122,31
9123,37
9124,23
9125,32
9126,32
9127,28
9128,31
9129,52
9130,21
9131,23
9132,37
9133,40
9134,40
9135,32
9136,41
9137,35
9138,29
9139,36
9140,25
9141,26
9142,27
9143,28
9144,29
9145,32
9146,29
9147,29
9148,37
9149,25
9150,41
9151,35
9152,33
9153,1
9154,23
9155,30
9156,31
9157,29
9158,34
9159,32
9160,40
9161,31
9162,29
9163,31
9164,28
9165,40
9166,37
9167,29
9168,41
9169,33
9170,32
9171,24
9172,19
9173,31
9174,30
9175,25
9176,22
9177,48
9178,31
9179,24
9180,27
9181,31
9182,23
9183,38
9184,29
9185,35
9186,27
9187,3
9188,2
9189,35
9190,34
9191,30
9192,28
9193,39
9194,31
9195,32
9196,25
9197,32
9198,37
9199,42
9200,25
9201,42
9202,25
9203,25
9204,27
9205,3
9206,39
9207,27
9208,25
9209,5
9210,28
9211,35
9212,26
9213,31
9214,40
9215,19
9216,27
9217,19
9218,33
9219,31
9220,33
9221,2
9222,40
9223,36
9224,29
9225,32
9226,28
9227,29
9228,37
9229,29
9230,24
9231,31
9232,34
9233,2
9234,33
9235,31
9236,31
9237,28
9238,39
9239,24
9240,1
9241,31
9242,2
9243,24
9244,22
9245,29
9246,34
9247,28
9248,3
9249,25
9250,26
9251,31
9252,23
9253,42
9254,27
9255,26
9256,30
9257,30
9258,28
9259,37
9260,24
9261,32
9262,35
9263,31
9264,35
9265,30
9266,25
9267,28
9268,0
9269,33
9270,30
9271,23
9272,29
9273,28
9274,33
9275,40
9276,30
9277,40
9278,39
9279,28
9280,21
9281,25
9282,36
9283,38
9284,38
9285,33
9286,29
9287,24
9288,42
9289,27
9290,26
9291,30
9292,28
9293,33
9294,2
9295,31
9296,34
9297,33
9298,21
9299,38
9300,24
9301,3
9302,32
9303,39
9304,34
9305,26
9306,21
9307,25
9308,39
9309,14
9310,32
9311,37
9312,33
9313,33
9314,31
9315,28
9316,39
9317,36
9318,23
9319,24
9320,25
9321,32
9322,24
9323,22
9324,27
9325,30
9326,20
9327,25
9328,35
9329,35
9330,21
9331,26
9332,29
9333,2
9334,33
9335,30
9336,31
9337,27
9338,30
9339,29
9340,30
9341,28
9342,4
9343,32
9344,31
9345,22
9346,28
9347,22
9348,28
9349,35
9350,37
9351,35
9352,32
9353,30
9354,30
9355,29
9356,32
9357,29
9358,4
9359,30
9360,33
9361,31
9362,29
9363,20
9364,18
9365,22
9366,2
9367,32
9368,27
9369,3
9370,21
9371,27
9372,1
9373,31
9374,39
9375,20
9376,25
9377,1
9378,24
9379,24
9380,37
9381,36
9382,26
9383,33
9384,26
9385,32
9386,27
9387,28
9388,31
9389,27
9390,32
9391,37
9392,35
9393,30
9394,27
9395,33
9396,30
9397,36
9398,21
9399,33
9400,33
9401,38
9402,30
9403,36
9404,34
9405,1
9406,19
9407,3
9408,28
9409,29
9410,24
9411,27
9412,24
9413,29
9414,23
9415,37
9416,39
9417,43
9418,28
9419,26
9420,27
9421,2
9422,30
9423,23
9424,23
9425,30
9426,30
9427,27
9428,37
9429,34
9430,35
9431,27
9432,32
9433,28
9434,33
9435,38
9436,5
9437,35
9438,22
9439,2
9440,25
9441,27
9442,28
9443,14
9444,24
9445,37
9446,41
9447,30
9448,24
9449,6
9450,35
9451,24
9452,32
9453,28
9454,36
9455,35
9456,25
9457,30
9458,33
9459,30
9460,26
9461,37
9462,28
9463,37
9464,35
9465,27
9466,25
9467,33
9468,33
9469,32
9470,22
9471,29
9472,41
9473,36
9474,0
9475,39
9476,33
9477,27
9478,31
9479,35
9480,23
9481,31
9482,30
9483,22
9484,21
9485,21
9486,26
9487,29
9488,19
9489,31
9490,42
9491,5
9492,31
9493,28
9494,44
9495,3
9496,32
9497,31
9498,22
9499,29
9500,1
9501,32
9502,40
9503,3
9504,34
9505,31
9506,35
9507,3
9508,32
9509,25
9510,30
9511,33
9512,29
9513,27
9514,36
9515,4
9516,39
9517,30
9518,31
9519,33
9520,36
9521,35
9522,33
9523,39
9524,33
9525,31
9526,34
9527,43
9528,28
9529,26
9530,35
9531,29
9532,33
9533,30
9534,37
9535,4
9536,36
9537,30
9538,31
9539,35
9540,23
9541,31
9542,27
9543,30
9544,33
9545,28
9546,28
9547,4
9548,25
9549,32
9550,30
9551,30
9552,28
9553,23
9554,1
9555,29
9556,36
9557,3
9558,30
9559,34
9560,39
9561,31
9562,29
9563,23
9564,22
9565,35
9566,29
9567,32
9568,28
9569,32
9570,30
9571,36
9572,27
9573,27
9574,3
9575,1
9576,24
9577,37
9578,28
9579,23
9580,29
9581,35
9582,33
9583,34
9584,31
9585,37
9586,0
9587,37
9588,33
9589,35
9590,25
9591,32
9592,27
9593,30
9594,15
9595,23
9596,34
9597,31
9598,31
9599,21
9600,30
9601,4
9602,24
9603,23
9604,38
9605,38
9606,28
9607,29
9608,27
9609,37
9610,22
9611,35
9612,25
9613,29
9614,28
9615,32
9616,28
9617,25
9618,32
9619,36
9620,36
9621,35
9622,31
9623,33
9624,27
9625,1
9626,30
9627,33
9628,25
9629,40
9630,23
9631,37
9632,26
9633,36
9634,32
9635,33
9636,27
9637,30
9638,3
9639,44
9640,29
9641,28
9642,23
9643,31
9644,34
9645,26
9646,34
9647,34
9648,36
9649,4
9650,21
9651,34
9652,38
9653,31
9654,32
9655,2
9656,32
9657,29
9658,22
9659,29
9660,27
9661,30
9662,33
9663,18
9664,39
9665,27
9666,27
9667,28
9668,24
9669,32
9670,21
9671,3
9672,33
9673,23
9674,26
9675,33
9676,25
9677,42
9678,38
9679,33
9680,28
9681,29
9682,30
9683,32
9684,26
9685,33
9686,25
9687,30
9688,37
9689,45
9690,19
9691,24
9692,20
9693,33
9694,21
9695,34
9696,7
9697,2
9698,33
9699,35
9700,38
9701,32
9702,30
9703,25
9704,35
9705,33
9706,30
9707,26
9708,22
9709,31
9710,5
9711,28
9712,26
9713,29
9714,29
9715,2
9716,30
9717,34
9718,37
9719,29
9720,31
9721,30
9722,26
9723,29
9724,34
9725,26
9726,1
9727,27
9728,32
9729,42
9730,31
9731,29
9732,34
9733,39
9734,39
9735,23
9736,25
9737,20
9738,5
9739,29
9740,30
9741,34
9742,3
9743,19
9744,27
9745,43
9746,3
9747,27
9748,28
9749,25
9750,21
9751,28
9752,42
9753,29
9754,40
9755,29
9756,23
9757,2
9758,22
9759,25
9760,26
9761,27
9762,29
9763,28
9764,28
9765,32
9766,2
9767,2
9768,27
9769,35
9770,25
9771,27
9772,24
9773,35
9774,29
9775,29
9776,34
9777,35
9778,31
9779,26
9780,31
9781,31
9782,32
9783,29
9784,36
9785,35
9786,46
9787,28
9788,31
9789,39
9790,27
9791,36
9792,1
9793,28
9794,32
9795,0
9796,33
9797,37
9798,6
9799,27
9800,30
9801,25
9802,36
9803,30
9804,25
9805,27
9806,4
9807,29
9808,34
9809,31
9810,7
9811,27
9812,29
9813,36
9814,19
9815,32
9816,32
9817,24
9818,28
9819,43
9820,43
9821,36
9822,41
9823,23
9824,30
9825,30
9826,28
9827,30
9828,2
9829,18
9830,0
9831,30
9832,36
9833,39
9834,39
9835,34
9836,44
9837,29
9838,28
9839,2
9840,21
9841,1
9842,33
9843,43
9844,36
9845,36
9846,27
9847,31
9848,22
9849,27
9850,26
9851,21
9852,32
9853,29
9854,34
9855,40
9856,24
9857,32
9858,27
9859,1
9860,33
9861,34
9862,34
9863,29
9864,2
9865,30
9866,26
9867,30
9868,45
9869,23
9870,31
9871,33
9872,3
9873,25
9874,2
9875,35
9876,26
9877,23
9878,28
9879,26
9880,31
9881,25
9882,42
9883,28
9884,24
9885,32
9886,33
9887,35
9888,24
9889,31
9890,33
9891,27
9892,27
9893,1
9894,19
9895,19
9896,30
9897,40
9898,24
9899,22
9900,27
9901,36
9902,31
9903,33
9904,4
9905,36
9906,41
9907,29
9908,29
9909,26
9910,31
9911,32
9912,6
9913,30
9914,22
9915,6
9916,22
9917,31
9918,35
9919,34
9920,27
9921,31
9922,29
9923,33
9924,28
9925,28
9926,36
9927,17
9928,31
9929,29
9930,34
9931,34
9932,35
9933,29
9934,28
9935,38
9936,36
9937,43
9938,24
9939,30
9940,34
9941,41
9942,32
9943,26
9944,28
9945,26
9946,33
9947,31
9948,4
9949,29
9950,39
9951,32
9952,41
9953,30
9954,29
9955,22
9956,1
9957,35
9958,22
9959,32
9960,32
9961,32
9962,41
9963,28
9964,1
9965,30
9966,33
9967,40
9968,26
9969,31
9970,23
9971,42
9972,39
9973,39
9974,21
9975,29
9976,2
9977,38
9978,28
9979,16
9980,30
9981,35
9982,27
9983,36
9984,31
9985,31
9986,29
9987,39
9988,35
9989,27
9990,21
9991,34
9992,36
9993,29
9994,2
9995,4
9996,33
9997,33
9998,22
9999,41
10000,26
10001,24
10002,29
10003,26
10004,35
10005,22
10006,27
10007,25
10008,29
10009,32
10010,23
10011,24
10012,35
10013,41
10014,2
10015,1
10016,1
10017,3
10018,2
10019,1
10020,3
10021,2
10022,6
10023,4
10024,2
10025,6
10026,5
10027,3
10028,5
10029,5
10030,2
10031,2
10032,3
10033,0
10034,1
10035,3
10036,1
10037,2
10038,2
10039,4
10040,0
10041,4
10042,8
10043,2
10044,3
10045,2
10046,0
10047,3
10048,3
10049,5
10050,3
10051,3
10052,1
10053,1
10054,2
10055,2
10056,5
10057,6
10058,3
10059,8
10060,3
10061,2
10062,2
10063,3
10064,7
10065,4
10066,3
10067,1
10068,2
10069,3
10070,3
10071,2
10072,5
10073,3
10074,2
10075,2
10076,4
10077,2
10078,2
10079,4
10080,1
10081,3
10082,4
10083,1
10084,4
10085,4
10086,5
10087,2
10088,1
10089,4
10090,4
10091,2
10092,4
10093,4
10094,3
10095,4
10096,2
10097,6
10098,1
10099,2
10100,2
10101,2
10102,3
10103,8
10104,3
10105,0
10106,0
10107,1
10108,2
10109,3
10110,0
10111,1
10112,2
10113,2
10114,4
10115,2
10116,1
10117,3
10118,2
10119,3
10120,3
10121,4
10122,4
10123,7
10124,2
10125,2
10126,5
10127,1
10128,8
10129,2
10130,3
10131,4
10132,0
10133,2
10134,3
10135,2
10136,2
10137,5
10138,4
10139,0
10140,7
10141,4
10142,2
10143,4
10144,2
10145,4
10146,5
10147,2
10148,3
10149,3
10150,3
10151,4
10152,3
10153,2
10154,4
10155,3
10156,3
10157,2
10158,2
10159,2
10160,7
10161,4
10162,3
10163,1
10164,8
10165,1
10166,2
10167,3
10168,4
10169,1
10170,1
10171,2
10172,2
10173,0
10174,1
10175,3
10176,5
10177,2
10178,1
10179,5
10180,2
10181,2
10182,1
10183,2
10184,2
10185,6
10186,1
10187,3
10188,2
10189,5
10190,3
10191,0
10192,5
10193,0
10194,2
10195,6
10196,4
10197,3
10198,3
10199,5
10200,2
10201,6
10202,8
10203,4
10204,1
10205,1
10206,3
10207,4
10208,3
10209,2
10210,4
10211,3
10212,2
10213,3
10214,3
10215,2
10216,2
10217,1
10218,2
10219,1
10220,2
10221,6
10222,3
10223,2
10224,1
10225,3
10226,3
10227,0
10228,2
10229,0
10230,3
10231,5
10232,2
10233,4
10234,2
10235,0
10236,4
10237,4
10238,1
10239,0
10240,3
10241,2
10242,1
10243,5
10244,4
10245,4
10246,2
10247,4
10248,5
10249,5
10250,5
10251,3
10252,0
10253,4
10254,3
10255,6
10256,3
10257,5
10258,5
10259,4
10260,4
10261,2
10262,6
10263,5
10264,7
10265,2
10266,1
10267,5
10268,3
10269,3
10270,4
10271,0
10272,5
10273,4
10274,1
10275,3
10276,2
10277,2
10278,6
10279,1
10280,5
10281,3
10282,8
10283,2
10284,2
10285,4
10286,6
10287,1
10288,8
10289,5
10290,3
10291,5
10292,3
10293,3
10294,1
10295,1
10296,4
10297,1
10298,3
10299,3
10300,3
10301,3
10302,2
10303,5
10304,5
10305,5
10306,5
10307,2
10308,4
10309,4
10310,3
10311,2
10312,5
10313,4
10314,6
10315,2
10316,3
10317,2
10318,4
10319,3
10320,2
10321,3
10322,4
10323,2
10324,4
10325,7
10326,1
10327,2
10328,3
10329,5
10330,4
10331,2
10332,2
10333,4
10334,3
10335,4
10336,3
10337,3
10338,2
10339,4
10340,2
10341,1
10342,3
10343,2
10344,7
10345,2
10346,2
10347,4
10348,6
10349,4
10350,4
10351,2
10352,4
10353,0
10354,1
10355,3
10356,4
10357,4
10358,1
10359,3
10360,1
10361,3
10362,2
10363,4
10364,4
10365,2
10366,3
10367,2
10368,8
10369,4
10370,1
10371,2
10372,5
10373,2
10374,5
10375,1
10376,2
10377,1
10378,3
10379,2
10380,5
10381,4
10382,3
10383,3
10384,3
10385,4
10386,5
10387,7
10388,4
10389,5
10390,4
10391,3
10392,3
10393,4
10394,4
10395,3
10396,1
10397,5
10398,2
10399,2
10400,0
10401,3
10402,1
10403,2
10404,4
10405,0
10406,4
10407,2
10408,2
10409,3
10410,0
10411,2
10412,1
10413,2
10414,2
10415,1
10416,3
10417,4
10418,3
10419,3
10420,6
10421,2
10422,1
10423,2
10424,1
10425,4
10426,4
10427,1
10428,8
10429,3
10430,2
10431,2
10432,2
10433,1
10434,3
10435,6
10436,2
10437,4
10438,0
10439,2
10440,5
10441,3
10442,5
10443,5
10444,2
10445,2
10446,6
10447,5
10448,5
10449,0
10450,4
10451,3
10452,2
10453,4
10454,2
10455,5
10456,2
10457,5
10458,7
10459,3
10460,7
10461,2
10462,1
10463,4
10464,5
10465,1
10466,3
10467,2
10468,3
10469,4
10470,2
10471,4
10472,3
10473,5
10474,3
10475,2
10476,2
10477,2
10478,6
10479,2
10480,6
10481,6
10482,1
10483,1
10484,6
10485,2
10486,4
10487,3
10488,2
10489,5
10490,2
10491,2
10492,2
10493,5
10494,3
10495,1
10496,4
10497,4
10498,4
10499,3
10500,2
10501,4
10502,2
10503,3
10504,3
10505,0
10506,6
10507,1
10508,2
10509,1
10510,8
10511,2
10512,2
10513,4
10514,2
10515,3
10516,29
10517,23
10518,33
10519,25
10520,31
10521,25
10522,25
10523,29
10524,31
10525,30
10526,32
10527,26
10528,31
10529,44
10530,36
10531,26
10532,36
10533,28
10534,15
10535,27
10536,28
10537,33
10538,39
10539,26
10540,29
10541,31
10542,29
10543,36
10544,23
10545,29
10546,35
10547,35
10548,23
10549,20
10550,31
10551,31
10552,32
10553,30
10554,36
10555,22
10556,33
10557,37
10558,33
10559,26
10560,36
10561,28
10562,21
10563,22
10564,30
10565,3
10566,38
10567,30
10568,4
10569,37
10570,23
10571,25
10572,28
10573,31
10574,33
10575,27
10576,34
10577,28
10578,2
10579,30
10580,36
10581,26
10582,25
10583,33
10584,30
10585,40
10586,2
10587,4
10588,25
10589,33
10590,31
10591,18
10592,34
10593,24
10594,26
10595,22
10596,36
10597,31
10598,40
10599,37
10600,34
10601,32
10602,31
10603,41
10604,5
10605,27
10606,25
10607,22
10608,33
10609,24
10610,20
10611,31
10612,39
10613,2
10614,34
10615,26
10616,33
10617,1
10618,31
10619,3
10620,28
10621,31
10622,33
10623,3
10624,35
10625,34
10626,35
10627,31
10628,30
10629,27
10630,29
10631,24
10632,31
10633,25
10634,37
10635,26
10636,27
10637,31
10638,30
10639,23
10640,28
10641,24
10642,32
10643,30
10644,21
10645,27
10646,29
10647,26
10648,23
10649,28
10650,31
10651,28
10652,25
10653,32
10654,38
10655,40
10656,40
10657,34
10658,30
10659,32
10660,25
10661,29
10662,29
10663,25
10664,27
10665,25
10666,27
10667,39
10668,29
10669,24
10670,28
10671,29
10672,27
10673,18
10674,34
10675,1
10676,31
10677,32
10678,28
10679,25
10680,2
10681,33
10682,26
10683,2
10684,27
10685,33
10686,38
10687,23
10688,32
10689,29
10690,30
10691,25
10692,42
10693,25
10694,34
10695,21
10696,31
10697,35
10698,24
10699,30
10700,24
10701,18
10702,2
10703,36
10704,26
10705,41
10706,3
10707,28
10708,28
10709,32
10710,31
10711,26
10712,29
10713,28
10714,24
10715,30
10716,31
10717,30
10718,24
10719,27
10720,2
10721,28
10722,24
10723,26
10724,3
10725,5
10726,31
10727,27
10728,33
10729,30
10730,32
10731,26
10732,5
10733,32
10734,23
10735,32
10736,31
10737,29
10738,33
10739,22
10740,24
10741,22
10742,4
10743,28
10744,36
10745,29
10746,28
10747,23
10748,31
10749,42
10750,30
10751,32
10752,35
10753,26
10754,26
10755,35
10756,20
10757,23
10758,29
10759,31
10760,28
10761,28
10762,30
10763,27
10764,35
10765,40
10766,30
10767,35
10768,27
10769,30
10770,36
10771,34
10772,20
10773,41
10774,29
10775,39
10776,28
10777,2
10778,3
10779,28
10780,35
10781,33
10782,1
10783,38
10784,28
10785,32
10786,4
10787,7
10788,26
10789,36
10790,21
10791,20
10792,30
10793,32
10794,30
10795,2
10796,34
10797,31
10798,20
10799,31
10800,32
10801,37
10802,29
10803,3
10804,34
10805,33
10806,36
10807,33
10808,37
10809,5
10810,36
10811,29
10812,27
10813,32
10814,30
10815,18
10816,31
10817,32
10818,25
10819,1
10820,29
10821,32
10822,30
10823,37
10824,5
10825,26
10826,26
10827,32
10828,24
10829,24
10830,25
10831,26
10832,30
10833,24
10834,27
10835,30
10836,20
10837,26
10838,35
10839,32
10840,40
10841,42
10842,34
10843,37
10844,29
10845,30
10846,28
10847,24
10848,35
10849,2
10850,3
10851,33
10852,36
10853,29
10854,33
10855,32
10856,31
10857,22
10858,36
10859,28
10860,28
10861,29
10862,33
10863,23
10864,35
10865,35
10866,31
10867,36
10868,34
10869,36
10870,2
10871,37
10872,30
10873,4
10874,30
10875,26
10876,34
10877,32
10878,28
10879,1
10880,3
10881,24
10882,28
10883,29
10884,22
10885,31
10886,34
10887,39
10888,26
10889,24
10890,37
10891,27
10892,34
10893,28
10894,29
10895,37
10896,26
10897,22
10898,22
10899,3
10900,29
10901,29
10902,37
10903,31
10904,24
10905,34
10906,25
10907,31
10908,26
10909,27
10910,23
10911,25
10912,33
10913,29
10914,1
10915,19
10916,24
10917,28
10918,32
10919,32
10920,31
10921,42
10922,39
10923,22
10924,28
10925,27
10926,32
10927,25
10928,4
10929,37
10930,27
10931,39
10932,35
10933,26
10934,28
10935,36
10936,25
10937,33
10938,27
10939,24
10940,38
10941,40
10942,32
10943,26
10944,26
10945,22
10946,38
10947,33
10948,3
10949,25
10950,30
10951,35
10952,21
10953,17
10954,36
10955,32
10956,4
10957,24
10958,39
10959,2
10960,32
10961,29
10962,26
10963,24
10964,19
10965,38
10966,38
10967,25
10968,23
10969,25
10970,30
10971,27
10972,35
10973,32
10974,37
10975,30
10976,36
10977,31
10978,19
10979,34
10980,17
10981,31
10982,40
10983,42
10984,1
10985,18
10986,33
10987,29
10988,4
10989,26
10990,28
10991,37
10992,26
10993,32
10994,41
10995,35
10996,27
10997,27
10998,3
10999,32
11000,31
11001,26
11002,20
11003,35
11004,25
11005,29
11006,23
11007,32
11008,17
11009,22
11010,27
11011,31
11012,19
11013,23
11014,39
11015,33
11016,33
11017,31
11018,30
11019,1
11020,32
11021,28
11022,28
11023,21
11024,32
11025,30
11026,32
11027,35
11028,31
11029,26
11030,29
11031,26
11032,34
11033,29
11034,26
11035,20
11036,31
11037,6
11038,30
11039,38
11040,28
11041,22
11042,36
11043,34
11044,37
11045,3
11046,24
11047,41
11048,6
11049,26
11050,43
11051,35
11052,18
11053,33
11054,35
11055,0
11056,22
11057,43
11058,33
11059,17
11060,33
11061,23
11062,27
11063,17
11064,3
11065,34
11066,3
11067,26
11068,27
11069,33
11070,20
11071,27
11072,30
11073,27
11074,27
11075,41
11076,1
11077,5
11078,25
11079,19
11080,31
11081,33
11082,25
11083,24
11084,43
11085,2
11086,27
11087,23
11088,31
11089,29
11090,33
11091,0
11092,35
11093,35
11094,12
11095,26
11096,36
11097,29
11098,36
11099,17
11100,31
11101,28
11102,34
11103,36
11104,23
11105,43
11106,38
11107,6
11108,3
11109,39
11110,28
11111,2
11112,18
11113,22
11114,21
11115,29
11116,33
11117,28
11118,36
11119,33
11120,32
11121,29
11122,29
11123,32
11124,31
11125,31
11126,35
11127,5
11128,32
11129,38
11130,4
11131,24
11132,25
11133,29
11134,23
11135,40
11136,25
11137,30
11138,41
11139,31
11140,22
11141,26
11142,28
11143,22
11144,35
11145,32
11146,29
11147,33
11148,33
11149,28
11150,26
11151,1
11152,36
11153,28
11154,26
11155,28
11156,31
11157,34
11158,33
11159,26
11160,24
11161,25
11162,26
11163,27
11164,28
11165,27
11166,25
11167,33
11168,26
11169,21
11170,33
11171,22
11172,30
11173,1
11174,26
11175,36
11176,22
11177,24
11178,26
11179,27
11180,37
11181,32
11182,1
11183,32
11184,1
11185,31
11186,31
11187,35
11188,3
11189,24
11190,37
11191,39
11192,27
11193,27
11194,30
11195,22
11196,26
11197,29
11198,28
11199,4
11200,34
11201,29
11202,26
11203,15
11204,21
11205,25
11206,42
11207,3
11208,37
11209,3
11210,29
11211,32
11212,30
11213,31
11214,36
11215,36
11216,28
11217,37
11218,24
11219,31
11220,28
11221,26
11222,34
11223,2
11224,3
11225,35
11226,25
11227,31
11228,43
11229,26
11230,37
11231,22
11232,2
11233,35
11234,5
11235,29
11236,32
11237,25
11238,26
11239,43
11240,22
11241,3
11242,30
11243,31
11244,27
11245,28
11246,24
11247,27
11248,27
11249,27
11250,2
11251,31
11252,24
11253,33
11254,26
11255,35
11256,30
11257,28
11258,29
11259,4
11260,37
11261,4
11262,34
11263,3
11264,33
11265,31
11266,31
11267,27
11268,35
11269,25
11270,1
11271,37
11272,44
11273,24
11274,29
11275,30
11276,32
11277,27
11278,23
11279,28
11280,26
11281,22
11282,38
11283,39
11284,32
11285,27
11286,32
11287,28
11288,26
11289,26
11290,36
11291,27
11292,3
11293,29
11294,35
11295,32
11296,33
11297,35
11298,26
11299,20
11300,3
11301,26
11302,33
11303,2
11304,46
11305,21
11306,26
11307,31
11308,37
11309,22
11310,23
11311,28
11312,24
11313,37
11314,22
11315,38
11316,41
11317,26
11318,39
11319,32
11320,24
11321,29
11322,30
11323,23
11324,33
11325,19
11326,28
11327,27
11328,38
11329,24
11330,29
11331,1
11332,31
11333,36
11334,27
11335,2
11336,32
11337,34
11338,32
11339,32
11340,22
11341,28
11342,31
11343,27
11344,3
11345,42
11346,17
11347,26
11348,39
11349,6
11350,35
11351,30
11352,26
11353,31
11354,33
11355,33
11356,24
11357,40
11358,30
11359,29
11360,40
11361,31
11362,27
11363,22
11364,29
11365,21
11366,21
11367,25
11368,25
11369,31
11370,19
11371,41
11372,32
11373,33
11374,3
11375,27
11376,3
11377,30
11378,28
11379,26
11380,44
11381,28
11382,28
11383,25
11384,27
11385,30
11386,33
11387,35
11388,3
11389,26
11390,31
11391,22
11392,32
11393,29
11394,41
11395,22
11396,22
11397,1
11398,36
11399,35
11400,34
11401,5
11402,20
11403,28
11404,32
11405,29
11406,24
11407,40
11408,36
11409,32
11410,25
11411,32
11412,22
11413,32
11414,30
11415,26
11416,3
11417,27
11418,32
11419,29
11420,32
11421,29
11422,34
11423,24
11424,27
11425,38
11426,29
11427,35
11428,25
11429,34
11430,28
11431,29
11432,39
11433,39
11434,26
11435,37
11436,28
11437,32
11438,29
11439,6
11440,28
11441,38
11442,28
11443,29
11444,21
11445,35
11446,26
11447,23
11448,2
11449,20
11450,29
11451,20
11452,26
11453,5
11454,23
11455,22
11456,34
11457,41
11458,37
11459,29
11460,27
11461,23
11462,28
11463,35
11464,29
11465,27
11466,33
11467,33
11468,18
11469,30
11470,47
11471,34
11472,19
11473,22
11474,21
11475,31
11476,2
11477,6
11478,0
11479,0
11480,1
11481,1
11482,2
11483,3
11484,2
11485,4
11486,4
11487,3
11488,5
11489,2
11490,3
11491,3
11492,5
11493,1
11494,1
11495,2
11496,7
11497,2
11498,4
11499,6
11500,4
11501,3
11502,3
11503,1
11504,4
11505,3
11506,3
11507,2
11508,2
11509,4
11510,0
11511,1
11512,4
11513,1
11514,6
11515,1
11516,2
11517,5
11518,2
11519,1
11520,1
11521,3
11522,0
11523,5
11524,4
11525,3
11526,4
11527,2
11528,6
11529,6
11530,1
11531,3
11532,0
11533,5
11534,6
11535,5
11536,4
11537,3
11538,3
11539,4
11540,3
11541,3
11542,2
11543,0
11544,2
11545,3
11546,1
11547,4
11548,6
11549,1
11550,3
11551,1
11552,1
11553,6
11554,3
11555,8
11556,4
11557,2
11558,3
11559,4
11560,2
11561,3
11562,3
11563,0
11564,2
11565,4
11566,3
11567,5
11568,2
11569,3
11570,2
11571,3
11572,3
11573,2
11574,3
11575,3
11576,3
11577,6
11578,2
11579,7
11580,5
11581,2
11582,0
11583,5
11584,2
11585,2
11586,6
11587,2
11588,6
11589,1
11590,1
11591,3
11592,2
11593,3
11594,1
11595,1
11596,1
11597,2
11598,2
11599,4
11600,3
11601,2
11602,6
11603,1
11604,5
11605,1
11606,3
11607,3
11608,2
11609,3
11610,4
11611,2
11612,3
11613,5
11614,5
11615,0
11616,1
11617,2
11618,2
11619,2
11620,3
11621,2
11622,4
11623,0
11624,6
11625,5
11626,2
11627,3
11628,4
11629,6
11630,3
11631,0
11632,3
11633,7
11634,4
11635,4
11636,3
11637,6
11638,2
11639,4
11640,8
11641,2
11642,1
11643,3
11644,2
11645,3
11646,1
11647,5
11648,6
11649,2
11650,5
11651,2
11652,2
11653,3
11654,7
11655,0
11656,5
11657,3
11658,0
11659,4
11660,4
11661,4
11662,2
11663,5
11664,3
11665,3
11666,3
11667,3
11668,1
11669,2
11670,4
11671,4
11672,2
11673,2
11674,12
11675,4
11676,2
11677,3
11678,6
11679,4
11680,4
11681,2
11682,4
11683,1
11684,1
11685,4
11686,4
11687,2
11688,2
11689,1
11690,3
11691,4
11692,5
11693,3
11694,2
11695,2
11696,1
11697,5
11698,1
11699,4
11700,3
11701,5
11702,3
11703,2
11704,4
11705,5
11706,7
11707,2
11708,6
11709,4
11710,6
11711,2
11712,2
11713,4
11714,4
11715,2
11716,4
11717,2
11718,7
11719,5
11720,2
11721,2
11722,4
11723,2
11724,3
11725,5
11726,3
11727,1
11728,2
11729,6
11730,1
11731,5
11732,2
11733,2
11734,5
11735,5
11736,2
11737,1
11738,5
11739,4
11740,0
11741,0
11742,1
11743,3
11744,2
11745,4
11746,2
11747,6
11748,3
11749,4
11750,4
11751,3
11752,2
11753,2
11754,4
11755,3
11756,4
11757,3
11758,1
11759,1
11760,2
11761,1
11762,3
11763,3
11764,2
11765,2
11766,4
11767,2
11768,3
11769,2
11770,4
11771,2
11772,1
11773,0
11774,2
11775,3
11776,2
11777,3
11778,1
11779,3
11780,2
11781,4
11782,3
11783,1
11784,1
11785,2
11786,7
11787,1
11788,3
11789,3
11790,3
11791,3
11792,2
11793,3
11794,4
11795,5
11796,3
11797,3
11798,2
11799,2
11800,4
11801,1
11802,6
11803,2
11804,1
11805,1
11806,2
11807,7
11808,3
11809,2
11810,4
11811,2
11812,3
11813,1
11814,1
11815,2
11816,5
11817,2
11818,4
11819,2
11820,3
11821,1
11822,1
11823,3
11824,6
11825,3
11826,6
11827,3
11828,4
11829,4
11830,2
11831,4
11832,2
11833,0
11834,2
11835,5
11836,3
11837,0
11838,3
11839,7
11840,2
11841,3
11842,2
11843,2
11844,2
11845,6
11846,2
11847,1
11848,3
11849,1
11850,2
11851,2
11852,11
11853,2
11854,4
11855,2
11856,2
11857,0
11858,2
11859,2
11860,1
11861,0
11862,3
11863,1
11864,3
11865,2
11866,0
11867,5
11868,7
11869,2
11870,3
11871,2
11872,5
11873,1
11874,4
11875,3
11876,6
11877,0
11878,4
11879,5
11880,3
11881,3
11882,4
11883,7
11884,4
11885,2
11886,5
11887,4
11888,1
11889,2
11890,3
11891,6
11892,3
11893,3
11894,6
11895,3
11896,3
11897,2
11898,4
11899,4
11900,5
11901,4
11902,5
11903,1
11904,4
11905,3
11906,0
11907,4
11908,4
11909,1
11910,2
11911,3
11912,1
11913,2
11914,1
11915,3
11916,6
11917,29
11918,37
11919,2
11920,3
11921,45
11922,22
11923,31
11924,44
11925,29
11926,36
11927,29
11928,34
11929,30
11930,25
11931,27
11932,25
11933,42
11934,35
11935,36
11936,31
11937,28
11938,18
11939,28
11940,41
11941,37
11942,27
11943,31
11944,1
11945,31
11946,30
11947,29
11948,26
11949,26
11950,34
11951,27
11952,28
11953,3
11954,28
11955,23
11956,24
11957,34
11958,30
11959,4
11960,35
11961,36
11962,33
11963,28
11964,25
11965,24
11966,32
11967,37
11968,30
11969,36
11970,33
11971,31
11972,19
11973,27
11974,30
11975,28
11976,27
11977,4
11978,30
11979,31
11980,32
11981,6
11982,7
11983,27
11984,25
11985,40
11986,30
11987,26
11988,28
11989,37
11990,22
11991,41
11992,39
11993,26
11994,6
11995,36
11996,37
11997,23
11998,40
11999,28
12000,25
12001,37
12002,21
12003,23
12004,25
12005,39
12006,27
12007,31
12008,35
12009,23
12010,31
12011,1
12012,24
12013,35
12014,32
12015,28
12016,34
12017,30
12018,29
12019,26
12020,33
12021,21
12022,32
12023,35
12024,5
12025,26
12026,2
12027,29
12028,29
12029,30
12030,33
12031,33
12032,26
12033,34
12034,36
12035,1
12036,19
12037,35
12038,2
12039,6
12040,29
12041,30
12042,28
12043,19
12044,35
12045,29
12046,22
12047,20
12048,31
12049,22
12050,30
12051,24
12052,38
12053,33
12054,31
12055,32
12056,19
12057,29
12058,40
12059,25
12060,21
12061,16
12062,29
12063,31
12064,32
12065,36
12066,30
12067,27
12068,25
12069,41
12070,20
12071,8
12072,31
12073,21
12074,35
12075,39
12076,26
12077,33
12078,22
12079,32
12080,18
12081,27
12082,38
12083,35
12084,33
12085,1
12086,35
12087,35
12088,31
12089,36
12090,42
12091,34
12092,30
12093,36
12094,31
12095,22
12096,35
12097,30
12098,26
12099,38
12100,34
12101,36
12102,32
12103,1
12104,32
12105,35
12106,26
12107,32
12108,31
12109,28
12110,24
12111,21
12112,37
12113,37
12114,21
12115,33
12116,27
12117,39
12118,32
12119,35
12120,26
12121,27
12122,32
12123,25
12124,28
12125,41
12126,29
12127,20
12128,32
12129,26
12130,43
12131,33
12132,26
12133,26
12134,32
12135,27
12136,27
12137,34
12138,29
12139,17
12140,32
12141,29
12142,4
12143,24
12144,27
12145,31
12146,0
12147,40
12148,30
12149,29
12150,29
12151,35
12152,27
12153,37
12154,24
12155,34
12156,24
12157,35
12158,20
12159,33
12160,43
12161,40
12162,22
12163,46
12164,35
12165,24
12166,31
12167,37
12168,30
12169,35
12170,28
12171,33
12172,33
12173,26
12174,32
12175,28
12176,32
12177,27
12178,27
12179,35
12180,31
12181,31
12182,29
12183,28
12184,42
12185,28
12186,24
12187,30
12188,30
12189,36
12190,27
12191,26
12192,23
12193,27
12194,33
12195,29
12196,28
12197,29
12198,26
12199,33
12200,27
12201,29
12202,27
12203,28
12204,15
12205,40
12206,28
12207,8
12208,32
12209,22
12210,28
12211,30
12212,29
12213,3
12214,35
12215,25
12216,27
12217,44
12218,33
12219,6
12220,23
12221,32
12222,21
12223,27
12224,39
12225,34
12226,37
12227,34
12228,31
12229,31
12230,39
12231,38
12232,26
12233,26
12234,31
12235,27
12236,30
12237,30
12238,38
12239,32
12240,41
12241,35
12242,4
12243,23
12244,26
12245,26
12246,32
12247,19
12248,36
12249,32
12250,26
12251,23
12252,28
12253,26
12254,31
12255,25
12256,30
12257,34
12258,23
12259,22
12260,35
12261,5
12262,33
12263,26
12264,29
12265,38
12266,20
12267,29
12268,35
12269,36
12270,2
12271,36
12272,30
12273,34
12274,34
12275,38
12276,35
12277,35
12278,23
12279,33
12280,34
12281,5
12282,2
12283,26
12284,26
12285,26
12286,46
12287,26
12288,34
12289,26
12290,27
12291,29
12292,36
12293,26
12294,24
12295,26
12296,34
12297,33
12298,2
12299,25
12300,32
12301,4
12302,28
12303,28
12304,37
12305,27
12306,39
12307,32
12308,33
12309,32
12310,33
12311,19
12312,2
12313,36
12314,20
12315,26
12316,24
12317,27
12318,35
12319,31
12320,30
12321,39
12322,25
12323,26
12324,23
12325,34
12326,26
12327,34
12328,42
12329,37
12330,17
12331,2
12332,35
12333,25
12334,21
12335,31
12336,18
12337,2
12338,31
12339,3
12340,34
12341,23
12342,23
12343,20
12344,31
12345,29
12346,28
12347,36
12348,34
12349,25
12350,36
12351,22
12352,5
12353,39
12354,36
12355,25
12356,4
12357,38
12358,32
12359,40
12360,18
12361,32
12362,30
12363,18
12364,20
12365,32
12366,31
12367,32
12368,34
12369,38
12370,27
12371,3
12372,5
12373,2
12374,1
12375,29
12376,1
12377,33
12378,24
12379,24
12380,38
12381,4
12382,22
12383,33
12384,31
12385,34
12386,3
12387,37
12388,28
12389,38
12390,20
12391,25
12392,18
12393,36
12394,32
12395,35
12396,24
12397,35
12398,4
12399,33
12400,32
12401,27
12402,27
12403,30
12404,34
12405,25
12406,27
12407,26
12408,25
12409,24
12410,32
12411,34
12412,29
12413,31
12414,33
12415,25
12416,31
12417,2
12418,36
12419,26
12420,39
12421,26
12422,30
12423,22
12424,29
12425,30
12426,29
12427,33
12428,24
12429,3
12430,34
12431,28
12432,24
12433,28
12434,35
12435,33
12436,4
12437,4
12438,26
12439,28
12440,30
12441,29
12442,34
12443,30
12444,3
12445,33
12446,31
12447,34
12448,3
12449,26
12450,33
12451,27
12452,4
12453,28
12454,27
12455,23
12456,38
12457,24
12458,33
12459,31
12460,28
12461,38
12462,2
12463,31
12464,36
12465,27
12466,35
12467,42
12468,21
12469,5
12470,25
12471,31
12472,32
12473,30
12474,32
12475,36
12476,26
12477,26
12478,42
12479,30
12480,35
12481,34
12482,33
12483,31
12484,35
12485,27
12486,25
12487,25
12488,2
12489,25
12490,35
12491,28
12492,18
12493,30
12494,32
12495,35
12496,42
12497,34
12498,30
12499,3
12500,24
12501,24
12502,33
12503,25
12504,29
12505,34
12506,27
12507,3
12508,37
12509,27
12510,22
12511,30
12512,35
12513,22
12514,33
12515,22
12516,36
12517,27
12518,36
12519,29
12520,32
12521,24
12522,29
12523,23
12524,25
12525,26
12526,27
12527,37
12528,31
12529,17
12530,34
12531,3
12532,27
12533,36
12534,22
12535,39
12536,33
12537,22
12538,31
12539,22
12540,28
12541,22
12542,43
12543,39
12544,29
12545,31
12546,29
12547,29
12548,35
12549,28
12550,30
12551,33
12552,30
12553,24
12554,30
12555,26
12556,31
12557,37
12558,29
12559,24
12560,39
12561,25
12562,29
12563,30
12564,29
12565,28
12566,30
12567,31
12568,29
12569,27
12570,30
12571,27
12572,2
12573,26
12574,26
12575,26
12576,30
12577,28
12578,3
12579,24
12580,33
12581,38
12582,40
12583,22
12584,33
12585,30
12586,43
12587,32
12588,22
12589,30
12590,24
12591,32
12592,27
12593,4
12594,27
12595,36
12596,22
12597,28
12598,27
12599,33
12600,31
12601,29
12602,28
12603,25
12604,31
12605,34
12606,26
12607,20
12608,34
12609,32
12610,31
12611,22
12612,29
12613,29
12614,39
12615,41
12616,25
12617,24
12618,22
12619,27
12620,6
12621,28
12622,35
12623,24
12624,22
12625,20
12626,36
12627,24
12628,25
12629,31
12630,25
12631,19
12632,32
12633,23
12634,25
12635,28
12636,30
12637,22
12638,3
12639,33
12640,38
12641,30
12642,24
12643,27
12644,34
12645,24
12646,26
12647,22
12648,29
12649,30
12650,27
12651,25
12652,33
12653,3
12654,29
12655,24
12656,33
12657,33
12658,24
12659,29
12660,33
12661,32
12662,39
12663,34
12664,32
12665,28
12666,33
12667,25
12668,25
12669,37
12670,20
12671,1
12672,34
12673,35
12674,29
12675,30
12676,28
12677,18
12678,31
12679,23
12680,36
12681,34
12682,1
12683,30
12684,2
12685,30
12686,36
12687,30
12688,33
12689,39
12690,29
12691,32
12692,30
12693,32
12694,43
12695,19
12696,30
12697,28
12698,34
12699,28
12700,36
12701,27
12702,28
12703,32
12704,23
12705,2
12706,26
12707,34
12708,31
12709,29
12710,42
12711,31
12712,26
12713,36
12714,31
12715,37
12716,24
12717,5
12718,2
12719,3
12720,28
12721,25
12722,29
12723,31
12724,34
12725,23
12726,30
12727,24
12728,24
12729,27
12730,27
12731,21
12732,35
12733,33
12734,32
12735,33
12736,28
12737,30
12738,2
12739,4
12740,28
12741,35
12742,29
12743,30
12744,33
12745,31
12746,35
12747,33
12748,23
12749,29
12750,27
12751,28
12752,32
12753,32
12754,28
12755,30
12756,31
12757,24
12758,2
12759,28
12760,32
12761,3
12762,34
12763,33
12764,34
12765,36
12766,5
12767,32
12768,23
12769,24
12770,29
12771,27
12772,40
12773,2
12774,33
12775,33
12776,33
12777,38
12778,4
12779,35
12780,28
12781,26
12782,23
12783,33
12784,29
12785,38
12786,33
12787,30
12788,32
12789,1
12790,31
12791,26
12792,33
12793,30
12794,23
12795,32
12796,1
12797,30
12798,2
12799,31
12800,30
12801,31
12802,28
12803,28
12804,27
12805,32
12806,39
12807,34
12808,3
12809,37
12810,2
12811,1
12812,32
12813,36
12814,30
12815,25
12816,38
12817,25
12818,40
12819,33
12820,27
12821,31
12822,24
12823,31
12824,24
12825,24
12826,37
12827,5
12828,35
12829,29
12830,25
12831,5
12832,24
12833,25
12834,25
12835,21
12836,29
12837,37
12838,28
12839,31
12840,35
12841,5
12842,36
12843,1
12844,17
12845,24
12846,26
12847,33
12848,3
12849,4
12850,41
12851,21
12852,22
12853,29
12854,30
12855,42
12856,27
12857,28
12858,32
12859,33
12860,23
12861,24
12862,28
12863,29
12864,21
12865,36
12866,1
12867,31
12868,28
12869,30
12870,2
12871,31
12872,29
12873,30
12874,40
12875,28
12876,20
12877,2
12878,3
12879,2
12880,2
12881,3
12882,4
12883,2
12884,3
12885,3
12886,3
12887,2
12888,2
12889,3
12890,3
12891,2
12892,0
12893,3
12894,0
12895,3
12896,2
12897,1
12898,1
12899,2
12900,1
12901,4
12902,3
12903,2
12904,1
12905,3
12906,4
12907,0
12908,2
12909,2
12910,3
12911,3
12912,4
12913,4
12914,3
12915,2
12916,5
12917,4
12918,1
12919,2
12920,1
12921,3
12922,2
12923,4
12924,1
12925,2
12926,3
12927,5
12928,1
12929,4
12930,1
12931,3
12932,1
12933,2
12934,8
12935,3
12936,2
12937,5
12938,4
12939,6
12940,2
12941,2
12942,5
12943,2
12944,2
12945,1
12946,3
12947,5
12948,2
12949,2
12950,3
12951,1
12952,3
12953,2
12954,3
12955,3
12956,3
12957,2
12958,4
12959,6
12960,1
12961,2
12962,2
12963,3
12964,10
12965,2
12966,2
12967,3
12968,2
12969,3
12970,2
12971,2
12972,3
12973,2
12974,2
12975,3
12976,1
12977,2
12978,3
12979,4
12980,5
12981,4
12982,1
12983,2
12984,5
12985,5
12986,5
12987,1
12988,2
12989,2
12990,2
12991,4
12992,5
12993,1
12994,3
12995,3
12996,2
12997,5
12998,1
12999,4
13000,2
13001,2
13002,5
13003,3
13004,1
13005,0
13006,4
13007,3
13008,4
13009,1
13010,2
13011,4
13012,2
13013,6
13014,3
13015,5
13016,2
13017,1
13018,4
13019,5
13020,1
13021,2
13022,2
13023,4
13024,4
13025,3
13026,1
13027,4
13028,4
13029,6
13030,6
13031,3
13032,4
13033,3
13034,4
13035,4
13036,2
13037,3
13038,3
13039,3
13040,3
13041,2
13042,2
13043,5
13044,1
13045,2
13046,2
13047,3
13048,1
13049,4
13050,0
13051,1
13052,4
13053,0
13054,4
13055,0
13056,3
13057,4
13058,0
13059,1
13060,2
13061,1
13062,3
13063,2
13064,2
13065,1
13066,2
13067,2
13068,2
13069,3
13070,1
13071,3
13072,2
13073,1
13074,0
13075,4
13076,4
13077,3
13078,5
13079,1
13080,7
13081,3
13082,5
13083,4
13084,5
13085,3
13086,1
13087,2
13088,3
13089,2
13090,3
13091,2
13092,4
13093,2
13094,1
13095,3
13096,5
13097,1
13098,4
13099,5
13100,2
13101,1
13102,5
13103,1
13104,2
13105,3
13106,2
13107,4
13108,2
13109,3
13110,1
13111,6
13112,4
13113,4
13114,2
13115,6
13116,5
13117,0
13118,6
13119,4
13120,4
13121,5
13122,3
13123,2
13124,3
13125,2
13126,4
13127,2
13128,5
13129,5
13130,2
13131,3
13132,3
13133,4
13134,4
13135,5
13136,0
13137,3
13138,3
13139,2
13140,1
13141,3
13142,3
13143,2
13144,1
13145,1
13146,3
13147,5
13148,3
13149,2
13150,4
13151,5
13152,7
13153,3
13154,3
13155,2
13156,4
13157,1
13158,2
13159,4
13160,4
13161,3
13162,4
13163,3
13164,7
13165,1
13166,3
13167,5
13168,3
13169,2
13170,0
13171,2
13172,5
13173,4
13174,4
13175,6
13176,3
13177,1
13178,2
13179,4
13180,2
13181,3
13182,6
13183,2
13184,1
13185,3
13186,4
13187,3
13188,6
13189,4
13190,0
13191,1
13192,4
13193,4
13194,2
13195,3
13196,2
13197,5
13198,5
13199,4
13200,3
13201,2
13202,7
13203,2
13204,5
13205,3
13206,5
13207,1
13208,5
13209,3
13210,3
13211,10
13212,2
13213,1
13214,6
13215,3
13216,4
13217,5
13218,4
13219,1
13220,7
13221,1
13222,2
13223,4
13224,2
13225,4
13226,3
13227,3
13228,2
13229,4
13230,2
13231,5
13232,2
13233,0
13234,3
13235,7
13236,2
13237,3
13238,4
13239,3
13240,1
13241,3
13242,4
13243,3
13244,1
13245,3
13246,5
13247,1
13248,1
13249,4
13250,2
13251,2
13252,4
13253,5
13254,4
13255,3
13256,1
13257,4
13258,3
13259,6
13260,3
13261,2
13262,2
13263,1
13264,3
13265,5
13266,2
13267,2
13268,2
13269,2
13270,0
13271,6
13272,3
13273,2
13274,3
13275,1
13276,6
13277,2
13278,5
13279,1
13280,3
13281,5
13282,4
13283,3
13284,4
13285,3
13286,6
13287,3
13288,3
13289,5
13290,4
13291,2
13292,4
13293,0
13294,5
13295,2
13296,5
13297,4
13298,3
13299,1
13300,5
13301,3
13302,0
13303,2
13304,2
13305,5
13306,4
13307,5
13308,3
13309,5
13310,2
13311,2
13312,1
13313,4
13314,4
13315,7
13316,0
13317,6
13318,5
13319,1
13320,4
13321,2
13322,4
13323,4
13324,0
13325,4
13326,4
13327,2
13328,3
13329,4
13330,3
13331,4
13332,3
13333,2
13334,1
13335,3
13336,4
13337,3
13338,3
13339,1
13340,1
13341,3
13342,6
13343,2
13344,2
13345,3
13346,5
13347,0
13348,4
13349,3
13350,3
13351,2
13352,2
13353,4
13354,2
13355,5
13356,2
13357,2
13358,6
13359,4
13360,5
13361,6
13362,2
13363,1
13364,4
13365,6
13366,3
13367,2
13368,3
13369,14
13370,33
13371,25
13372,34
13373,31
13374,36
13375,30
13376,25
13377,33
13378,41
13379,5
13380,33
13381,27
13382,32
13383,26
13384,33
13385,27
13386,34
13387,30
13388,39
13389,35
13390,2
13391,29
13392,32
13393,28
13394,36
13395,25
13396,31
13397,33
13398,29
13399,29
13400,2
13401,30
13402,25
13403,32
13404,31
13405,37
13406,21
13407,32
13408,30
13409,39
13410,41
13411,28
13412,6
13413,28
13414,30
13415,29
13416,38
13417,35
13418,35
13419,25
13420,27
13421,31
13422,28
13423,31
13424,31
13425,29
13426,26
13427,29
13428,34
13429,26
13430,1
13431,33
13432,30
13433,30
13434,33
13435,34
13436,36
13437,24
13438,0
13439,19
13440,33
13441,27
13442,36
13443,27
13444,31
13445,34
13446,28
13447,31
13448,2
13449,19
13450,4
13451,31
13452,36
13453,24
13454,26
13455,42
13456,32
13457,34
13458,31
13459,4
13460,22
13461,4
13462,31
13463,32
13464,33
13465,41
13466,39
13467,27
13468,26
13469,31
13470,26
13471,19
13472,28
13473,31
13474,32
13475,31
13476,34
13477,31
13478,30
13479,25
13480,31
13481,34
13482,34
13483,29
13484,28
13485,35
13486,23
13487,29
13488,32
13489,27
13490,2
13491,27
13492,45
13493,25
13494,30
13495,35
13496,31
13497,35
13498,23
13499,25
13500,28
13501,25
13502,4
13503,34
13504,25
13505,32
13506,32
13507,29
13508,31
13509,29
13510,25
13511,40
13512,34
13513,3
13514,39
13515,38
13516,20
13517,30
13518,29
13519,26
13520,24
13521,32
13522,40
13523,34
13524,30
13525,39
13526,35
13527,28
13528,31
13529,27
13530,37
13531,27
13532,30
13533,33
13534,30
13535,25
13536,30
13537,3
13538,31
13539,27
13540,27
13541,31
13542,31
13543,23
13544,29
13545,32
13546,41
13547,31
13548,35
13549,30
13550,29
13551,31
13552,34
13553,43
13554,30
13555,40
13556,28
13557,25
13558,29
13559,42
13560,0
13561,37
13562,30
13563,33
13564,30
13565,27
13566,33
13567,29
13568,34
13569,27
13570,3
13571,29
13572,26
13573,2
13574,47
13575,29
13576,29
13577,27
13578,26
13579,18
13580,36
13581,26
13582,35
13583,36
13584,32
13585,4
13586,39
13587,34
13588,34
13589,33
13590,3
13591,32
13592,28
13593,25
13594,37
13595,35
13596,31
13597,30
13598,41
13599,32
13600,30
13601,37
13602,2
13603,31
13604,37
13605,6
13606,33
13607,25
13608,30
13609,37
13610,26
13611,23
13612,2
13613,40
13614,35
13615,36
13616,22
13617,30
13618,33
13619,35
13620,29
13621,28
13622,24
13623,1
13624,35
13625,30
13626,3
13627,23
13628,33
13629,34
13630,35
13631,29
13632,35
13633,35
13634,22
13635,21
13636,38
13637,35
13638,25
13639,24
13640,40
13641,3
13642,27
13643,30
13644,30
13645,30
13646,25
13647,20
13648,28
13649,35
13650,25
13651,28
13652,29
13653,3
13654,25
13655,25
13656,41
13657,33
13658,33
13659,32
13660,27
13661,25
13662,28
13663,26
13664,40
13665,36
13666,33
13667,33
13668,4
13669,30
13670,36
13671,4
13672,34
13673,28
13674,5
13675,24
13676,3
13677,34
13678,31
13679,2
13680,27
13681,33
13682,28
13683,34
13684,35
13685,21
13686,16
13687,27
13688,42
13689,27
13690,27
13691,26
13692,25
13693,28
13694,27
13695,21
13696,32
13697,30
13698,34
13699,27
13700,31
13701,27
13702,40
13703,27
13704,22
13705,24
13706,35
13707,38
13708,6
13709,26
13710,25
13711,27
13712,37
13713,24
13714,27
13715,38
13716,32
13717,29
13718,32
13719,32
13720,23
13721,28
13722,30
13723,21
13724,34
13725,24
13726,28
13727,35
13728,30
13729,31
13730,43
13731,8
13732,33
13733,31
13734,2
13735,31
13736,39
13737,33
13738,37
13739,28
13740,29
13741,29
13742,43
13743,4
13744,29
13745,32
13746,33
13747,2
13748,27
13749,29
13750,32
13751,22
13752,5
13753,33
13754,28
13755,31
13756,28
13757,31
13758,21
13759,34
13760,28
13761,37
13762,35
13763,29
13764,27
13765,3
13766,37
13767,35
13768,23
13769,29
13770,27
13771,34
13772,26
13773,3
13774,30
13775,36
13776,21
13777,24
13778,31
13779,4
13780,36
13781,26
13782,23
13783,34
13784,30
13785,28
13786,28
13787,1
13788,35
13789,30
13790,33
13791,33
13792,24
13793,27
13794,38
13795,18
13796,32
13797,26
13798,22
13799,32
13800,26
13801,36
13802,26
13803,1
13804,37
13805,27
13806,27
13807,29
13808,30
13809,28
13810,36
13811,4
13812,28
13813,41
13814,33
13815,21
13816,28
13817,24
13818,29
13819,22
13820,18
13821,31
13822,26
13823,22
13824,20
13825,35
13826,1
13827,31
13828,31
13829,31
13830,27
13831,32
13832,32
13833,26
13834,30
13835,35
13836,31
13837,30
13838,27
13839,35
13840,6
13841,36
13842,31
13843,33
13844,31
13845,34
13846,29
13847,33
13848,32
13849,29
13850,29
13851,34
13852,6
13853,20
13854,21
13855,20
13856,37
13857,22
13858,25
13859,25
13860,21
13861,5
13862,5
13863,34
13864,19
13865,36
13866,39
13867,23
13868,29
13869,20
13870,33
13871,30
13872,25
13873,37
13874,3
13875,24
13876,30
13877,38
13878,30
13879,33
13880,26
13881,34
13882,29
13883,19
13884,31
13885,26
13886,25
13887,25
13888,30
13889,26
13890,33
13891,36
13892,22
13893,26
13894,33
13895,38
13896,30
13897,22
13898,31
13899,34
13900,29
13901,18
13902,31
13903,26
13904,37
13905,24
13906,31
13907,36
13908,32
13909,32
13910,28
13911,30
13912,28
13913,37
13914,30
13915,37
13916,34
13917,29
13918,38
13919,29
13920,29
13921,38
13922,28
13923,29
13924,26
13925,27
13926,23
13927,27
13928,4
13929,32
13930,5
13931,20
13932,25
13933,5
13934,35
13935,27
13936,42
13937,21
13938,33
13939,1
13940,24
13941,28
13942,1
13943,22
13944,6
13945,25
13946,24
13947,25
13948,30
13949,32
13950,21
13951,28
13952,30
13953,46
13954,33
13955,37
13956,32
13957,33
13958,35
13959,30
13960,31
13961,29
13962,36
13963,39
13964,26
13965,27
13966,22
13967,21
13968,36
13969,24
13970,1
13971,27
13972,31
13973,20
13974,38
13975,34
13976,26
13977,27
13978,32
13979,25
13980,32
13981,1
13982,26
13983,44
13984,27
13985,32
13986,27
13987,36
13988,26
13989,31
13990,39
13991,39
13992,7
13993,28
13994,36
13995,22
13996,36
13997,3
13998,34
13999,35
14000,21
14001,21
14002,29
14003,3
14004,29
14005,31
14006,28
14007,37
14008,3
14009,20
14010,27
14011,37
14012,31
14013,4
14014,26
14015,27
14016,23
14017,28
14018,29
14019,30
14020,32
14021,34
14022,32
14023,32
14024,26
14025,25
14026,33
14027,24
14028,34
14029,25
14030,38
14031,1
14032,28
14033,2
14034,30
14035,39
14036,27
14037,28
14038,34
14039,16
14040,37
14041,43
14042,37
14043,27
14044,27
14045,27
14046,28
14047,34
14048,28
14049,33
14050,22
14051,39
14052,27
14053,32
14054,20
14055,1
14056,33
14057,28
14058,33
14059,36
14060,24
14061,28
14062,37
14063,28
14064,31
14065,26
14066,7
14067,23
14068,25
14069,26
14070,27
14071,3
14072,42
14073,31
14074,40
14075,30
14076,32
14077,28
14078,26
14079,29
14080,33
14081,31
14082,29
14083,28
14084,31
14085,30
14086,35
14087,36
14088,29
14089,24
14090,35
14091,30
14092,32
14093,4
14094,23
14095,41
14096,32
14097,26
14098,32
14099,38
14100,32
14101,25
14102,19
14103,31
14104,29
14105,27
14106,31
14107,31
14108,33
14109,20
14110,1
14111,25
14112,21
14113,33
14114,32
14115,23
14116,29
14117,22
14118,33
14119,22
14120,3
14121,34
14122,3
14123,28
14124,24
14125,44
14126,32
14127,22
14128,29
14129,3
14130,34
14131,26
14132,35
14133,33
14134,26
14135,29
14136,29
14137,32
14138,41
14139,28
14140,38
14141,5
14142,0
14143,31
14144,3
14145,38
14146,0
14147,26
14148,31
14149,24
14150,40
14151,33
14152,27
14153,4
14154,30
14155,25
14156,38
14157,27
14158,22
14159,27
14160,21
14161,25
14162,29
14163,27
14164,31
14165,41
14166,32
14167,27
14168,42
14169,31
14170,29
14171,33
14172,34
14173,30
14174,24
14175,22
14176,31
14177,37
14178,32
14179,29
14180,32
14181,26
14182,19
14183,38
14184,29
14185,19
14186,29
14187,38
14188,28
14189,31
14190,33
14191,25
14192,36
14193,26
14194,32
14195,24
14196,31
14197,30
14198,35
14199,32
14200,26
14201,3
14202,26
14203,29
14204,31
14205,2
14206,33
14207,29
14208,8
14209,40
14210,33
14211,29
14212,24
14213,2
14214,34
14215,28
14216,33
14217,23
14218,21
14219,31
14220,30
14221,22
14222,5
14223,28
14224,30
14225,39
14226,33
14227,20
14228,32
14229,39
14230,29
14231,29
14232,25
14233,28
14234,31
14235,23
14236,28
14237,2
14238,23
14239,42
14240,24
14241,30
14242,25
14243,31
14244,19
14245,25
14246,42
14247,31
14248,26
14249,29
14250,29
14251,36
14252,32
14253,26
14254,35
14255,40
14256,38
14257,3
14258,25
14259,37
14260,27
14261,1
14262,25
14263,5
14264,37
14265,46
14266,7
14267,32
14268,34
14269,30
14270,29
14271,30
14272,31
14273,26
14274,24
14275,19
14276,34
14277,28
14278,31
14279,49
14280,36
14281,23
14282,22
14283,33
14284,4
14285,35
14286,21
14287,40
14288,26
14289,5
14290,31
14291,32
14292,33
14293,21
14294,34
14295,40
14296,28
14297,31
14298,37
14299,5
14300,35
14301,28
14302,34
14303,27
14304,34
14305,34
14306,2
14307,39
14308,24
14309,32
14310,41
14311,30
14312,38
14313,31
14314,31
14315,22
14316,24
14317,33
14318,41
14319,31
14320,27
14321,29
14322,31
14323,29
14324,31
14325,38
14326,34
14327,25
14328,30
14329,5
14330,1
14331,1
14332,8
14333,2
14334,1
14335,3
14336,1
14337,7
14338,3
14339,2
14340,1
14341,1
14342,0
14343,4
14344,2
14345,1
14346,6
14347,1
14348,2
14349,1
14350,5
14351,7
14352,4
14353,1
14354,5
14355,4
14356,4
14357,3
14358,2
14359,3
14360,2
14361,2
14362,7
14363,6
14364,1
14365,4
14366,3
14367,6
14368,3
14369,2
14370,5
14371,2
14372,2
14373,3
14374,1
14375,2
14376,7
14377,4
14378,3
14379,2
14380,3
14381,6
14382,6
14383,1
14384,2
14385,1
14386,0
14387,4
14388,3
14389,2
14390,1
14391,5
14392,4
14393,3
14394,3
14395,1
14396,7
14397,5
14398,2
14399,1
14400,2
14401,2
14402,2
14403,2
14404,2
14405,4
14406,4
14407,2
14408,1
14409,2
14410,1
14411,2
14412,5
14413,1
14414,0
14415,5
14416,6
14417,4
14418,4
14419,1
14420,4
14421,6
14422,4
14423,5
14424,5
14425,1
14426,3
14427,1
14428,4
14429,2
14430,4
14431,1
14432,8
14433,3
14434,4
14435,5
14436,2
14437,0
14438,3
14439,4
14440,2
14441,1
14442,3
14443,3
14444,9
14445,2
14446,1
14447,4
14448,1
14449,3
14450,5
14451,4
14452,2
14453,2
14454,2
14455,5
14456,6
14457,1
14458,3
14459,1
14460,5
14461,6
14462,1
14463,4
14464,3
14465,2
14466,5
14467,1
14468,3
14469,0
14470,2
14471,2
14472,1
14473,6
14474,6
14475,5
14476,1
14477,3
14478,1
14479,3
14480,4
14481,1
14482,2
14483,1
14484,0
14485,1
14486,1
14487,2
14488,4
14489,1
14490,4
14491,2
14492,7
14493,5
14494,1
14495,5
14496,1
14497,1
14498,2
14499,7
14500,1
14501,1
14502,4
14503,3
14504,6
14505,4
14506,4
14507,3
14508,4
14509,4
14510,1
14511,4
14512,4
14513,2
14514,7
14515,1
14516,0
14517,5
14518,5
14519,2
14520,0
14521,7
14522,5
14523,2
14524,2
14525,4
14526,4
14527,7
14528,2
14529,3
14530,2
14531,5
14532,1
14533,2
14534,0
14535,2
14536,4
14537,2
14538,3
14539,3
14540,2
14541,3
14542,2
14543,1
14544,4
14545,7
14546,0
14547,3
14548,3
14549,5
14550,2
14551,3
14552,5
14553,1
14554,4
14555,1
14556,3
14557,2
14558,1
14559,2
14560,4
14561,3
14562,2
14563,1
14564,4
14565,0
14566,1
14567,3
14568,2
14569,3
14570,5
14571,2
14572,6
14573,3
14574,3
14575,4
14576,2
14577,4
14578,3
14579,5
14580,0
14581,7
14582,5
14583,6
14584,1
14585,1
14586,3
14587,0
14588,0
14589,1
14590,6
14591,5
14592,0
14593,3
14594,3
14595,1
14596,4
14597,5
14598,2
14599,2
14600,1
14601,5
14602,2
14603,2
14604,1
14605,4
14606,2
14607,7
14608,1
14609,1
14610,7
14611,5
14612,4
14613,7
14614,1
14615,6
14616,0
14617,0
14618,1
14619,2
14620,0
14621,3
14622,2
14623,1
14624,4
14625,2
14626,2
14627,1
14628,4
14629,2
14630,4
14631,4
14632,2
14633,1
14634,2
14635,1
14636,0
14637,0
14638,4
14639,2
14640,4
14641,5
14642,2
14643,4
14644,4
14645,2
14646,0
14647,1
14648,4
14649,3
14650,2
14651,3
14652,2
14653,3
14654,3
14655,1
14656,2
14657,3
14658,3
14659,4
14660,1
14661,2
14662,3
14663,2
14664,4
14665,4
14666,3
14667,2
14668,4
14669,3
14670,1
14671,4
14672,4
14673,2
14674,2
14675,4
14676,3
14677,5
14678,3
14679,6
14680,0
14681,1
14682,1
14683,3
14684,1
14685,2
14686,7
14687,1
14688,5
14689,1
14690,6
14691,2
14692,4
14693,3
14694,4
14695,3
14696,3
14697,0
14698,2
14699,4
14700,7
14701,2
14702,2
14703,1
14704,7
14705,2
14706,1
14707,1
14708,4
14709,3
14710,5
14711,2
14712,5
14713,4
14714,1
14715,7
14716,0
14717,5
14718,7
14719,3
14720,1
14721,4
14722,3
14723,1
14724,3
14725,5
14726,5
14727,4
14728,4
14729,2
14730,3
14731,3
14732,3
14733,2
14734,0
14735,7
14736,3
14737,1
14738,2
14739,3
14740,1
14741,0
14742,3
14743,1
14744,3
14745,6
14746,3
14747,2
14748,2
14749,2
14750,0
14751,3
14752,4
14753,1
14754,2
14755,2
14756,2
14757,1
14758,2
14759,2
14760,4
14761,1
14762,3
14763,6
14764,3
14765,1
14766,2
14767,4
14768,2
14769,8
14770,5
14771,4
14772,3
14773,6
14774,4
14775,4
14776,7
14777,4
14778,2
14779,3
14780,2
14781,1
14782,2
14783,2
14784,4
14785,3
14786,2
14787,4
14788,4
14789,4
14790,1
14791,2
14792,5
14793,1
14794,5
14795,4
14796,1
14797,3
14798,0
14799,1
14800,3
14801,3
14802,3
14803,1
14804,3
14805,6
14806,2
14807,3
14808,4
14809,1
14810,4
14811,2
14812,3
14813,3
14814,3
14815,3
14816,2
14817,2
14818,3
14819,4
14820,1
14821,6
14822,5
14823,3
14824,3
14825,2
14826,4
14827,4
14828,4
14829,5
14830,2
14831,6
14832,3
14833,3
14834,4
14835,6
14836,1
14837,4
14838,1
14839,0
14840,5
14841,3
14842,3
14843,5
14844,4
14845,5
14846,3
14847,3
14848,2
14849,5
14850,3
14851,1
14852,2
14853,1
14854,1
14855,2
14856,1
14857,1
14858,3
14859,0
14860,5
14861,1
14862,6
14863,4
14864,3
14865,6
14866,3
14867,1
14868,3
14869,4
14870,5
14871,5
14872,6
14873,5
14874,6
14875,2
14876,2
14877,1
14878,4
14879,3
14880,33
14881,32
14882,38
14883,31
14884,26
14885,21
14886,38
14887,4
14888,4
14889,29
14890,26
14891,4
14892,34
14893,24
14894,2
14895,49
14896,25
14897,25
14898,25
14899,36
14900,4
14901,27
14902,26
14903,26
14904,4
14905,26
14906,36
14907,26
14908,35
14909,28
14910,23
14911,0
14912,37
14913,29
14914,36
14915,21
14916,28
14917,3
14918,40
14919,22
14920,23
14921,26
14922,2
14923,30
14924,23
14925,29
14926,31
14927,24
14928,6
14929,35
14930,29
14931,27
14932,31
14933,26
14934,22
14935,29
14936,36
14937,32
14938,24
14939,23
14940,33
14941,35
14942,27
14943,3
14944,24
14945,37
14946,34
14947,42
14948,38
14949,39
14950,25
14951,37
14952,31
14953,27
14954,31
14955,36
14956,30
14957,32
14958,0
14959,4
14960,29
14961,24
14962,25
14963,33
14964,5
14965,30
14966,26
14967,35
14968,2
14969,41
14970,32
14971,38
14972,23
14973,22
14974,30
14975,30
14976,38
14977,32
14978,24
14979,23
14980,38
14981,25
14982,21
14983,36
14984,5
14985,27
14986,27
14987,38
14988,33
14989,38
14990,27
14991,25
14992,26
14993,31
14994,22
14995,31
14996,3
14997,28
14998,35
14999,38
15000,26
15001,29
15002,1
15003,21
15004,25
15005,6
15006,39
15007,4
15008,37
15009,28
15010,40
15011,33
15012,23
15013,25
15014,5
15015,28
15016,31
15017,25
15018,28
15019,24
15020,36
15021,24
15022,37
15023,30
15024,28
15025,32
15026,30
15027,24
15028,31
15029,25
15030,36
15031,0
15032,43
15033,40
15034,37
15035,37
15036,30
15037,32
15038,41
15039,38
15040,32
15041,1
15042,36
15043,24
15044,24
15045,24
15046,34
15047,4
15048,32
15049,29
15050,30
15051,28
15052,26
15053,37
15054,20
15055,35
15056,29
15057,15
15058,27
15059,21
15060,37
15061,21
15062,35
15063,23
15064,28
15065,22
15066,25
15067,35
15068,22
15069,36
15070,25
15071,27
15072,32
15073,28
15074,24
15075,29
15076,22
15077,2
15078,40
15079,5
15080,25
15081,33
15082,6
15083,18
15084,21
15085,26
15086,25
15087,26
15088,36
15089,32
15090,33
15091,43
15092,30
15093,35
15094,1
15095,32
15096,32
15097,40
15098,27
15099,25
15100,37
15101,23
15102,32
15103,40
15104,19
15105,24
15106,35
15107,26
15108,36
15109,31
15110,26
15111,35
15112,24
15113,23
15114,4
15115,26
15116,30
15117,40
15118,31
15119,39
15120,38
15121,26
15122,32
15123,26
15124,34
15125,28
15126,36
15127,32
15128,24
15129,39
15130,22
15131,29
15132,35
15133,30
15134,2
15135,44
15136,29
15137,34
15138,43
15139,24
15140,36
15141,23
15142,25
15143,35
15144,29
15145,21
15146,26
15147,32
15148,27
15149,39
15150,30
15151,28
15152,34
15153,36
15154,28
15155,26
15156,28
15157,25
15158,35
15159,24
15160,32
15161,35
15162,29
15163,25
15164,28
15165,32
15166,36
15167,33
15168,28
15169,21
15170,24
15171,33
15172,30
15173,22
15174,34
15175,32
15176,28
15177,30
15178,33
15179,35
15180,27
15181,33
15182,38
15183,29
15184,32
15185,28
15186,32
15187,31
15188,32
15189,31
15190,31
15191,36
15192,40
15193,34
15194,27
15195,35
15196,22
15197,26
15198,29
15199,35
15200,25
15201,29
15202,25
15203,34
15204,36
15205,29
15206,29
15207,34
15208,40
15209,30
15210,32
15211,24
15212,37
15213,34
15214,1
15215,32
15216,35
15217,24
15218,38
15219,35
15220,24
15221,33
15222,26
15223,35
15224,25
15225,24
15226,34
15227,21
15228,30
15229,44
15230,29
15231,33
15232,29
15233,24
15234,2
15235,27
15236,34
15237,27
15238,29
15239,22
15240,26
15241,22
15242,34
15243,26
15244,35
15245,34
15246,38
15247,24
15248,43
15249,20
15250,31
15251,31
15252,24
15253,2
15254,21
15255,46
15256,31
15257,41
15258,21
15259,28
15260,35
15261,32
15262,25
15263,21
15264,31
15265,19
15266,0
15267,28
15268,21
15269,34
15270,26
15271,17
15272,1
15273,29
15274,36
15275,31
15276,21
15277,29
15278,24
15279,33
15280,32
15281,28
15282,30
15283,33
15284,1
15285,34
15286,43
15287,43
15288,26
15289,31
15290,34
15291,19
15292,30
15293,21
15294,26
15295,27
15296,32
15297,28
15298,33
15299,26
15300,19
15301,27
15302,43
15303,39
15304,31
15305,25
15306,22
15307,27
15308,30
15309,25
15310,32
15311,27
15312,22
15313,32
15314,31
15315,33
15316,21
15317,36
15318,40
15319,36
15320,22
15321,29
15322,21
15323,31
15324,21
15325,33
15326,34
15327,24
15328,1
15329,30
15330,30
15331,3
15332,18
15333,30
15334,16
15335,31
15336,33
15337,20
15338,32
15339,6
15340,25
15341,28
15342,33
15343,42
15344,2
15345,33
15346,39
15347,30
15348,24
15349,29
15350,35
15351,32
15352,34
15353,35
15354,35
15355,3
15356,31
15357,32
15358,29
15359,27
15360,17
15361,29
15362,26
15363,27
15364,33
15365,26
15366,24
15367,32
15368,27
15369,37
15370,23
15371,28
15372,22
15373,40
15374,28
15375,26
15376,34
15377,26
15378,27
15379,4
15380,37
15381,26
15382,35
15383,34
15384,35
15385,4
15386,38
15387,35
15388,3
15389,29
15390,27
15391,35
15392,25
15393,32
15394,37
15395,20
15396,4
15397,28
15398,18
15399,32
15400,32
15401,31
15402,35
15403,31
15404,23
15405,30
15406,3
15407,21
15408,25
15409,37
15410,39
15411,28
15412,35
15413,3
15414,34
15415,27
15416,26
15417,27
15418,30
15419,27
15420,4
15421,32
15422,30
15423,36
15424,24
15425,31
15426,31
15427,26
15428,33
15429,34
15430,40
15431,31
15432,34
15433,33
15434,24
15435,37
15436,30
15437,8
15438,28
15439,27
15440,34
15441,25
15442,33
15443,25
15444,28
15445,26
15446,30
15447,26
15448,3
15449,33
15450,22
15451,23
15452,2
15453,3
15454,34
15455,34
15456,28
15457,1
15458,40
15459,20
15460,30
15461,47
15462,2
15463,38
15464,23
15465,21
15466,35
15467,34
15468,28
15469,2
15470,18
15471,30
15472,28
15473,23
15474,32
15475,38
15476,3
15477,24
15478,19
15479,1
15480,1
15481,26
15482,26
15483,26
15484,32
15485,37
15486,16
15487,25
15488,30
15489,2
15490,34
15491,2
15492,32
15493,30
15494,29
15495,25
15496,37
15497,22
15498,45
15499,4
15500,41
15501,24
15502,30
15503,27
15504,36
15505,27
15506,27
15507,24
15508,34
15509,35
15510,30
15511,33
15512,23
15513,32
15514,25
15515,27
15516,33
15517,24
15518,34
15519,30
15520,27
15521,40
15522,22
15523,29
15524,32
15525,35
15526,40
15527,31
15528,24
15529,35
15530,29
15531,43
15532,26
15533,36
15534,21
15535,1
15536,36
15537,30
15538,39
15539,37
15540,28
15541,34
15542,41
15543,35
15544,30
15545,29
15546,4
15547,27
15548,5
15549,30
15550,28
15551,2
15552,25
15553,29
15554,25
15555,32
15556,34
15557,30
15558,26
15559,33
15560,36
15561,25
15562,30
15563,29
15564,28
15565,28
15566,31
15567,24
15568,29
15569,28
15570,27
15571,4
15572,23
15573,30
15574,40
15575,34
15576,2
15577,38
15578,29
15579,37
15580,32
15581,26
15582,38
15583,28
15584,28
15585,36
15586,34
15587,33
15588,27
15589,32
15590,40
15591,32
15592,30
15593,22
15594,30
15595,31
15596,32
15597,25
15598,27
15599,35
15600,40
15601,33
15602,28
15603,21
15604,39
15605,23
15606,7
15607,24
15608,27
15609,29
15610,20
15611,25
15612,32
15613,25
15614,36
15615,33
15616,27
15617,32
15618,25
15619,27
15620,24
15621,29
15622,30
15623,24
15624,35
15625,30
15626,30
15627,37
15628,0
15629,3
15630,32
15631,27
15632,36
15633,26
15634,32
15635,28
15636,33
15637,1
15638,24
15639,33
15640,25
15641,18
15642,22
15643,30
15644,28
15645,25
15646,34
15647,26
15648,23
15649,34
15650,5
15651,32
15652,27
15653,28
15654,42
15655,27
15656,30
15657,39
15658,3
15659,27
15660,35
15661,24
15662,3
15663,34
15664,36
15665,4
15666,22
15667,27
15668,32
15669,27
15670,2
15671,22
15672,3
15673,26
15674,42
15675,24
15676,27
15677,25
15678,35
15679,25
15680,29
15681,35
15682,22
15683,4
15684,23
15685,27
15686,0
15687,27
15688,21
15689,34
15690,28
15691,27
15692,4
15693,33
15694,1
15695,31
15696,34
15697,29
15698,2
15699,27
15700,24
15701,32
15702,25
15703,32
15704,20
15705,23
15706,25
15707,27
15708,24
15709,31
15710,25
15711,29
15712,29
15713,28
15714,32
15715,31
15716,28
15717,32
15718,32
15719,32
15720,33
15721,40
15722,32
15723,24
15724,6
15725,38
15726,2
15727,34
15728,28
15729,29
15730,34
15731,31
15732,22
15733,26
15734,31
15735,31
15736,33
15737,38
15738,31
15739,1
15740,22
15741,28
15742,24
15743,32
15744,35
15745,35
15746,30
15747,32
15748,27
15749,29
15750,30
15751,35
15752,3
15753,39
15754,36
15755,23
15756,20
15757,30
15758,26
15759,1
15760,25
15761,21
15762,26
15763,29
15764,28
15765,45
15766,48
15767,40
15768,25
15769,19
15770,6
15771,29
15772,2
15773,38
15774,35
15775,27
15776,35
15777,30
15778,3
15779,29
15780,23
15781,27
15782,32
15783,33
15784,28
15785,47
15786,27
15787,37
15788,39
15789,28
15790,26
15791,3
15792,21
15793,33
15794,34
15795,35
15796,35
15797,28
15798,35
15799,36
15800,33
15801,34
15802,34
15803,31
15804,4
15805,3
15806,22
15807,31
15808,31
15809,24
15810,39
15811,29
15812,30
15813,35
15814,41
15815,27
15816,39
15817,36
15818,27
15819,33
15820,31
15821,24
15822,31
15823,35
15824,22
15825,36
15826,25
15827,39
15828,32
15829,22
15830,21
15831,27
15832,27
15833,24
15834,30
15835,23
15836,39
15837,31
15838,27
15839,32
15840,8
15841,2
15842,2
15843,2
15844,2
15845,0
15846,4
15847,4
15848,5
15849,3
15850,1
15851,5
15852,3
15853,2
15854,1
15855,1
15856,5
15857,3
15858,2
15859,4
15860,4
15861,5
15862,2
15863,3
15864,7
15865,1
15866,3
15867,6
15868,3
15869,4
15870,5
15871,3
15872,4
15873,3
15874,2
15875,2
15876,3
15877,2
15878,3
15879,6
15880,5
15881,3
15882,1
15883,3
15884,3
15885,3
15886,3
15887,2
15888,4
15889,1
15890,5
15891,0
15892,2
15893,4
15894,1
15895,2
15896,2
15897,3
15898,2
15899,3
15900,2
15901,9
15902,7
15903,1
15904,1
15905,7
15906,5
15907,3
15908,5
15909,0
15910,5
15911,4
15912,3
15913,4
15914,3
15915,3
15916,3
15917,4
15918,3
15919,2
15920,3
15921,2
15922,2
15923,3
15924,6
15925,4
15926,2
15927,2
15928,5
15929,2
15930,1
15931,3
15932,2
15933,3
15934,4
15935,1
15936,4
15937,1
15938,3
15939,1
15940,4
15941,4
15942,1
15943,3
15944,4
15945,4
15946,3
15947,4
15948,8
15949,2
15950,3
15951,4
15952,3
15953,6
15954,3
15955,0
15956,3
15957,4
15958,3
15959,9
15960,5
15961,4
15962,7
15963,1
15964,5
15965,4
15966,4
15967,2
15968,1
15969,1
15970,3
15971,1
15972,6
15973,2
15974,4
15975,3
15976,3
15977,1
15978,4
15979,0
15980,3
15981,5
15982,3
15983,4
15984,4
15985,3
15986,1
15987,3
15988,3
15989,2
15990,3
15991,2
15992,2
15993,6
15994,3
15995,7
15996,0
15997,0
15998,2
15999,3
16000,3
16001,2
16002,4
16003,5
16004,2
16005,2
16006,5
16007,5
16008,1
16009,0
16010,4
16011,4
16012,5
16013,6
16014,3
16015,2
16016,1
16017,1
16018,1
16019,1
16020,3
16021,2
16022,1
16023,1
16024,4
16025,5
16026,0
16027,5
16028,3
16029,3
16030,1
16031,3
16032,2
16033,4
16034,0
16035,2
16036,0
16037,4
16038,1
16039,5
16040,2
16041,5
16042,2
16043,1
16044,4
16045,1
16046,2
16047,3
16048,4
16049,5
16050,2
16051,4
16052,2
16053,0
16054,3
16055,3
16056,4
16057,2
16058,0
16059,2
16060,2
16061,3
16062,4
16063,4
16064,2
16065,2
16066,3
16067,4
16068,6
16069,2
16070,4
16071,2
16072,1
16073,5
16074,2
16075,1
16076,4
16077,6
16078,5
16079,5
16080,4
16081,4
16082,3
16083,6
16084,1
16085,8
16086,3
16087,3
16088,4
16089,4
16090,4
16091,4
16092,3
16093,2
16094,2
16095,1
16096,2
16097,1
16098,1
16099,4
16100,3
16101,5
16102,3
16103,4
16104,6
16105,7
16106,5
16107,2
16108,5
16109,4
16110,1
16111,2
16112,3
16113,3
16114,2
16115,1
16116,6
16117,1
16118,1
16119,3
16120,6
16121,5
16122,3
16123,1
16124,0
16125,5
16126,1
16127,2
16128,6
16129,2
16130,4
16131,1
16132,6
16133,3
16134,2
16135,1
16136,1
16137,6
16138,3
16139,3
16140,1
16141,5
16142,0
16143,3
16144,1
16145,5
16146,7
16147,5
16148,2
16149,3
16150,2
16151,3
16152,2
16153,1
16154,4
16155,0
16156,2
16157,2
16158,6
16159,3
16160,5
16161,2
16162,3
16163,5
16164,2
16165,8
16166,2
16167,3
16168,3
16169,1
16170,3
16171,2
16172,4
16173,5
16174,8
16175,8
16176,1
16177,1
16178,2
16179,1
16180,3
16181,7
16182,3
16183,5
16184,2
16185,3
16186,2
16187,5
16188,2
16189,6
16190,1
16191,0
16192,3
16193,2
16194,4
16195,4
16196,1
16197,1
16198,2
16199,3
16200,2
16201,2
16202,2
16203,0
16204,3
16205,3
16206,1
16207,3
16208,2
16209,3
16210,3
16211,3
16212,5
16213,2
16214,1
16215,4
16216,2
16217,5
16218,2
16219,3
16220,2
16221,6
16222,5
16223,3
16224,3
16225,3
16226,8
16227,6
16228,5
16229,2
16230,4
16231,6
16232,2
16233,0
16234,3
16235,1
16236,1
16237,1
16238,3
16239,3
16240,2
16241,3
16242,4
16243,3
16244,3
16245,2
16246,4
16247,2
16248,3
16249,31
16250,5
16251,25
16252,20
16253,37
16254,27
16255,30
16256,29
16257,25
16258,21
16259,31
16260,25
16261,5
16262,28
16263,24
16264,1
16265,36
16266,26
16267,34
16268,36
16269,27
16270,31
16271,2
16272,2
16273,28
16274,31
16275,31
16276,39
16277,21
16278,39
16279,29
16280,35
16281,28
16282,24
16283,24
16284,30
16285,33
16286,34
16287,0
16288,29
16289,29
16290,24
16291,28
16292,39
16293,36
16294,32
16295,30
16296,34
16297,27
16298,32
16299,37
16300,2
16301,26
16302,28
16303,23
16304,41
16305,6
16306,24
16307,21
16308,34
16309,2
16310,27
16311,1
16312,28
16313,36
16314,30
16315,38
16316,24
16317,32
16318,27
16319,6
16320,29
16321,33
16322,31
16323,33
16324,0
16325,35
16326,27
16327,35
16328,6
16329,24
16330,24
16331,26
16332,25
16333,27
16334,31
16335,27
16336,40
16337,36
16338,24
16339,25
16340,35
16341,32
16342,31
16343,23
16344,31
16345,25
16346,29
16347,25
16348,34
16349,1
16350,36
16351,38
16352,28
16353,27
16354,39
16355,33
16356,23
16357,7
16358,40
16359,3
16360,29
16361,38
16362,29
16363,2
16364,34
16365,40
16366,32
16367,34
16368,31
16369,4
16370,37
16371,35
16372,32
16373,33
16374,1
16375,30
16376,32
16377,30
16378,31
16379,22
16380,36
16381,32
16382,2
16383,34
16384,24
16385,30
16386,22
16387,31
16388,26
16389,35
16390,4
16391,3
16392,31
16393,31
16394,28
16395,3
16396,34
16397,25
16398,44
16399,25
16400,25
16401,30
16402,4
16403,38
16404,35
16405,17
16406,4
16407,31
16408,30
16409,21
16410,34
16411,25
16412,27
16413,22
16414,31
16415,21
16416,28
16417,35
16418,26
16419,33
16420,3
16421,21
16422,35
16423,31
16424,6
16425,16
16426,31
16427,25
16428,26
16429,39
16430,20
16431,27
16432,35
16433,28
16434,22
16435,26
16436,35
16437,36
16438,29
16439,25
16440,25
16441,35
16442,31
16443,22
16444,29
16445,32
16446,30
16447,32
16448,30
16449,38
16450,29
16451,24
16452,29
16453,4
16454,30
16455,23
16456,24
16457,32
16458,3
16459,37
16460,18
16461,27
16462,37
16463,31
16464,42
16465,27
16466,4
16467,37
16468,3
16469,29
16470,30
16471,34
16472,36
16473,33
16474,34
16475,37
16476,23
16477,24
16478,31
16479,23
16480,33
16481,25
16482,41
16483,43
16484,20
16485,27
16486,32
16487,32
16488,34
16489,34
16490,27
16491,36
16492,26
16493,24
16494,27
16495,37
16496,32
16497,29
16498,2
16499,34
16500,36
16501,19
16502,33
16503,31
16504,31
16505,34
16506,29
16507,37
16508,7
16509,25
16510,23
16511,32
16512,34
16513,28
16514,29
16515,31
16516,35
16517,1
16518,33
16519,18
16520,26
16521,36
16522,21
16523,36
16524,33
16525,28
16526,30
16527,29
16528,4
16529,35
16530,30
16531,30
16532,27
16533,30
16534,27
16535,22
16536,41
16537,26
16538,32
16539,25
16540,41
16541,18
16542,3
16543,28
16544,31
16545,23
16546,33
16547,20
16548,20
16549,26
16550,26
16551,26
16552,24
16553,25
16554,39
16555,27
16556,39
16557,3
16558,37
16559,30
16560,28
16561,42
16562,28
16563,29
16564,19
16565,30
16566,26
16567,31
16568,24
16569,1
16570,30
16571,21
16572,36
16573,37
16574,30
16575,32
16576,25
16577,27
16578,24
16579,31
16580,33
16581,35
16582,37
16583,2
16584,35
16585,27
16586,1
16587,26
16588,41
16589,24
16590,25
16591,37
16592,26
16593,29
16594,26
16595,4
16596,28
16597,39
16598,29
16599,27
16600,35
16601,25
16602,2
16603,33
16604,26
16605,28
16606,29
16607,25
16608,27
16609,29
16610,27
16611,41
16612,29
16613,35
16614,33
16615,26
16616,26
16617,35
16618,20
16619,37
16620,20
16621,24
16622,24
16623,30
16624,29
16625,38
16626,34
16627,33
16628,30
16629,37
16630,37
16631,24
16632,29
16633,32
16634,32
16635,32
16636,34
16637,35
16638,32
16639,34
16640,28
16641,23
16642,28
16643,30
16644,36
16645,29
16646,25
16647,37
16648,24
16649,34
16650,32
16651,33
16652,29
16653,30
16654,37
16655,22
16656,35
16657,1
16658,23
16659,3
16660,26
16661,1
16662,33
16663,33
16664,35
16665,29
16666,25
16667,30
16668,35
16669,36
16670,2
16671,31
16672,29
16673,29
16674,30
16675,21
16676,15
16677,42
16678,27
16679,29
16680,27
16681,23
16682,4
16683,31
16684,18
16685,1
16686,30
16687,23
16688,19
16689,31
16690,36
16691,22
16692,14
16693,21
16694,31
16695,2
16696,37
16697,27
16698,33
16699,32
16700,33
16701,28
16702,32
16703,29
16704,27
16705,32
16706,30
16707,30
16708,24
16709,25
16710,25
16711,28
16712,33
16713,21
16714,27
16715,4
16716,31
16717,29
16718,39
16719,39
16720,33
16721,2
16722,35
16723,28
16724,3
16725,28
16726,1
16727,36
16728,35
16729,3
16730,28
16731,28
16732,30
16733,26
16734,27
16735,30
16736,34
16737,38
16738,24
16739,24
16740,25
16741,39
16742,27
16743,22
16744,32
16745,29
16746,33
16747,34
16748,27
16749,30
16750,28
16751,34
16752,21
16753,37
16754,30
16755,36
16756,36
16757,23
16758,27
16759,34
16760,25
16761,2
16762,27
16763,25
16764,28
16765,35
16766,23
16767,31
16768,34
16769,28
16770,28
16771,33
16772,23
16773,31
16774,32
16775,36
16776,28
16777,23
16778,25
16779,29
16780,36
16781,23
16782,32
16783,34
16784,26
16785,32
16786,33
16787,23
16788,20
16789,19
16790,31
16791,18
16792,31
16793,32
16794,24
16795,30
16796,36
16797,23
16798,26
16799,4
16800,34
16801,30
16802,26
16803,23
16804,35
16805,23
16806,4
16807,29
16808,36
16809,29
16810,30
16811,1
16812,3
16813,28
16814,30
16815,26
16816,24
16817,38
16818,33
16819,2
16820,27
16821,30
16822,39
16823,29
16824,32
16825,27
16826,32
16827,35
16828,27
16829,29
16830,29
16831,33
16832,29
16833,4
16834,1
16835,0
16836,27
16837,44
16838,33
16839,29
16840,31
16841,34
16842,38
16843,32
16844,22
16845,32
16846,30
16847,31
16848,20
16849,33
16850,36
16851,44
16852,22
16853,30
16854,33
16855,3
16856,42
16857,23
16858,34
16859,34
16860,22
16861,30
16862,30
16863,32
16864,26
16865,32
16866,32
16867,33
16868,33
16869,5
16870,32
16871,28
16872,36
16873,0
16874,2
16875,32
16876,20
16877,21
16878,31
16879,38
16880,29
16881,21
16882,35
16883,26
16884,32
16885,34
16886,32
16887,20
16888,37
16889,35
16890,39
16891,26
16892,29
16893,1
16894,34
16895,25
16896,30
16897,34
16898,35
16899,25
16900,35
16901,28
16902,30
16903,29
16904,31
16905,29
16906,29
16907,36
16908,1
16909,3
16910,32
16911,32
16912,2
16913,24
16914,36
16915,5
16916,40
16917,1
16918,23
16919,1
16920,2
16921,29
16922,27
16923,4
16924,24
16925,2
16926,34
16927,33
16928,40
16929,25
16930,34
16931,0
16932,29
16933,37
16934,31
16935,33
16936,1
16937,37
16938,29
16939,27
16940,28
16941,25
16942,33
16943,27
16944,19
16945,36
16946,29
16947,2
16948,33
16949,2
16950,35
16951,32
16952,27
16953,29
16954,31
16955,26
16956,35
16957,22
16958,26
16959,37
16960,34
16961,3
16962,28
16963,41
16964,29
16965,32
16966,17
16967,3
16968,25
16969,29
16970,25
16971,33
16972,36
16973,31
16974,20
16975,27
16976,38
16977,25
16978,2
16979,24
16980,36
16981,21
16982,37
16983,22
16984,2
16985,39
16986,29
16987,31
16988,2
16989,1
16990,32
16991,29
16992,36
16993,26
16994,3
16995,30
16996,35
16997,1
16998,4
16999,23
17000,35
17001,31
17002,30
17003,25
17004,41
17005,25
17006,30
17007,32
17008,33
17009,25
17010,34
17011,2
17012,30
17013,27
17014,23
17015,26
17016,31
17017,33
17018,19
17019,29
17020,24
17021,4
17022,26
17023,28
17024,30
17025,35
17026,39
17027,27
17028,23
17029,22
17030,31
17031,38
17032,25
17033,25
17034,2
17035,35
17036,6
17037,34
17038,42
17039,31
17040,1
17041,20
17042,30
17043,22
17044,26
17045,20
17046,29
17047,30
17048,36
17049,31
17050,42
17051,25
17052,25
17053,25
17054,35
17055,4
17056,33
17057,28
17058,40
17059,28
17060,23
17061,32
17062,22
17063,31
17064,26
17065,39
17066,28
17067,29
17068,3
17069,27
17070,33
17071,31
17072,29
17073,30
17074,31
17075,27
17076,41
17077,31
17078,30
17079,33
17080,2
17081,36
17082,27
17083,26
17084,22
17085,49
17086,20
17087,28
17088,33
17089,30
17090,40
17091,28
17092,32
17093,34
17094,3
17095,39
17096,30
17097,25
17098,17
17099,29
17100,2
17101,24
17102,27
17103,29
17104,30
17105,24
17106,34
17107,4
17108,28
17109,23
17110,1
17111,29
17112,35
17113,23
17114,37
17115,26
17116,27
17117,26
17118,2
17119,29
17120,1
17121,4
17122,32
17123,26
17124,26
17125,27
17126,2
17127,32
17128,2
17129,32
17130,22
17131,24
17132,34
17133,29
17134,31
17135,1
17136,33
17137,34
17138,26
17139,5
17140,33
17141,30
17142,27
17143,22
17144,36
17145,16
17146,31
17147,31
17148,26
17149,28
17150,29
17151,25
17152,22
17153,19
17154,28
17155,25
17156,2
17157,32
17158,23
17159,38
17160,25
17161,25
17162,23
17163,33
17164,28
17165,27
17166,28
17167,35
17168,26
17169,23
17170,26
17171,31
17172,29
17173,28
17174,2
17175,35
17176,32
17177,42
17178,23
17179,38
17180,38
17181,26
17182,35
17183,39
17184,42
17185,35
17186,2
17187,2
17188,2
17189,27
17190,38
17191,1
17192,7
17193,31
17194,35
17195,31
17196,34
17197,26
17198,30
17199,22
17200,22
17201,31
17202,37
17203,30
17204,33
17205,1
17206,31
17207,37
17208,37
17209,1
17210,2
17211,1
17212,6
17213,1
17214,0
17215,1
17216,1
17217,2
17218,2
17219,1
17220,4
17221,4
17222,4
17223,3
17224,6
17225,3
17226,1
17227,3
17228,4
17229,4
17230,4
17231,3
17232,5
17233,5
17234,6
17235,5
17236,2
17237,3
17238,4
17239,3
17240,2
17241,4
17242,4
17243,2
17244,5
17245,4
17246,1
17247,0
17248,6
17249,4
17250,1
17251,2
17252,2
17253,5
17254,4
17255,7
17256,3
17257,2
17258,2
17259,7
17260,5
17261,3
17262,2
17263,4
17264,4
17265,3
17266,4
17267,3
17268,2
17269,2
17270,6
17271,2
17272,1
17273,3
17274,0
17275,1
17276,3
17277,0
17278,7
17279,4
17280,5
17281,3
17282,4
17283,4
17284,3
17285,1
17286,6
17287,5
17288,1
17289,3
17290,4
17291,2
17292,4
17293,0
17294,1
17295,4
17296,3
17297,2
17298,5
17299,3
17300,3
17301,4
17302,2
17303,2
17304,4
17305,7
17306,5
17307,0
17308,1
17309,1
17310,2
17311,3
17312,4
17313,4
17314,4
17315,2
17316,3
17317,2
17318,3
17319,3
17320,3
17321,0
17322,3
17323,5
17324,1
17325,2
17326,3
17327,7
17328,1
17329,4
17330,4
17331,6
17332,3
17333,4
17334,4
17335,3
17336,2
17337,2
17338,3
17339,1
17340,3
17341,2
17342,1
17343,4
17344,5
17345,4
17346,3
17347,1
17348,4
17349,4
17350,5
17351,3
17352,5
17353,3
17354,1
17355,5
17356,2
17357,4
17358,4
17359,1
17360,1
17361,2
17362,2
17363,3
17364,2
17365,1
17366,2
17367,9
17368,3
17369,6
17370,4
17371,2
17372,2
17373,5
17374,2
17375,4
17376,4
17377,2
17378,2
17379,5
17380,2
17381,3
17382,3
17383,3
17384,4
17385,6
17386,0
17387,0
17388,4
17389,3
17390,4
17391,2
17392,2
17393,3
17394,3
17395,3
17396,2
17397,2
17398,4
17399,3
17400,2
17401,4
17402,1
17403,4
17404,4
17405,5
17406,4
17407,8
17408,4
17409,2
17410,2
17411,4
17412,7
17413,3
17414,5
17415,3
17416,3
17417,2
17418,1
17419,6
17420,7
17421,4
17422,1
17423,5
17424,0
17425,2
17426,1
17427,2
17428,2
17429,3
17430,4
17431,3
17432,7
17433,1
17434,3
17435,2
17436,4
17437,2
17438,5
17439,3
17440,3
17441,5
17442,6
17443,2
17444,5
17445,2
17446,4
17447,0
17448,3
17449,1
17450,4
17451,4
17452,4
17453,3
17454,3
17455,4
17456,2
17457,0
17458,2
17459,6
17460,3
17461,3
17462,4
17463,7
17464,3
17465,1
17466,5
17467,4
17468,4
17469,4
17470,4
17471,3
17472,4
17473,2
17474,5
17475,4
17476,1
17477,2
17478,4
17479,0
17480,2
17481,6
17482,1
17483,4
17484,4
17485,5
17486,4
17487,5
17488,2
17489,2
17490,2
17491,4
17492,0
17493,4
17494,2
17495,4
17496,6
17497,3
17498,3
17499,3
17500,3
17501,5
17502,5
17503,4
17504,6
17505,1
17506,1
17507,2
17508,3
17509,1
17510,2
17511,3
17512,1
17513,2
17514,2
17515,3
17516,5
17517,6
17518,5
17519,2
17520,3
17521,3
17522,4
17523,5
17524,1
17525,2
17526,3
17527,4
17528,4
17529,5
17530,1
17531,5
17532,2
17533,7
17534,5
17535,2
17536,3
17537,3
17538,2
17539,1
17540,7
17541,2
17542,2
17543,4
17544,2
17545,5
17546,7
17547,4
17548,3
17549,0
17550,4
17551,2
17552,2
17553,4
17554,7
17555,4
17556,2
17557,4
17558,3
17559,4
17560,3
17561,2
17562,6
17563,2
17564,2
17565,2
17566,1
17567,3
17568,2
17569,5
17570,4
17571,2
17572,2
17573,2
17574,6
17575,5
17576,3
17577,5
17578,5
17579,5
17580,7
17581,3
17582,2
17583,4
17584,4
17585,5
17586,2
17587,1
17588,3
17589,0
17590,2
17591,1
17592,1
17593,3
17594,3
17595,2
17596,3
17597,4
17598,1
17599,2
17600,6
17601,0
17602,3
17603,2
17604,0
17605,5
17606,2
17607,3
17608,7
17609,1
17610,3
17611,4
17612,2
17613,3
17614,2
17615,1
17616,2
17617,5
17618,4
17619,4
17620,5
17621,1
17622,1
17623,5
17624,2
17625,1
17626,4
17627,3
17628,6
17629,2
17630,1
17631,1
17632,4
17633,4
17634,3
17635,2
17636,1
17637,3
17638,3
17639,5
17640,3
17641,2
17642,1
17643,0
17644,5
17645,4
17646,4
17647,3
17648,3
17649,3
17650,1
17651,2
17652,2
17653,4
17654,0
17655,2
17656,1
17657,1
17658,5
17659,4
17660,3
17661,6
17662,4
17663,4
17664,3
17665,2
17666,4
17667,0
17668,6
17669,5
17670,4
17671,5
17672,6
17673,2
17674,4
17675,3
17676,3
17677,4
17678,1
17679,4
17680,1
17681,3
17682,4
17683,4
17684,4
17685,5
17686,3
17687,2
17688,2
17689,2
17690,4
17691,5
17692,6
17693,1
17694,8
17695,3
17696,1
17697,34
17698,24
17699,29
17700,28
17701,32
17702,26
17703,27
17704,30
17705,27
17706,23
17707,24
17708,44
17709,2
17710,36
17711,26
17712,26
17713,25
17714,38
17715,26
17716,35
17717,25
17718,32
17719,1
17720,29
17721,21
17722,24
17723,25
17724,23
17725,31
17726,35
17727,28
17728,35
17729,30
17730,29
17731,25
17732,5
17733,35
17734,24
17735,1
17736,2
17737,33
17738,30
17739,28
17740,27
17741,8
17742,30
17743,33
17744,38
17745,35
17746,36
17747,4
17748,29
17749,32
17750,29
17751,32
17752,32
17753,30
17754,39
17755,40
17756,27
17757,24
17758,25
17759,6
17760,27
17761,33
17762,29
17763,16
17764,40
17765,38
17766,32
17767,32
17768,16
17769,29
17770,46
17771,2
17772,21
17773,26
17774,40
17775,35
17776,16
17777,26
17778,25
17779,30
17780,28
17781,27
17782,25
17783,36
17784,28
17785,1
17786,2
17787,26
17788,28
17789,28
17790,33
17791,32
17792,4
17793,3
17794,22
17795,24
17796,27
17797,31
17798,37
17799,28
17800,34
17801,31
17802,37
17803,20
17804,30
17805,26
17806,29
17807,33
17808,24
17809,3
17810,36
17811,2
17812,27
17813,3
17814,35
17815,33
17816,3
17817,31
17818,34
17819,40
17820,34
17821,27
17822,29
17823,15
17824,36
17825,34
17826,33
17827,20
17828,28
17829,31
17830,2
17831,26
17832,36
17833,29
17834,28
17835,33
17836,25
17837,22
17838,30
17839,32
17840,23
17841,35
17842,24
17843,25
17844,29
17845,3
17846,41
17847,2
17848,22
17849,32
17850,39
17851,21
17852,35
17853,32
17854,27
17855,27
17856,39
17857,5
17858,23
17859,31
17860,31
17861,30
17862,37
17863,27
17864,34
17865,24
17866,4
17867,28
17868,23
17869,34
17870,1
17871,25
17872,27
17873,28
17874,33
17875,30
17876,27
17877,31
17878,25
17879,29
17880,31
17881,28
17882,26
17883,37
17884,39
17885,25
17886,27
17887,24
17888,26
17889,1
17890,28
17891,24
17892,22
17893,2
17894,39
17895,39
17896,33
17897,18
17898,34
17899,30
17900,25
17901,29
17902,33
17903,28
17904,2
17905,28
17906,3
17907,31
17908,2
17909,28
17910,26
17911,35
17912,29
17913,30
17914,1
17915,33
17916,41
17917,28
17918,32
17919,36
17920,43
17921,27
17922,39
17923,31
17924,38
17925,33
17926,31
17927,31
17928,34
17929,26
17930,28
17931,31
17932,25
17933,34
17934,24
17935,25
17936,26
17937,25
17938,33
17939,28
17940,28
17941,28
17942,35
17943,38
17944,32
17945,29
17946,37
17947,30
17948,28
17949,23
17950,2
17951,35
17952,32
17953,27
17954,33
17955,27
17956,34
17957,20
17958,38
17959,2
17960,32
17961,31
17962,28
17963,38
17964,17
17965,31
17966,20
17967,28
17968,31
17969,40
17970,33
17971,25
17972,34
17973,6
17974,27
17975,29
17976,28
17977,1
17978,24
17979,31
17980,32
17981,1
17982,28
17983,27
17984,37
17985,26
17986,25
17987,25
17988,36
17989,25
17990,32
17991,2
17992,25
17993,32
17994,4
17995,29
17996,36
17997,30
17998,25
17999,31
18000,23
18001,28
18002,33
18003,23
18004,32
18005,27
18006,35
18007,4
18008,3
18009,35
18010,2
18011,26
18012,36
18013,35
18014,33
18015,39
18016,37
18017,0
18018,25
18019,27
18020,35
18021,24
18022,26
18023,45
18024,34
18025,24
18026,30
18027,32
18028,25
18029,22
18030,26
18031,31
18032,24
18033,30
18034,32
18035,38
18036,27
18037,20
18038,4
18039,4
18040,30
18041,30
18042,29
18043,29
18044,42
18045,17
18046,22
18047,23
18048,27
18049,31
18050,26
18051,35
18052,31
18053,27
18054,43
18055,29
18056,6
18057,31
18058,21
18059,36
18060,21
18061,36
18062,32
18063,25
18064,32
18065,26
18066,34
18067,26
18068,17
18069,32
18070,23
18071,32
18072,27
18073,36
18074,35
18075,36
18076,34
18077,2
18078,25
18079,28
18080,28
18081,29
18082,30
18083,32
18084,4
18085,32
18086,27
18087,32
18088,24
18089,28
18090,1
18091,35
18092,31
18093,28
18094,37
18095,24
18096,2
18097,18
18098,28
18099,38
18100,27
18101,29
18102,29
18103,33
18104,4
18105,33
18106,39
18107,21
18108,1
18109,32
18110,37
18111,28
18112,31
18113,26
18114,32
18115,29
18116,32
18117,21
18118,35
18119,39
18120,4
18121,46
18122,29
18123,25
18124,32
18125,31
18126,44
18127,31
18128,33
18129,27
18130,36
18131,36
18132,35
18133,32
18134,38
18135,4
18136,5
18137,45
18138,25
18139,23
18140,4
18141,21
18142,0
18143,26
18144,24
18145,27
18146,34
18147,28
18148,25
18149,30
18150,36
18151,21
18152,26
18153,28
18154,20
18155,26
18156,31
18157,28
18158,18
18159,31
18160,38
18161,28
18162,27
18163,25
18164,34
18165,21
18166,28
18167,41
18168,32
18169,19
18170,28
18171,21
18172,32
18173,29
18174,1
18175,1
18176,30
18177,30
18178,28
18179,39
18180,23
18181,25
18182,39
18183,4
18184,4
18185,39
18186,35
18187,40
18188,26
18189,26
18190,40
18191,30
18192,30
18193,27
18194,29
18195,38
18196,24
18197,5
18198,29
18199,30
18200,30
18201,28
18202,24
18203,26
18204,21
18205,22
18206,31
18207,37
18208,1
18209,28
18210,4
18211,38
18212,30
18213,26
18214,23
18215,30
18216,26
18217,36
18218,28
18219,28
18220,24
18221,33
18222,22
18223,3
18224,30
18225,22
18226,21
18227,5
18228,4
18229,33
18230,23
18231,36
18232,28
18233,27
18234,25
18235,4
18236,5
18237,2
18238,22
18239,32
18240,25
18241,28
18242,26
18243,31
18244,30
18245,0
18246,34
18247,36
18248,34
18249,32
18250,29
18251,28
18252,35
18253,34
18254,26
18255,30
18256,27
18257,2
18258,41
18259,31
18260,18
18261,24
18262,20
18263,35
18264,26
18265,3
18266,9
18267,42
18268,28
18269,34
18270,30
18271,36
18272,19
18273,27
18274,2
18275,39
18276,45
18277,38
18278,45
18279,26
18280,22
18281,33
18282,35
18283,32
18284,26
18285,32
18286,33
18287,34
18288,19
18289,26
18290,39
18291,28
18292,28
18293,18
18294,28
18295,30
18296,37
18297,2
18298,22
18299,21
18300,24
18301,37
18302,42
18303,36
18304,34
18305,44
18306,26
18307,28
18308,27
18309,29
18310,31
18311,26
18312,24
18313,29
18314,3
18315,30
18316,33
18317,32
18318,30
18319,29
18320,15
18321,30
18322,40
18323,30
18324,24
18325,40
18326,27
18327,31
18328,27
18329,27
18330,29
18331,5
18332,0
18333,38
18334,2
18335,23
18336,34
18337,1
18338,31
18339,27
18340,1
18341,34
18342,39
18343,26
18344,1
18345,25
18346,32
18347,20
18348,23
18349,36
18350,33
18351,23
18352,2
18353,1
18354,37
18355,32
18356,1
18357,31
18358,27
18359,19
18360,36
18361,33
18362,30
18363,20
18364,34
18365,26
18366,27
18367,35
18368,26
18369,33
18370,46
18371,6
18372,18
18373,27
18374,26
18375,31
18376,24
18377,30
18378,9
18379,27
18380,25
18381,5
18382,22
18383,39
18384,33
18385,30
18386,31
18387,28
18388,36
18389,23
18390,34
18391,26
18392,27
18393,38
18394,27
18395,1
18396,1
18397,38
18398,24
18399,30
18400,33
18401,26
18402,31
18403,25
18404,23
18405,35
18406,42
18407,34
18408,38
18409,26
18410,22
18411,0
18412,28
18413,32
18414,33
18415,29
18416,41
18417,37
18418,29
18419,33
18420,28
18421,28
18422,28
18423,26
18424,33
18425,26
18426,29
18427,34
18428,32
18429,31
18430,23
18431,30
18432,28
18433,27
18434,38
18435,25
18436,40
18437,25
18438,29
18439,31
18440,24
18441,32
18442,3
18443,28
18444,30
18445,32
18446,35
18447,24
18448,43
18449,29
18450,35
18451,36
18452,2
18453,37
18454,33
18455,30
18456,28
18457,1
18458,26
18459,26
18460,23
18461,23
18462,23
18463,31
18464,32
18465,29
18466,15
18467,32
18468,38
18469,38
18470,1
18471,33
18472,27
18473,25
18474,35
18475,32
18476,34
18477,30
18478,34
18479,31
18480,27
18481,29
18482,33
18483,34
18484,30
18485,29
18486,30
18487,27
18488,31
18489,37
18490,34
18491,29
18492,25
18493,26
18494,0
18495,26
18496,23
18497,30
18498,26
18499,31
18500,28
18501,34
18502,31
18503,24
18504,25
18505,33
18506,31
18507,30
18508,33
18509,25
18510,31
18511,27
18512,32
18513,34
18514,30
18515,36
18516,23
18517,34
18518,23
18519,29
18520,35
18521,24
18522,25
18523,31
18524,31
18525,31
18526,26
18527,37
18528,25
18529,27
18530,1
18531,25
18532,20
18533,5
18534,26
18535,34
18536,33
18537,38
18538,38
18539,27
18540,31
18541,36
18542,3
18543,4
18544,28
18545,21
18546,39
18547,31
18548,26
18549,27
18550,29
18551,30
18552,33
18553,26
18554,33
18555,26
18556,27
18557,3
18558,33
18559,41
18560,34
18561,26
18562,28
18563,38
18564,38
18565,25
18566,4
18567,3
18568,29
18569,33
18570,36
18571,27
18572,31
18573,40
18574,28
18575,18
18576,32
18577,29
18578,28
18579,33
18580,28
18581,33
18582,31
18583,34
18584,28
18585,32
18586,23
18587,36
18588,31
18589,32
18590,33
18591,26
18592,42
18593,33
18594,28
18595,27
18596,38
18597,21
18598,5
18599,29
18600,35
18601,18
18602,44
18603,25
18604,25
18605,34
18606,33
18607,29
18608,29
18609,36
18610,34
18611,25
18612,40
18613,27
18614,29
18615,3
18616,34
18617,32
18618,26
18619,4
18620,23
18621,25
18622,32
18623,25
18624,28
18625,32
18626,35
18627,35
18628,34
18629,30
18630,5
18631,36
18632,22
18633,29
18634,30
18635,40
18636,17
18637,28
18638,28
18639,3
18640,33
18641,21
18642,32
18643,27
18644,29
18645,21
18646,26
18647,29
18648,1
18649,36
18650,35
18651,4
18652,33
18653,26
18654,2
18655,31
18656,33
18657,3
18658,2
18659,4
18660,8
18661,3
18662,2
18663,2
18664,7
18665,3
18666,1
18667,3
18668,1
18669,5
18670,4
18671,3
18672,0
18673,6
18674,4
18675,4
18676,3
18677,8
18678,2
18679,3
18680,5
18681,3
18682,3
18683,3
18684,4
18685,2
18686,2
18687,3
18688,2
18689,3
18690,3
18691,4
18692,2
18693,3
18694,1
18695,4
18696,2
18697,4
18698,8
18699,2
18700,3
18701,4
18702,2
18703,4
18704,3
18705,3
18706,1
18707,3
18708,4
18709,2
18710,3
18711,3
18712,3
18713,1
18714,4
18715,2
18716,8
18717,3
18718,2
18719,1
18720,1
18721,2
18722,5
18723,2
18724,7
18725,2
18726,6
18727,5
18728,3
18729,3
18730,2
18731,2
18732,2
18733,1
18734,4
18735,5
18736,5
18737,3
18738,5
18739,4
18740,2
18741,5
18742,4
18743,4
18744,4
18745,1
18746,3
18747,2
18748,0
18749,5
18750,3
18751,4
18752,3
18753,2
18754,1
18755,2
18756,6
18757,6
18758,3
18759,3
18760,1
18761,4
18762,7
18763,4
18764,5
18765,4
18766,2
18767,3
18768,4
18769,3
18770,3
18771,3
18772,4
18773,2
18774,2
18775,5
18776,3
18777,2
18778,1
18779,6
18780,4
18781,4
18782,2
18783,8
18784,2
18785,2
18786,3
18787,3
18788,2
18789,1
18790,2
18791,3
18792,3
18793,4
18794,4
18795,8
18796,5
18797,4
18798,3
18799,5
18800,3
18801,1
18802,5
18803,2
18804,0
18805,6
18806,3
18807,6
18808,4
18809,2
18810,4
18811,10
18812,2
18813,3
18814,1
18815,5
18816,3
18817,1
18818,1
18819,0
18820,9
18821,6
18822,4
18823,5
18824,2
18825,4
18826,1
18827,4
18828,3
18829,4
18830,4
18831,6
18832,3
18833,4
18834,3
18835,3
18836,3
18837,5
18838,3
18839,4
18840,6
18841,4
18842,4
18843,3
18844,2
18845,5
18846,5
18847,3
18848,3
18849,1
18850,3
18851,2
18852,4
18853,3
18854,4
18855,2
18856,4
18857,4
18858,3
18859,2
18860,2
18861,3
18862,3
18863,4
18864,2
18865,4
18866,3
18867,0
18868,4
18869,9
18870,5
18871,4
18872,4
18873,2
18874,4
18875,3
18876,3
18877,2
18878,4
18879,1
18880,7
18881,3
18882,1
18883,2
18884,5
18885,2
18886,3
18887,6
18888,3
18889,3
18890,7
18891,5
18892,7
18893,2
18894,6
18895,3
18896,6
18897,3
18898,1
18899,0
18900,3
18901,4
18902,3
18903,4
18904,2
18905,5
18906,2
18907,6
18908,1
18909,2
18910,0
18911,7
18912,3
18913,2
18914,1
18915,2
18916,3
18917,3
18918,5
18919,4
18920,2
18921,2
18922,3
18923,3
18924,4
18925,1
18926,2
18927,1
18928,1
18929,2
18930,1
18931,2
18932,2
18933,1
18934,2
18935,2
18936,5
18937,3
18938,3
18939,1
18940,7
18941,3
18942,4
18943,3
18944,1
18945,5
18946,3
18947,2
18948,1
18949,3
18950,3
18951,4
18952,4
18953,3
18954,2
18955,4
18956,3
18957,0
18958,5
18959,6
18960,1
18961,1
18962,3
18963,3
18964,4
18965,4
18966,2
18967,2
18968,1
18969,2
18970,2
18971,4
18972,2
18973,3
18974,6
18975,6
18976,7
18977,3
18978,3
18979,6
18980,3
18981,1
18982,3
18983,3
18984,5
18985,2
18986,3
18987,2
18988,6
18989,2
18990,2
18991,5
18992,3
18993,6
18994,3
18995,5
18996,1
18997,3
18998,2
18999,4
19000,1
19001,2
19002,1
19003,4
19004,2
19005,4
19006,2
19007,1
19008,7
19009,4
19010,2
19011,2
19012,4
19013,2
19014,3
19015,5
19016,3
19017,5
19018,2
19019,1
19020,2
19021,5
19022,3
19023,4
19024,4
19025,2
19026,1
19027,1
19028,5
19029,5
19030,2
19031,5
19032,3
19033,6
19034,3
19035,3
19036,5
19037,3
19038,2
19039,0
19040,2
19041,4
19042,3
19043,3
19044,1
19045,4
19046,5
19047,4
19048,2
19049,4
19050,4
19051,2
19052,1
19053,4
19054,3
19055,2
19056,1
19057,2
19058,5
19059,2
19060,2
19061,3
19062,1
19063,3
19064,4
19065,2
19066,0
19067,1
19068,4
19069,1
19070,4
19071,1
19072,1
19073,2
19074,2
19075,2
19076,4
19077,1
19078,3
19079,1
19080,3
19081,1
19082,5
19083,1
19084,4
19085,1
19086,6
19087,1
19088,3
19089,4
19090,1
19091,3
19092,0
19093,1
19094,3
19095,2
19096,0
19097,6
19098,0
19099,2
19100,4
19101,4
19102,1
19103,4
19104,6
19105,6
19106,1
19107,3
19108,2
19109,0
19110,3
19111,2
19112,1
19113,0
19114,3
19115,6
19116,3
19117,3
19118,1
19119,2
19120,3
19121,0
19122,3
19123,1
19124,3
19125,1
19126,1
19127,4
19128,5
19129,1
19130,4
19131,0
19132,2
19133,2
19134,2
19135,4
19136,2
19137,2
19138,6
19139,4
19140,2
19141,3
19142,2
19143,2
19144,32
19145,35
19146,28
19147,25
19148,30
19149,47
19150,28
19151,30
19152,35
19153,26
19154,27
19155,22
19156,26
19157,26
19158,27
19159,4
19160,32
19161,38
19162,37
19163,21
19164,31
19165,36
19166,22
19167,39
19168,26
19169,29
19170,43
19171,0
19172,42
19173,23
19174,31
19175,30
19176,25
19177,3
19178,38
19179,32
19180,23
19181,32
19182,23
19183,27
19184,30
19185,44
19186,30
19187,36
19188,25
19189,33
19190,1
19191,22
19192,33
19193,26
19194,33
19195,38
19196,24
19197,28
19198,1
19199,44
19200,27
19201,33
19202,30
19203,42
19204,28
19205,29
19206,41
19207,35
19208,29
19209,26
19210,18
19211,35
19212,35
19213,1
19214,37
19215,31
19216,40
19217,25
19218,26
19219,35
19220,3
19221,29
19222,32
19223,2
19224,34
19225,27
19226,28
19227,31
19228,31
19229,44
19230,38
19231,18
19232,24
19233,28
19234,36
19235,24
19236,25
19237,25
19238,3
19239,27
19240,37
19241,29
19242,30
19243,20
19244,46
19245,39
19246,16
19247,33
19248,34
19249,23
19250,5
19251,25
19252,33
19253,32
19254,30
19255,27
19256,44
19257,29
19258,31
19259,25
19260,26
19261,3
19262,34
19263,31
19264,36
19265,30
19266,29
19267,21
19268,35
19269,23
19270,25
19271,41
19272,31
19273,36
19274,6
19275,15
19276,28
19277,26
19278,29
19279,37
19280,3
19281,25
19282,43
19283,25
19284,22
19285,33
19286,26
19287,35
19288,29
19289,31
19290,36
19291,41
19292,36
19293,29
19294,2
19295,36
19296,25
19297,4
19298,31
19299,27
19300,7
19301,32
19302,35
19303,38
19304,28
19305,40
19306,34
19307,32
19308,33
19309,20
19310,30
19311,27
19312,27
19313,3
19314,35
19315,29
19316,39
19317,28
19318,31
19319,36
19320,27
19321,24
19322,32
19323,27
19324,27
19325,26
19326,33
19327,46
19328,31
19329,22
19330,28
19331,22
19332,36
19333,35
19334,27
19335,27
19336,20
19337,30
19338,5
19339,31
19340,24
19341,5
19342,2
19343,3
19344,25
19345,6
19346,36
19347,31
19348,30
19349,31
19350,28
19351,32
19352,18
19353,28
19354,25
19355,22
19356,35
19357,35
19358,31
19359,30
19360,24
19361,25
19362,32
19363,27
19364,28
19365,29
19366,36
19367,28
19368,28
19369,34
19370,24
19371,27
19372,31
19373,22
19374,38
19375,27
19376,31
19377,36
19378,35
19379,40
19380,40
19381,40
19382,30
19383,28
19384,19
19385,27
19386,26
19387,36
19388,1
19389,35
19390,30
19391,5
19392,23
19393,30
19394,22
19395,17
19396,2
19397,28
19398,5
19399,34
19400,35
19401,27
19402,2
19403,31
19404,30
19405,28
19406,27
19407,34
19408,37
19409,30
19410,25
19411,29
19412,25
19413,29
19414,32
19415,19
19416,28
19417,30
19418,31
19419,32
19420,39
19421,27
19422,32
19423,33
19424,33
19425,35
19426,29
19427,23
19428,21
19429,33
19430,29
19431,24
19432,26
19433,5
19434,28
19435,24
19436,37
19437,27
19438,36
19439,36
19440,46
19441,35
19442,2
19443,37
19444,24
19445,40
19446,3
19447,37
19448,32
19449,29
19450,34
19451,0
19452,21
19453,24
19454,34
19455,29
19456,28
19457,30
19458,36
19459,20
19460,36
19461,28
19462,39
19463,26
19464,30
19465,3
19466,26
19467,30
19468,32
19469,33
19470,39
19471,22
19472,36
19473,26
19474,30
19475,2
19476,34
19477,47
19478,5
19479,32
19480,20
19481,2
19482,22
19483,34
19484,26
19485,3
19486,45
19487,34
19488,36
19489,35
19490,33
19491,32
19492,25
19493,35
19494,30
19495,34
19496,33
19497,45
19498,26
19499,24
19500,34
19501,21
19502,39
19503,31
19504,41
19505,26
19506,35
19507,34
19508,22
19509,32
19510,30
19511,32
19512,27
19513,5
19514,28
19515,26
19516,37
19517,26
19518,23
19519,27
19520,27
19521,25
19522,36
19523,31
19524,35
19525,32
19526,31
19527,27
19528,28
19529,3
19530,26
19531,37
19532,26
19533,39
19534,24
19535,18
19536,33
19537,26
19538,30
19539,28
19540,24
19541,18
19542,28
19543,27
19544,34
19545,30
19546,39
19547,43
19548,26
19549,27
19550,34
19551,24
19552,26
19553,42
19554,27
19555,34
19556,35
19557,1
19558,16
19559,32
19560,28
19561,35
19562,4
19563,1
19564,22
19565,39
19566,32
19567,22
19568,37
19569,28
19570,35
19571,23
19572,30
19573,32
19574,31
19575,39
19576,35
19577,23
19578,29
19579,29
19580,23
19581,33
19582,24
19583,26
19584,33
19585,30
19586,5
19587,33
19588,26
19589,29
19590,27
19591,38
19592,7
19593,24
19594,4
19595,25
19596,31
19597,39
19598,40
19599,29
19600,26
19601,30
19602,34
19603,2
19604,42
19605,33
19606,38
19607,22
19608,28
19609,34
19610,30
19611,27
19612,32
19613,28
19614,35
19615,33
19616,25
19617,27
19618,26
19619,31
19620,4
19621,27
19622,28
19623,34
19624,34
19625,36
19626,31
19627,34
19628,7
19629,31
19630,34
19631,36
19632,30
19633,22
19634,33
19635,33
19636,30
19637,25
19638,0
19639,28
19640,38
19641,26
19642,26
19643,34
19644,30
19645,27
19646,32
19647,38
19648,23
19649,29
19650,28
19651,36
19652,1
19653,39
19654,26
19655,34
19656,41
19657,28
19658,25
19659,25
19660,32
19661,26
19662,27
19663,30
19664,29
19665,28
19666,23
19667,32
19668,17
19669,26
19670,36
19671,24
19672,34
19673,31
19674,26
19675,31
19676,27
19677,28
19678,24
19679,25
19680,40
19681,23
19682,33
19683,29
19684,3
19685,37
19686,27
19687,24
19688,1
19689,26
19690,25
19691,28
19692,32
19693,29
19694,32
19695,21
19696,34
19697,35
19698,35
19699,3
19700,18
19701,36
19702,31
19703,36
19704,35
19705,28
19706,32
19707,30
19708,27
19709,22
19710,32
19711,3
19712,31
19713,25
19714,35
19715,23
19716,38
19717,37
19718,2
19719,31
19720,27
19721,29
19722,33
19723,1
19724,32
19725,28
19726,27
19727,31
19728,36
19729,30
19730,28
19731,30
19732,32
19733,35
19734,27
19735,25
19736,38
19737,32
19738,35
19739,2
19740,24
19741,22
19742,23
19743,30
19744,32
19745,33
19746,1
19747,24
19748,33
19749,33
19750,21
19751,27
19752,34
19753,23
19754,39
19755,38
19756,30
19757,31
19758,32
19759,27
19760,35
19761,23
19762,30
19763,25
19764,27
19765,31
19766,28
19767,4
19768,39
19769,35
19770,27
19771,37
19772,21
19773,28
19774,26
19775,38
19776,29
19777,27
19778,30
19779,32
19780,32
19781,29
19782,37
19783,26
19784,26
19785,33
19786,31
19787,26
19788,23
19789,37
19790,32
19791,31
19792,28
19793,27
19794,36
19795,30
19796,25
19797,1
19798,28
19799,34
19800,26
19801,27
19802,33
19803,3
19804,34
19805,36
19806,31
19807,38
19808,30
19809,36
19810,31
19811,37
19812,35
19813,34
19814,25
19815,21
19816,41
19817,30
19818,30
19819,30
19820,26
19821,29
19822,26
19823,33
19824,28
19825,32
19826,41
19827,32
19828,37
19829,29
19830,44
19831,3
19832,14
19833,4
19834,41
19835,33
19836,24
19837,41
19838,31
19839,19
19840,27
19841,32
19842,27
19843,36
19844,31
19845,20
19846,38
19847,31
19848,33
19849,25
19850,36
19851,34
19852,36
19853,22
19854,24
19855,28
19856,35
19857,28
19858,40
19859,28
19860,5
19861,33
19862,13
19863,30
19864,28
19865,25
19866,25
19867,33
19868,34
19869,31
19870,37
19871,32
19872,30
19873,33
19874,28
19875,28
19876,25
19877,2
19878,27
19879,29
19880,28
19881,36
19882,31
19883,34
19884,21
19885,37
19886,23
19887,26
19888,30
19889,24
19890,26
19891,25
19892,33
19893,29
19894,37
19895,2
19896,39
19897,21
19898,36
19899,34
19900,40
19901,26
19902,28
19903,1
19904,24
19905,24
19906,31
19907,37
19908,33
19909,3
19910,35
19911,27
19912,4
19913,25
19914,1
19915,38
19916,31
19917,35
19918,25
19919,28
19920,40
19921,25
19922,28
19923,7
19924,29
19925,39
19926,33
19927,28
19928,31
19929,1
19930,3
19931,28
19932,24
19933,28
19934,32
19935,28
19936,32
19937,37
19938,42
19939,23
19940,28
19941,1
19942,24
19943,0
19944,27
19945,27
19946,37
19947,42
19948,27
19949,26
19950,37
19951,36
19952,31
19953,32
19954,48
19955,29
19956,4
19957,31
19958,28
19959,4
19960,38
19961,34
19962,34
19963,28
19964,30
19965,30
19966,37
19967,16
19968,28
19969,35
19970,30
19971,30
19972,29
19973,38
19974,1
19975,4
19976,38
19977,3
19978,22
19979,27
19980,22
19981,30
19982,26
19983,23
19984,34
19985,28
19986,42
19987,35
19988,2
19989,34
19990,30
19991,3
19992,22
19993,26
19994,28
19995,32
19996,28
19997,35
19998,31
19999,38
20000,28
20001,33
20002,1
20003,27
20004,38
20005,5
20006,24
20007,25
20008,35
20009,34
20010,25
20011,40
20012,32
20013,28
20014,28
20015,30
20016,35
20017,27
20018,40
20019,27
20020,35
20021,28
20022,4
20023,28
20024,28
20025,39
20026,28
20027,30
20028,31
20029,28
20030,31
20031,19
20032,25
20033,17
20034,24
20035,32
20036,30
20037,23
20038,24
20039,24
20040,24
20041,35
20042,35
20043,22
20044,30
20045,37
20046,26
20047,4
20048,31
20049,28
20050,25
20051,25
20052,1
20053,21
20054,1
20055,38
20056,30
20057,37
20058,22
20059,4
20060,34
20061,32
20062,5
20063,22
20064,34
20065,3
20066,24
20067,32
20068,28
20069,27
20070,23
20071,25
20072,24
20073,4
20074,40
20075,40
20076,17
20077,25
20078,6
20079,5
20080,5
20081,37
20082,29
20083,26
20084,27
20085,29
20086,33
20087,31
20088,3
20089,28
20090,42
20091,12
20092,30
20093,30
20094,30
20095,28
20096,34
20097,24
20098,27
20099,33
20100,25
20101,31
20102,27
20103,37
20104,3
20105,2
20106,5
20107,5
20108,5
20109,3
20110,4
20111,3
20112,4
20113,3
20114,5
20115,3
20116,2
20117,0
20118,2
20119,5
20120,4
20121,6
20122,2
20123,2
20124,7
20125,3
20126,7
20127,2
20128,2
20129,4
20130,4
20131,1
20132,4
20133,2
20134,1
20135,6
20136,5
20137,4
20138,3
20139,2
20140,2
20141,6
20142,5
20143,4
20144,0
20145,4
20146,3
20147,2
20148,3
20149,4
20150,8
20151,3
20152,4
20153,4
20154,3
20155,1
20156,1
20157,0
20158,2
20159,2
