minute,count
0,1
1,2
2,0
3,0
4,2
5,0
6,1
7,3
8,0
9,3
10,2
11,2
12,0
13,2
14,3
15,3
16,2
17,0
18,1
19,0
20,0
21,1
22,4
23,0
24,1
25,1
26,0
27,0
28,1
29,2
30,0
31,1
32,1
33,2
34,0
35,3
36,0
37,0
38,0
39,1
40,2
41,2
42,1
43,2
44,2
45,1
46,0
47,0
48,2
49,0
50,3
51,1
52,1
53,0
54,0
55,0
56,1
57,1
58,0
59,0
60,0
61,1
62,0
63,1
64,0
65,1
66,3
67,0
68,3
69,1
70,3
71,1
72,1
73,1
74,1
75,0
76,0
77,0
78,2
79,1
80,1
81,0
82,1
83,0
84,1
85,2
86,4
87,2
88,2
89,2
90,0
91,1
92,3
93,1
94,1
95,0
96,2
97,1
98,0
99,1
100,1
101,0
102,1
103,0
104,2
105,1
106,0
107,1
108,1
109,0
110,1
111,0
112,1
113,2
114,2
115,0
116,0
117,1
118,0
119,0
120,1
121,0
122,1
123,1
124,1
125,0
126,1
127,0
128,1
129,1
130,1
131,1
132,0
133,1
134,1
135,1
136,0
137,0
138,1
139,3
140,0
141,0
142,0
143,0
144,0
145,0
146,0
147,0
148,3
149,1
150,1
151,2
152,2
153,1
154,1
155,1
156,1
157,0
158,1
159,3
160,1
161,0
162,1
163,1
164,1
165,1
166,0
167,1
168,1
169,0
170,1
171,0
172,1
173,0
174,2
175,0
176,1
177,2
178,0
179,0
180,0
181,0
182,3
183,2
184,2
185,1
186,0
187,4
188,0
189,0
190,2
191,1
192,1
193,0
194,0
195,0
196,0
197,1
198,1
199,0
200,1
201,0
202,3
203,1
204,0
205,1
206,2
207,2
208,1
209,3
210,3
211,0
212,2
213,2
214,0
215,0
216,1
217,2
218,1
219,1
220,0
221,0
222,1
223,1
224,1
225,2
226,2
227,1
228,1
229,2
230,2
231,1
232,0
233,3
234,1
235,2
236,0
237,0
238,0
239,0
240,2
241,0
242,2
243,0
244,1
245,0
246,3
247,1
248,0
249,3
250,0
251,2
252,1
253,2
254,1
255,1
256,1
257,0
258,3
259,2
260,0
261,2
262,2
263,0
264,0
265,2
266,1
267,0
268,1
269,2
270,0
271,2
272,2
273,1
274,2
275,0
276,0
277,3
278,0
279,2
280,2
281,1
282,1
283,0
284,4
285,3
286,1
287,1
288,1
289,2
290,1
291,2
292,1
293,2
294,0
295,1
296,3
297,0
298,0
299,0
300,3
301,0
302,2
303,1
304,1
305,1
306,2
307,0
308,1
309,0
310,1
311,0
312,1
313,2
314,1
315,1
316,1
317,0
318,3
319,0
320,2
321,0
322,0
323,0
324,0
325,1
326,0
327,1
328,1
329,0
330,0
331,0
332,0
333,0
334,0
335,0
336,1
337,2
338,0
339,1
340,1
341,2
342,0
343,1
344,4
345,1
346,1
347,0
348,2
349,1
350,0
351,5
352,3
353,0
354,2
355,0
356,3
357,3
358,1
359,0
360,0
361,2
362,2
363,2
364,0
365,3
366,0
367,2
368,2
369,3
370,2
371,1
372,1
373,3
374,0
375,0
376,1
377,0
378,2
379,1
380,1
381,0
382,1
383,0
384,1
385,1
386,0
387,0
388,2
389,1
390,0
391,0
392,1
393,2
394,0
395,1
396,0
397,0
398,1
399,0
400,1
401,2
402,1
403,1
404,1
405,2
406,3
407,0
408,1
409,1
410,2
411,3
412,0
413,2
414,0
415,0
416,1
417,0
418,0
419,2
420,1
421,1
422,1
423,1
424,2
425,7
426,5
427,4
428,3
429,4
430,9
431,5
432,5
433,5
434,3
435,9
436,2
437,8
438,5
439,6
440,1
441,7
442,9
443,5
444,3
445,3
446,5
447,3
448,0
449,3
450,8
451,0
452,7
453,7
454,12
455,5
456,4
457,1
458,5
459,3
460,4
461,7
462,5
463,4
464,4
465,3
466,4
467,9
468,2
469,5
470,8
471,7
472,4
473,3
474,7
475,3
476,6
477,8
478,5
479,5
480,2
481,4
482,3
483,7
484,6
485,1
486,9
487,3
488,5
489,6
490,5
491,8
492,3
493,3
494,7
495,3
496,5
497,7
498,0
499,10
500,3
501,6
502,3
503,5
504,7
505,5
506,8
507,8
508,1
509,4
510,1
511,6
512,7
513,3
514,4
515,6
516,5
517,2
518,7
519,6
520,5
521,5
522,3
523,3
524,5
525,0
526,2
527,5
528,6
529,5
530,7
531,0
532,6
533,7
534,4
535,5
536,3
537,4
538,2
539,6
540,5
541,8
542,7
543,5
544,4
545,4
546,4
547,2
548,8
549,3
550,7
551,5
552,5
553,1
554,5
555,3
556,7
557,7
558,7
559,6
560,10
561,3
562,3
563,2
564,6
565,2
566,7
567,5
568,6
569,1
570,10
571,5
572,3
573,4
574,1
575,7
576,1
577,7
578,5
579,4
580,6
581,7
582,3
583,1
584,4
585,5
586,1
587,5
588,2
589,5
590,4
591,1
592,0
593,5
594,8
595,10
596,2
597,3
598,5
599,5
600,3
601,1
602,3
603,7
604,0
605,4
606,4
607,3
608,11
609,8
610,0
611,7
612,5
613,6
614,5
615,7
616,1
617,3
618,5
619,5
620,3
621,7
622,4
623,5
624,5
625,10
626,3
627,5
628,5
629,2
630,4
631,4
632,7
633,3
634,10
635,4
636,7
637,2
638,2
639,8
640,5
641,2
642,4
643,4
644,4
645,3
646,6
647,7
648,4
649,1
650,4
651,3
652,0
653,4
654,5
655,5
656,3
657,4
658,6
659,7
660,10
661,5
662,8
663,6
664,5
665,6
666,4
667,5
668,9
669,10
670,6
671,5
672,3
673,1
674,4
675,3
676,5
677,7
678,1
679,6
680,4
681,4
682,3
683,2
684,5
685,3
686,10
687,3
688,1
689,10
690,3
691,6
692,8
693,9
694,2
695,1
696,5
697,5
698,6
699,6
700,6
701,9
702,3
703,6
704,4
705,5
706,5
707,4
708,2
709,2
710,10
711,6
712,1
713,4
714,7
715,6
716,6
717,3
718,6
719,5
720,8
721,3
722,8
723,7
724,6
725,6
726,6
727,4
728,6
729,5
730,9
731,4
732,6
733,1
734,5
735,11
736,3
737,6
738,8
739,8
740,9
741,3
742,8
743,0
744,8
745,5
746,7
747,7
748,0
749,0
750,1
751,1
752,4
753,3
754,6
755,11
756,7
757,4
758,3
759,5
760,6
761,8
762,2
763,5
764,3
765,6
766,4
767,3
768,1
769,8
770,4
771,7
772,5
773,5
774,4
775,7
776,6
777,4
778,5
779,3
780,3
781,0
782,6
783,7
784,7
785,5
786,4
787,4
788,3
789,3
790,1
791,5
792,3
793,9
794,2
795,3
796,7
797,4
798,3
799,3
800,4
801,4
802,5
803,2
804,4
805,1
806,3
807,0
808,6
809,6
810,2
811,5
812,8
813,3
814,7
815,0
816,4
817,3
818,3
819,5
820,7
821,6
822,10
823,4
824,7
825,4
826,4
827,7
828,6
829,1
830,6
831,5
832,5
833,3
834,5
835,2
836,0
837,5
838,3
839,4
840,7
841,0
842,4
843,4
844,4
845,4
846,2
847,5
848,1
849,5
850,7
851,3
852,6
853,4
854,2
855,2
856,4
857,5
858,2
859,6
860,2
861,4
862,3
863,6
864,8
865,1
866,9
867,8
868,6
869,3
870,7
871,6
872,3
873,1
874,4
875,5
876,0
877,8
878,3
879,1
880,7
881,6
882,7
883,7
884,7
885,6
886,9
887,4
888,5
889,2
890,4
891,6
892,1
893,1
894,4
895,3
896,7
897,4
898,6
899,6
900,4
901,6
902,1
903,6
904,0
905,3
906,5
907,1
908,0
909,8
910,7
911,3
912,3
913,3
914,4
915,5
916,0
917,3
918,5
919,2
920,5
921,6
922,9
923,8
924,0
925,6
926,7
927,0
928,1
929,1
930,1
931,1
932,7
933,2
934,6
935,9
936,6
937,9
938,1
939,2
940,7
941,5
942,1
943,7
944,7
945,5
946,5
947,7
948,4
949,3
950,10
951,4
952,5
953,0
954,0
955,3
956,7
957,0
958,5
959,8
960,5
961,7
962,5
963,3
964,3
965,4
966,3
967,1
968,4
969,1
970,1
971,3
972,6
973,8
974,4
975,5
976,4
977,2
978,7
979,5
980,5
981,7
982,7
983,5
984,4
985,2
986,6
987,2
988,5
989,5
990,5
991,13
992,6
993,5
994,3
995,5
996,1
997,9
998,6
999,4
1000,5
1001,3
1002,5
1003,1
1004,7
1005,3
1006,3
1007,4
1008,3
1009,0
1010,8
1011,3
1012,7
1013,5
1014,3
1015,5
1016,5
1017,9
1018,5
1019,5
1020,4
1021,0
1022,7
1023,9
1024,5
1025,5
1026,8
1027,2
1028,5
1029,2
1030,1
1031,1
1032,4
1033,7
1034,1
1035,3
1036,7
1037,5
1038,1
1039,6
1040,6
1041,2
1042,2
1043,3
1044,7
1045,1
1046,1
1047,5
1048,1
1049,6
1050,4
1051,8
1052,4
1053,5
1054,3
1055,4
1056,6
1057,2
1058,6
1059,2
1060,5
1061,4
1062,4
1063,7
1064,3
1065,3
1066,2
1067,5
1068,4
1069,6
1070,1
1071,6
1072,3
1073,5
1074,6
1075,2
1076,1
1077,2
1078,10
1079,10
1080,3
1081,4
1082,6
1083,6
1084,5
1085,6
1086,1
1087,3
1088,5
1089,6
1090,2
1091,9
1092,6
1093,7
1094,5
1095,6
1096,6
1097,5
1098,0
1099,5
1100,4
1101,2
1102,4
1103,3
1104,3
1105,6
1106,6
1107,4
1108,3
1109,8
1110,2
1111,5
1112,6
1113,3
1114,1
1115,7
1116,4
1117,2
1118,5
1119,0
1120,3
1121,4
1122,9
1123,2
1124,4
1125,6
1126,3
1127,8
1128,7
1129,4
1130,5
1131,5
1132,6
1133,7
1134,2
1135,3
1136,4
1137,4
1138,5
1139,1
1140,14
1141,9
1142,0
1143,4
1144,4
1145,9
1146,1
1147,2
1148,7
1149,5
1150,1
1151,4
1152,6
1153,2
1154,4
1155,8
1156,4
1157,6
1158,6
1159,5
1160,7
1161,3
1162,6
1163,8
1164,3
1165,6
1166,3
1167,1
1168,2
1169,6
1170,9
1171,4
1172,5
1173,4
1174,6
1175,5
1176,5
1177,1
1178,6
1179,5
1180,5
1181,5
1182,9
1183,5
1184,5
1185,1
1186,8
1187,2
1188,4
1189,5
1190,5
1191,2
1192,6
1193,5
1194,0
1195,8
1196,4
1197,0
1198,11
1199,6
1200,11
1201,4
1202,6
1203,10
1204,4
1205,2
1206,1
1207,3
1208,6
1209,0
1210,3
1211,6
1212,2
1213,7
1214,4
1215,4
1216,4
1217,5
1218,6
1219,7
1220,3
1221,8
1222,3
1223,5
1224,4
1225,1
1226,3
1227,2
1228,7
1229,4
1230,5
1231,6
1232,6
1233,7
1234,4
1235,4
1236,2
1237,5
1238,6
1239,8
1240,4
1241,2
1242,3
1243,6
1244,6
1245,7
1246,5
1247,5
1248,7
1249,3
1250,7
1251,7
1252,0
1253,6
1254,6
1255,3
1256,6
1257,4
1258,1
1259,7
1260,7
1261,1
1262,2
1263,4
1264,1
1265,6
1266,2
1267,4
1268,10
1269,1
1270,4
1271,3
1272,2
1273,5
1274,1
1275,7
1276,1
1277,5
1278,6
1279,1
1280,8
1281,12
1282,2
1283,1
1284,7
1285,5
1286,4
1287,6
1288,2
1289,5
1290,7
1291,6
1292,4
1293,1
1294,9
1295,4
1296,6
1297,4
1298,3
1299,6
1300,3
1301,4
1302,0
1303,6
1304,7
1305,5
1306,3
1307,4
1308,7
1309,6
1310,4
1311,6
1312,6
1313,7
1314,3
1315,0
1316,1
1317,6
1318,5
1319,1
1320,4
1321,8
1322,3
1323,3
1324,1
1325,5
1326,5
1327,4
1328,5
1329,6
1330,2
1331,6
1332,1
1333,4
1334,6
1335,2
1336,3
1337,2
1338,5
1339,0
1340,3
1341,7
1342,5
1343,6
1344,3
1345,7
1346,2
1347,4
1348,5
1349,6
1350,8
1351,9
1352,5
1353,4
1354,4
1355,6
1356,6
1357,6
1358,1
1359,4
1360,6
1361,10
1362,5
1363,3
1364,3
1365,9
1366,4
1367,8
1368,5
1369,7
1370,5
1371,2
1372,1
1373,4
1374,7
1375,4
1376,1
1377,4
1378,6
1379,1
1380,5
1381,5
1382,4
1383,4
1384,1
1385,0
1386,1
1387,0
1388,1
1389,0
1390,0
1391,0
1392,1
1393,1
1394,1
1395,0
1396,3
1397,0
1398,3
1399,2
1400,1
1401,1
1402,0
1403,1
1404,2
1405,2
1406,1
1407,0
1408,0
1409,0
1410,0
1411,1
1412,1
1413,0
1414,1
1415,3
1416,1
1417,1
1418,2
1419,5
1420,0
1421,0
1422,0
1423,1
1424,0
1425,1
1426,0
1427,2
1428,3
1429,0
1430,1
1431,1
1432,0
1433,1
1434,0
1435,2
1436,0
1437,1
1438,0
1439,1
1440,0
1441,2
1442,1
1443,0
1444,1
1445,0
1446,0
1447,1
1448,0
1449,0
1450,0
1451,0
1452,1
1453,0
1454,0
1455,0
1456,2
1457,0
1458,0
1459,1
1460,2
1461,1
1462,1
1463,0
1464,1
1465,3
1466,2
1467,1
1468,1
1469,0
1470,3
1471,1
1472,1
1473,1
1474,1
1475,1
1476,1
1477,2
1478,2
1479,0
1480,1
1481,2
1482,0
1483,1
1484,1
1485,0
1486,1
1487,1
1488,1
1489,0
1490,2
1491,0
1492,2
1493,2
1494,0
1495,1
1496,1
1497,0
1498,3
1499,2
1500,0
1501,1
1502,0
1503,1
1504,1
1505,2
1506,1
1507,0
1508,0
1509,0
1510,0
1511,0
1512,1
1513,0
1514,1
1515,1
1516,0
1517,0
1518,3
1519,0
1520,2
1521,1
1522,2
1523,2
1524,0
1525,1
1526,1
1527,1
1528,0
1529,0
1530,3
1531,0
1532,1
1533,0
1534,0
1535,2
1536,1
1537,0
1538,1
1539,2
1540,1
1541,0
1542,3
1543,2
1544,1
1545,2
1546,1
1547,0
1548,0
1549,1
1550,0
1551,1
1552,1
1553,1
1554,1
1555,2
1556,0
1557,0
1558,1
1559,0
1560,1
1561,2
1562,2
1563,0
1564,1
1565,1
1566,2
1567,2
1568,1
1569,1
1570,2
1571,2
1572,0
1573,1
1574,0
1575,1
1576,0
1577,0
1578,0
1579,2
1580,0
1581,0
1582,0
1583,1
1584,1
1585,1
1586,2
1587,1
1588,0
1589,4
1590,3
1591,1
1592,3
1593,3
1594,0
1595,0
1596,2
1597,2
1598,2
1599,0
1600,0
1601,1
1602,0
1603,1
1604,1
1605,2
1606,1
1607,2
1608,1
1609,0
1610,1
1611,2
1612,2
1613,0
1614,5
1615,2
1616,2
1617,1
1618,1
1619,1
1620,2
1621,1
1622,2
1623,0
1624,1
1625,1
1626,0
1627,4
1628,0
1629,1
1630,0
1631,0
1632,1
1633,0
1634,1
1635,1
1636,0
1637,0
1638,0
1639,0
1640,2
1641,1
1642,0
1643,1
1644,0
1645,0
1646,1
1647,1
1648,2
1649,0
1650,2
1651,1
1652,1
1653,0
1654,2
1655,0
1656,2
1657,1
1658,1
1659,1
1660,1
1661,1
1662,0
1663,0
1664,2
1665,2
1666,0
1667,0
1668,2
1669,1
1670,1
1671,0
1672,0
1673,0
1674,4
1675,1
1676,1
1677,1
1678,2
1679,1
1680,0
1681,1
1682,1
1683,1
1684,1
1685,1
1686,2
1687,1
1688,2
1689,1
1690,0
1691,2
1692,1
1693,1
1694,1
1695,2
1696,2
1697,1
1698,0
1699,1
1700,1
1701,0
1702,1
1703,1
1704,0
1705,0
1706,2
1707,1
1708,2
1709,1
1710,3
1711,0
1712,1
1713,0
1714,1
1715,0
1716,2
1717,1
1718,0
1719,1
1720,1
1721,1
1722,1
1723,0
1724,0
1725,2
1726,3
1727,3
1728,2
1729,1
1730,1
1731,2
1732,1
1733,1
1734,1
1735,1
1736,0
1737,2
1738,1
1739,1
1740,2
1741,2
1742,1
1743,1
1744,1
1745,2
1746,0
1747,0
1748,2
1749,0
1750,1
1751,2
1752,1
1753,1
1754,0
1755,0
1756,1
1757,1
1758,1
1759,0
1760,1
1761,1
1762,0
1763,1
1764,1
1765,2
1766,0
1767,2
1768,1
1769,2
1770,0
1771,1
1772,1
1773,1
1774,0
1775,2
1776,1
1777,0
1778,1
1779,0
1780,0
1781,3
1782,2
1783,0
1784,1
1785,0
1786,0
1787,3
1788,2
1789,2
1790,0
1791,1
1792,0
1793,0
1794,2
1795,1
1796,1
1797,1
1798,0
1799,1
1800,3
1801,2
1802,3
1803,0
1804,0
1805,0
1806,2
1807,1
1808,1
1809,0
1810,0
1811,1
1812,0
1813,0
1814,1
1815,0
1816,1
1817,0
1818,1
1819,0
1820,1
1821,1
1822,0
1823,0
1824,1
1825,1
1826,0
1827,1
1828,1
1829,0
1830,5
1831,1
1832,1
1833,0
1834,1
1835,2
1836,2
1837,2
1838,3
1839,1
1840,3
1841,1
1842,1
1843,0
1844,1
1845,0
1846,0
1847,1
1848,0
1849,1
1850,1
1851,1
1852,1
1853,1
1854,0
1855,0
1856,2
1857,0
1858,1
1859,1
1860,1
1861,4
1862,3
1863,0
1864,2
1865,1
1866,0
1867,3
1868,1
1869,2
1870,0
1871,1
1872,1
1873,1
1874,0
1875,0
1876,1
1877,2
1878,1
1879,0
1880,2
1881,2
1882,1
1883,1
1884,1
1885,0
1886,1
1887,2
1888,1
1889,0
1890,1
1891,0
1892,2
1893,2
1894,1
1895,1
1896,1
1897,5
1898,5
1899,6
1900,2
1901,4
1902,4
1903,7
1904,4
1905,4
1906,6
1907,4
1908,3
1909,4
1910,7
1911,5
1912,4
1913,8
1914,4
1915,3
1916,3
1917,5
1918,4
1919,7
1920,2
1921,5
1922,4
1923,4
1924,3
1925,7
1926,5
1927,2
1928,3
1929,4
1930,4
1931,4
1932,1
1933,6
1934,4
1935,3
1936,3
1937,3
1938,3
1939,7
1940,3
1941,5
1942,3
1943,2
1944,1
1945,2
1946,7
1947,7
1948,9
1949,3
1950,6
1951,7
1952,6
1953,6
1954,9
1955,7
1956,3
1957,6
1958,1
1959,1
1960,5
1961,5
1962,3
1963,3
1964,2
1965,7
1966,6
1967,2
1968,4
1969,7
1970,3
1971,1
1972,8
1973,2
1974,5
1975,3
1976,6
1977,2
1978,2
1979,5
1980,4
1981,7
1982,8
1983,6
1984,7
1985,5
1986,1
1987,3
1988,4
1989,1
1990,4
1991,8
1992,13
1993,5
1994,3
1995,3
1996,6
1997,4
1998,1
1999,3
2000,4
2001,4
2002,1
2003,4
2004,2
2005,1
2006,3
2007,4
2008,7
2009,5
2010,6
2011,2
2012,5
2013,7
2014,5
2015,3
2016,5
2017,4
2018,5
2019,5
2020,4
2021,2
2022,3
2023,8
2024,10
2025,3
2026,7
2027,2
2028,7
2029,8
2030,4
2031,3
2032,7
2033,4
2034,7
2035,5
2036,3
2037,6
2038,5
2039,2
2040,1
2041,4
2042,2
2043,0
2044,7
2045,2
2046,8
2047,3
2048,6
2049,6
2050,6
2051,0
2052,4
2053,8
2054,4
2055,3
2056,4
2057,4
2058,2
2059,5
2060,3
2061,7
2062,6
2063,6
2064,3
2065,8
2066,0
2067,2
2068,7
2069,10
2070,7
2071,4
2072,5
2073,8
2074,6
2075,5
2076,10
2077,1
2078,6
2079,4
2080,5
2081,8
2082,4
2083,9
2084,8
2085,1
2086,0
2087,8
2088,3
2089,5
2090,4
2091,0
2092,8
2093,0
2094,5
2095,3
2096,3
2097,5
2098,9
2099,7
2100,6
2101,3
2102,5
2103,2
2104,5
2105,5
2106,8
2107,9
2108,5
2109,2
2110,3
2111,9
2112,10
2113,4
2114,10
2115,3
2116,1
2117,7
2118,2
2119,4
2120,1
2121,3
2122,5
2123,5
2124,1
2125,5
2126,1
2127,4
2128,7
2129,3
2130,8
2131,6
2132,3
2133,5
2134,9
2135,4
2136,5
2137,4
2138,5
2139,2
2140,9
2141,5
2142,4
2143,7
2144,8
2145,3
2146,7
2147,5
2148,0
2149,8
2150,8
2151,3
2152,8
2153,5
2154,8
2155,7
2156,7
2157,1
2158,4
2159,8
2160,7
2161,5
2162,5
2163,4
2164,2
2165,1
2166,5
2167,1
2168,3
2169,8
2170,2
2171,2
2172,4
2173,7
2174,1
2175,7
2176,3
2177,6
2178,4
2179,5
2180,0
2181,2
2182,5
2183,5
2184,0
2185,0
2186,0
2187,4
2188,8
2189,2
2190,6
2191,5
2192,5
2193,10
2194,9
2195,10
2196,15
2197,3
2198,4
2199,8
2200,5
2201,3
2202,2
2203,1
2204,4
2205,3
2206,7
2207,4
2208,6
2209,0
2210,8
2211,4
2212,4
2213,2
2214,4
2215,1
2216,9
2217,7
2218,7
2219,6
2220,4
2221,7
2222,8
2223,7
2224,5
2225,8
2226,1
2227,2
2228,6
2229,3
2230,8
2231,4
2232,3
2233,3
2234,8
2235,5
2236,7
2237,3
2238,2
2239,6
2240,8
2241,8
2242,5
2243,2
2244,4
2245,2
2246,5
2247,3
2248,3
2249,1
2250,4
2251,3
2252,8
2253,8
2254,3
2255,2
2256,7
2257,3
2258,9
2259,3
2260,4
2261,2
2262,5
2263,0
2264,3
2265,4
2266,5
2267,7
2268,3
2269,3
2270,5
2271,4
2272,2
2273,6
2274,6
2275,3
2276,3
2277,5
2278,3
2279,3
2280,6
2281,3
2282,0
2283,0
2284,9
2285,6
2286,2
2287,5
2288,0
2289,2
2290,7
2291,1
2292,2
2293,4
2294,8
2295,7
2296,4
2297,3
2298,4
2299,8
2300,6
2301,0
2302,7
2303,6
2304,5
2305,2
2306,5
2307,1
2308,6
2309,0
2310,7
2311,8
2312,0
2313,1
2314,4
2315,3
2316,7
2317,6
2318,4
2319,6
2320,4
2321,9
2322,7
2323,4
2324,3
2325,6
2326,3
2327,6
2328,4
2329,6
2330,7
2331,5
2332,1
2333,8
2334,5
2335,6
2336,3
2337,5
2338,5
2339,11
2340,6
2341,10
2342,5
2343,0
2344,7
2345,0
2346,8
2347,9
2348,2
2349,6
2350,2
2351,5
2352,12
2353,13
2354,7
2355,2
2356,6
2357,7
2358,5
2359,6
2360,7
2361,2
2362,8
2363,2
2364,5
2365,4
2366,5
2367,8
2368,3
2369,6
2370,5
2371,1
2372,3
2373,2
2374,6
2375,0
2376,5
2377,6
2378,10
2379,6
2380,1
2381,4
2382,8
2383,5
2384,3
2385,6
2386,4
2387,3
2388,5
2389,6
2390,6
2391,2
2392,4
2393,2
2394,4
2395,5
2396,3
2397,3
2398,3
2399,1
2400,5
2401,8
2402,5
2403,7
2404,6
2405,11
2406,4
2407,8
2408,7
2409,2
2410,1
2411,3
2412,3
2413,5
2414,6
2415,5
2416,4
2417,0
2418,5
2419,3
2420,4
2421,4
2422,6
2423,2
2424,5
2425,7
2426,3
2427,7
2428,1
2429,4
2430,7
2431,1
2432,8
2433,8
2434,3
2435,5
2436,10
2437,2
2438,6
2439,11
2440,7
2441,6
2442,8
2443,4
2444,13
2445,3
2446,5
2447,8
2448,1
2449,1
2450,4
2451,6
2452,4
2453,7
2454,6
2455,3
2456,1
2457,3
2458,4
2459,7
2460,5
2461,2
2462,4
2463,6
2464,5
2465,3
2466,4
2467,4
2468,3
2469,8
2470,6
2471,5
2472,3
2473,1
2474,4
2475,6
2476,8
2477,3
2478,7
2479,9
2480,5
2481,1
2482,3
2483,3
2484,3
2485,9
2486,1
2487,8
2488,4
2489,6
2490,7
2491,2
2492,4
2493,6
2494,5
2495,6
2496,6
2497,2
2498,4
2499,0
2500,5
2501,2
2502,8
2503,11
2504,7
2505,6
2506,6
2507,4
2508,5
2509,2
2510,3
2511,8
2512,3
2513,2
2514,5
2515,7
2516,7
2517,5
2518,8
2519,4
2520,4
2521,2
2522,5
2523,4
2524,0
2525,3
2526,1
2527,2
2528,9
2529,3
2530,6
2531,3
2532,5
2533,0
2534,9
2535,10
2536,6
2537,6
2538,5
2539,6
2540,7
2541,3
2542,3
2543,3
2544,1
2545,10
2546,7
2547,0
2548,3
2549,5
2550,1
2551,4
2552,4
2553,0
2554,3
2555,9
2556,2
2557,5
2558,4
2559,3
2560,6
2561,0
2562,4
2563,3
2564,9
2565,1
2566,0
2567,7
2568,8
2569,9
2570,3
2571,5
2572,4
2573,1
2574,6
2575,4
2576,5
2577,3
2578,4
2579,6
2580,7
2581,5
2582,4
2583,3
2584,9
2585,7
2586,6
2587,8
2588,5
2589,6
2590,11
2591,6
2592,4
2593,4
2594,5
2595,5
2596,3
2597,1
2598,4
2599,3
2600,4
2601,2
2602,4
2603,3
2604,6
2605,1
2606,6
2607,3
2608,4
2609,5
2610,3
2611,3
2612,7
2613,7
2614,9
2615,8
2616,8
2617,4
2618,8
2619,1
2620,5
2621,6
2622,3
2623,5
2624,3
2625,5
2626,6
2627,5
2628,4
2629,6
2630,2
2631,4
2632,3
2633,5
2634,6
2635,0
2636,3
2637,3
2638,3
2639,8
2640,6
2641,4
2642,4
2643,8
2644,9
2645,8
2646,1
2647,6
2648,4
2649,4
2650,7
2651,1
2652,6
2653,1
2654,5
2655,5
2656,3
2657,8
2658,4
2659,2
2660,3
2661,6
2662,8
2663,9
2664,6
2665,6
2666,1
2667,6
2668,5
2669,1
2670,7
2671,7
2672,3
2673,7
2674,13
2675,0
2676,2
2677,3
2678,5
2679,3
2680,2
2681,2
2682,7
2683,3
2684,5
2685,7
2686,5
2687,1
2688,7
2689,2
2690,4
2691,7
2692,0
2693,4
2694,4
2695,6
2696,5
2697,4
2698,3
2699,2
2700,2
2701,7
2702,0
2703,8
2704,2
2705,6
2706,6
2707,5
2708,2
2709,5
2710,8
2711,5
2712,0
2713,0
2714,4
2715,1
2716,3
2717,5
2718,7
2719,9
2720,10
2721,5
2722,8
2723,3
2724,8
2725,8
2726,2
2727,5
2728,2
2729,2
2730,5
2731,5
2732,4
2733,3
2734,1
2735,3
2736,0
2737,6
2738,6
2739,5
2740,2
2741,3
2742,3
2743,3
2744,1
2745,6
2746,3
2747,8
2748,1
2749,7
2750,0
2751,2
2752,7
2753,8
2754,4
2755,1
2756,0
2757,3
2758,7
2759,5
2760,1
2761,6
2762,1
2763,5
2764,4
2765,3
2766,4
2767,4
2768,2
2769,3
2770,3
2771,2
2772,9
2773,5
2774,7
2775,4
2776,0
2777,2
2778,0
2779,6
2780,7
2781,2
2782,6
2783,3
2784,4
2785,5
2786,7
2787,3
2788,6
2789,8
2790,6
2791,3
2792,2
2793,3
2794,7
2795,4
2796,3
2797,9
2798,5
2799,6
2800,1
2801,6
2802,4
2803,8
2804,2
2805,4
2806,3
2807,1
2808,7
2809,4
2810,6
2811,6
2812,6
2813,2
2814,7
2815,6
2816,2
2817,3
2818,3
2819,6
2820,5
2821,3
2822,7
2823,7
2824,5
2825,7
2826,5
2827,6
2828,5
2829,4
2830,7
2831,9
2832,6
2833,2
2834,7
2835,0
2836,7
2837,2
2838,2
2839,2
2840,5
2841,5
2842,5
2843,4
2844,6
2845,6
2846,3
2847,6
2848,7
2849,3
2850,5
2851,4
2852,5
2853,8
2854,4
2855,9
2856,2
2857,0
2858,5
2859,1
2860,1
2861,0
2862,1
2863,2
2864,2
2865,2
2866,0
2867,4
2868,1
2869,1
2870,0
2871,0
2872,0
2873,2
2874,1
2875,1
2876,2
2877,1
2878,0
2879,2
2880,2
2881,0
2882,0
2883,1
2884,0
2885,1
2886,0
2887,3
2888,1
2889,0
2890,0
2891,2
2892,1
2893,0
2894,1
2895,1
2896,1
2897,0
2898,2
2899,1
2900,0
2901,4
2902,1
2903,0
2904,4
2905,0
2906,2
2907,0
2908,1
2909,1
2910,1
2911,1
2912,0
2913,0
2914,2
2915,1
2916,1
2917,0
2918,3
2919,0
2920,0
2921,1
2922,1
2923,0
2924,1
2925,1
2926,1
2927,0
2928,1
2929,1
2930,1
2931,1
2932,2
2933,2
2934,1
2935,0
2936,1
2937,0
2938,2
2939,1
2940,2
2941,1
2942,0
2943,0
2944,2
2945,1
2946,3
2947,3
2948,1
2949,2
2950,0
2951,3
2952,1
2953,1
2954,0
2955,0
2956,0
2957,3
2958,1
2959,0
2960,2
2961,1
2962,2
2963,1
2964,2
2965,3
2966,2
2967,4
2968,2
2969,1
2970,0
2971,1
2972,1
2973,0
2974,0
2975,1
2976,1
2977,1
2978,1
2979,2
2980,3
2981,2
2982,0
2983,0
2984,1
2985,1
2986,1
2987,1
2988,1
2989,1
2990,1
2991,0
2992,0
2993,0
2994,1
2995,3
2996,0
2997,1
2998,0
2999,2
3000,0
3001,0
3002,2
3003,1
3004,5
3005,0
3006,2
3007,1
3008,2
3009,1
3010,0
3011,0
3012,2
3013,0
3014,0
3015,3
3016,0
3017,1
3018,0
3019,0
3020,0
3021,1
3022,1
3023,0
3024,0
3025,2
3026,0
3027,2
3028,1
3029,2
3030,2
3031,2
3032,1
3033,1
3034,0
3035,1
3036,1
3037,3
3038,1
3039,2
3040,0
3041,0
3042,2
3043,0
3044,0
3045,1
3046,2
3047,2
3048,0
3049,1
3050,0
3051,0
3052,2
3053,2
3054,0
3055,1
3056,1
3057,0
3058,0
3059,2
3060,1
3061,2
3062,4
3063,2
3064,0
3065,4
3066,1
3067,0
3068,1
3069,0
3070,0
3071,0
3072,1
3073,2
3074,1
3075,0
3076,1
3077,1
3078,1
3079,1
3080,0
3081,1
3082,3
3083,1
3084,3
3085,1
3086,1
3087,2
3088,0
3089,0
3090,1
3091,1
3092,0
3093,0
3094,2
3095,0
3096,0
3097,2
3098,1
3099,2
3100,1
3101,2
3102,0
3103,1
3104,0
3105,2
3106,3
3107,3
3108,0
3109,0
3110,2
3111,1
3112,1
3113,0
3114,2
3115,2
3116,0
3117,0
3118,1
3119,0
3120,0
3121,0
3122,2
3123,1
3124,1
3125,1
3126,1
3127,1
3128,3
3129,2
3130,0
3131,1
3132,1
3133,0
3134,2
3135,1
3136,1
3137,2
3138,0
3139,0
3140,1
3141,1
3142,0
3143,0
3144,1
3145,0
3146,3
3147,1
3148,3
3149,2
3150,0
3151,1
3152,1
3153,0
3154,1
3155,1
3156,1
3157,0
3158,2
3159,0
3160,1
3161,0
3162,2
3163,1
3164,0
3165,1
3166,1
3167,1
3168,2
3169,1
3170,1
3171,0
3172,0
3173,0
3174,1
3175,1
3176,2
3177,1
3178,0
3179,3
3180,0
3181,0
3182,0
3183,1
3184,1
3185,1
3186,1
3187,1
3188,2
3189,1
3190,1
3191,2
3192,1
3193,0
3194,0
3195,0
3196,0
3197,1
3198,1
3199,1
3200,1
3201,2
3202,2
3203,2
3204,2
3205,0
3206,3
3207,1
3208,1
3209,2
3210,0
3211,1
3212,0
3213,1
3214,3
3215,1
3216,0
3217,0
3218,1
3219,0
3220,0
3221,2
3222,0
3223,1
3224,1
3225,2
3226,2
3227,0
3228,1
3229,1
3230,2
3231,1
3232,1
3233,3
3234,0
3235,0
3236,0
3237,0
3238,1
3239,1
3240,1
3241,0
3242,0
3243,1
3244,1
3245,2
3246,1
3247,1
3248,1
3249,2
3250,1
3251,1
3252,1
3253,2
3254,2
3255,0
3256,2
3257,0
3258,1
3259,0
3260,1
3261,0
3262,0
3263,1
3264,0
3265,3
3266,1
3267,0
3268,1
3269,1
3270,0
3271,0
3272,1
3273,0
3274,1
3275,1
3276,3
3277,2
3278,1
3279,1
3280,0
3281,0
3282,1
3283,1
3284,1
3285,0
3286,2
3287,2
3288,1
3289,1
3290,0
3291,1
3292,1
3293,0
3294,0
3295,0
3296,0
3297,1
3298,1
3299,1
3300,4
3301,2
3302,0
3303,1
3304,6
3305,4
3306,1
3307,0
3308,0
3309,2
3310,2
3311,1
3312,1
3313,0
3314,1
3315,2
3316,0
3317,2
3318,1
3319,0
3320,1
3321,1
3322,1
3323,1
3324,1
3325,0
3326,2
3327,1
3328,4
3329,0
3330,1
3331,2
3332,0
3333,2
3334,1
3335,1
3336,0
3337,1
3338,1
3339,2
3340,0
3341,0
3342,0
3343,0
3344,1
3345,1
3346,0
3347,0
3348,0
3349,1
3350,0
3351,2
3352,2
3353,1
3354,0
3355,2
3356,1
3357,0
3358,0
3359,6
3360,3
3361,6
3362,0
3363,5
3364,3
3365,6
3366,8
3367,2
3368,5
3369,2
3370,4
3371,3
3372,4
3373,5
3374,6
3375,4
3376,7
3377,6
3378,1
3379,7
3380,8
3381,5
3382,3
3383,4
3384,3
3385,2
3386,2
3387,4
3388,3
3389,4
3390,6
3391,7
3392,0
3393,7
3394,5
3395,6
3396,4
3397,8
3398,2
3399,7
3400,5
3401,7
3402,11
3403,2
3404,2
3405,5
3406,8
3407,5
3408,4
3409,4
3410,5
3411,10
3412,10
3413,0
3414,5
3415,8
3416,8
3417,3
3418,3
3419,5
3420,2
3421,7
3422,2
3423,11
3424,5
3425,6
3426,3
3427,10
3428,4
3429,3
3430,4
3431,5
3432,5
3433,5
3434,5
3435,6
3436,5
3437,5
3438,8
3439,4
3440,9
3441,3
3442,4
3443,7
3444,4
3445,6
3446,6
3447,2
3448,2
3449,6
3450,3
3451,3
3452,3
3453,0
3454,7
3455,7
3456,3
3457,7
3458,4
3459,1
3460,4
3461,6
3462,2
3463,4
3464,1
3465,4
3466,1
3467,6
3468,3
3469,1
3470,4
3471,5
3472,2
3473,2
3474,1
3475,5
3476,1
3477,6
3478,7
3479,3
3480,5
3481,3
3482,3
3483,0
3484,4
3485,5
3486,3
3487,6
3488,3
3489,4
3490,5
3491,3
3492,8
3493,6
3494,4
3495,5
3496,6
3497,3
3498,7
3499,3
3500,9
3501,5
3502,1
3503,8
3504,4
3505,6
3506,4
3507,1
3508,0
3509,6
3510,5
3511,6
3512,6
3513,4
3514,5
3515,5
3516,3
3517,6
3518,2
3519,2
3520,7
3521,2
3522,7
3523,0
3524,3
3525,7
3526,4
3527,3
3528,8
3529,4
3530,5
3531,11
3532,11
3533,8
3534,2
3535,5
3536,2
3537,6
3538,3
3539,5
3540,3
3541,6
3542,3
3543,5
3544,2
3545,9
3546,0
3547,7
3548,2
3549,6
3550,0
3551,3
3552,6
3553,2
3554,7
3555,7
3556,4
3557,4
3558,8
3559,4
3560,6
3561,4
3562,5
3563,8
3564,6
3565,6
3566,4
3567,6
3568,4
3569,4
3570,6
3571,4
3572,0
3573,6
3574,5
3575,6
3576,2
3577,7
3578,3
3579,7
3580,6
3581,3
3582,5
3583,2
3584,4
3585,4
3586,7
3587,0
3588,3
3589,4
3590,4
3591,6
3592,5
3593,5
3594,6
3595,0
3596,2
3597,5
3598,6
3599,3
3600,3
3601,6
3602,3
3603,5
3604,3
3605,7
3606,6
3607,5
3608,5
3609,4
3610,3
3611,6
3612,3
3613,8
3614,3
3615,1
3616,8
3617,4
3618,2
3619,6
3620,6
3621,6
3622,8
3623,6
3624,2
3625,4
3626,0
3627,2
3628,5
3629,4
3630,5
3631,4
3632,7
3633,4
3634,4
3635,6
3636,7
3637,0
3638,3
3639,7
3640,6
3641,3
3642,9
3643,1
3644,4
3645,5
3646,7
3647,0
3648,6
3649,0
3650,7
3651,3
3652,5
3653,5
3654,4
3655,2
3656,1
3657,3
3658,6
3659,9
3660,6
3661,3
3662,3
3663,4
3664,3
3665,6
3666,4
3667,2
3668,9
3669,3
3670,4
3671,6
3672,5
3673,3
3674,5
3675,4
3676,4
3677,8
3678,1
3679,7
3680,4
3681,4
3682,9
3683,6
3684,8
3685,4
3686,3
3687,6
3688,11
3689,4
3690,2
3691,8
3692,5
3693,6
3694,3
3695,2
3696,2
3697,4
3698,3
3699,2
3700,4
3701,5
3702,5
3703,2
3704,5
3705,5
3706,7
3707,1
3708,2
3709,4
3710,0
3711,4
3712,4
3713,1
3714,3
3715,10
3716,4
3717,9
3718,3
3719,2
3720,4
3721,3
3722,7
3723,2
3724,7
3725,3
3726,1
3727,4
3728,2
3729,6
3730,4
3731,5
3732,4
3733,6
3734,6
3735,4
3736,4
3737,1
3738,8
3739,6
3740,2
3741,3
3742,7
3743,2
3744,6
3745,6
3746,7
3747,6
3748,0
3749,9
3750,4
3751,5
3752,6
3753,1
3754,8
3755,4
3756,7
3757,4
3758,0
3759,4
3760,2
3761,8
3762,1
3763,4
3764,5
3765,9
3766,5
3767,6
3768,4
3769,3
3770,6
3771,4
3772,6
3773,3
3774,5
3775,6
3776,8
3777,5
3778,6
3779,5
3780,4
3781,5
3782,3
3783,6
3784,6
3785,5
3786,7
3787,3
3788,5
3789,5
3790,4
3791,5
3792,4
3793,5
3794,5
3795,6
3796,8
3797,9
3798,5
3799,10
3800,5
3801,6
3802,6
3803,6
3804,1
3805,5
3806,0
3807,6
3808,5
3809,4
3810,3
3811,4
3812,5
3813,4
3814,2
3815,4
3816,5
3817,3
3818,3
3819,7
3820,5
3821,3
3822,5
3823,5
3824,8
3825,2
3826,6
3827,3
3828,10
3829,3
3830,4
3831,2
3832,3
3833,5
3834,10
3835,0
3836,3
3837,7
3838,1
3839,5
3840,1
3841,7
3842,1
3843,3
3844,5
3845,6
3846,3
3847,4
3848,7
3849,3
3850,1
3851,7
3852,7
3853,9
3854,7
3855,2
3856,2
3857,4
3858,2
3859,1
3860,5
3861,5
3862,4
3863,10
3864,5
3865,5
3866,3
3867,6
3868,2
3869,1
3870,8
3871,8
3872,7
3873,6
3874,2
3875,5
3876,8
3877,1
3878,6
3879,5
3880,7
3881,7
3882,7
3883,4
3884,1
3885,1
3886,7
3887,5
3888,4
3889,7
3890,3
3891,8
3892,3
3893,0
3894,8
3895,3
3896,0
3897,4
3898,6
3899,6
3900,7
3901,0
3902,8
3903,7
3904,2
3905,0
3906,7
3907,6
3908,5
3909,4
3910,3
3911,8
3912,5
3913,5
3914,5
3915,1
3916,5
3917,5
3918,6
3919,2
3920,6
3921,5
3922,1
3923,8
3924,5
3925,4
3926,5
3927,6
3928,5
3929,4
3930,3
3931,5
3932,5
3933,3
3934,11
3935,3
3936,4
3937,7
3938,4
3939,9
3940,5
3941,6
3942,6
3943,5
3944,5
3945,3
3946,7
3947,5
3948,4
3949,7
3950,7
3951,4
3952,3
3953,7
3954,8
3955,3
3956,6
3957,9
3958,7
3959,5
3960,5
3961,3
3962,3
3963,5
3964,6
3965,2
3966,5
3967,5
3968,7
3969,6
3970,6
3971,4
3972,7
3973,8
3974,8
3975,0
3976,6
3977,2
3978,5
3979,3
3980,5
3981,4
3982,4
3983,3
3984,2
3985,6
3986,2
3987,6
3988,8
3989,5
3990,5
3991,0
3992,8
3993,5
3994,6
3995,4
3996,8
3997,0
3998,2
3999,0
4000,3
4001,6
4002,5
4003,4
4004,0
4005,5
4006,6
4007,9
4008,6
4009,3
4010,6
4011,1
4012,1
4013,5
4014,3
4015,1
4016,6
4017,5
4018,5
4019,0
4020,6
4021,12
4022,3
4023,10
4024,3
4025,4
4026,2
4027,7
4028,7
4029,1
4030,2
4031,0
4032,5
4033,3
4034,7
4035,7
4036,2
4037,4
4038,7
4039,2
4040,4
4041,3
4042,5
4043,7
4044,10
4045,5
4046,4
4047,4
4048,3
4049,9
4050,1
4051,6
4052,6
4053,1
4054,2
4055,0
4056,7
4057,5
4058,7
4059,7
4060,5
4061,5
4062,2
4063,5
4064,6
4065,7
4066,7
4067,4
4068,9
4069,4
4070,6
4071,6
4072,3
4073,3
4074,6
4075,7
4076,5
4077,6
4078,4
4079,4
4080,1
4081,5
4082,2
4083,0
4084,7
4085,8
4086,5
4087,3
4088,4
4089,3
4090,4
4091,5
4092,4
4093,7
4094,7
4095,3
4096,5
4097,6
4098,3
4099,6
4100,1
4101,6
4102,2
4103,4
4104,0
4105,3
4106,3
4107,7
4108,9
4109,5
4110,2
4111,4
4112,3
4113,3
4114,4
4115,2
4116,3
4117,6
4118,7
4119,4
4120,5
4121,7
4122,2
4123,3
4124,5
4125,5
4126,7
4127,7
4128,4
4129,4
4130,4
4131,10
4132,0
4133,4
4134,4
4135,5
4136,8
4137,3
4138,9
4139,1
4140,2
4141,3
4142,5
4143,8
4144,3
4145,4
4146,5
4147,7
4148,2
4149,2
4150,7
4151,1
4152,2
4153,5
4154,8
4155,3
4156,8
4157,6
4158,7
4159,6
4160,2
4161,5
4162,3
4163,7
4164,7
4165,6
4166,6
4167,3
4168,6
4169,6
4170,1
4171,5
4172,1
4173,6
4174,7
4175,3
4176,4
4177,5
4178,5
4179,4
4180,5
4181,5
4182,2
4183,6
4184,4
4185,5
4186,5
4187,2
4188,7
4189,7
4190,3
4191,0
4192,7
4193,3
4194,8
4195,5
4196,6
4197,10
4198,7
4199,3
4200,6
4201,3
4202,0
4203,0
4204,2
4205,5
4206,3
4207,0
4208,7
4209,5
4210,4
4211,7
4212,5
4213,7
4214,1
4215,8
4216,2
4217,5
4218,4
4219,7
4220,5
4221,6
4222,1
4223,3
4224,7
4225,4
4226,10
4227,8
4228,4
4229,5
4230,2
4231,4
4232,4
4233,1
4234,3
4235,6
4236,1
4237,6
4238,3
4239,1
4240,2
4241,3
4242,0
4243,0
4244,2
4245,5
4246,0
4247,10
4248,3
4249,8
4250,6
4251,4
4252,3
4253,8
4254,6
4255,3
4256,11
4257,10
4258,4
4259,5
4260,3
4261,8
4262,5
4263,5
4264,4
4265,6
4266,6
4267,7
4268,0
4269,6
4270,9
4271,1
4272,5
4273,4
4274,1
4275,1
4276,2
4277,5
4278,7
4279,9
4280,4
4281,10
4282,2
4283,3
4284,4
4285,3
4286,3
4287,6
4288,5
4289,7
4290,4
4291,3
4292,8
4293,7
4294,3
4295,6
4296,2
4297,5
4298,9
4299,3
4300,1
4301,3
4302,6
4303,2
4304,0
4305,11
4306,0
4307,8
4308,4
4309,5
4310,3
4311,6
4312,6
4313,5
4314,8
4315,7
4316,3
4317,0
4318,3
4319,1
4320,3
4321,0
4322,2
4323,2
4324,0
4325,2
4326,1
4327,0
4328,1
4329,1
4330,0
4331,1
4332,0
4333,1
4334,1
4335,0
4336,0
4337,0
4338,1
4339,1
4340,3
4341,0
4342,1
4343,1
4344,0
4345,2
4346,1
4347,0
4348,1
4349,0
4350,0
4351,0
4352,0
4353,1
4354,1
4355,0
4356,2
4357,0
4358,2
4359,1
4360,2
4361,1
4362,2
4363,1
4364,1
4365,4
4366,1
4367,3
4368,1
4369,1
4370,0
4371,0
4372,1
4373,0
4374,1
4375,1
4376,0
4377,1
4378,2
4379,1
4380,1
4381,0
4382,1
4383,2
4384,0
4385,1
4386,1
4387,1
4388,0
4389,2
4390,0
4391,1
4392,1
4393,2
4394,0
4395,5
4396,1
4397,0
4398,0
4399,0
4400,0
4401,2
4402,0
4403,0
4404,0
4405,2
4406,0
4407,1
4408,1
4409,1
4410,2
4411,1
4412,0
4413,2
4414,0
4415,1
4416,0
4417,1
4418,1
4419,1
4420,1
4421,1
4422,2
4423,0
4424,1
4425,0
4426,1
4427,0
4428,1
4429,0
4430,1
4431,1
4432,1
4433,0
4434,0
4435,0
4436,1
4437,2
4438,1
4439,0
4440,0
4441,0
4442,0
4443,1
4444,0
4445,0
4446,1
4447,1
4448,0
4449,1
4450,0
4451,1
4452,2
4453,1
4454,1
4455,1
4456,0
4457,0
4458,1
4459,2
4460,0
4461,2
4462,1
4463,0
4464,1
4465,0
4466,3
4467,0
4468,0
4469,0
4470,0
4471,1
4472,1
4473,3
4474,1
4475,0
4476,1
4477,1
4478,0
4479,1
4480,1
4481,1
4482,1
4483,0
4484,0
4485,0
4486,1
4487,1
4488,1
4489,1
4490,2
4491,0
4492,1
4493,1
4494,1
4495,1
4496,1
4497,1
4498,1
4499,0
4500,1
4501,1
4502,1
4503,0
4504,1
4505,1
4506,1
4507,0
4508,2
4509,0
4510,0
4511,0
4512,0
4513,3
4514,1
4515,1
4516,1
4517,2
4518,1
4519,2
4520,0
4521,1
4522,0
4523,1
4524,2
4525,1
4526,2
4527,2
4528,0
4529,0
4530,1
4531,1
4532,1
4533,1
4534,1
4535,1
4536,3
4537,3
4538,0
4539,1
4540,0
4541,1
4542,1
4543,0
4544,2
4545,3
4546,1
4547,2
4548,3
4549,2
4550,1
4551,1
4552,2
4553,2
4554,1
4555,0
4556,1
4557,2
4558,0
4559,1
4560,0
4561,4
4562,0
4563,2
4564,0
4565,0
4566,2
4567,2
4568,1
4569,1
4570,1
4571,0
4572,0
4573,2
4574,0
4575,2
4576,0
4577,1
4578,1
4579,1
4580,0
4581,0
4582,0
4583,0
4584,2
4585,2
4586,0
4587,2
4588,0
4589,2
4590,0
4591,2
4592,0
4593,0
4594,0
4595,1
4596,1
4597,1
4598,0
4599,0
4600,0
4601,4
4602,1
4603,1
4604,0
4605,1
4606,1
4607,1
4608,1
4609,2
4610,1
4611,0
4612,1
4613,1
4614,1
4615,2
4616,0
4617,0
4618,2
4619,1
4620,1
4621,1
4622,0
4623,1
4624,3
4625,1
4626,2
4627,1
4628,1
4629,0
4630,3
4631,2
4632,1
4633,2
4634,1
4635,1
4636,0
4637,0
4638,1
4639,1
4640,2
4641,0
4642,0
4643,1
4644,2
4645,1
4646,1
4647,2
4648,2
4649,1
4650,2
4651,0
4652,0
4653,0
4654,3
4655,0
4656,0
4657,2
4658,2
4659,1
4660,1
4661,0
4662,1
4663,1
4664,0
4665,0
4666,2
4667,0
4668,0
4669,2
4670,1
4671,1
4672,0
4673,0
4674,1
4675,0
4676,0
4677,0
4678,0
4679,0
4680,1
4681,2
4682,2
4683,1
4684,1
4685,0
4686,1
4687,1
4688,1
4689,0
4690,2
4691,2
4692,1
4693,1
4694,1
4695,1
4696,0
4697,1
4698,1
4699,1
4700,0
4701,0
4702,0
4703,0
4704,1
4705,2
4706,1
4707,1
4708,2
4709,0
4710,1
4711,0
4712,3
4713,1
4714,2
4715,0
4716,0
4717,1
4718,1
4719,0
4720,0
4721,0
4722,2
4723,1
4724,1
4725,1
4726,1
4727,0
4728,0
4729,0
4730,1
4731,0
4732,2
4733,0
4734,0
4735,3
4736,1
4737,0
4738,1
4739,1
4740,0
4741,0
4742,0
4743,0
4744,1
4745,3
4746,2
4747,4
4748,4
4749,11
4750,1
4751,2
4752,8
4753,2
4754,6
4755,1
4756,3
4757,2
4758,6
4759,6
4760,4
4761,6
4762,2
4763,3
4764,9
4765,1
4766,8
4767,3
4768,4
4769,1
4770,6
4771,3
4772,0
4773,5
4774,8
4775,4
4776,2
4777,6
4778,3
4779,5
4780,7
4781,0
4782,4
4783,8
4784,8
4785,6
4786,5
4787,4
4788,8
4789,1
4790,6
4791,4
4792,3
4793,7
4794,0
4795,8
4796,7
4797,0
4798,7
4799,1
4800,5
4801,7
4802,7
4803,2
4804,5
4805,10
4806,1
4807,5
4808,7
4809,1
4810,5
4811,9
4812,2
4813,4
4814,5
4815,2
4816,5
4817,1
4818,4
4819,2
4820,5
4821,10
4822,3
4823,5
4824,3
4825,10
4826,2
4827,6
4828,4
4829,3
4830,9
4831,9
4832,5
4833,3
4834,2
4835,2
4836,2
4837,4
4838,3
4839,7
4840,7
4841,0
4842,10
4843,2
4844,4
4845,1
4846,5
4847,4
4848,5
4849,3
4850,6
4851,3
4852,4
4853,4
4854,3
4855,0
4856,0
4857,5
4858,5
4859,4
4860,2
4861,3
4862,5
4863,3
4864,5
4865,4
4866,3
4867,4
4868,4
4869,3
4870,7
4871,3
4872,5
4873,7
4874,4
4875,1
4876,2
4877,6
4878,8
4879,5
4880,5
4881,7
4882,3
4883,5
4884,5
4885,2
4886,5
4887,4
4888,5
4889,3
4890,12
4891,7
4892,4
4893,6
4894,1
4895,5
4896,2
4897,6
4898,5
4899,5
4900,6
4901,6
4902,5
4903,7
4904,5
4905,3
4906,1
4907,3
4908,6
4909,6
4910,2
4911,7
4912,7
4913,4
4914,7
4915,7
4916,2
4917,4
4918,4
4919,3
4920,6
4921,4
4922,7
4923,2
4924,2
4925,4
4926,4
4927,2
4928,5
4929,1
4930,6
4931,5
4932,3
4933,4
4934,3
4935,5
4936,2
4937,2
4938,6
4939,10
4940,1
4941,10
4942,7
4943,3
4944,5
4945,4
4946,6
4947,4
4948,4
4949,3
4950,5
4951,4
4952,4
4953,3
4954,1
4955,7
4956,7
4957,2
4958,6
4959,6
4960,5
4961,7
4962,4
4963,4
4964,7
4965,5
4966,12
4967,4
4968,7
4969,4
4970,6
4971,5
4972,4
4973,5
4974,7
4975,5
4976,0
4977,2
4978,2
4979,7
4980,5
4981,3
4982,6
4983,11
4984,2
4985,5
4986,6
4987,5
4988,3
4989,4
4990,7
4991,11
4992,5
4993,7
4994,2
4995,4
4996,8
4997,4
4998,5
4999,0
5000,3
5001,5
5002,5
5003,7
5004,0
5005,4
5006,3
5007,8
5008,5
5009,1
5010,1
5011,7
5012,3
5013,2
5014,6
5015,2
5016,3
5017,4
5018,2
5019,3
5020,3
5021,1
5022,12
5023,6
5024,7
5025,5
5026,3
5027,2
5028,3
5029,6
5030,3
5031,4
5032,4
5033,6
5034,2
5035,8
5036,5
5037,7
5038,2
5039,2
5040,2
5041,1
5042,1
5043,6
5044,3
5045,5
5046,6
5047,4
5048,6
5049,6
5050,4
5051,5
5052,0
5053,6
5054,4
5055,7
5056,7
5057,4
5058,6
5059,8
5060,1
5061,1
5062,3
5063,5
5064,9
5065,0
5066,13
5067,8
5068,5
5069,4
5070,7
5071,7
5072,2
5073,3
5074,0
5075,7
5076,0
5077,0
5078,6
5079,0
5080,5
5081,7
5082,7
5083,3
5084,8
5085,8
5086,1
5087,8
5088,4
5089,4
5090,2
5091,1
5092,9
5093,3
5094,7
5095,10
5096,5
5097,4
5098,1
5099,6
5100,0
5101,1
5102,5
5103,4
5104,3
5105,6
5106,7
5107,4
5108,2
5109,7
5110,5
5111,1
5112,4
5113,5
5114,10
5115,5
5116,9
5117,2
5118,2
5119,6
5120,7
5121,3
5122,6
5123,7
5124,1
5125,6
5126,14
5127,4
5128,5
5129,4
5130,9
5131,0
5132,1
5133,7
5134,9
5135,9
5136,12
5137,9
5138,6
5139,3
5140,3
5141,4
5142,4
5143,1
5144,0
5145,7
5146,4
5147,2
5148,7
5149,0
5150,5
5151,4
5152,0
5153,5
5154,3
5155,4
5156,4
5157,3
5158,1
5159,6
5160,3
5161,6
5162,3
5163,4
5164,7
5165,10
5166,7
5167,8
5168,4
5169,12
5170,5
5171,8
5172,5
5173,7
5174,12
5175,5
5176,4
5177,3
5178,10
5179,0
5180,3
5181,5
5182,5
5183,0
5184,5
5185,8
5186,0
5187,5
5188,4
5189,5
5190,4
5191,3
5192,1
5193,4
5194,6
5195,9
5196,5
5197,8
5198,2
5199,5
5200,2
5201,5
5202,5
5203,4
5204,6
5205,8
5206,5
5207,3
5208,6
5209,5
5210,4
5211,4
5212,3
5213,3
5214,7
5215,6
5216,10
5217,6
5218,8
5219,4
5220,8
5221,1
5222,4
5223,7
5224,11
5225,4
5226,3
5227,4
5228,6
5229,3
5230,5
5231,4
5232,1
5233,6
5234,3
5235,1
5236,7
5237,4
5238,2
5239,3
5240,2
5241,5
5242,3
5243,7
5244,0
5245,10
5246,7
5247,0
5248,0
5249,9
5250,4
5251,6
5252,7
5253,5
5254,4
5255,4
5256,0
5257,13
5258,1
5259,7
5260,7
5261,3
5262,6
5263,6
5264,5
5265,10
5266,4
5267,2
5268,0
5269,2
5270,8
5271,4
5272,4
5273,5
5274,8
5275,7
5276,4
5277,3
5278,4
5279,3
5280,6
5281,7
5282,4
5283,6
5284,4
5285,2
5286,13
5287,2
5288,5
5289,9
5290,8
5291,6
5292,3
5293,5
5294,0
5295,2
5296,5
5297,0
5298,1
5299,2
5300,9
5301,11
5302,6
5303,6
5304,2
5305,5
5306,4
5307,4
5308,4
5309,6
5310,3
5311,6
5312,1
5313,4
5314,8
5315,2
5316,4
5317,4
5318,1
5319,5
5320,7
5321,4
5322,2
5323,4
5324,5
5325,0
5326,0
5327,2
5328,1
5329,3
5330,5
5331,6
5332,6
5333,6
5334,2
5335,8
5336,4
5337,4
5338,9
5339,8
5340,3
5341,5
5342,4
5343,5
5344,2
5345,4
5346,2
5347,5
5348,3
5349,0
5350,6
5351,4
5352,5
5353,6
5354,4
5355,5
5356,8
5357,7
5358,4
5359,5
5360,7
5361,6
5362,7
5363,2
5364,2
5365,5
5366,2
5367,2
5368,7
5369,2
5370,2
5371,4
5372,2
5373,4
5374,3
5375,8
5376,5
5377,6
5378,6
5379,4
5380,7
5381,1
5382,5
5383,8
5384,4
5385,3
5386,5
5387,5
5388,2
5389,9
5390,4
5391,4
5392,2
5393,8
5394,6
5395,4
5396,0
5397,3
5398,7
5399,3
5400,3
5401,3
5402,5
5403,6
5404,2
5405,4
5406,1
5407,2
5408,6
5409,7
5410,6
5411,4
5412,2
5413,6
5414,0
5415,1
5416,3
5417,7
5418,3
5419,2
5420,2
5421,5
5422,0
5423,7
5424,6
5425,5
5426,6
5427,5
5428,6
5429,7
5430,3
5431,2
5432,6
5433,12
5434,4
5435,6
5436,1
5437,3
5438,3
5439,7
5440,1
5441,1
5442,7
5443,7
5444,6
5445,8
5446,8
5447,9
5448,7
5449,5
5450,4
5451,7
5452,2
5453,7
5454,3
5455,5
5456,6
5457,4
5458,5
5459,6
5460,10
5461,11
5462,7
5463,5
5464,5
5465,8
5466,2
5467,6
5468,5
5469,0
5470,5
5471,3
5472,8
5473,7
5474,5
5475,7
5476,1
5477,2
5478,3
5479,6
5480,6
5481,5
5482,3
5483,5
5484,2
5485,5
5486,3
5487,5
5488,9
5489,7
5490,7
5491,4
5492,3
5493,0
5494,10
5495,3
5496,5
5497,7
5498,5
5499,4
5500,4
5501,3
5502,6
5503,10
5504,6
5505,2
5506,3
5507,9
5508,5
5509,7
5510,5
5511,5
5512,8
5513,3
5514,3
5515,7
5516,6
5517,7
5518,5
5519,2
5520,4
5521,5
5522,6
5523,2
5524,9
5525,5
5526,5
5527,4
5528,9
5529,9
5530,3
5531,6
5532,7
5533,6
5534,5
5535,7
5536,2
5537,5
5538,8
5539,7
5540,3
5541,4
5542,5
5543,5
5544,3
5545,4
5546,9
5547,0
5548,5
5549,9
5550,5
5551,6
5552,6
5553,4
5554,7
5555,4
5556,1
5557,5
5558,3
5559,3
5560,7
5561,7
5562,3
5563,5
5564,7
5565,9
5566,5
5567,4
5568,3
5569,3
5570,4
5571,10
5572,5
5573,3
5574,8
5575,3
5576,4
5577,9
5578,7
5579,5
5580,4
5581,2
5582,3
5583,8
5584,4
5585,7
5586,7
5587,10
5588,3
5589,4
5590,7
5591,1
5592,6
5593,6
5594,8
5595,0
5596,5
5597,3
5598,4
5599,6
5600,1
5601,1
5602,2
5603,3
5604,4
5605,2
5606,2
5607,7
5608,7
5609,2
5610,5
5611,4
5612,7
5613,2
5614,4
5615,6
5616,3
5617,1
5618,5
5619,7
5620,0
5621,0
5622,6
5623,4
5624,7
5625,6
5626,7
5627,4
5628,1
5629,3
5630,6
5631,0
5632,4
5633,2
5634,3
5635,6
5636,0
5637,5
5638,3
5639,1
5640,4
5641,5
5642,2
5643,7
5644,8
5645,6
5646,5
5647,2
5648,5
5649,2
5650,7
5651,2
5652,6
5653,0
5654,8
5655,9
5656,2
5657,7
5658,1
5659,1
5660,9
5661,2
5662,5
5663,5
5664,6
5665,6
5666,5
5667,5
5668,3
5669,7
5670,1
5671,2
5672,10
5673,6
5674,0
5675,6
5676,6
5677,2
5678,2
5679,1
5680,7
5681,4
5682,8
5683,8
5684,2
5685,5
5686,7
5687,8
5688,11
5689,5
5690,1
5691,3
5692,6
5693,2
5694,8
5695,2
5696,2
5697,6
5698,5
5699,3
5700,2
5701,3
5702,6
5703,10
5704,8
5705,1
5706,4
5707,1
5708,1
5709,0
5710,0
5711,3
5712,1
5713,0
5714,1
5715,1
5716,1
5717,0
5718,1
5719,3
5720,1
5721,1
5722,0
5723,1
5724,0
5725,0
5726,3
5727,1
5728,2
5729,1
5730,1
5731,1
5732,0
5733,0
5734,1
5735,2
5736,1
5737,0
5738,2
5739,4
5740,2
5741,2
5742,0
5743,1
5744,0
5745,0
5746,1
5747,1
5748,0
5749,0
5750,3
5751,0
5752,0
5753,2
5754,0
5755,0
5756,0
5757,0
5758,0
5759,5
5760,1
5761,1
5762,2
5763,2
5764,0
5765,2
5766,1
5767,1
5768,1
5769,0
5770,2
5771,0
5772,1
5773,3
5774,0
5775,3
5776,0
5777,0
5778,1
5779,1
5780,0
5781,0
5782,1
5783,1
5784,1
5785,3
5786,2
5787,0
5788,1
5789,0
5790,0
5791,1
5792,1
5793,2
5794,2
5795,0
5796,4
5797,2
5798,0
5799,1
5800,0
5801,1
5802,0
5803,1
5804,0
5805,0
5806,1
5807,0
5808,1
5809,0
5810,0
5811,3
5812,4
5813,1
5814,0
5815,1
5816,1
5817,1
5818,1
5819,1
5820,1
5821,0
5822,0
5823,2
5824,1
5825,0
5826,1
5827,1
5828,2
5829,1
5830,1
5831,1
5832,0
5833,1
5834,1
5835,1
5836,0
5837,1
5838,1
5839,1
5840,2
5841,0
5842,1
5843,1
5844,0
5845,0
5846,1
5847,0
5848,1
5849,1
5850,0
5851,1
5852,0
5853,2
5854,1
5855,2
5856,1
5857,0
5858,1
5859,2
5860,2
5861,2
5862,0
5863,1
5864,1
5865,1
5866,0
5867,0
5868,0
5869,2
5870,0
5871,1
5872,0
5873,0
5874,2
5875,2
5876,0
5877,1
5878,1
5879,1
5880,1
5881,1
5882,1
5883,2
5884,2
5885,0
5886,1
5887,4
5888,1
5889,2
5890,0
5891,2
5892,2
5893,0
5894,1
5895,0
5896,1
5897,2
5898,1
5899,3
5900,2
5901,0
5902,0
5903,5
5904,1
5905,0
5906,1
5907,0
5908,0
5909,2
5910,1
5911,2
5912,0
5913,0
5914,2
5915,2
5916,1
5917,3
5918,2
5919,0
5920,2
5921,1
5922,1
5923,1
5924,1
5925,1
5926,1
5927,0
5928,0
5929,4
5930,1
5931,0
5932,1
5933,0
5934,0
5935,2
5936,0
5937,0
5938,0
5939,3
5940,3
5941,2
5942,1
5943,2
5944,1
5945,1
5946,1
5947,1
5948,0
5949,0
5950,2
5951,3
5952,1
5953,0
5954,3
5955,1
5956,0
5957,0
5958,2
5959,0
5960,1
5961,0
5962,2
5963,1
5964,1
5965,0
5966,1
5967,2
5968,2
5969,2
5970,4
5971,0
5972,1
5973,0
5974,2
5975,0
5976,1
5977,0
5978,2
5979,3
5980,0
5981,1
5982,0
5983,4
5984,2
5985,0
5986,1
5987,0
5988,0
5989,1
5990,2
5991,3
5992,0
5993,0
5994,1
5995,1
5996,0
5997,1
5998,0
5999,3
6000,0
6001,1
6002,1
6003,3
6004,1
6005,0
6006,0
6007,0
6008,2
6009,1
6010,1
6011,1
6012,2
6013,1
6014,0
6015,1
6016,0
6017,0
6018,0
6019,1
6020,0
6021,0
6022,0
6023,1
6024,0
6025,3
6026,0
6027,2
6028,2
6029,2
6030,0
6031,0
6032,1
6033,1
6034,1
6035,0
6036,1
6037,2
6038,1
6039,1
6040,0
6041,1
6042,1
6043,1
6044,0
6045,0
6046,2
6047,3
6048,0
6049,0
6050,0
6051,2
6052,1
6053,2
6054,1
6055,0
6056,1
6057,1
6058,0
6059,1
6060,1
6061,1
6062,1
6063,1
6064,0
6065,0
6066,0
6067,1
6068,2
6069,0
6070,0
6071,0
6072,3
6073,1
6074,0
6075,2
6076,0
6077,1
6078,1
6079,1
6080,0
6081,2
6082,0
6083,1
6084,0
6085,2
6086,2
6087,1
6088,0
6089,0
6090,1
6091,0
6092,3
6093,2
6094,1
6095,3
6096,2
6097,1
6098,0
6099,1
6100,0
6101,0
6102,0
6103,2
6104,1
6105,2
6106,0
6107,0
6108,0
6109,0
6110,0
6111,2
6112,0
6113,0
6114,0
6115,0
6116,0
6117,0
6118,2
6119,1
6120,0
6121,1
6122,2
6123,1
6124,1
6125,0
6126,2
6127,3
6128,1
6129,1
6130,1
6131,2
6132,1
6133,1
6134,0
6135,2
6136,1
6137,0
6138,4
6139,0
6140,0
6141,1
6142,1
6143,0
6144,1
6145,2
6146,3
6147,1
6148,0
6149,1
6150,2
6151,2
6152,1
6153,2
6154,4
6155,5
6156,5
6157,3
6158,3
6159,8
6160,4
6161,2
6162,5
6163,9
6164,3
6165,4
6166,9
6167,1
6168,3
6169,4
6170,5
6171,6
6172,7
6173,2
6174,8
6175,5
6176,1
6177,6
6178,4
6179,2
6180,4
6181,9
6182,5
6183,2
6184,4
6185,7
6186,4
6187,7
6188,1
6189,5
6190,8
6191,7
6192,4
6193,1
6194,5
6195,9
6196,0
6197,5
6198,6
6199,5
6200,2
6201,2
6202,3
6203,3
6204,0
6205,1
6206,7
6207,4
6208,5
6209,1
6210,1
6211,6
6212,4
6213,6
6214,3
6215,5
6216,3
6217,0
6218,8
6219,6
6220,4
6221,5
6222,3
6223,3
6224,0
6225,1
6226,10
6227,5
6228,7
6229,5
6230,9
6231,4
6232,2
6233,1
6234,5
6235,9
6236,0
6237,1
6238,4
6239,2
6240,1
6241,2
6242,7
6243,8
6244,6
6245,5
6246,2
6247,8
6248,6
6249,2
6250,2
6251,6
6252,7
6253,3
6254,2
6255,7
6256,10
6257,2
6258,6
6259,3
6260,5
6261,8
6262,4
6263,9
6264,6
6265,5
6266,5
6267,8
6268,1
6269,6
6270,5
6271,6
6272,5
6273,6
6274,1
6275,3
6276,2
6277,3
6278,3
6279,8
6280,3
6281,8
6282,2
6283,6
6284,7
6285,3
6286,0
6287,2
6288,3
6289,5
6290,2
6291,4
6292,8
6293,2
6294,3
6295,6
6296,3
6297,5
6298,5
6299,1
6300,2
6301,6
6302,7
6303,0
6304,7
6305,2
6306,5
6307,0
6308,4
6309,3
6310,5
6311,2
6312,8
6313,4
6314,2
6315,1
6316,3
6317,4
6318,5
6319,1
6320,5
6321,5
6322,0
6323,4
6324,5
6325,5
6326,0
6327,3
6328,7
6329,5
6330,8
6331,1
6332,4
6333,2
6334,0
6335,5
6336,2
6337,3
6338,4
6339,5
6340,3
6341,6
6342,9
6343,6
6344,4
6345,3
6346,7
6347,5
6348,5
6349,4
6350,8
6351,7
6352,6
6353,1
6354,3
6355,6
6356,4
6357,4
6358,1
6359,10
6360,7
6361,3
6362,5
6363,7
6364,7
6365,4
6366,7
6367,3
6368,5
6369,6
6370,4
6371,6
6372,5
6373,3
6374,4
6375,3
6376,1
6377,3
6378,3
6379,9
6380,2
6381,6
6382,2
6383,6
6384,5
6385,9
6386,4
6387,8
6388,6
6389,4
6390,7
6391,4
6392,6
6393,3
6394,2
6395,3
6396,8
6397,5
6398,9
6399,1
6400,6
6401,5
6402,3
6403,7
6404,6
6405,3
6406,2
6407,9
6408,7
6409,5
6410,2
6411,3
6412,10
6413,3
6414,1
6415,4
6416,3
6417,3
6418,0
6419,4
6420,2
6421,3
6422,7
6423,8
6424,1
6425,5
6426,9
6427,5
6428,3
6429,5
6430,6
6431,0
6432,5
6433,5
6434,4
6435,3
6436,4
6437,4
6438,8
6439,4
6440,3
6441,9
6442,6
6443,4
6444,3
6445,0
6446,5
6447,7
6448,1
6449,6
6450,5
6451,4
6452,5
6453,7
6454,5
6455,3
6456,3
6457,2
6458,4
6459,1
6460,6
6461,3
6462,4
6463,6
6464,1
6465,9
6466,8
6467,5
6468,5
6469,9
6470,5
6471,3
6472,9
6473,4
6474,4
6475,1
6476,1
6477,4
6478,4
6479,5
6480,8
6481,4
6482,1
6483,7
6484,6
6485,5
6486,6
6487,6
6488,1
6489,6
6490,8
6491,5
6492,2
6493,2
6494,6
6495,4
6496,6
6497,6
6498,2
6499,3
6500,1
6501,5
6502,6
6503,4
6504,0
6505,5
6506,2
6507,5
6508,4
6509,5
6510,5
6511,4
6512,5
6513,8
6514,2
6515,4
6516,3
6517,4
6518,5
6519,3
6520,3
6521,8
6522,9
6523,7
6524,5
6525,5
6526,5
6527,8
6528,5
6529,4
6530,5
6531,5
6532,7
6533,3
6534,3
6535,7
6536,5
6537,5
6538,7
6539,4
6540,4
6541,3
6542,7
6543,5
6544,4
6545,6
6546,2
6547,5
6548,0
6549,5
6550,6
6551,6
6552,5
6553,4
6554,7
6555,5
6556,4
6557,7
6558,6
6559,0
6560,2
6561,2
6562,4
6563,5
6564,5
6565,3
6566,4
6567,4
6568,7
6569,4
6570,10
6571,5
6572,3
6573,6
6574,10
6575,4
6576,4
6577,2
6578,4
6579,2
6580,2
6581,4
6582,2
6583,9
6584,5
6585,2
6586,6
6587,4
6588,4
6589,4
6590,8
6591,5
6592,0
6593,1
6594,3
6595,5
6596,4
6597,5
6598,4
6599,1
6600,5
6601,1
6602,5
6603,9
6604,5
6605,2
6606,3
6607,3
6608,0
6609,3
6610,4
6611,3
6612,5
6613,6
6614,1
6615,4
6616,3
6617,1
6618,4
6619,3
6620,2
6621,2
6622,4
6623,3
6624,2
6625,8
6626,4
6627,2
6628,5
6629,1
6630,4
6631,7
6632,3
6633,4
6634,6
6635,4
6636,0
6637,7
6638,3
6639,1
6640,2
6641,6
6642,1
6643,7
6644,2
6645,4
6646,7
6647,3
6648,4
6649,7
6650,8
6651,10
6652,3
6653,3
6654,6
6655,0
6656,2
6657,3
6658,4
6659,4
6660,0
6661,4
6662,6
6663,7
6664,6
6665,4
6666,9
6667,1
6668,3
6669,3
6670,7
6671,5
6672,7
6673,4
6674,2
6675,9
6676,1
6677,3
6678,6
6679,5
6680,4
6681,9
6682,3
6683,4
6684,6
6685,9
6686,8
6687,5
6688,5
6689,5
6690,2
6691,5
6692,5
6693,6
6694,6
6695,5
6696,7
6697,6
6698,6
6699,12
6700,5
6701,3
6702,6
6703,1
6704,7
6705,4
6706,7
6707,4
6708,3
6709,6
6710,9
6711,4
6712,0
6713,6
6714,0
6715,1
6716,2
6717,4
6718,2
6719,5
6720,4
6721,1
6722,7
6723,6
6724,3
6725,6
6726,4
6727,2
6728,2
6729,6
6730,8
6731,6
6732,8
6733,7
6734,6
6735,2
6736,3
6737,7
6738,4
6739,3
6740,5
6741,1
6742,2
6743,0
6744,5
6745,3
6746,3
6747,3
6748,11
6749,4
6750,1
6751,6
6752,3
6753,4
6754,3
6755,3
6756,4
6757,9
6758,2
6759,1
6760,5
6761,1
6762,7
6763,7
6764,5
6765,3
6766,5
6767,6
6768,6
6769,4
6770,3
6771,8
6772,9
6773,9
6774,7
6775,3
6776,5
6777,7
6778,7
6779,7
6780,3
6781,8
6782,10
6783,5
6784,7
6785,5
6786,5
6787,0
6788,3
6789,5
6790,5
6791,8
6792,0
6793,6
6794,2
6795,10
6796,6
6797,2
6798,2
6799,5
6800,6
6801,6
6802,6
6803,1
6804,4
6805,6
6806,1
6807,7
6808,7
6809,2
6810,8
6811,8
6812,4
6813,0
6814,4
6815,4
6816,11
6817,2
6818,4
6819,4
6820,5
6821,5
6822,2
6823,3
6824,7
6825,2
6826,5
6827,4
6828,0
6829,3
6830,4
6831,2
6832,7
6833,3
6834,9
6835,5
6836,6
6837,5
6838,11
6839,1
6840,7
6841,3
6842,8
6843,0
6844,1
6845,7
6846,3
6847,0
6848,3
6849,0
6850,0
6851,2
6852,4
6853,5
6854,4
6855,10
6856,4
6857,2
6858,11
6859,2
6860,1
6861,3
6862,2
6863,4
6864,3
6865,5
6866,6
6867,5
6868,4
6869,4
6870,0
6871,9
6872,4
6873,5
6874,4
6875,3
6876,5
6877,3
6878,7
6879,4
6880,5
6881,2
6882,5
6883,3
6884,6
6885,7
6886,4
6887,7
6888,3
6889,5
6890,3
6891,5
6892,8
6893,7
6894,4
6895,6
6896,3
6897,9
6898,0
6899,8
6900,2
6901,3
6902,5
6903,6
6904,0
6905,1
6906,11
6907,3
6908,4
6909,4
6910,11
6911,6
6912,3
6913,4
6914,5
6915,11
6916,7
6917,5
6918,2
6919,1
6920,0
6921,2
6922,0
6923,5
6924,6
6925,3
6926,1
6927,3
6928,0
6929,6
6930,9
6931,2
6932,1
6933,1
6934,6
6935,8
6936,5
6937,3
6938,3
6939,3
6940,1
6941,5
6942,7
6943,8
6944,3
6945,5
6946,5
6947,3
6948,3
6949,5
6950,6
6951,4
6952,1
6953,7
6954,3
6955,3
6956,3
6957,6
6958,5
6959,4
6960,1
6961,7
6962,3
6963,5
6964,7
6965,2
6966,5
6967,1
6968,7
6969,5
6970,4
6971,7
6972,7
6973,4
6974,4
6975,6
6976,1
6977,5
6978,0
6979,2
6980,4
6981,1
6982,5
6983,0
6984,4
6985,6
6986,4
6987,4
6988,2
6989,10
6990,5
6991,6
6992,2
6993,6
6994,1
6995,5
6996,5
6997,5
6998,10
6999,3
7000,1
7001,4
7002,10
7003,2
7004,7
7005,4
7006,3
7007,2
7008,3
7009,5
7010,5
7011,3
7012,6
7013,0
7014,9
7015,4
7016,10
7017,3
7018,5
7019,8
7020,0
7021,7
7022,7
7023,4
7024,2
7025,7
7026,3
7027,4
7028,7
7029,1
7030,1
7031,6
7032,10
7033,4
7034,3
7035,6
7036,7
7037,9
7038,5
7039,2
7040,6
7041,3
7042,4
7043,0
7044,6
7045,3
7046,5
7047,2
7048,6
7049,7
7050,6
7051,6
7052,10
7053,1
7054,3
7055,1
7056,8
7057,5
7058,4
7059,7
7060,7
7061,7
7062,2
7063,3
7064,5
7065,2
7066,5
7067,5
7068,8
7069,2
7070,9
7071,9
7072,4
7073,4
7074,8
7075,0
7076,6
7077,4
7078,4
7079,10
7080,4
7081,1
7082,3
7083,8
7084,3
7085,0
7086,8
7087,8
7088,1
7089,3
7090,6
7091,6
7092,0
7093,4
7094,8
7095,2
7096,8
7097,11
7098,3
7099,4
7100,5
7101,5
7102,1
7103,0
7104,3
7105,5
7106,1
7107,4
7108,5
7109,5
7110,3
7111,5
7112,4
7113,9
7114,0
7115,0
7116,0
7117,3
7118,0
7119,0
7120,0
7121,0
7122,1
7123,0
7124,0
7125,0
7126,1
7127,2
7128,1
7129,0
7130,0
7131,0
7132,0
7133,2
7134,2
7135,2
7136,0
7137,0
7138,2
7139,2
7140,0
7141,1
7142,3
7143,3
7144,0
7145,2
7146,2
7147,0
7148,0
7149,0
7150,1
7151,0
7152,1
7153,1
7154,2
7155,2
7156,0
7157,2
7158,0
7159,0
7160,0
7161,1
7162,1
7163,1
7164,1
7165,1
7166,2
7167,2
7168,0
7169,2
7170,1
7171,1
7172,0
7173,0
7174,0
7175,0
7176,0
7177,1
7178,1
7179,0
7180,1
7181,1
7182,3
7183,0
7184,1
7185,1
7186,1
7187,2
7188,1
7189,0
7190,1
7191,0
7192,0
7193,0
7194,2
7195,2
7196,3
7197,0
7198,2
7199,2
7200,2
7201,0
7202,0
7203,0
7204,0
7205,0
7206,0
7207,0
7208,2
7209,1
7210,0
7211,0
7212,4
7213,1
7214,1
7215,1
7216,1
7217,0
7218,0
7219,0
7220,0
7221,0
7222,2
7223,0
7224,1
7225,0
7226,0
7227,1
7228,1
7229,2
7230,1
7231,1
7232,0
7233,0
7234,0
7235,0
7236,0
7237,2
7238,0
7239,1
7240,0
7241,0
7242,2
7243,3
7244,1
7245,1
7246,0
7247,1
7248,0
7249,3
7250,2
7251,1
7252,1
7253,3
7254,1
7255,1
7256,0
7257,0
7258,2
7259,0
7260,1
7261,2
7262,1
7263,0
7264,0
7265,0
7266,0
7267,3
7268,0
7269,1
7270,4
7271,2
7272,1
7273,1
7274,0
7275,3
7276,0
7277,0
7278,1
7279,1
7280,0
7281,0
7282,2
7283,1
7284,3
7285,3
7286,3
7287,1
7288,1
7289,1
7290,1
7291,2
7292,0
7293,0
7294,1
7295,1
7296,2
7297,1
7298,1
7299,1
7300,1
7301,0
7302,2
7303,1
7304,2
7305,2
7306,0
7307,2
7308,4
7309,0
7310,1
7311,1
7312,0
7313,1
7314,2
7315,3
7316,0
7317,0
7318,0
7319,0
7320,0
7321,0
7322,1
7323,0
7324,0
7325,0
7326,1
7327,0
7328,1
7329,1
7330,0
7331,2
7332,1
7333,1
7334,0
7335,1
7336,0
7337,2
7338,0
7339,0
7340,1
7341,2
7342,0
7343,1
7344,1
7345,0
7346,2
7347,0
7348,0
7349,2
7350,1
7351,2
7352,2
7353,3
7354,0
7355,0
7356,1
7357,0
7358,1
7359,1
7360,1
7361,1
7362,4
7363,1
7364,0
7365,1
7366,1
7367,2
7368,1
7369,1
7370,1
7371,1
7372,1
7373,2
7374,0
7375,1
7376,0
7377,0
7378,1
7379,2
7380,1
7381,0
7382,0
7383,1
7384,0
7385,0
7386,0
7387,2
7388,0
7389,1
7390,4
7391,0
7392,0
7393,3
7394,1
7395,3
7396,0
7397,0
7398,1
7399,1
7400,1
7401,2
7402,1
7403,0
7404,1
7405,1
7406,0
7407,0
7408,1
7409,1
7410,0
7411,2
7412,1
7413,0
7414,2
7415,1
7416,0
7417,1
7418,0
7419,1
7420,0
7421,1
7422,2
7423,0
7424,1
7425,3
7426,1
7427,1
7428,1
7429,2
7430,1
7431,1
7432,0
7433,2
7434,0
7435,1
7436,1
7437,0
7438,1
7439,0
7440,0
7441,0
7442,2
7443,0
7444,2
7445,1
7446,1
7447,3
7448,2
7449,0
7450,3
7451,3
7452,0
7453,1
7454,0
7455,1
7456,1
7457,3
7458,2
7459,3
7460,0
7461,0
7462,3
7463,1
7464,1
7465,2
7466,2
7467,1
7468,0
7469,2
7470,1
7471,0
7472,1
7473,0
7474,0
7475,2
7476,1
7477,0
7478,2
7479,0
7480,3
7481,0
7482,2
7483,1
7484,0
7485,1
7486,2
7487,2
7488,1
7489,1
7490,1
7491,1
7492,0
7493,0
7494,1
7495,5
7496,1
7497,2
7498,3
7499,2
7500,0
7501,1
7502,0
7503,1
7504,0
7505,0
7506,1
7507,1
7508,3
7509,0
7510,0
7511,0
7512,1
7513,3
7514,0
7515,2
7516,1
7517,0
7518,1
7519,0
7520,0
7521,0
7522,1
7523,0
7524,2
7525,1
7526,1
7527,0
7528,3
7529,1
7530,1
7531,1
7532,0
7533,0
7534,0
7535,0
7536,1
7537,1
7538,0
7539,1
7540,0
7541,1
7542,2
7543,0
7544,0
7545,0
7546,3
7547,1
7548,2
7549,0
7550,2
7551,2
7552,2
7553,0
7554,1
7555,0
7556,0
7557,1
7558,0
7559,1
7560,0
7561,2
7562,1
7563,2
7564,1
7565,2
7566,1
7567,0
7568,1
7569,2
7570,4
7571,1
7572,0
7573,3
7574,2
7575,2
7576,1
7577,2
7578,2
7579,5
7580,3
7581,2
7582,0
7583,6
7584,1
7585,2
7586,3
7587,4
7588,5
7589,5
7590,9
7591,1
7592,8
7593,6
7594,6
7595,8
7596,2
7597,2
7598,1
7599,3
7600,5
7601,2
7602,4
7603,0
7604,5
7605,6
7606,5
7607,10
7608,2
7609,0
7610,9
7611,1
7612,3
7613,6
7614,5
7615,6
7616,5
7617,5
7618,2
7619,6
7620,3
7621,12
7622,1
7623,3
7624,3
7625,5
7626,13
7627,4
7628,3
7629,5
7630,3
7631,4
7632,6
7633,5
7634,4
7635,6
7636,7
7637,6
7638,4
7639,3
7640,2
7641,7
7642,7
7643,9
7644,7
7645,2
7646,4
7647,5
7648,6
7649,5
7650,1
7651,7
7652,1
7653,5
7654,4
7655,5
7656,2
7657,5
7658,6
7659,7
7660,6
7661,5
7662,6
7663,3
7664,6
7665,5
7666,7
7667,5
7668,4
7669,6
7670,7
7671,5
7672,9
7673,5
7674,4
7675,3
7676,5
7677,7
7678,2
7679,8
7680,4
7681,3
7682,7
7683,1
7684,9
7685,3
7686,5
7687,3
7688,5
7689,7
7690,1
7691,4
7692,7
7693,3
7694,8
7695,2
7696,4
7697,7
7698,5
7699,3
7700,1
7701,4
7702,5
7703,5
7704,3
7705,2
7706,9
7707,6
7708,1
7709,3
7710,5
7711,7
7712,4
7713,10
7714,3
7715,8
7716,5
7717,3
7718,6
7719,5
7720,5
7721,5
7722,6
7723,8
7724,0
7725,6
7726,2
7727,8
7728,4
7729,5
7730,4
7731,7
7732,3
7733,2
7734,4
7735,6
7736,7
7737,7
7738,9
7739,8
7740,0
7741,3
7742,6
7743,2
7744,4
7745,2
7746,4
7747,1
7748,2
7749,2
7750,3
7751,3
7752,3
7753,5
7754,2
7755,1
7756,4
7757,1
7758,10
7759,2
7760,2
7761,4
7762,3
7763,3
7764,10
7765,4
7766,10
7767,4
7768,9
7769,7
7770,7
7771,4
7772,3
7773,9
7774,4
7775,5
7776,3
7777,4
7778,3
7779,5
7780,6
7781,2
7782,3
7783,3
7784,2
7785,3
7786,8
7787,2
7788,5
7789,4
7790,4
7791,4
7792,6
7793,1
7794,6
7795,4
7796,5
7797,2
7798,2
7799,5
7800,5
7801,5
7802,4
7803,2
7804,8
7805,3
7806,7
7807,4
7808,5
7809,7
7810,4
7811,3
7812,4
7813,4
7814,5
7815,1
7816,4
7817,0
7818,4
7819,7
7820,4
7821,4
7822,0
7823,7
7824,0
7825,5
7826,3
7827,4
7828,3
7829,7
7830,8
7831,2
7832,2
7833,3
7834,5
7835,5
7836,5
7837,13
7838,6
7839,7
7840,2
7841,3
7842,8
7843,7
7844,4
7845,11
7846,8
7847,1
7848,3
7849,7
7850,4
7851,7
7852,2
7853,9
7854,6
7855,4
7856,5
7857,4
7858,8
7859,1
7860,8
7861,7
7862,3
7863,1
7864,6
7865,3
7866,5
7867,9
7868,5
7869,5
7870,4
7871,6
7872,5
7873,4
7874,6
7875,7
7876,5
7877,3
7878,6
7879,3
7880,1
7881,10
7882,4
7883,3
7884,11
7885,5
7886,5
7887,6
7888,6
7889,4
7890,4
7891,5
7892,6
7893,8
7894,4
7895,6
7896,8
7897,1
7898,6
7899,4
7900,4
7901,2
7902,7
7903,3
7904,4
7905,5
7906,7
7907,2
7908,2
7909,6
7910,8
7911,3
7912,6
7913,5
7914,9
7915,6
7916,3
7917,5
7918,2
7919,4
7920,8
7921,1
7922,5
7923,1
7924,3
7925,8
7926,4
7927,5
7928,1
7929,0
7930,7
7931,6
7932,6
7933,5
7934,4
7935,1
7936,3
7937,2
7938,8
7939,3
7940,8
7941,2
7942,10
7943,7
7944,5
7945,4
7946,2
7947,3
7948,3
7949,4
7950,4
7951,8
7952,2
7953,5
7954,2
7955,2
7956,0
7957,8
7958,3
7959,2
7960,3
7961,3
7962,8
7963,8
7964,5
7965,3
7966,2
7967,1
7968,0
7969,3
7970,1
7971,4
7972,8
7973,3
7974,4
7975,3
7976,6
7977,3
7978,3
7979,8
7980,3
7981,3
7982,4
7983,10
7984,4
7985,9
7986,5
7987,6
7988,5
7989,1
7990,7
7991,8
7992,1
7993,2
7994,6
7995,4
7996,6
7997,1
7998,1
7999,5
8000,4
8001,9
8002,1
8003,1
8004,8
8005,5
8006,9
8007,7
8008,1
8009,5
8010,5
8011,6
8012,4
8013,6
8014,2
8015,7
8016,6
8017,0
8018,7
8019,6
8020,9
8021,4
8022,4
8023,6
8024,2
8025,1
8026,4
8027,7
8028,2
8029,5
8030,6
8031,8
8032,3
8033,3
8034,6
8035,6
8036,6
8037,2
8038,0
8039,6
8040,3
8041,8
8042,0
8043,5
8044,6
8045,6
8046,6
8047,7
8048,9
8049,6
8050,1
8051,2
8052,1
8053,2
8054,5
8055,1
8056,5
8057,9
8058,10
8059,4
8060,6
8061,9
8062,5
8063,8
8064,6
8065,4
8066,8
8067,3
8068,6
8069,4
8070,3
8071,11
8072,7
8073,2
8074,7
8075,7
8076,8
8077,9
8078,5
8079,0
8080,2
8081,2
8082,1
8083,2
8084,8
8085,9
8086,6
8087,4
8088,3
8089,4
8090,10
8091,2
8092,1
8093,1
8094,4
8095,4
8096,2
8097,0
8098,5
8099,5
8100,2
8101,4
8102,5
8103,3
8104,5
8105,5
8106,5
8107,1
8108,7
8109,8
8110,2
8111,3
8112,7
8113,7
8114,3
8115,3
8116,6
8117,4
8118,3
8119,8
8120,3
8121,5
8122,2
8123,3
8124,6
8125,3
8126,7
8127,4
8128,9
8129,1
8130,2
8131,3
8132,3
8133,3
8134,7
8135,5
8136,6
8137,2
8138,4
8139,4
8140,8
8141,7
8142,3
8143,4
8144,4
8145,2
8146,8
8147,5
8148,5
8149,2
8150,2
8151,6
8152,7
8153,6
8154,8
8155,6
8156,9
8157,2
8158,7
8159,0
8160,2
8161,3
8162,9
8163,3
8164,2
8165,7
8166,4
8167,5
8168,7
8169,4
8170,1
8171,2
8172,3
8173,2
8174,1
8175,4
8176,1
8177,5
8178,0
8179,5
8180,3
8181,7
8182,0
8183,1
8184,6
8185,0
8186,8
8187,2
8188,6
8189,7
8190,8
8191,9
8192,3
8193,8
8194,7
8195,4
8196,3
8197,6
8198,7
8199,2
8200,10
8201,5
8202,1
8203,8
8204,2
8205,4
8206,5
8207,3
8208,10
8209,5
8210,3
8211,1
8212,4
8213,0
8214,6
8215,3
8216,5
8217,1
8218,2
8219,4
8220,1
8221,8
8222,3
8223,11
8224,1
8225,7
8226,4
8227,4
8228,4
8229,3
8230,3
8231,8
8232,5
8233,4
8234,1
8235,8
8236,2
8237,4
8238,2
8239,4
8240,7
8241,7
8242,10
8243,9
8244,4
8245,2
8246,0
8247,7
8248,8
8249,2
8250,4
8251,2
8252,7
8253,6
8254,1
8255,0
8256,7
8257,3
8258,5
8259,3
8260,5
8261,1
8262,3
8263,3
8264,5
8265,5
8266,9
8267,6
8268,10
8269,6
8270,3
8271,3
8272,1
8273,8
8274,0
8275,1
8276,5
8277,6
8278,4
8279,4
8280,4
8281,2
8282,4
8283,10
8284,4
8285,7
8286,6
8287,8
8288,5
8289,2
8290,6
8291,7
8292,7
8293,6
8294,7
8295,3
8296,4
8297,8
8298,2
8299,5
8300,8
8301,7
8302,6
8303,11
8304,3
8305,4
8306,5
8307,7
8308,4
8309,1
8310,3
8311,4
8312,2
8313,6
8314,1
8315,6
8316,8
8317,4
8318,0
8319,6
8320,4
8321,7
8322,3
8323,7
8324,2
8325,1
8326,5
8327,2
8328,6
8329,3
8330,0
8331,6
8332,8
8333,3
8334,1
8335,6
8336,4
8337,9
8338,0
8339,5
8340,7
8341,1
8342,5
8343,8
8344,0
8345,5
8346,6
8347,9
8348,4
8349,6
8350,8
8351,1
8352,3
8353,3
8354,7
8355,7
8356,7
8357,0
8358,7
8359,5
8360,3
8361,4
8362,3
8363,3
8364,0
8365,4
8366,5
8367,9
8368,6
8369,3
8370,7
8371,3
8372,3
8373,1
8374,3
8375,4
8376,4
8377,4
8378,6
8379,5
8380,8
8381,4
8382,7
8383,4
8384,2
8385,5
8386,10
8387,6
8388,3
8389,6
8390,6
8391,4
8392,2
8393,7
8394,7
8395,5
8396,5
8397,3
8398,8
8399,1
8400,3
8401,9
8402,2
8403,0
8404,5
8405,3
8406,7
8407,5
8408,4
8409,5
8410,5
8411,0
8412,9
8413,7
8414,5
8415,6
8416,6
8417,7
8418,4
8419,2
8420,3
8421,5
8422,3
8423,6
8424,4
8425,13
8426,8
8427,4
8428,7
8429,3
8430,4
8431,5
8432,5
8433,2
8434,5
8435,8
8436,1
8437,2
8438,1
8439,8
8440,3
8441,2
8442,2
8443,0
8444,3
8445,3
8446,3
8447,3
8448,3
8449,7
8450,3
8451,3
8452,3
8453,5
8454,6
8455,5
8456,6
8457,5
8458,6
8459,2
8460,4
8461,11
8462,5
8463,8
8464,6
8465,3
8466,7
8467,6
8468,3
8469,4
8470,5
8471,5
8472,1
8473,3
8474,4
8475,3
8476,2
8477,6
8478,3
8479,3
8480,9
8481,3
8482,4
8483,4
8484,3
8485,7
8486,1
8487,7
8488,1
8489,6
8490,6
8491,8
8492,3
8493,5
8494,7
8495,4
8496,3
8497,6
8498,7
8499,6
8500,6
8501,2
8502,3
8503,4
8504,3
8505,2
8506,4
8507,2
8508,4
8509,2
8510,5
8511,9
8512,4
8513,4
8514,3
8515,0
8516,0
8517,4
8518,2
8519,3
8520,4
8521,2
8522,6
8523,4
8524,3
8525,6
8526,8
8527,5
8528,2
8529,0
8530,4
8531,5
8532,3
8533,4
8534,0
8535,5
8536,5
8537,0
8538,5
8539,1
8540,3
8541,3
8542,0
8543,1
8544,2
8545,2
8546,0
8547,2
8548,0
8549,2
8550,0
8551,0
8552,0
8553,0
8554,0
8555,2
8556,0
8557,1
8558,2
8559,1
8560,0
8561,0
8562,0
8563,0
8564,1
8565,0
8566,1
8567,1
8568,0
8569,2
8570,1
8571,1
8572,3
8573,0
8574,1
8575,0
8576,0
8577,0
8578,0
8579,2
8580,1
8581,1
8582,2
8583,0
8584,4
8585,1
8586,0
8587,3
8588,1
8589,3
8590,1
8591,0
8592,3
8593,1
8594,1
8595,0
8596,1
8597,1
8598,1
8599,0
8600,0
8601,1
8602,0
8603,3
8604,0
8605,2
8606,0
8607,1
8608,0
8609,3
8610,2
8611,0
8612,0
8613,1
8614,0
8615,1
8616,0
8617,2
8618,1
8619,4
8620,2
8621,4
8622,0
8623,0
8624,1
8625,1
8626,2
8627,2
8628,0
8629,1
8630,0
8631,0
8632,0
8633,0
8634,0
8635,0
8636,4
8637,1
8638,1
8639,0
8640,2
8641,1
8642,1
8643,0
8644,2
8645,0
8646,0
8647,3
8648,3
8649,0
8650,0
8651,3
8652,1
8653,0
8654,1
8655,0
8656,2
8657,0
8658,0
8659,0
8660,0
8661,1
8662,2
8663,0
8664,0
8665,1
8666,2
8667,1
8668,1
8669,2
8670,1
8671,1
8672,1
8673,1
8674,0
8675,0
8676,3
8677,2
8678,2
8679,2
8680,1
8681,0
8682,1
8683,1
8684,2
8685,1
8686,0
8687,0
8688,2
8689,1
8690,0
8691,1
8692,1
8693,2
8694,0
8695,1
8696,1
8697,0
8698,2
8699,0
8700,2
8701,0
8702,0
8703,1
8704,0
8705,0
8706,1
8707,0
8708,1
8709,0
8710,0
8711,1
8712,1
8713,1
8714,3
8715,1
8716,1
8717,2
8718,2
8719,2
8720,1
8721,2
8722,3
8723,1
8724,0
8725,0
8726,0
8727,0
8728,1
8729,3
8730,0
8731,0
8732,3
8733,1
8734,0
8735,2
8736,2
8737,2
8738,0
8739,1
8740,1
8741,3
8742,0
8743,2
8744,2
8745,0
8746,1
8747,1
8748,1
8749,0
8750,1
8751,1
8752,0
8753,0
8754,1
8755,3
8756,0
8757,0
8758,0
8759,1
8760,0
8761,2
8762,1
8763,3
8764,2
8765,4
8766,0
8767,0
8768,1
8769,4
8770,1
8771,1
8772,1
8773,1
8774,3
8775,2
8776,1
8777,3
8778,1
8779,0
8780,0
8781,1
8782,3
8783,0
8784,1
8785,1
8786,0
8787,0
8788,1
8789,1
8790,1
8791,1
8792,0
8793,0
8794,2
8795,2
8796,1
8797,2
8798,0
8799,1
8800,3
8801,1
8802,0
8803,1
8804,0
8805,3
8806,1
8807,2
8808,1
8809,0
8810,1
8811,0
8812,1
8813,0
8814,3
8815,1
8816,1
8817,1
8818,0
8819,1
8820,0
8821,1
8822,1
8823,1
8824,0
8825,1
8826,2
8827,0
8828,1
8829,0
8830,1
8831,0
8832,1
8833,1
8834,1
8835,0
8836,0
8837,1
8838,1
8839,1
8840,3
8841,0
8842,2
8843,1
8844,1
8845,1
8846,1
8847,0
8848,3
8849,1
8850,0
8851,0
8852,0
8853,4
8854,1
8855,1
8856,0
8857,3
8858,2
8859,1
8860,0
8861,0
8862,1
8863,1
8864,2
8865,2
8866,0
8867,0
8868,1
8869,2
8870,2
8871,0
8872,0
8873,0
8874,2
8875,0
8876,1
8877,2
8878,2
8879,1
8880,2
8881,2
8882,1
8883,1
8884,4
8885,0
8886,2
8887,1
8888,3
8889,0
8890,1
8891,0
8892,1
8893,1
8894,1
8895,1
8896,1
8897,1
8898,1
8899,2
8900,1
8901,3
8902,0
8903,1
8904,1
8905,1
8906,1
8907,2
8908,1
8909,0
8910,0
8911,3
8912,0
8913,1
8914,0
8915,1
8916,1
8917,0
8918,0
8919,0
8920,1
8921,2
8922,0
8923,1
8924,1
8925,0
8926,0
8927,1
8928,2
8929,3
8930,0
8931,0
8932,1
8933,1
8934,0
8935,1
8936,2
8937,3
8938,1
8939,4
8940,0
8941,0
8942,0
8943,0
8944,1
8945,0
8946,1
8947,3
8948,1
8949,0
8950,0
8951,1
8952,0
8953,1
8954,0
8955,1
8956,1
8957,2
8958,0
8959,1
8960,0
8961,2
8962,1
8963,1
8964,1
8965,1
8966,1
8967,1
8968,0
8969,0
8970,1
8971,0
8972,1
8973,2
8974,3
8975,0
8976,1
8977,1
8978,2
8979,4
8980,2
8981,0
8982,0
8983,1
8984,0
8985,0
8986,0
8987,0
8988,1
8989,3
8990,1
8991,0
8992,1
8993,1
8994,3
8995,2
8996,1
8997,1
8998,0
8999,2
9000,1
9001,1
9002,1
9003,0
9004,2
9005,0
9006,1
9007,0
9008,0
9009,1
9010,0
9011,2
9012,1
9013,1
9014,1
9015,1
9016,0
9017,1
9018,0
9019,1
9020,2
9021,0
9022,0
9023,1
9024,0
9025,0
9026,1
9027,1
9028,2
9029,1
9030,1
9031,1
9032,1
9033,1
9034,1
9035,1
9036,1
9037,0
9038,0
9039,1
9040,1
9041,0
9042,0
9043,2
9044,2
9045,0
9046,1
9047,1
9048,1
9049,0
9050,0
9051,2
9052,1
9053,0
9054,0
9055,1
9056,0
9057,0
9058,1
9059,0
9060,7
9061,4
9062,3
9063,5
9064,6
9065,4
9066,10
9067,6
9068,3
9069,12
9070,10
9071,8
9072,3
9073,3
9074,2
9075,3
9076,1
9077,1
9078,5
9079,8
9080,3
9081,2
9082,1
9083,4
9084,0
9085,6
9086,0
9087,3
9088,6
9089,5
9090,7
9091,5
9092,1
9093,4
9094,8
9095,4
9096,6
9097,3
9098,9
9099,1
9100,6
9101,6
9102,3
9103,5
9104,7
9105,5
9106,3
9107,1
9108,4
9109,9
9110,1
9111,5
9112,2
9113,4
9114,11
9115,6
9116,7
9117,4
9118,4
9119,4
9120,2
9121,6
9122,6
9123,3
9124,10
9125,3
9126,6
9127,6
9128,5
9129,9
9130,6
9131,5
9132,6
9133,4
9134,3
9135,5
9136,7
9137,6
9138,4
9139,7
9140,7
9141,5
9142,4
9143,4
9144,2
9145,4
9146,1
9147,6
9148,5
9149,4
9150,10
9151,2
9152,5
9153,4
9154,3
9155,9
9156,5
9157,6
9158,2
9159,9
9160,5
9161,2
9162,8
9163,6
9164,4
9165,6
9166,6
9167,8
9168,4
9169,2
9170,3
9171,0
9172,7
9173,2
9174,1
9175,10
9176,7
9177,7
9178,6
9179,4
9180,5
9181,3
9182,2
9183,8
9184,5
9185,8
9186,3
9187,4
9188,4
9189,3
9190,4
9191,1
9192,2
9193,7
9194,6
9195,4
9196,6
9197,1
9198,2
9199,0
9200,6
9201,0
9202,1
9203,5
9204,4
9205,5
9206,4
9207,8
9208,7
9209,1
9210,7
9211,2
9212,1
9213,8
9214,6
9215,8
9216,7
9217,2
9218,4
9219,5
9220,8
9221,5
9222,4
9223,6
9224,8
9225,3
9226,3
9227,1
9228,1
9229,3
9230,5
9231,7
9232,4
9233,6
9234,3
9235,4
9236,5
9237,3
9238,7
9239,6
9240,4
9241,4
9242,6
9243,10
9244,6
9245,3
9246,3
9247,8
9248,1
9249,4
9250,3
9251,4
9252,5
9253,4
9254,6
9255,1
9256,4
9257,2
9258,4
9259,4
9260,0
9261,6
9262,7
9263,3
9264,2
9265,7
9266,5
9267,0
9268,3
9269,4
9270,5
9271,8
9272,8
9273,6
9274,0
9275,4
9276,0
9277,7
9278,0
9279,6
9280,5
9281,3
9282,3
9283,9
9284,2
9285,1
9286,2
9287,3
9288,2
9289,4
9290,6
9291,5
9292,1
9293,3
9294,6
9295,3
9296,2
9297,3
9298,5
9299,3
9300,4
9301,2
9302,6
9303,5
9304,4
9305,3
9306,0
9307,7
9308,3
9309,9
9310,7
9311,6
9312,4
9313,6
9314,7
9315,4
9316,0
9317,5
9318,7
9319,4
9320,5
9321,6
9322,5
9323,4
9324,5
9325,4
9326,5
9327,6
9328,3
9329,8
9330,5
9331,4
9332,6
9333,0
9334,6
9335,2
9336,5
9337,5
9338,14
9339,6
9340,5
9341,2
9342,4
9343,4
9344,2
9345,5
9346,1
9347,2
9348,6
9349,1
9350,3
9351,4
9352,1
9353,7
9354,1
9355,8
9356,4
9357,6
9358,5
9359,6
9360,0
9361,3
9362,1
9363,14
9364,2
9365,3
9366,5
9367,10
9368,5
9369,2
9370,4
9371,5
9372,2
9373,4
9374,9
9375,9
9376,7
9377,3
9378,0
9379,3
9380,4
9381,3
9382,9
9383,7
9384,2
9385,5
9386,4
9387,1
9388,1
9389,7
9390,1
9391,2
9392,4
9393,8
9394,2
9395,7
9396,0
9397,4
9398,1
9399,5
9400,4
9401,3
9402,5
9403,2
9404,4
9405,1
9406,7
9407,5
9408,7
9409,3
9410,7
9411,6
9412,5
9413,0
9414,6
9415,9
9416,3
9417,8
9418,0
9419,7
9420,10
9421,5
9422,1
9423,4
9424,9
9425,5
9426,4
9427,5
9428,7
9429,6
9430,4
9431,2
9432,4
9433,6
9434,1
9435,10
9436,7
9437,7
9438,6
9439,5
9440,0
9441,5
9442,3
9443,4
9444,7
9445,4
9446,8
9447,5
9448,7
9449,4
9450,0
9451,7
9452,11
9453,4
9454,1
9455,4
9456,4
9457,1
9458,4
9459,2
9460,6
9461,8
9462,4
9463,10
9464,6
9465,6
9466,5
9467,6
9468,5
9469,4
9470,2
9471,2
9472,1
9473,5
9474,6
9475,5
9476,6
9477,2
9478,10
9479,8
9480,11
9481,2
9482,4
9483,5
9484,8
9485,7
9486,1
9487,4
9488,1
9489,6
9490,6
9491,4
9492,4
9493,8
9494,2
9495,7
9496,5
9497,0
9498,3
9499,1
9500,4
9501,1
9502,2
9503,9
9504,5
9505,5
9506,4
9507,0
9508,5
9509,6
9510,1
9511,4
9512,2
9513,4
9514,7
9515,8
9516,5
9517,4
9518,6
9519,6
9520,6
9521,6
9522,2
9523,6
9524,2
9525,5
9526,3
9527,4
9528,8
9529,4
9530,9
9531,9
9532,4
9533,4
9534,6
9535,3
9536,3
9537,5
9538,7
9539,5
9540,5
9541,1
9542,8
9543,5
9544,2
9545,5
9546,1
9547,3
9548,4
9549,1
9550,6
9551,5
9552,4
9553,2
9554,5
9555,6
9556,3
9557,8
9558,1
9559,2
9560,1
9561,4
9562,10
9563,4
9564,9
9565,6
9566,6
9567,4
9568,4
9569,4
9570,4
9571,1
9572,4
9573,4
9574,6
9575,7
9576,3
9577,8
9578,0
9579,8
9580,5
9581,4
9582,7
9583,5
9584,0
9585,6
9586,3
9587,7
9588,0
9589,1
9590,5
9591,10
9592,10
9593,2
9594,9
9595,9
9596,4
9597,6
9598,1
9599,2
9600,2
9601,7
9602,6
9603,6
9604,4
9605,8
9606,9
9607,9
9608,5
9609,4
9610,3
9611,6
9612,8
9613,5
9614,2
9615,7
9616,5
9617,2
9618,3
9619,4
9620,3
9621,5
9622,3
9623,0
9624,5
9625,3
9626,4
9627,7
9628,2
9629,10
9630,5
9631,7
9632,5
9633,9
9634,3
9635,3
9636,0
9637,7
9638,3
9639,1
9640,6
9641,6
9642,3
9643,3
9644,6
9645,3
9646,4
9647,5
9648,3
9649,5
9650,7
9651,5
9652,5
9653,3
9654,6
9655,4
9656,4
9657,0
9658,5
9659,7
9660,0
9661,2
9662,2
9663,3
9664,0
9665,5
9666,5
9667,9
9668,8
9669,4
9670,0
9671,4
9672,2
9673,8
9674,0
9675,5
9676,3
9677,6
9678,6
9679,2
9680,7
9681,5
9682,1
9683,4
9684,8
9685,4
9686,7
9687,6
9688,5
9689,5
9690,4
9691,8
9692,10
9693,8
9694,6
9695,5
9696,6
9697,5
9698,4
9699,2
9700,5
9701,7
9702,5
9703,8
9704,6
9705,3
9706,5
9707,6
9708,6
9709,6
9710,3
9711,5
9712,4
9713,2
9714,9
9715,3
9716,2
9717,2
9718,6
9719,8
9720,6
9721,2
9722,10
9723,3
9724,6
9725,1
9726,3
9727,4
9728,1
9729,2
9730,2
9731,6
9732,8
9733,5
9734,0
9735,4
9736,4
9737,6
9738,3
9739,3
9740,6
9741,6
9742,5
9743,3
9744,7
9745,2
9746,8
9747,10
9748,6
9749,5
9750,7
9751,4
9752,7
9753,3
9754,1
9755,3
9756,4
9757,3
9758,2
9759,1
9760,4
9761,6
9762,5
9763,4
9764,1
9765,0
9766,4
9767,9
9768,4
9769,11
9770,9
9771,3
9772,5
9773,9
9774,1
9775,1
9776,9
9777,8
9778,6
9779,4
9780,0
9781,8
9782,7
9783,5
9784,5
9785,7
9786,3
9787,12
9788,4
9789,3
9790,1
9791,8
9792,5
9793,3
9794,7
9795,3
9796,6
9797,4
9798,10
9799,4
9800,2
9801,6
9802,0
9803,2
9804,3
9805,0
9806,5
9807,1
9808,3
9809,5
9810,5
9811,4
9812,9
9813,6
9814,6
9815,7
9816,4
9817,2
9818,0
9819,4
9820,2
9821,5
9822,5
9823,2
9824,0
9825,4
9826,6
9827,2
9828,5
9829,6
9830,5
9831,4
9832,9
9833,4
9834,6
9835,3
9836,4
9837,1
9838,3
9839,9
9840,3
9841,6
9842,8
9843,8
9844,1
9845,2
9846,3
9847,0
9848,6
9849,7
9850,5
9851,6
9852,4
9853,3
9854,5
9855,8
9856,2
9857,2
9858,4
9859,8
9860,7
9861,3
9862,3
9863,4
9864,3
9865,6
9866,4
9867,3
9868,7
9869,4
9870,5
9871,0
9872,7
9873,7
9874,3
9875,5
9876,11
9877,4
9878,1
9879,7
9880,4
9881,6
9882,4
9883,3
9884,6
9885,5
9886,5
9887,5
9888,4
9889,3
9890,5
9891,7
9892,2
9893,6
9894,1
9895,3
9896,3
9897,5
9898,9
9899,6
9900,7
9901,4
9902,5
9903,8
9904,4
9905,1
9906,2
9907,3
9908,5
9909,3
9910,7
9911,3
9912,7
9913,5
9914,2
9915,1
9916,6
9917,7
9918,5
9919,2
9920,7
9921,8
9922,2
9923,5
9924,9
9925,0
9926,6
9927,2
9928,3
9929,2
9930,4
9931,6
9932,6
9933,8
9934,7
9935,6
9936,4
9937,3
9938,4
9939,2
9940,5
9941,4
9942,4
9943,2
9944,3
9945,6
9946,6
9947,4
9948,2
9949,3
9950,3
9951,6
9952,0
9953,3
9954,1
9955,8
9956,3
9957,5
9958,5
9959,3
9960,1
9961,5
9962,6
9963,2
9964,4
9965,3
9966,6
9967,3
9968,4
9969,7
9970,3
9971,7
9972,6
9973,7
9974,6
9975,4
9976,4
9977,5
9978,6
9979,2
9980,6
9981,1
9982,4
9983,1
9984,6
9985,5
9986,7
9987,2
9988,0
9989,3
9990,6
9991,3
9992,7
9993,6
9994,3
9995,9
9996,5
9997,7
9998,3
9999,3
10000,5
10001,5
10002,7
10003,3
10004,4
10005,9
10006,2
10007,4
10008,4
10009,2
10010,1
10011,10
10012,9
10013,2
10014,4
10015,4
10016,6
10017,5
10018,7
10019,6
10020,0
10021,3
10022,0
10023,0
10024,1
10025,0
10026,1
10027,0
10028,0
10029,1
10030,2
10031,2
10032,0
10033,2
10034,1
10035,1
10036,2
10037,0
10038,1
10039,1
10040,1
10041,1
10042,0
10043,1
10044,2
10045,0
10046,0
10047,0
10048,1
10049,1
10050,2
10051,0
10052,0
10053,1
10054,0
10055,1
10056,1
10057,3
10058,2
10059,1
10060,2
10061,1
10062,2
10063,1
10064,1
10065,1
10066,0
10067,0
10068,0
10069,1
10070,0
10071,2
10072,1
10073,3
10074,2
10075,2
10076,1
10077,1
10078,1
10079,1
10080,0
10081,3
10082,2
10083,3
10084,0
10085,1
10086,0
10087,2
10088,1
10089,2
10090,1
10091,1
10092,1
10093,2
10094,1
10095,0
10096,2
10097,1
10098,1
10099,1
10100,0
10101,1
10102,1
10103,1
10104,0
10105,1
10106,0
10107,2
10108,1
10109,2
10110,1
10111,0
10112,1
10113,0
10114,1
10115,0
10116,1
10117,2
10118,0
10119,0
10120,2
10121,1
10122,0
10123,1
10124,2
10125,1
10126,1
10127,0
10128,0
10129,1
10130,0
10131,0
10132,1
10133,2
10134,2
10135,0
10136,0
10137,2
10138,0
10139,2
10140,0
10141,0
10142,0
10143,0
10144,0
10145,1
10146,0
10147,0
10148,1
10149,2
10150,1
10151,1
10152,0
10153,0
10154,2
10155,0
10156,1
10157,0
10158,1
10159,1
10160,4
10161,0
10162,2
10163,1
10164,2
10165,0
10166,1
10167,1
10168,1
10169,3
10170,1
10171,1
10172,0
10173,0
10174,3
10175,5
10176,0
10177,2
10178,0
10179,1
10180,4
10181,1
10182,2
10183,1
10184,1
10185,1
10186,0
10187,1
10188,2
10189,1
10190,2
10191,2
10192,1
10193,0
10194,0
10195,2
10196,2
10197,1
10198,1
10199,1
10200,0
10201,2
10202,0
10203,0
10204,2
10205,0
10206,3
10207,2
10208,0
10209,2
10210,1
10211,0
10212,1
10213,5
10214,0
10215,0
10216,0
10217,1
10218,1
10219,1
10220,1
10221,2
10222,0
10223,0
10224,0
10225,2
10226,2
10227,0
10228,0
10229,1
10230,1
10231,1
10232,1
10233,1
10234,3
10235,0
10236,1
10237,2
10238,1
10239,0
10240,0
10241,2
10242,3
10243,1
10244,3
10245,1
10246,1
10247,1
10248,4
10249,0
10250,1
10251,0
10252,0
10253,0
10254,1
10255,0
10256,0
10257,1
10258,1
10259,2
10260,1
10261,0
10262,0
10263,1
10264,2
10265,2
10266,1
10267,1
10268,3
10269,1
10270,2
10271,3
10272,1
10273,0
10274,4
10275,0
10276,2
10277,1
10278,2
10279,0
10280,0
10281,1
10282,1
10283,2
10284,0
10285,0
10286,2
10287,2
10288,2
10289,1
10290,0
10291,0
10292,0
10293,1
10294,1
10295,4
10296,0
10297,1
10298,0
10299,0
10300,0
10301,1
10302,0
10303,1
10304,1
10305,2
10306,1
10307,1
10308,0
10309,1
10310,3
10311,0
10312,1
10313,1
10314,0
10315,1
10316,1
10317,0
10318,0
10319,1
10320,1
10321,0
10322,2
10323,0
10324,1
10325,0
10326,2
10327,0
10328,1
10329,1
10330,2
10331,0
10332,0
10333,3
10334,2
10335,3
10336,0
10337,0
10338,2
10339,2
10340,0
10341,0
10342,2
10343,1
10344,1
10345,1
10346,2
10347,1
10348,0
10349,1
10350,1
10351,0
10352,2
10353,2
10354,0
10355,1
10356,1
10357,1
10358,0
10359,2
10360,0
10361,0
10362,1
10363,3
10364,0
10365,2
10366,0
10367,2
10368,0
10369,2
10370,0
10371,1
10372,2
10373,0
10374,0
10375,1
10376,0
10377,0
10378,1
10379,1
10380,1
10381,1
10382,1
10383,4
10384,0
10385,5
10386,2
10387,0
10388,2
10389,1
10390,3
10391,0
10392,0
10393,2
10394,0
10395,0
10396,0
10397,0
10398,0
10399,1
10400,2
10401,0
10402,3
10403,0
10404,3
10405,1
10406,1
10407,1
10408,2
10409,0
10410,1
10411,0
10412,0
10413,0
10414,0
10415,0
10416,0
10417,0
10418,0
10419,0
10420,2
10421,2
10422,0
10423,1
10424,0
10425,1
10426,0
10427,1
10428,1
10429,2
10430,2
10431,0
10432,1
10433,3
10434,2
10435,2
10436,1
10437,1
10438,1
10439,0
10440,0
10441,2
10442,0
10443,2
10444,2
10445,1
10446,2
10447,0
10448,0
10449,1
10450,0
10451,0
10452,1
10453,0
10454,1
10455,5
10456,0
10457,8
10458,7
10459,7
10460,0
10461,7
10462,5
10463,6
10464,4
10465,4
10466,5
10467,7
10468,1
10469,6
10470,4
10471,0
10472,1
10473,0
10474,3
10475,4
10476,4
10477,6
10478,3
10479,3
10480,4
10481,2
10482,3
10483,4
10484,6
10485,4
10486,5
10487,2
10488,4
10489,4
10490,6
10491,7
10492,4
10493,0
10494,5
10495,9
10496,6
10497,1
10498,6
10499,2
10500,8
10501,6
10502,4
10503,9
10504,4
10505,0
10506,3
10507,6
10508,2
10509,9
10510,2
10511,4
10512,4
10513,2
10514,5
10515,4
10516,6
10517,3
10518,2
10519,6
10520,5
10521,10
10522,3
10523,5
10524,6
10525,4
10526,4
10527,5
10528,9
10529,8
10530,4
10531,4
10532,5
10533,7
10534,4
10535,7
10536,1
10537,5
10538,4
10539,3
10540,2
10541,2
10542,3
10543,5
10544,6
10545,1
10546,0
10547,1
10548,4
10549,5
10550,5
10551,3
10552,3
10553,4
10554,5
10555,4
10556,3
10557,1
10558,9
10559,3
10560,7
10561,8
10562,3
10563,1
10564,5
10565,5
10566,0
10567,3
10568,4
10569,3
10570,2
10571,4
10572,8
10573,1
10574,4
10575,4
10576,6
10577,7
10578,10
10579,3
10580,4
10581,7
10582,6
10583,5
10584,4
10585,10
10586,10
10587,6
10588,6
10589,6
10590,4
10591,6
10592,0
10593,2
10594,8
10595,4
10596,6
10597,2
10598,6
10599,9
10600,0
10601,4
10602,4
10603,4
10604,1
10605,5
10606,3
10607,2
10608,6
10609,2
10610,9
10611,7
10612,7
10613,9
10614,3
10615,5
10616,4
10617,3
10618,1
10619,4
10620,4
10621,3
10622,8
10623,6
10624,4
10625,6
10626,1
10627,5
10628,6
10629,3
10630,9
10631,4
10632,3
10633,3
10634,5
10635,5
10636,1
10637,8
10638,1
10639,4
10640,7
10641,1
10642,2
10643,6
10644,5
10645,2
10646,7
10647,1
10648,5
10649,7
10650,9
10651,3
10652,1
10653,7
10654,6
10655,4
10656,3
10657,4
10658,2
10659,3
10660,2
10661,3
10662,4
10663,5
10664,5
10665,7
10666,2
10667,4
10668,6
10669,4
10670,8
10671,5
10672,6
10673,3
10674,5
10675,1
10676,3
10677,1
10678,5
10679,7
10680,5
10681,2
10682,4
10683,7
10684,6
10685,5
10686,3
10687,7
10688,2
10689,5
10690,8
10691,8
10692,6
10693,3
10694,8
10695,3
10696,3
10697,2
10698,1
10699,4
10700,5
10701,6
10702,3
10703,4
10704,6
10705,3
10706,7
10707,4
10708,4
10709,13
10710,6
10711,7
10712,6
10713,4
10714,1
10715,9
10716,2
10717,7
10718,4
10719,3
10720,1
10721,7
10722,0
10723,0
10724,6
10725,5
10726,3
10727,2
10728,5
10729,6
10730,5
10731,4
10732,4
10733,5
10734,5
10735,5
10736,5
10737,1
10738,5
10739,4
10740,5
10741,7
10742,7
10743,7
10744,2
10745,2
10746,6
10747,3
10748,4
10749,6
10750,3
10751,6
10752,3
10753,2
10754,4
10755,7
10756,1
10757,6
10758,4
10759,7
10760,0
10761,8
10762,4
10763,3
10764,10
10765,7
10766,2
10767,12
10768,1
10769,6
10770,3
10771,2
10772,3
10773,1
10774,2
10775,1
10776,3
10777,3
10778,5
10779,5
10780,5
10781,0
10782,6
10783,4
10784,7
10785,0
10786,3
10787,5
10788,9
10789,4
10790,6
10791,2
10792,7
10793,6
10794,4
10795,3
10796,2
10797,6
10798,2
10799,5
10800,6
10801,1
10802,2
10803,9
10804,7
10805,4
10806,6
10807,13
10808,3
10809,9
10810,6
10811,3
10812,8
10813,3
10814,4
10815,1
10816,4
10817,3
10818,2
10819,0
10820,2
10821,8
10822,3
10823,5
10824,7
10825,5
10826,6
10827,0
10828,3
10829,2
10830,6
10831,4
10832,8
10833,1
10834,6
10835,1
10836,4
10837,6
10838,4
10839,7
10840,6
10841,2
10842,1
10843,5
10844,6
10845,4
10846,2
10847,4
10848,5
10849,2
10850,7
10851,2
10852,6
10853,6
10854,2
10855,4
10856,6
10857,6
10858,6
10859,1
10860,4
10861,4
10862,0
10863,3
10864,4
10865,5
10866,9
10867,3
10868,7
10869,4
10870,3
10871,7
10872,5
10873,1
10874,4
10875,2
10876,2
10877,7
10878,9
10879,12
10880,8
10881,4
10882,6
10883,1
10884,2
10885,7
10886,6
10887,4
10888,7
10889,5
10890,4
10891,8
10892,8
10893,9
10894,4
10895,4
10896,5
10897,1
10898,5
10899,5
10900,2
10901,7
10902,0
10903,7
10904,1
10905,8
10906,0
10907,6
10908,4
10909,2
10910,8
10911,6
10912,9
10913,4
10914,3
10915,3
10916,7
10917,3
10918,2
10919,6
10920,7
10921,6
10922,6
10923,8
10924,4
10925,3
10926,7
10927,2
10928,3
10929,4
10930,3
10931,3
10932,7
10933,4
10934,6
10935,5
10936,1
10937,3
10938,4
10939,7
10940,7
10941,1
10942,2
10943,8
10944,3
10945,6
10946,8
10947,3
10948,7
10949,4
10950,11
10951,10
10952,3
10953,11
10954,3
10955,5
10956,5
10957,3
10958,1
10959,2
10960,0
10961,5
10962,2
10963,6
10964,7
10965,1
10966,4
10967,5
10968,5
10969,1
10970,0
10971,3
10972,4
10973,10
10974,6
10975,9
10976,6
10977,3
10978,6
10979,8
10980,8
10981,5
10982,1
10983,5
10984,1
10985,4
10986,3
10987,8
10988,6
10989,4
10990,3
10991,7
10992,6
10993,6
10994,6
10995,0
10996,6
10997,9
10998,4
10999,4
11000,4
11001,5
11002,10
11003,2
11004,3
11005,0
11006,6
11007,4
11008,2
11009,5
11010,1
11011,7
11012,4
11013,3
11014,0
11015,3
11016,8
11017,4
11018,1
11019,10
11020,5
11021,4
11022,6
11023,4
11024,3
11025,8
11026,5
11027,5
11028,4
11029,1
11030,3
11031,0
11032,4
11033,8
11034,5
11035,8
11036,6
11037,6
11038,3
11039,7
11040,2
11041,5
11042,7
11043,3
11044,7
11045,6
11046,2
11047,10
11048,2
11049,4
11050,6
11051,0
11052,10
11053,7
11054,2
11055,3
11056,1
11057,4
11058,2
11059,6
11060,2
11061,11
11062,3
11063,2
11064,4
11065,6
11066,3
11067,3
11068,5
11069,4
11070,6
11071,4
11072,8
11073,9
11074,5
11075,2
11076,0
11077,3
11078,8
11079,2
11080,5
11081,6
11082,4
11083,3
11084,5
11085,8
11086,8
11087,9
11088,5
11089,6
11090,5
11091,6
11092,5
11093,4
11094,7
11095,7
11096,5
11097,4
11098,2
11099,6
11100,4
11101,7
11102,9
11103,4
11104,5
11105,2
11106,2
11107,8
11108,6
11109,3
11110,3
11111,8
11112,1
11113,0
11114,8
11115,9
11116,1
11117,6
11118,5
11119,4
11120,3
11121,7
11122,8
11123,8
11124,7
11125,2
11126,5
11127,3
11128,3
11129,6
11130,5
11131,6
11132,4
11133,5
11134,5
11135,2
11136,3
11137,4
11138,0
11139,5
11140,8
11141,2
11142,5
11143,9
11144,3
11145,4
11146,7
11147,6
11148,9
11149,5
11150,3
11151,6
11152,3
11153,6
11154,1
11155,1
11156,4
11157,2
11158,0
11159,5
11160,8
11161,5
11162,7
11163,5
11164,7
11165,4
11166,3
11167,9
11168,5
11169,6
11170,2
11171,3
11172,3
11173,9
11174,2
11175,4
11176,5
11177,7
11178,2
11179,0
11180,1
11181,7
11182,0
11183,5
11184,8
11185,7
11186,2
11187,8
11188,6
11189,7
11190,3
11191,5
11192,5
11193,5
11194,3
11195,6
11196,4
11197,5
11198,3
11199,4
11200,3
11201,0
11202,7
11203,4
11204,2
11205,5
11206,0
11207,6
11208,3
11209,7
11210,4
11211,6
11212,1
11213,7
11214,3
11215,7
11216,3
11217,3
11218,4
11219,2
11220,3
11221,1
11222,6
11223,6
11224,5
11225,9
11226,3
11227,6
11228,7
11229,4
11230,3
11231,4
11232,8
11233,1
11234,2
11235,9
11236,8
11237,7
11238,1
11239,4
11240,3
11241,4
11242,5
11243,6
11244,5
11245,9
11246,5
11247,0
11248,3
11249,6
11250,7
11251,0
11252,2
11253,2
11254,3
11255,5
11256,4
11257,5
11258,1
11259,7
11260,3
11261,3
11262,2
11263,5
11264,2
11265,3
11266,7
11267,6
11268,4
11269,7
11270,2
11271,1
11272,1
11273,1
11274,1
11275,6
11276,8
11277,2
11278,7
11279,0
11280,9
11281,7
11282,12
11283,5
11284,6
11285,3
11286,4
11287,4
11288,1
11289,8
11290,6
11291,5
11292,5
11293,5
11294,4
11295,6
11296,5
11297,4
11298,2
11299,3
11300,4
11301,6
11302,4
11303,5
11304,5
11305,8
11306,6
11307,7
11308,5
11309,6
11310,5
11311,9
11312,2
11313,4
11314,5
11315,5
11316,7
11317,0
11318,1
11319,8
11320,1
11321,1
11322,4
11323,4
11324,8
11325,4
11326,3
11327,3
11328,5
11329,7
11330,3
11331,4
11332,3
11333,5
11334,3
11335,4
11336,2
11337,7
11338,5
11339,8
11340,0
11341,5
11342,7
11343,5
11344,12
11345,5
11346,2
11347,7
11348,5
11349,5
11350,4
11351,4
11352,5
11353,7
11354,10
11355,0
11356,7
11357,5
11358,7
11359,3
11360,4
11361,3
11362,2
11363,5
11364,1
11365,3
11366,8
11367,2
11368,6
11369,6
11370,6
11371,7
11372,6
11373,1
11374,4
11375,5
11376,6
11377,7
11378,1
11379,0
11380,4
11381,2
11382,6
11383,5
11384,4
11385,5
11386,6
11387,8
11388,6
11389,7
11390,7
11391,3
11392,9
11393,5
11394,4
11395,6
11396,5
11397,3
11398,3
11399,12
11400,5
11401,5
11402,5
11403,3
11404,3
11405,6
11406,5
11407,8
11408,6
11409,3
11410,0
11411,4
11412,2
11413,5
11414,2
11415,8
11416,4
11417,0
11418,0
11419,0
11420,3
11421,0
11422,0
11423,1
11424,0
11425,1
11426,1
11427,0
11428,0
11429,3
11430,1
11431,0
11432,2
11433,1
11434,0
11435,2
11436,2
11437,0
11438,0
11439,0
11440,3
11441,2
11442,0
11443,0
11444,0
11445,1
11446,0
11447,0
11448,1
11449,1
11450,1
11451,1
11452,1
11453,0
11454,2
11455,2
11456,0
11457,0
11458,0
11459,1
11460,2
11461,0
11462,0
11463,1
11464,0
11465,0
11466,2
11467,2
11468,1
11469,2
11470,2
11471,2
11472,0
11473,1
11474,0
11475,0
11476,1
11477,0
11478,1
11479,0
11480,0
11481,0
11482,2
11483,1
11484,1
11485,2
11486,2
11487,2
11488,1
11489,1
11490,2
11491,0
11492,1
11493,2
11494,0
11495,0
11496,1
11497,1
11498,1
11499,0
11500,0
11501,0
11502,1
11503,1
11504,0
11505,0
11506,1
11507,1
11508,1
11509,0
11510,1
11511,2
11512,0
11513,2
11514,2
11515,2
11516,0
11517,0
11518,0
11519,4
11520,0
11521,1
11522,0
11523,0
11524,1
11525,0
11526,2
11527,1
11528,1
11529,1
11530,0
11531,0
11532,1
11533,5
11534,0
11535,1
11536,0
11537,2
11538,1
11539,1
11540,1
11541,1
11542,2
11543,1
11544,0
11545,1
11546,0
11547,0
11548,0
11549,1
11550,1
11551,0
11552,1
11553,0
11554,2
11555,0
11556,0
11557,2
11558,3
11559,1
11560,5
11561,2
11562,1
11563,1
11564,0
11565,2
11566,2
11567,1
11568,0
11569,0
11570,0
11571,2
11572,1
11573,1
11574,1
11575,2
11576,0
11577,1
11578,1
11579,3
11580,3
11581,3
11582,0
11583,0
11584,0
11585,1
11586,0
11587,0
11588,0
11589,2
11590,0
11591,1
11592,0
11593,1
11594,1
11595,3
11596,1
11597,1
11598,1
11599,3
11600,1
11601,2
11602,1
11603,1
11604,1
11605,0
11606,2
11607,0
11608,1
11609,0
11610,2
11611,2
11612,2
11613,1
11614,0
11615,1
11616,1
11617,1
11618,0
11619,0
11620,1
11621,0
11622,2
11623,0
11624,1
11625,0
11626,0
11627,0
11628,0
11629,0
11630,2
11631,1
11632,0
11633,0
11634,2
11635,0
11636,1
11637,0
11638,2
11639,0
11640,0
11641,1
11642,1
11643,0
11644,0
11645,3
11646,2
11647,0
11648,0
11649,1
11650,2
11651,1
11652,1
11653,1
11654,1
11655,1
11656,0
11657,2
11658,0
11659,1
11660,3
11661,3
11662,1
11663,1
11664,0
11665,0
11666,3
11667,1
11668,2
11669,1
11670,1
11671,3
11672,0
11673,0
11674,0
11675,0
11676,4
11677,0
11678,3
11679,0
11680,0
11681,0
11682,0
11683,0
11684,3
11685,1
11686,2
11687,0
11688,0
11689,0
11690,0
11691,1
11692,3
11693,1
11694,0
11695,1
11696,0
11697,2
11698,2
11699,2
11700,1
11701,1
11702,0
11703,2
11704,0
11705,1
11706,0
11707,0
11708,1
11709,3
11710,1
11711,1
11712,0
11713,1
11714,2
11715,2
11716,2
11717,0
11718,0
11719,3
11720,3
11721,0
11722,0
11723,1
11724,1
11725,2
11726,2
11727,2
11728,1
11729,3
11730,2
11731,0
11732,0
11733,3
11734,2
11735,2
11736,1
11737,1
11738,1
11739,1
11740,1
11741,0
11742,0
11743,1
11744,2
11745,2
11746,0
11747,0
11748,1
11749,2
11750,0
11751,3
11752,1
11753,1
11754,0
11755,3
11756,0
11757,1
11758,1
11759,0
11760,0
11761,0
11762,2
11763,2
11764,2
11765,1
11766,1
11767,2
11768,1
11769,1
11770,4
11771,2
11772,0
11773,0
11774,1
11775,0
11776,0
11777,1
11778,3
11779,1
11780,0
11781,1
11782,0
11783,2
11784,2
11785,1
11786,0
11787,2
11788,1
11789,1
11790,1
11791,1
11792,2
11793,0
11794,0
11795,0
11796,3
11797,0
11798,1
11799,1
11800,0
11801,0
11802,3
11803,1
11804,0
11805,2
11806,2
11807,0
11808,0
11809,0
11810,1
11811,0
11812,0
11813,0
11814,0
11815,1
11816,2
11817,0
11818,1
11819,3
11820,1
11821,1
11822,3
11823,0
11824,3
11825,1
11826,0
11827,1
11828,1
11829,1
11830,1
11831,0
11832,3
11833,0
11834,0
11835,0
11836,1
11837,1
11838,0
11839,1
11840,1
11841,1
11842,0
11843,1
11844,0
11845,0
11846,0
11847,2
11848,0
11849,0
11850,0
11851,0
11852,0
11853,2
11854,1
11855,2
11856,0
11857,2
11858,1
11859,1
11860,1
11861,1
11862,1
11863,0
11864,1
11865,0
11866,0
11867,1
11868,0
11869,0
11870,1
11871,1
11872,1
11873,0
11874,1
11875,1
11876,1
11877,0
11878,0
11879,0
11880,1
11881,0
11882,2
11883,0
11884,0
11885,0
11886,1
11887,0
11888,0
11889,2
11890,2
11891,0
11892,1
11893,3
11894,0
11895,0
11896,2
11897,0
11898,1
11899,1
11900,0
11901,0
11902,1
11903,1
11904,0
11905,3
11906,0
11907,1
11908,0
11909,2
11910,0
11911,1
11912,1
11913,1
11914,0
11915,1
11916,0
11917,1
11918,1
11919,0
11920,2
11921,1
11922,0
11923,1
11924,2
11925,1
11926,0
11927,0
11928,1
11929,1
11930,0
11931,1
11932,1
11933,0
11934,2
11935,0
11936,2
11937,3
11938,5
11939,6
11940,5
11941,7
11942,5
11943,3
11944,2
11945,4
11946,12
11947,5
11948,3
11949,6
11950,3
11951,4
11952,8
11953,5
11954,6
11955,8
11956,3
11957,3
11958,3
11959,6
11960,6
11961,0
11962,5
11963,1
11964,4
11965,1
11966,6
11967,5
11968,4
11969,6
11970,0
11971,5
11972,6
11973,1
11974,5
11975,7
11976,4
11977,1
11978,2
11979,8
11980,2
11981,6
11982,4
11983,2
11984,12
11985,10
11986,3
11987,2
11988,3
11989,1
11990,0
11991,7
11992,7
11993,4
11994,9
11995,1
11996,8
11997,8
11998,6
11999,4
12000,7
12001,0
12002,2
12003,1
12004,3
12005,5
12006,4
12007,5
12008,0
12009,3
12010,8
12011,3
12012,4
12013,5
12014,5
12015,4
12016,7
12017,3
12018,10
12019,3
12020,6
12021,8
12022,5
12023,3
12024,6
12025,6
12026,1
12027,6
12028,5
12029,5
12030,8
12031,8
12032,3
12033,2
12034,4
12035,6
12036,0
12037,2
12038,4
12039,4
12040,4
12041,1
12042,5
12043,5
12044,3
12045,6
12046,7
12047,2
12048,2
12049,3
12050,4
12051,5
12052,5
12053,8
12054,2
12055,5
12056,5
12057,10
12058,6
12059,5
12060,6
12061,8
12062,6
12063,7
12064,6
12065,7
12066,8
12067,7
12068,1
12069,4
12070,5
12071,5
12072,8
12073,6
12074,6
12075,10
12076,6
12077,8
12078,6
12079,6
12080,4
12081,0
12082,7
12083,3
12084,11
12085,8
12086,9
12087,7
12088,4
12089,2
12090,5
12091,6
12092,4
12093,3
12094,5
12095,1
12096,2
12097,4
12098,3
12099,6
12100,4
12101,11
12102,5
12103,5
12104,4
12105,4
12106,7
12107,5
12108,0
12109,1
12110,8
12111,5
12112,2
12113,1
12114,4
12115,3
12116,5
12117,3
12118,1
12119,7
12120,2
12121,5
12122,2
12123,9
12124,7
12125,8
12126,2
12127,5
12128,6
12129,1
12130,5
12131,3
12132,3
12133,3
12134,5
12135,2
12136,4
12137,1
12138,1
12139,2
12140,2
12141,4
12142,0
12143,5
12144,1
12145,7
12146,2
12147,5
12148,4
12149,1
12150,4
12151,5
12152,4
12153,2
12154,0
12155,4
12156,5
12157,0
12158,5
12159,2
12160,8
12161,6
12162,5
12163,4
12164,8
12165,1
12166,4
12167,5
12168,3
12169,3
12170,3
12171,1
12172,1
12173,4
12174,3
12175,3
12176,10
12177,8
12178,6
12179,5
12180,6
12181,4
12182,4
12183,3
12184,8
12185,8
12186,3
12187,9
12188,2
12189,6
12190,5
12191,11
12192,4
12193,1
12194,8
12195,1
12196,0
12197,10
12198,2
12199,3
12200,6
12201,4
12202,2
12203,8
12204,7
12205,5
12206,6
12207,7
12208,3
12209,5
12210,8
12211,5
12212,4
12213,3
12214,9
12215,8
12216,6
12217,4
12218,8
12219,4
12220,4
12221,9
12222,5
12223,3
12224,3
12225,5
12226,9
12227,3
12228,11
12229,7
12230,11
12231,8
12232,9
12233,3
12234,5
12235,7
12236,6
12237,6
12238,4
12239,8
12240,3
12241,5
12242,6
12243,5
12244,2
12245,8
12246,3
12247,0
12248,3
12249,3
12250,4
12251,7
12252,8
12253,4
12254,9
12255,2
12256,3
12257,4
12258,4
12259,0
12260,3
12261,1
12262,5
12263,3
12264,7
12265,3
12266,6
12267,4
12268,2
12269,4
12270,4
12271,0
12272,1
12273,5
12274,1
12275,3
12276,3
12277,6
12278,1
12279,4
12280,7
12281,5
12282,2
12283,4
12284,1
12285,7
12286,5
12287,7
12288,8
12289,6
12290,8
12291,5
12292,4
12293,11
12294,1
12295,6
12296,3
12297,3
12298,7
12299,10
12300,1
12301,3
12302,3
12303,1
12304,5
12305,2
12306,4
12307,2
12308,6
12309,8
12310,7
12311,11
12312,1
12313,1
12314,5
12315,3
12316,3
12317,2
12318,4
12319,7
12320,3
12321,3
12322,5
12323,5
12324,5
12325,4
12326,2
12327,2
12328,8
12329,6
12330,3
12331,6
12332,7
12333,5
12334,8
12335,4
12336,3
12337,10
12338,2
12339,10
12340,2
12341,5
12342,2
12343,7
12344,3
12345,7
12346,6
12347,1
12348,1
12349,7
12350,3
12351,2
12352,4
12353,1
12354,5
12355,3
12356,4
12357,2
12358,5
12359,3
12360,2
12361,7
12362,5
12363,4
12364,6
12365,5
12366,1
12367,1
12368,7
12369,2
12370,4
12371,5
12372,5
12373,3
12374,5
12375,8
12376,3
12377,2
12378,3
12379,2
12380,4
12381,6
12382,4
12383,3
12384,3
12385,8
12386,6
12387,3
12388,6
12389,0
12390,5
12391,5
12392,5
12393,9
12394,2
12395,4
12396,2
12397,5
12398,10
12399,5
12400,2
12401,7
12402,1
12403,2
12404,4
12405,3
12406,6
12407,3
12408,5
12409,7
12410,11
12411,8
12412,3
12413,2
12414,2
12415,1
12416,5
12417,5
12418,7
12419,4
12420,5
12421,4
12422,4
12423,1
12424,4
12425,2
12426,6
12427,6
12428,1
12429,4
12430,4
12431,9
12432,8
12433,0
12434,10
12435,4
12436,2
12437,6
12438,8
12439,7
12440,5
12441,7
12442,1
12443,2
12444,0
12445,2
12446,1
12447,5
12448,3
12449,6
12450,2
12451,5
12452,6
12453,4
12454,3
12455,4
12456,3
12457,3
12458,4
12459,0
12460,2
12461,4
12462,6
12463,6
12464,3
12465,4
12466,5
12467,3
12468,4
12469,4
12470,0
12471,6
12472,2
12473,7
12474,7
12475,5
12476,2
12477,10
12478,7
12479,4
12480,4
12481,5
12482,7
12483,6
12484,4
12485,10
12486,0
12487,5
12488,5
12489,3
12490,2
12491,4
12492,3
12493,7
12494,1
12495,6
12496,5
12497,1
12498,3
12499,4
12500,5
12501,5
12502,2
12503,6
12504,10
12505,3
12506,5
12507,5
12508,4
12509,5
12510,5
12511,5
12512,10
12513,7
12514,6
12515,9
12516,3
12517,3
12518,4
12519,4
12520,2
12521,4
12522,5
12523,2
12524,10
12525,4
12526,3
12527,10
12528,7
12529,4
12530,4
12531,5
12532,6
12533,5
12534,8
12535,3
12536,4
12537,10
12538,2
12539,9
12540,3
12541,3
12542,4
12543,8
12544,9
12545,5
12546,7
12547,1
12548,5
12549,4
12550,5
12551,4
12552,3
12553,5
12554,2
12555,5
12556,9
12557,7
12558,3
12559,5
12560,0
12561,5
12562,6
12563,0
12564,4
12565,6
12566,5
12567,7
12568,2
12569,7
12570,5
12571,2
12572,3
12573,2
12574,9
12575,7
12576,6
12577,4
12578,3
12579,2
12580,4
12581,6
12582,7
12583,8
12584,3
12585,8
12586,7
12587,6
12588,7
12589,5
12590,1
12591,4
12592,0
12593,5
12594,6
12595,5
12596,2
12597,5
12598,1
12599,4
12600,4
12601,6
12602,3
12603,5
12604,0
12605,1
12606,10
12607,4
12608,2
12609,2
12610,7
12611,4
12612,0
12613,0
12614,4
12615,5
12616,6
12617,2
12618,4
12619,2
12620,7
12621,6
12622,2
12623,5
12624,7
12625,1
12626,3
12627,3
12628,4
12629,7
12630,6
12631,5
12632,3
12633,7
12634,3
12635,5
12636,2
12637,5
12638,3
12639,7
12640,2
12641,3
12642,5
12643,3
12644,1
12645,4
12646,4
12647,7
12648,3
12649,4
12650,6
12651,7
12652,7
12653,3
12654,5
12655,7
12656,5
12657,8
12658,1
12659,4
12660,3
12661,5
12662,5
12663,5
12664,3
12665,3
12666,4
12667,3
12668,7
12669,9
12670,6
12671,3
12672,7
12673,4
12674,7
12675,4
12676,3
12677,2
12678,4
12679,10
12680,2
12681,4
12682,7
12683,3
12684,4
12685,3
12686,5
12687,9
12688,6
12689,0
12690,3
12691,1
12692,0
12693,2
12694,9
12695,1
12696,7
12697,4
12698,6
12699,3
12700,4
12701,2
12702,2
12703,4
12704,6
12705,3
12706,6
12707,3
12708,3
12709,5
12710,7
12711,3
12712,2
12713,3
12714,4
12715,4
12716,4
12717,4
12718,5
12719,7
12720,6
12721,6
12722,4
12723,2
12724,5
12725,5
12726,1
12727,6
12728,1
12729,5
12730,3
12731,2
12732,1
12733,3
12734,8
12735,7
12736,3
12737,6
12738,5
12739,2
12740,4
12741,7
12742,5
12743,6
12744,5
12745,3
12746,8
12747,6
12748,7
12749,8
12750,4
12751,2
12752,8
12753,6
12754,5
12755,3
12756,2
12757,5
12758,3
12759,2
12760,3
12761,7
12762,2
12763,4
12764,3
12765,0
12766,8
12767,5
12768,7
12769,0
12770,2
12771,6
12772,1
12773,4
12774,5
12775,4
12776,5
12777,5
12778,2
12779,1
12780,2
12781,6
12782,0
12783,4
12784,3
12785,8
12786,3
12787,9
12788,3
12789,8
12790,3
12791,9
12792,5
12793,8
12794,2
12795,10
12796,6
12797,7
12798,3
12799,6
12800,3
12801,2
12802,4
12803,1
12804,12
12805,3
12806,1
12807,0
12808,3
12809,5
12810,7
12811,4
12812,6
12813,7
12814,6
12815,3
12816,3
12817,0
12818,4
12819,0
12820,3
12821,2
12822,5
12823,8
12824,5
12825,6
12826,3
12827,6
12828,5
12829,4
12830,6
12831,3
12832,7
12833,8
12834,7
12835,4
12836,3
12837,2
12838,6
12839,7
12840,3
12841,11
12842,3
12843,5
12844,8
12845,6
12846,6
12847,5
12848,3
12849,3
12850,6
12851,4
12852,4
12853,5
12854,5
12855,2
12856,5
12857,2
12858,5
12859,4
12860,2
12861,3
12862,6
12863,7
12864,1
12865,0
12866,6
12867,4
12868,1
12869,6
12870,3
12871,3
12872,0
12873,6
12874,7
12875,3
12876,7
12877,3
12878,3
12879,6
12880,3
12881,2
12882,4
12883,2
12884,4
12885,7
12886,6
12887,3
12888,3
12889,2
12890,6
12891,4
12892,5
12893,9
12894,4
12895,2
12896,0
12897,4
12898,1
12899,0
12900,0
12901,0
12902,1
12903,0
12904,1
12905,1
12906,0
12907,1
12908,0
12909,0
12910,2
12911,3
12912,0
12913,0
12914,0
12915,1
12916,0
12917,0
12918,1
12919,0
12920,0
12921,2
12922,0
12923,3
12924,0
12925,0
12926,1
12927,0
12928,0
12929,1
12930,1
12931,1
12932,1
12933,3
12934,1
12935,0
12936,0
12937,3
12938,4
12939,0
12940,1
12941,2
12942,0
12943,0
12944,0
12945,1
12946,0
12947,2
12948,2
12949,0
12950,0
12951,0
12952,1
12953,2
12954,2
12955,1
12956,1
12957,3
12958,1
12959,0
12960,1
12961,0
12962,1
12963,3
12964,0
12965,1
12966,1
12967,2
12968,2
12969,2
12970,0
12971,2
12972,2
12973,0
12974,0
12975,1
12976,1
12977,1
12978,0
12979,0
12980,0
12981,1
12982,1
12983,4
12984,1
12985,2
12986,1
12987,0
12988,2
12989,1
12990,0
12991,1
12992,2
12993,1
12994,0
12995,0
12996,1
12997,0
12998,1
12999,0
13000,0
13001,0
13002,2
13003,3
13004,1
13005,3
13006,0
13007,0
13008,1
13009,2
13010,1
13011,1
13012,1
13013,2
13014,1
13015,2
13016,3
13017,1
13018,2
13019,1
13020,1
13021,4
13022,2
13023,1
13024,0
13025,1
13026,0
13027,2
13028,0
13029,1
13030,1
13031,0
13032,0
13033,3
13034,0
13035,2
13036,2
13037,0
13038,0
13039,1
13040,1
13041,0
13042,1
13043,1
13044,1
13045,1
13046,1
13047,1
13048,0
13049,1
13050,2
13051,0
13052,1
13053,2
13054,0
13055,0
13056,0
13057,0
13058,0
13059,0
13060,0
13061,1
13062,1
13063,0
13064,1
13065,0
13066,1
13067,1
13068,3
13069,1
13070,0
13071,0
13072,0
13073,1
13074,2
13075,0
13076,1
13077,2
13078,0
13079,2
13080,0
13081,1
13082,0
13083,1
13084,1
13085,2
13086,3
13087,0
13088,2
13089,0
13090,0
13091,2
13092,2
13093,0
13094,0
13095,1
13096,0
13097,1
13098,0
13099,1
13100,1
13101,0
13102,0
13103,2
13104,0
13105,1
13106,1
13107,0
13108,1
13109,2
13110,2
13111,2
13112,1
13113,2
13114,0
13115,0
13116,0
13117,4
13118,1
13119,0
13120,3
13121,3
13122,0
13123,1
13124,1
13125,1
13126,2
13127,0
13128,2
13129,0
13130,0
13131,0
13132,1
13133,0
13134,0
13135,2
13136,0
13137,2
13138,2
13139,1
13140,2
13141,0
13142,1
13143,1
13144,2
13145,1
13146,0
13147,0
13148,2
13149,2
13150,0
13151,1
13152,0
13153,1
13154,1
13155,2
13156,1
13157,3
13158,2
13159,0
13160,2
13161,0
13162,0
13163,2
13164,0
13165,1
13166,1
13167,2
13168,0
13169,2
13170,1
13171,1
13172,2
13173,1
13174,1
13175,2
13176,2
13177,1
13178,0
13179,3
13180,1
13181,2
13182,0
13183,1
13184,0
13185,5
13186,2
13187,2
13188,2
13189,0
13190,1
13191,0
13192,0
13193,1
13194,1
13195,2
13196,4
13197,0
13198,0
13199,0
13200,1
13201,1
13202,1
13203,0
13204,1
13205,3
13206,2
13207,1
13208,1
13209,1
13210,2
13211,0
13212,1
13213,1
13214,0
13215,1
13216,1
13217,0
13218,1
13219,0
13220,1
13221,2
13222,0
13223,1
13224,3
13225,1
13226,1
13227,1
13228,0
13229,1
13230,1
13231,0
13232,0
13233,1
13234,0
13235,2
13236,3
13237,1
13238,1
13239,1
13240,0
13241,1
13242,1
13243,0
13244,2
13245,3
13246,1
13247,1
13248,0
13249,1
13250,1
13251,3
13252,0
13253,1
13254,3
13255,3
13256,2
13257,1
13258,1
13259,0
13260,0
13261,3
13262,1
13263,1
13264,1
13265,0
13266,1
13267,2
13268,1
13269,0
13270,0
13271,0
13272,0
13273,0
13274,1
13275,1
13276,0
13277,1
13278,2
13279,2
13280,1
13281,1
13282,2
13283,1
13284,1
13285,1
13286,0
13287,0
13288,1
13289,0
13290,1
13291,0
13292,2
13293,1
13294,0
13295,0
13296,1
13297,1
13298,0
13299,0
13300,0
13301,0
13302,0
13303,3
13304,2
13305,0
13306,0
13307,0
13308,1
13309,1
13310,0
13311,0
13312,1
13313,2
13314,0
13315,0
13316,1
13317,1
13318,1
13319,0
13320,1
13321,0
13322,1
13323,1
13324,0
13325,1
13326,1
13327,0
13328,0
13329,1
13330,1
13331,1
13332,0
13333,1
13334,1
13335,1
13336,1
13337,0
13338,0
13339,3
13340,0
13341,0
13342,0
13343,1
13344,1
13345,1
13346,1
13347,0
13348,0
13349,1
13350,1
13351,0
13352,0
13353,4
13354,0
13355,0
13356,0
13357,1
13358,0
13359,0
13360,2
13361,3
13362,3
13363,6
13364,5
13365,8
13366,10
13367,4
13368,7
13369,7
13370,7
13371,4
13372,5
13373,3
13374,12
13375,4
13376,2
13377,1
13378,5
13379,6
13380,8
13381,6
13382,1
13383,1
13384,4
13385,3
13386,7
13387,3
13388,2
13389,3
13390,6
13391,8
13392,5
13393,6
13394,1
13395,3
13396,5
13397,6
13398,3
13399,5
13400,6
13401,6
13402,5
13403,0
13404,5
13405,2
13406,5
13407,6
13408,1
13409,6
13410,9
13411,5
13412,3
13413,4
13414,2
13415,5
13416,5
13417,6
13418,4
13419,1
13420,3
13421,6
13422,5
13423,2
13424,3
13425,5
13426,1
13427,0
13428,11
13429,5
13430,7
13431,8
13432,3
13433,6
13434,7
13435,7
13436,6
13437,3
13438,6
13439,4
13440,5
13441,2
13442,0
13443,10
13444,3
13445,5
13446,2
13447,3
13448,3
13449,8
13450,7
13451,3
13452,4
13453,5
13454,5
13455,5
13456,8
13457,3
13458,3
13459,3
13460,4
13461,0
13462,6
13463,5
13464,2
13465,8
13466,4
13467,6
13468,13
13469,6
13470,8
13471,3
13472,6
13473,3
13474,5
13475,6
13476,1
13477,7
13478,4
13479,7
13480,7
13481,5
13482,6
13483,3
13484,1
13485,1
13486,3
13487,3
13488,2
13489,3
13490,4
13491,4
13492,3
13493,5
13494,10
13495,13
13496,3
13497,3
13498,0
13499,10
13500,7
13501,7
13502,4
13503,7
13504,8
13505,3
13506,7
13507,1
13508,6
13509,6
13510,2
13511,5
13512,3
13513,2
13514,3
13515,5
13516,1
13517,1
13518,4
13519,5
13520,7
13521,5
13522,4
13523,4
13524,10
13525,4
13526,6
13527,7
13528,6
13529,9
13530,3
13531,5
13532,8
13533,6
13534,5
13535,1
13536,6
13537,2
13538,6
13539,8
13540,9
13541,6
13542,3
13543,4
13544,4
13545,7
13546,6
13547,5
13548,4
13549,4
13550,5
13551,8
13552,7
13553,6
13554,3
13555,2
13556,0
13557,7
13558,3
13559,2
13560,5
13561,3
13562,3
13563,3
13564,4
13565,4
13566,7
13567,1
13568,3
13569,7
13570,3
13571,7
13572,6
13573,9
13574,7
13575,7
13576,7
13577,7
13578,4
13579,6
13580,5
13581,1
13582,1
13583,0
13584,2
13585,8
13586,1
13587,7
13588,11
13589,8
13590,0
13591,3
13592,5
13593,3
13594,6
13595,3
13596,5
13597,5
13598,3
13599,0
13600,0
13601,5
13602,5
13603,5
13604,5
13605,1
13606,5
13607,5
13608,4
13609,5
13610,3
13611,6
13612,8
13613,5
13614,9
13615,5
13616,0
13617,6
13618,3
13619,2
13620,10
13621,2
13622,3
13623,7
13624,7
13625,8
13626,6
13627,7
13628,2
13629,3
13630,7
13631,1
13632,11
13633,2
13634,2
13635,1
13636,5
13637,5
13638,6
13639,5
13640,2
13641,2
13642,5
13643,3
13644,7
13645,4
13646,4
13647,7
13648,7
13649,1
13650,3
13651,1
13652,6
13653,3
13654,7
13655,6
13656,0
13657,5
13658,5
13659,1
13660,0
13661,5
13662,8
13663,3
13664,5
13665,3
13666,4
13667,2
13668,0
13669,5
13670,3
13671,6
13672,8
13673,5
13674,4
13675,4
13676,4
13677,2
13678,5
13679,1
13680,3
13681,5
13682,5
13683,6
13684,5
13685,1
13686,0
13687,5
13688,2
13689,4
13690,1
13691,3
13692,1
13693,4
13694,1
13695,7
13696,3
13697,5
13698,3
13699,2
13700,8
13701,5
13702,2
13703,5
13704,9
13705,1
13706,2
13707,1
13708,0
13709,3
13710,2
13711,6
13712,3
13713,3
13714,5
13715,7
13716,4
13717,5
13718,4
13719,2
13720,6
13721,6
13722,2
13723,8
13724,2
13725,1
13726,8
13727,1
13728,10
13729,6
13730,2
13731,1
13732,4
13733,3
13734,5
13735,5
13736,3
13737,7
13738,2
13739,5
13740,2
13741,7
13742,4
13743,2
13744,2
13745,4
13746,3
13747,3
13748,4
13749,4
13750,5
13751,3
13752,1
13753,4
13754,6
13755,6
13756,2
13757,5
13758,6
13759,2
13760,2
13761,5
13762,1
13763,8
13764,3
13765,7
13766,5
13767,1
13768,9
13769,7
13770,5
13771,7
13772,2
13773,4
13774,6
13775,0
13776,4
13777,1
13778,3
13779,10
13780,2
13781,6
13782,1
13783,5
13784,3
13785,5
13786,4
13787,4
13788,6
13789,6
13790,8
13791,5
13792,4
13793,1
13794,6
13795,3
13796,2
13797,3
13798,3
13799,3
13800,7
13801,6
13802,0
13803,2
13804,3
13805,8
13806,8
13807,7
13808,6
13809,2
13810,4
13811,10
13812,6
13813,6
13814,6
13815,1
13816,7
13817,4
13818,8
13819,6
13820,9
13821,9
13822,8
13823,6
13824,10
13825,6
13826,6
13827,5
13828,5
13829,0
13830,7
13831,3
13832,2
13833,5
13834,0
13835,10
13836,5
13837,7
13838,5
13839,5
13840,3
13841,8
13842,8
13843,1
13844,3
13845,3
13846,5
13847,4
13848,7
13849,4
13850,7
13851,9
13852,8
13853,3
13854,1
13855,6
13856,5
13857,6
13858,3
13859,5
13860,6
13861,6
13862,3
13863,3
13864,2
13865,2
13866,1
13867,3
13868,6
13869,4
13870,4
13871,9
13872,2
13873,10
13874,7
13875,4
13876,5
13877,5
13878,7
13879,6
13880,0
13881,6
13882,9
13883,2
13884,6
13885,2
13886,8
13887,2
13888,4
13889,3
13890,6
13891,6
13892,6
13893,3
13894,4
13895,6
13896,6
13897,1
13898,3
13899,5
13900,7
13901,6
13902,7
13903,15
13904,5
13905,7
13906,7
13907,6
13908,7
13909,5
13910,1
13911,7
13912,1
13913,5
13914,4
13915,4
13916,0
13917,5
13918,2
13919,0
13920,7
13921,5
13922,6
13923,2
13924,3
13925,8
13926,8
13927,8
13928,6
13929,1
13930,5
13931,4
13932,2
13933,3
13934,7
13935,4
13936,5
13937,5
13938,5
13939,7
13940,1
13941,9
13942,5
13943,2
13944,3
13945,4
13946,3
13947,4
13948,5
13949,7
13950,3
13951,7
13952,6
13953,4
13954,6
13955,6
13956,3
13957,4
13958,10
13959,3
13960,7
13961,6
13962,4
13963,4
13964,6
13965,1
13966,4
13967,4
13968,2
13969,6
13970,0
13971,5
13972,4
13973,7
13974,2
13975,5
13976,6
13977,5
13978,5
13979,4
13980,3
13981,3
13982,7
13983,5
13984,7
13985,5
13986,8
13987,1
13988,10
13989,3
13990,2
13991,5
13992,3
13993,4
13994,6
13995,6
13996,0
13997,4
13998,4
13999,8
14000,9
14001,6
14002,6
14003,4
14004,4
14005,3
14006,7
14007,5
14008,4
14009,2
14010,7
14011,1
14012,7
14013,10
14014,5
14015,8
14016,4
14017,8
14018,4
14019,6
14020,5
14021,10
14022,4
14023,9
14024,5
14025,5
14026,2
14027,8
14028,6
14029,3
14030,4
14031,3
14032,5
14033,4
14034,3
14035,10
14036,3
14037,5
14038,3
14039,5
14040,6
14041,2
14042,2
14043,1
14044,5
14045,0
14046,5
14047,5
14048,3
14049,3
14050,2
14051,2
14052,4
14053,6
14054,4
14055,3
14056,6
14057,10
14058,3
14059,4
14060,2
14061,5
14062,8
14063,8
14064,5
14065,5
14066,6
14067,2
14068,2
14069,4
14070,5
14071,2
14072,2
14073,7
14074,2
14075,3
14076,11
14077,2
14078,4
14079,5
14080,2
14081,4
14082,3
14083,3
14084,7
14085,5
14086,3
14087,2
14088,5
14089,6
14090,3
14091,3
14092,3
14093,2
14094,4
14095,1
14096,4
14097,5
14098,3
14099,2
14100,6
14101,12
14102,5
14103,2
14104,8
14105,2
14106,5
14107,5
14108,5
14109,4
14110,7
14111,5
14112,5
14113,7
14114,0
14115,5
14116,5
14117,6
14118,7
14119,5
14120,1
14121,8
14122,8
14123,13
14124,7
14125,4
14126,9
14127,5
14128,3
14129,3
14130,5
14131,0
14132,2
14133,3
14134,7
14135,5
14136,0
14137,2
14138,4
14139,0
14140,3
14141,7
14142,0
14143,6
14144,6
14145,2
14146,5
14147,6
14148,6
14149,2
14150,1
14151,3
14152,6
14153,4
14154,4
14155,4
14156,6
14157,4
14158,7
14159,3
14160,2
14161,3
14162,1
14163,0
14164,7
14165,5
14166,7
14167,5
14168,8
14169,7
14170,2
14171,6
14172,8
14173,2
14174,7
14175,7
14176,5
14177,6
14178,5
14179,10
14180,7
14181,8
14182,8
14183,4
14184,0
14185,4
14186,1
14187,5
14188,2
14189,2
14190,1
14191,5
14192,1
14193,4
14194,9
14195,5
14196,8
14197,7
14198,1
14199,2
14200,1
14201,1
14202,5
14203,0
14204,4
14205,5
14206,5
14207,0
14208,7
14209,7
14210,9
14211,6
14212,7
14213,6
14214,7
14215,6
14216,6
14217,3
14218,6
14219,4
14220,5
14221,10
14222,0
14223,3
14224,7
14225,6
14226,4
14227,8
14228,5
14229,9
14230,8
14231,6
14232,5
14233,5
14234,0
14235,2
14236,8
14237,6
14238,3
14239,3
14240,6
14241,2
14242,2
14243,3
14244,3
14245,8
14246,1
14247,6
14248,5
14249,7
14250,3
14251,5
14252,6
14253,9
14254,5
14255,1
14256,7
14257,2
14258,5
14259,1
14260,2
14261,8
14262,3
14263,1
14264,4
14265,5
14266,3
14267,4
14268,6
14269,5
14270,4
14271,4
14272,3
14273,7
14274,1
14275,4
14276,3
14277,3
14278,3
14279,4
14280,3
14281,5
14282,1
14283,6
14284,1
14285,1
14286,5
14287,7
14288,4
14289,2
14290,3
14291,0
14292,2
14293,6
14294,6
14295,4
14296,2
14297,5
14298,4
14299,4
14300,0
14301,4
14302,8
14303,0
14304,4
14305,8
14306,6
14307,6
14308,2
14309,0
14310,4
14311,3
14312,7
14313,6
14314,4
14315,3
14316,2
14317,8
14318,5
14319,4
14320,0
14321,2
14322,0
14323,3
14324,0
14325,0
14326,2
14327,1
14328,3
14329,2
14330,1
14331,0
14332,2
14333,1
14334,1
14335,2
14336,2
14337,0
14338,0
14339,0
14340,2
14341,2
14342,3
14343,0
14344,2
14345,2
14346,0
14347,2
14348,3
14349,0
14350,1
14351,3
14352,1
14353,2
14354,0
14355,0
14356,1
14357,1
14358,0
14359,3
14360,0
14361,0
14362,1
14363,0
14364,1
14365,1
14366,0
14367,1
14368,2
14369,2
14370,1
14371,0
14372,1
14373,2
14374,0
14375,0
14376,2
14377,0
14378,1
14379,2
14380,0
14381,2
14382,1
14383,0
14384,0
14385,2
14386,3
14387,0
14388,0
14389,1
14390,1
14391,1
14392,1
14393,0
14394,0
14395,0
14396,1
14397,0
14398,2
14399,1
