{
  "rawData": {
    "18": [
      0,
      1,
      2,
      3,
      4,
      5,
      6,
      7,
      8,
      9,
      10,
      11,
      12,
      13,
      14,
      15,
      16,
      17,
      18,
      19,
      20,
      21,
      22,
      23,
      24,
      25,
      26,
      27,
      28,
      29,
      30,
      31,
      32,
      33,
      34,
      35,
      36,
      37,
      38,
      39,
      40,
      41,
      42,
      43,
      44,
      45,
      46,
      47,
      48,
      49,
      50,
      51,
      52,
      53,
      54,
      55,
      56,
      57,
      58,
      59,
      60,
      61,
      62,
      63,
      64,
      65,
      66,
      67,
      68,
      69,
      70,
      71,
      72,
      73,
      74,
      75,
      76,
      77,
      78,
      79,
      80,
      81,
      82,
      83,
      84,
      85,
      86,
      87,
      88,
      89,
      90,
      91,
      92,
      93,
      94,
      95,
      96,
      97,
      98,
      99,
      100,
      101,
      102,
      103,
      104,
      105,
      106,
      107,
      108,
      109,
      110,
      111,
      112,
      113,
      114,
      115,
      116,
      117,
      118,
      119,
      120,
      121,
      122,
      123,
      124,
      125,
      126,
      127,
      128,
      129,
      130,
      131,
      132,
      133,
      134,
      135,
      136,
      137,
      138,
      139,
      140,
      141,
      142,
      143,
      144,
      145,
      146,
      147,
      148,
      149,
      150,
      151,
      152,
      153,
      154,
      155,
      156,
      157,
      158,
      159,
      160,
      161,
      162,
      163,
      164,
      165,
      166,
      167
    ],
    "19": [
      96.80303970146284,
      90.24703944100128,
      90.63500417308552,
      95.61075750960285,
      70.36433432194995,
      58.710545515079566,
      65.68282860729933,
      41.258917110894664,
      24.285662174761363,
      24.24080697668888,
      16.240856728111563,
      20.507103303346476,
      13.361441900101468,
      16.139575681038995,
      16.93392099461977,
      11.814067567124045,
      27.227680997494215,
      44.80737971694308,
      42.969851620984976,
      65.07543109929951,
      74.50192741694221,
      73.86494453432408,
      90.43306913706826,
      89.73768844416051,
      84.87629700397572,
      94.07571139961769,
      82.3140816099423,
      75.07418719942314,
      63.166622622281196,
      51.93292887507306,
      62.062516663483265,
      44.936932648934814,
      22.923490255694848,
      8.18462512596073,
      13.866196511276591,
      19.824308173746495,
      16.478847418523607,
      9.126841049841184,
      19.135124885024133,
      12.102660065792115,
      28.81945312572031,
      43.888831360699484,
      53.1278473866307,
      49.01537842663954,
      69.0047223558233,
      83.39383834484222,
      86.2198179914043,
      79.09219815869822,
      81.33265339817427,
      96.86072893212966,
      75.41441485981947,
      77.66183908759744,
      74.76570183019729,
      65.84526141934286,
      47.59966722889111,
      41.4829885231363,
      28.27101643947138,
      26.76255699902405,
      21.878207170381714,
      7.357215191682195,
      0.5986287281434084,
      16.08964397440545,
      11.752482095397474,
      20.62863211975324,
      31.510453278038803,
      34.14559248082574,
      48.979936690379915,
      52.750979225918236,
      68.69400912149038,
      80.91699690168721,
      91.34198870377791,
      98.2678164595363,
      85.11135304258087,
      90.17667845696897,
      83.3065881938401,
      71.22925996043864,
      70.80308765543016,
      58.795688151104144,
      41.331733048767774,
      45.17595734867937,
      37.31489936338921,
      22.020842521578206,
      -0.08872323775994317,
      6.238971666521521,
      15.280528311866263,
      14.114106623672342,
      0.6117189757206827,
      23.649281528718276,
      35.62706455737607,
      30.821699026858703,
      48.32105298056351,
      67.97225240865637,
      62.036515082163696,
      77.69615860169178,
      87.40031398426112,
      94.85755263145657,
      96.5593600219721,
      93.89922407872251,
      73.57214876790783,
      74.37222535175809,
      73.76254571760597,
      54.53467241955549,
      39.63248521991691,
      39.89833938085307,
      31.81729751676158,
      27.968423105154145,
      16.073853369206297,
      14.031414294771077,
      5.04541459326977,
      19.57704499336522,
      10.612194082596009,
      23.268029604241782,
      32.055463693170466,
      35.25888737396994,
      49.27528546964514,
      54.261968796097634,
      81.89663095634182,
      77.1298453792364,
      82.4589642795604,
      97.29931958400968,
      89.29981713387804,
      93.80211000709184,
      83.86100633209345,
      73.77240975506469,
      73.82204719751851,
      63.18996257720549,
      61.41291834860295,
      40.30115591464463,
      31.192076349437162,
      12.235938014533978,
      11.461155968628772,
      14.785353779998754,
      13.592860403680364,
      7.554733786126615,
      21.8603470742152,
      16.24001293084926,
      29.802494233802534,
      31.74234650111728,
      58.196988690447256,
      68.60592091687907,
      69.73884899924974,
      83.33850338503976,
      94.40068325103738,
      87.90013887858596,
      93.20532513957198,
      97.75067723567531,
      69.3265519692922,
      76.7575133821831,
      63.2459854605358,
      60.932675321781,
      36.86429550935903,
      46.806425618584576,
      20.93409428804894,
      21.5736484776806,
      16.614358859555768,
      20.63147113168754,
      13.100045318333612,
      9.384940171905779,
      20.604300811522798,
      30.08679594737341,
      26.964386677336428,
      42.32635481528361,
      53.57000300641264,
      57.17771310858197,
      68.75020511691905,
      71.27950658597125,
      86.62615442476557,
      91.41471765425445
    ]
  },
  "data": [
    {
      "id": 18,
      "name": "hour",
      "data": 18,
      "type": "number",
      "tableProcessGUId": "",
      "producerNodeId": null,
      "producerPort": null,
      "producerArtifactKind": null,
      "provenance": "",
      "processes": []
    },
    {
      "id": 19,
      "name": "activity",
      "data": 19,
      "type": "number",
      "tableProcessGUId": "",
      "producerNodeId": null,
      "producerPort": null,
      "producerArtifactKind": null,
      "provenance": "",
      "processes": []
    }
  ],
  "plots": [
    {
      "id": 5,
      "name": "Activity correlogram",
      "x": 350,
      "y": 150,
      "width": 500,
      "height": 250,
      "type": "correlogram",
      "selected": false,
      "plot": {
        "laglimsIN": [
          null,
          null
        ],
        "ylimsIN": [
          null,
          null
        ],
        "padding": {
          "top": 15,
          "right": 20,
          "bottom": 30,
          "left": 50
        },
        "xAxis": {
          "label": "Lag (hours)",
          "gridlines": true,
          "nticks": 5,
          "manualTicks": null
        },
        "yAxis": {
          "label": "Autocorrelation",
          "gridlines": true,
          "nticks": 5,
          "manualTicks": null
        },
        "data": [
          {
            "x": {
              "id": 20,
              "name": "hour",
              "refId": 18,
              "type": "number",
              "tableProcessGUId": "",
              "producerNodeId": null,
              "producerPort": null,
              "producerArtifactKind": null,
              "provenance": "refers to hour which is ",
              "processes": []
            },
            "y": {
              "id": 21,
              "name": "activity",
              "refId": 19,
              "type": "number",
              "tableProcessGUId": "",
              "producerNodeId": null,