{
  "rawData": {
    "36": [
      0,
      1,
      2,
      3,
      4,
      5,
      6,
      7,
      8,
      9,
      10,
      11,
      12,
      13,
      14,
      15,
      16,
      17,
      18,
      19,
      20,
      21,
      22,
      23,
      24,
      25,
      26,
      27,
      28,
      29,
      30,
      31,
      32,
      33,
      34,
      35,
      36,
      37,
      38,
      39,
      40,
      41,
      42,
      43,
      44,
      45,
      46,
      47,
      48,
      49
    ],
    "37": [
      12.642866859481796,
      18.907413440058953,
      8.02083029948017,
      1.8142175683413804,
      33.206837242589515,
      48.2599802509072,
      46.442729089651856,
      57.83817809071222,
      68.20299806340299,
      72.83846458476182,
      74.87752153667589,
      99.29746081074728,
      90.1191836204305,
      77.34604078785017,
      84.77190131859555,
      81.4291389318977,
      77.49680760936391,
      58.563069240291505,
      50.46818100836101,
      56.251771988316364,
      18.22047129467672,
      19.121415866452534,
      10.442311953596327,
      16.118506188902224,
      6.973949249832197,
      11.747407020791258,
      13.315797404128846,
      21.379730593788633,
      22.42219558027101,
      46.92741811440433,
      51.829541255002425,
      61.48208803798749,
      68.80962498679833,
      64.08876370781331,
      78.8864447008758,
      83.07884504842296,
      98.1807962129743,
      92.12307220917093,
      82.12219578703446,
      83.29973989285398,
      66.82577538769232,
      56.27718561252171,
      47.508980999768625,
      45.97412637284907,
      30.634977091852384,
      24.73752167627463,
      17.22106857436027,
      -1.6878680990446426,
      23.83732580196522,
      -2.4027680620561576
    ],
    "38": [
      0,
      1,
      2,
      3,
      4,
      5,
      6,
      7,
      8,
      9,
      10,
      11,
      12,
      13,
      14,
      15,
      16,
      17,
      18,
      19,
      20,
      21,
      22,
      23,
      24,
      25,
      26,
      27,
      28,
      29,
      30,
      31,
      32,
      33,
      34,
      35,
      36,
      37,
      38,
      39,
      40,
      41,
      42,
      43,
      44,
      45,
      46,
      47,
      48,
      49
    ],
    "39": [
      9.094870359876616,
      10.003419446394657,
      13.579734705384766,
      19.580096162087184,
      27.59558909929379,
      37.079970919562335,
      47.38689667552356,
      57.81396640990885,
      67.65059255186732,
      76.22642528561784,
      82.95703578258895,
      87.38374406027184,
      89.20487726502373,
      88.29632817850569,
      84.72001291951555,
      78.71965146281318,
      70.70415852560656,
      61.21977670533803,
      50.91285094937678,
      40.4857812149915,
      30.64915507303302,
      22.07332233928249,
      15.342711842311388,
      10.916003564628507,
      9.094870359876616,
      10.003419446394652,
      13.579734705384753,
      19.580096162087155,
      27.595589099293772,
      37.07997091956231,
      47.38689667552351,
      57.813966409908836,
      67.6505925518673,
      76.22642528561781,
      82.95703578258892,
      87.38374406027182,
      89.20487726502373,
      88.29632817850569,
      84.72001291951558,
      78.71965146281318,
      70.70415852560659,
      61.21977670533806,
      50.91285094937679,
      40.485781214991505,
      30.64915507303303,
      22.073322339282527,
      15.342711842311411,
      10.916003564628523,
      9.094870359876616,
      10.003419446394645
    ]
  },
  "data": [
    {
      "id": 36,
      "name": "x",
      "data": 36,
      "type": "number",
      "tableProcessGUId": "35090320-29d4-4e8f-b602-1b7186fa67a8",
      "producerNodeId": null,
      "producerPort": null,
      "producerArtifactKind": null,
      "provenance": "",
      "processes": []
    },
    {
      "id": 37,
      "name": "y",
      "data": 37,
      "type": "number",
      "tableProcessGUId": "",
      "producerNodeId": null,
      "producerPort": null,
      "producerArtifactKind": null,
      "provenance": "",
      "processes": []
    },
    {
      "id": 38,
      "name": "fitx_11",
      "data": 38,
      "type": "number",
      "tableProcessGUId": "c5f68132-b2f1-41b3-a547-0123c0d038e0",
      "producerNodeId": null,
      "producerPort": null,
      "producerArtifactKind": null,
      "provenance": "",
      "processes": []
    },
    {
      "id": 39,
      "name": "fity_37_11",
      "data": 39,
      "type": "number",
      "tableProcessGUId": "c5f68132-b2f1-41b3-a547-0123c0d038e0",
      "producerNodeId": null,
      "producerPort": null,
      "producerArtifactKind": null,
      "provenance": "",
      "processes": []
    }
  ],
  "plots": [
    {
      "id": 10,
      "name": "Fit Function: data + fit",
      "x": 350,
      "y": 150,
      "width": 500,
      "height": 250,
      "type": "scatterplot",
      "selected": false,
      "facet": false,
      "facetParent": null,
      "facetKey": null,
      "plot": {
        "xlimsIN": [
          null,
          null
        ],
        "xLogScale": false,
        "ylimsLeftIN": [
          null,
          null
        ],
        "ylimsRightIN": [
          null,
          null
        ],
        "yLogScaleLeft": false,
        "yLogScaleRight": false,
        "padding": {
          "top": 15,
          "right": 30,
          "bottom": 30,
          "left": 30
        },
        "xAxis": {
          "label": "Hour",
          "gridlines": true,
          "nticks": 5,
          "manualTicks": null
        },
        "yAxisLeft": {
          "label": "Signal",
          "gridlines": true,
          "nticks": 5,
          "manualTicks": null
        },
        "yAxisRight": {
          "label": "",
          "gridlines": false,
          "nticks": 5,
          "manualTicks": null
        },
        "data": [
          {
            "x": {
              "id": 40,
              "name": "x",
              "refId": 36,
              "type": "number",
              "tableProcessGUId": "",
              "producerNodeId": null,
              "producerPort": null,
              "producerArtifactKind": null,
              "provenance": "refers to x which is ",
              "processes": []
            },
            "y": {
              "id": 41,
              "name": "y",
              "refId": 37,
              "type": "number",
              "tableProcessGUId": "",
              "producerNodeId": null,
              "producerPort": null,
              "producerArtifactKind": null,
              "provenance": "refers to y which is ",
              "processes": []
            },
            "label": "Data",
            "yAxis": "left",
            "line": {
              "colour": "#234154",
              "strokeWidth": 2,
              "stroke": "solid",
              "draw": false,
              "joinGaps": false
            },
            "points": {
              "colour": "#234154",
              "radius": 3,
              "shape": "circle",
              "draw": true
            }
          },
          {
            "x": {
              "id": 42,
              "name": "fitx_11",
              "refId": 38,
              "type": "number",
              "tableProcessGUId": "",
              "producerNodeId": null,
              "producerPort": null,
              "producerArtifactKind": null,
              "provenance": "refers to fitx_11 which is ",
              "processes": []
            },
            "y": {
              "id": 43,
              "name": "fity_37_11",
              "refId": 39,
              "type": "number",
              "tableProcessGUId": "",
              "producerNodeId": null,
              "producerPort": null,
              "producerArtifactKind": null,
              "provenance": "refers to fity_37_11 which is ",
              "processes": []
            },
            "label": "Fit Function",