{
  "rawData": {
    "0": [
      0,
      1,
      2,
      3,
      4,
      5,
      6,
      7,
      8,
      9,
      10,
      11,
      12,
      13,
      14,
      15,
      16,
      17,
      18,
      19,
      20,
      21,
      22,
      23,
      24,
      25,
      26,
      27,
      28,
      29,
      30,
      31,
      32,
      33,
      34,
      35,
      36,
      37,
      38,
      39,
      40,
      41,
      42,
      43,
      44,
      45,
      46,
      47,
      48,
      49
    ],
    "1": [
      52.522025082939734,
      68.09116741301771,
      73.44958693280898,
      87.3556504373661,
      86.66323811830115,
      82.28540300465913,
      108.47259849842035,
      103.68105730209521,
      86.97687093885385,
      91.73888100913649,
      70.51038027401839,
      69.82049168981042,
      60.468957839428896,
      55.16907088859213,
      39.97122284314707,
      13.515526465565301,
      16.68785923166558,
      17.519793110860366,
      11.435014653902282,
      33.06789157238601,
      16.173996711616905,
      24.74516554979043,
      32.66397953250595,
      38.85872315071947,
      39.1364581561253,
      72.8833256284188,
      72.44886536942789,
      77.65668628330029,
      85.37752903596943,
      79.59301134426093,
      85.48361807438306,
      92.74542982997843,
      84.15535106101461,
      92.10800469524754,
      51.66777483033223,
      65.42143802947885,
      44.93714088957948,
      31.282687752097566,
      12.285825283040282,
      19.12739426460972,
      7.987052377616383,
      0.8329890444742443,
      14.808985927790241,
      15.398887756888612,
      4.502951153968366,
      36.53860883487218,
      27.556184570115246,
      45.15798663327163,
      47.59352161612626,
      59.5535187385039
    ],
    "2": [
      0,
      2,
      4,
      6,
      8,
      10,
      12,
      14,
      16,
      18,
      20,
      22,
      24,
      26,
      28,
      30,
      32,
      34,
      36,
      38,
      40,
      42,
      44,
      46,
      48,
      50
    ],
    "3": [
      60.306596247978725,
      80.40261868508753,
      84.47432056148014,
      106.07682790025778,
      89.35787597399516,
      70.16543598191441,
      57.81901436401051,
      26.743374654356185,
      17.103826171262973,
      22.251453113144144,
      20.45958113070367,
      35.76135134161271,
      56.00989189227205,
      75.0527758263641,
      82.48527019011519,
      89.11452395218075,
      88.13167787813109,
      58.54460642990554,
      38.10991432083853,
      15.706609773825,
      4.410020711045314,
      15.103936842339426,
      20.520779994420273,
      36.35708560169344,
      53.573520177315075,
      null
    ]
  },
  "data": [
    {
      "id": 0,
      "name": "x",
      "data": 0,
      "type": "number",
      "tableProcessGUId": "f2b8daea-dd80-4b2d-87d3-726612ff48a2",
      "producerNodeId": null,
      "producerPort": null,
      "producerArtifactKind": null,
      "provenance": "",
      "processes": []
    },
    {
      "id": 1,
      "name": "y",
      "data": 1,
      "type": "number",
      "tableProcessGUId": "",
      "producerNodeId": null,
      "producerPort": null,
      "producerArtifactKind": null,
      "provenance": "",
      "processes": []
    },
    {
      "id": 2,
      "name": "binnedx_1",
      "data": 2,
      "type": "bin",
      "binWidth": 2,
      "tableProcessGUId": "c5704f8c-194a-4722-843f-bbf320d20358",
      "producerNodeId": null,
      "producerPort": null,
      "producerArtifactKind": null,
      "provenance": "",
      "processes": []
    },
    {
      "id": 3,
      "name": "binnedy_1_1",
      "data": 3,
      "type": "number",
      "tableProcessGUId": "c5704f8c-194a-4722-843f-bbf320d20358",
      "producerNodeId": null,
      "producerPort": null,
      "producerArtifactKind": null,
      "provenance": "",
      "processes": []
    }
  ],
  "plots": [
    {
      "id": 0,
      "name": "Bin Data: data + fit",
      "x": 350,
      "y": 150,
      "width": 500,
      "height": 250,
      "type": "scatterplot",
      "selected": false,
      "facet": false,
      "facetParent": null,
      "facetKey": null,
      "plot": {
        "xlimsIN": [
          null,
          null
        ],
        "xLogScale": false,
        "ylimsLeftIN": [
          null,
          null
        ],
        "ylimsRightIN": [
          null,
          null
        ],
        "yLogScaleLeft": false,
        "yLogScaleRight": false,
        "padding": {
          "top": 15,
          "right": 30,
          "bottom": 30,
          "left": 30
        },
        "xAxis": {
          "label": "x",
          "gridlines": true,
          "nticks": 5,
          "manualTicks": null
        },
        "yAxisLeft": {
          "label": "Value",
          "gridlines": true,
          "nticks": 5,
          "manualTicks": null
        },
        "yAxisRight": {
          "label": "",
          "gridlines": false,
          "nticks": 5,
          "manualTicks": null
        },
        "data": [
          {
            "x": {
              "id": 4,
              "name": "x",
              "refId": 0,
              "type": "number",
              "tableProcessGUId": "",
              "producerNodeId": null,
              "producerPort": null,
              "producerArtifactKind": null,
              "provenance": "refers to x which is ",
              "processes": []
            },
            "y": {
              "id": 5,
              "name": "y",
              "refId": 1,
              "type": "number",
              "tableProcessGUId": "",
              "producerNodeId": null,
              "producerPort": null,
              "producerArtifactKind": null,
              "provenance": "refers to y which is ",
              "processes": []
            },
            "label": "Data",
            "yAxis": "left",
            "line": {
              "colour": "#234154",
              "strokeWidth": 2,
              "stroke": "solid",
              "draw": false,
              "joinGaps": false
            },
            "points": {
              "colour": "#234154",
              "radius": 3,
              "shape": "circle",
              "draw": true
            }
          },
          {
            "x": {
              "id": 6,
              "name": "binnedx_1",
              "refId": 2,
              "type": "bin",
              "binWidth": 2,
              "tableProcessGUId": "",
              "producerNodeId": null,
              "producerPort": null,
              "producerArtifactKind": null,
              "provenance": "refers to binnedx_1 which is ",
              "processes": []
            },
            "y": {
              "id": 7,
              "name": "binnedy_1_1",
              "refId": 3,
              "type": "number",
              "tableProcessGUId": "",
              "producerNodeId": null,
              "producerPort": null,
              "producerArtifactKind": null,
              "provenance": "refers to binnedy_1_1 which is ",
              "processes": []
            },
            "label": "Bin Data",
            "yAxis": "left",
            "line": {
              "colour": "#BE796B",
              "strokeWidth": 2.5,
              "stroke": "solid",
              "draw": true,
              "joinGaps": false
            },
            "points": {
              "colour": "#BE796B",
              "radius": 3,
              "shape": "circle",
              "draw": false
            }
          }
        ],
        "legend": {
          "show": true,
          "position": "topright",
          "orientation": "vertical",
          "backgroundColor": "rgba(255, 255, 255, 0.9)",
          "borderColor": "#ccc",
          "borderWidth": 1,
          "padding": 8,
          "itemSpacing": 4,
          "fontSize": 12
        },
        "nightBands": []
      }
    },
    {
      "id": 1,
      "name": "Bin Data: values",
      "x": 350,
      "y": 150,