{
  "rawData": {
    "83": [
      0,
      1,
      2,
      3,
      4,
      5,
      6,
      7,
      8,
      9,
      10,
      11,
      12,
      13,
      14,
      15,
      16,
      17,
      18,
      19,
      20,
      21,
      22,
      23,
      24,
      25,
      26,
      27,
      28,
      29,
      30,
      31,
      32,
      33,
      34,
      35,
      36,
      37,
      38,
      39,
      40,
      41,
      42,
      43,
      44,
      45,
      46,
      47
    ],
    "84": [
      75,
      75,
      75,
      75,
      75,
      75,
      75,
      75,
      75,
      75,
      75,
      75,
      25,
      25,
      25,
      25,
      25,
      25,
      25,
      25,
      25,
      25,
      25,
      25,
      75,
      75,
      75,
      75,
      75,
      75,
      75,
      75,
      75,
      75,
      75,
      75,
      25,
      25,
      25,
      25,
      25,
      25,
      25,
      25,
      25,
      25,
      25,
      25
    ],
    "85": [
      0,
      1,
      2,
      3,
      4,
      5,
      6,
      7,
      8,
      9,
      10,
      11,
      12,
      13,
      14,
      15,
      16,
      17,
      18,
      19,
      20,
      21,
      22,
      23,
      24,
      25,
      26,
      27,
      28,
      29,
      30,
      31,
      32,
      33,
      34,
      35,
      36,
      37,
      38,
      39,
      40,
      41,
      42,
      43,
      44,
      45,
      46,
      47
    ],
    "86": [
      74.99999999999997,
      74.99999999999997,
      74.99999999999997,
      74.99999999999997,
      74.99999999999997,
      74.99999999999997,
      74.99999999999997,
      74.99999999999997,
      74.99999999999997,
      74.99999999999997,
      74.99999999999997,
      74.99999999999997,
      25.000000000000025,
      25.000000000000025,
      25.000000000000025,
      25.000000000000025,
      25.000000000000025,
      25.000000000000025,
      25.000000000000025,
      25.000000000000025,
      25.000000000000025,
      25.000000000000025,
      25.000000000000025,
      25.000000000000025,
      74.99999999999997,
      74.99999999999997,
      74.99999999999997,
      74.99999999999997,
      74.99999999999997,
      74.99999999999997,
      74.99999999999997,
      74.99999999999997,
      74.99999999999997,
      74.99999999999997,
      74.99999999999997,
      74.99999999999997,
      25.000000000000025,
      25.000000000000025,
      25.000000000000025,
      25.000000000000025,
      25.000000000000025,
      25.000000000000025,
      25.000000000000025,
      25.000000000000025,
      25.000000000000025,
      25.000000000000025,
      25.000000000000025,
      25.000000000000025
    ]
  },
  "data": [
    {
      "id": 83,
      "name": "RectangularWave input",
      "data": 83,
      "type": "number",
      "tableProcessGUId": "",
      "producerNodeId": null,
      "producerPort": null,
      "producerArtifactKind": null,
      "provenance": "",
      "processes": []
    },
    {
      "id": 84,
      "name": "RectangularWave input",
      "data": 84,
      "type": "number",
      "tableProcessGUId": "",
      "producerNodeId": null,
      "producerPort": null,
      "producerArtifactKind": null,
      "provenance": "",
      "processes": []
    },
    {
      "id": 85,
      "name": "rectwavex_13",
      "data": 85,
      "type": "number",
      "tableProcessGUId": "7275d02a-c541-44d8-8df4-737c08ac983c",
      "producerNodeId": null,
      "producerPort": null,
      "producerArtifactKind": null,
      "provenance": "",
      "processes": []
    },
    {
      "id": 86,
      "name": "rectwavey_84_13",
      "data": 86,
      "type": "number",
      "tableProcessGUId": "7275d02a-c541-44d8-8df4-737c08ac983c",
      "producerNodeId": null,
      "producerPort": null,
      "producerArtifactKind": null,
      "provenance": "",
      "processes": []
    }
  ],
  "plots": [
    {
      "id": 30,
      "name": "Rectangular Wave table",
      "x": 350,
      "y": 150,
      "width": 500,
      "height": 250,
      "type": "tableplot",
      "selected": false,
      "plot": {
        "columnRefs": [
          83,
          84,
          85,
          86
        ],
        "showCol": [
          true,
          true,
          true,
          true
        ],
        "colCurrent": 1,
        "showColNumber": false,
        "decimalPlaces": 2
      }
    }
  ],
  "tableProcesses": [
    {
      "id": 13,
      "name": "RectangularWave",
      "displayName": "Rectangular Wave",
      "args": {
        "xIN": 83,
        "yIN": [
          84
        ],
        "outputX": -1,
        "fixKappa": false,
        "fixedKappa": 5,
        "fixOmega": false,
        "fixedPeriod": 24,
        "fixDutyCycle": false,
        "fixedDutyCycle": 0.5,
        "preProcesses": [],
        "out": {
          "rectwavex": 85,
          "rectwavey_84": 86
        }
      },
      "refTPId": null
    }
  ],
  "storedValues": {},
  "nodeNotes": {},
  "notes": [],
  "groups": [],
  "orphanProcesses": [],
  "appState": {
    "currentTab": "null",
    "currentControlTab": "properties",
    "loadingState": {
      "isLoading": true,
      "loadingMsg": "Warming up..."
    },
    "showNavbar": true,
    "showDisplayPanel": false,
    "showControlPanel": false,
    "windowWidth": 1024,
    "windowHeight": 768,
    "widthNavBar": 56,
    "widthDisplayPanel": 250,
    "widthControlPanel": 250,
    "gridSize": 15,
    "canvasOffset": {
      "x": 0,
      "y": 0
    },
    "canvasScale": 1,
    "view": "canvas",
    "displayTimezone": "utc",
    "invisiblePlotIds": [],
    "canvasSelectedNodeId": null,
    "canvasMultiSelectedCount": 0,
    "canvasMultiSelectedNodeIds": [],
    "appColours": [
      "#234154",
      "#BE796B",
      "#3E7295",
      "#EDADAD",
      "#A6ACD5",
      "#83422A",
      "#6B9FD5",
      "#4A1E0E",
      "#fbe67280"
    ],
    "showColourPicker": false,
    "showAYSModal": false,
    "AYStext": "",
    "AYScallback": null,
    "AYSoptions": [
      "Yes",
      "No"
    ],
    "showWorkflow": false
  },
  "version": "β.42.0"
}