{
  "rawData": {
    "6": [
      1,
      1,
      1,
      1,
      1,
      1,
      1,
      1,
      1,
      1,
      1,
      1,
      1,
      1,
      1,
      1,
      1,
      1,
      1,
      1,
      1,
      1,
      1,
      1,
      2,
      2,
      2,
      2,
      2,
      2,
      2,
      2,
      2,
      2,
      2,
      2,
      2,
      2,
      2,
      2,
      2,
      2,
      2,
      2,
      2,
      2,
      2,
      2,
      3,
      3,
      3,
      3,
      3,
      3,
      3,
      3,
      3,
      3,
      3,
      3,
      3,
      3,
      3,
      3,
      3,
      3,
      3,
      3,
      3,
      3,
      3,
      3,
      4,
      4,
      4,
      4,
      4,
      4,
      4,
      4,
      4,
      4,
      4,
      4,
      4,
      4,
      4,
      4,
      4,
      4,
      4,
      4,
      4,
      4,
      4,
      4,
      5,
      5,
      5,
      5,
      5,
      5,
      5,
      5,
      5,
      5,
      5,
      5,
      5,
      5,
      5,
      5,
      5,
      5,
      5,
      5,
      5,
      5,
      5,
      5,
      6,
      6,
      6,
      6,
      6,
      6,
      6,
      6,
      6,
      6,
      6,
      6,
      6,
      6,
      6,
      6,
      6,
      6,
      6,
      6,
      6,
      6,
      6,
      6,
      7,
      7,
      7,
      7,
      7,
      7,
      7,
      7,
      7,
      7,
      7,
      7,
      7,
      7,
      7,
      7,
      7,
      7,
      7,
      7,
      7,
      7,
      7,
      7
    ],
    "7": [
      16.291076892469444,
      20.29554398487714,
      9.51596332468565,
      26.76780178813793,
      17.63725175354421,
      52.16450264248984,
      43.50064748395319,
      64.31141005221508,
      65.6171228919499,
      72.34214424605885,
      89.09318990147104,
      97.49511547191341,
      88.48398510527618,
      88.98791047814211,
      82.32375737119762,
      67.84529212595963,
      76.44718023246844,
      35.83443376573494,
      46.535930259589556,
      41.230156924332924,
      22.77806148556045,
      8.925007438650765,
      20.111748795800615,
      0.9951374388751582,
      1.459756499969238,
      14.866822013385887,
      10.33328491466399,
      19.575515639373755,
      39.79461085452159,
      38.70896659871368,
      56.75374355181006,
      65.8360196704772,
      51.873050513672254,
      75.87129684980586,
      82.43684153443571,
      79.23771180420638,
      83.50700901714234,
      91.419057014371,
      83.08950200597525,
      79.04288966269031,
      53.87402011997159,
      54.72671561607083,
      45.85429388106093,
      40.95709796136791,
      28.61567906789745,
      25.452433287629717,
      13.285437414851724,
      18.634290096297693,
      1.084149506372249,
      0.5949715532174,
      15.005860656909377,
      25.548419358752952,
      33.901973792491546,
      47.6957646072246,
      39.782524572741686,
      56.32358473975651,
      69.08697872072837,
      93.10262310652993,
      75.51001616646577,
      92.24395053464828,
      92.44339988199728,
      94.38330407217288,
      72.08788924782058,
      72.02263937648715,
      67.3431182946973,
      62.461919477210955,
      50.72770376555003,
      28.569700518708252,
      20.244131737193314,
      15.62468085957158,
      -7.802077392976642,
      8.433963760770222,
      3.113891439474079,
      12.392835281833388,
      22.14021929399851,
      32.68346421180143,
      33.068534355233794,
      49.797138052724755,
      49.21791587514936,
      71.53518625560449,
      71.22941620817723,
      56.72310159921069,
      77.2283883389221,
      90.43542400046239,
      89.07648829479969,
      86.37006951637474,
      86.15323850127506,
      86.50330028307239,
      81.12535760838784,
      49.1397067686161,
      37.418717462002554,
      44.73269032587625,
      29.438969724396998,
      39.413979422178265,
      11.294234508501699,
      7.225604601646907,
      15.849163328328611,
      16.630066904236948,
      11.854728133867244,
      10.102801539705432,
      27.725015002618736,
      46.86127735489812,
      52.11008199262942,
      65.38162997563151,
      75.27880740540927,
      75.33774364157605,
      96.41375920511409,
      82.67105452060277,
      86.57071805850659,
      83.85495658563754,
      86.5231506788211,
      72.93536127013803,
      71.2319306967463,
      56.431123463361565,
      52.1850600845874,
      35.99611665397068,
      43.04611923022546,
      15.760672300724792,
      22.55774993281593,
      8.74504133384995,
      18.44509516762077,
      -2.009303213549421,
      19.47155148878027,
      26.72158488344212,
      30.49448916043067,
      41.96741410977437,
      49.11782697400644,
      69.97759375298723,
      58.232195992028636,
      69.63396161688611,
      91.88475347000126,
      87.51428213328867,
      94.29094622647327,
      91.54315054999958,
      85.34454150364542,
      59.08397957249174,
      77.20453805167509,
      53.091076960556876,
      49.84420435256642,
      27.163668012940285,
      34.582706529010984,
      10.719991671835446,
      12.8536719561252,
      1.9170439615712844,
      15.066153813957097,
      -2.5002755333615223,
      5.837924585062261,
      13.491554997703703,
      31.53180322031636,
      38.16471353035155,
      59.97393686755958,
      58.83593175956762,
      71.17770791715151,
      79.02621533361629,
      94.6865792439781,
      79.90359639141886,
      88.14498646288682,
      90.2580086185053,
      74.3600018323776,
      69.0733036835533,
      68.03813120829614,
      61.52334617428912,
      55.817970834131195,
      47.730482503851206,
      31.819174351649426,
      12.566808363962705,
      7.629240348438728,
      13.651822696779401
    ]
  },
  "data": [
    {
      "id": 6,
      "name": "day",
      "data": 6,
      "type": "number",
      "tableProcessGUId": "",
      "producerNodeId": null,
      "producerPort": null,
      "producerArtifactKind": null,
      "provenance": "",
      "processes": []
    },
    {
      "id": 7,
      "name": "activity",
      "data": 7,
      "type": "number",
      "tableProcessGUId": "",
      "producerNodeId": null,
      "producerPort": null,
      "producerArtifactKind": null,
      "provenance": "",
      "processes": []
    }
  ],
  "plots": [
    {
      "id": 2,
      "name": "Activity by day",
      "x": 350,
      "y": 150,
      "width": 500,
      "height": 250,
      "type": "boxplot",
      "selected": false,
      "plot": {
        "xlimsIN": [
          null,
          null
        ],
        "ylimsIN": [
          null,
          null
        ],
        "padding": {
          "top": 15,
          "right": 30,
          "bottom": 30,
          "left": 50
        },
        "xAxis": {
          "label": "Day",
          "gridlines": false,
          "nticks": 5,
          "manualTicks": null
        },
        "yAxis": {
          "label": "Activity",
          "gridlines": true,
          "nticks": 5,
          "manualTicks": null
        },
        "data": [
          {
            "x": {
              "id": 8,
              "name": "day",
              "refId": 6,
              "type": "number",
              "tableProcessGUId": "",
              "producerNodeId": null,
              "producerPort": null,
              "producerArtifactKind": null,
              "provenance": "refers to day which is ",
              "processes": []
            },
            "y": {
              "id": 9,
              "name": "activity",
              "refId": 7,
              "type": "number",
              "tableProcessGUId": "",
              "producerNodeId": null,
              "producerPort": null,
              "producerArtifactKind": null,
              "provenance": "refers to activity which is ",
              "processes": []
            },
            "label": "Box Plot 1",
            "boxPlot": {
              "colour": "#234154",