{
  "rawData": {
    "18": [
      0,
      1,
      2,
      3,
      4,
      5,
      6,
      7,
      8,
      9,
      10,
      11,
      12,
      13,
      14,
      15,
      16,
      17,
      18,
      19,
      20,
      21,
      22,
      23,
      24,
      25,
      26,
      27,
      28,
      29,
      30,
      31,
      32,
      33,
      34,
      35,
      36,
      37,
      38,
      39,
      40,
      41,
      42,
      43,
      44,
      45,
      46,
      47,
      48,
      49,
      50,
      51,
      52,
      53,
      54,
      55,
      56,
      57,
      58,
      59,
      60,
      61,
      62,
      63,
      64,
      65,
      66,
      67,
      68,
      69,
      70,
      71,
      72,
      73,
      74,
      75,
      76,
      77,
      78,
      79,
      80,
      81,
      82,
      83,
      84,
      85,
      86,
      87,
      88,
      89,
      90,
      91,
      92,
      93,
      94,
      95,
      96,
      97,
      98,
      99,
      100,
      101,
      102,
      103,
      104,
      105,
      106,
      107,
      108,
      109,
      110,
      111,
      112,
      113,
      114,
      115,
      116,
      117,
      118,
      119,
      120,
      121,
      122,
      123,
      124,
      125,
      126,
      127,
      128,
      129,
      130,
      131,
      132,
      133,
      134,
      135,
      136,
      137,
      138,
      139,
      140,
      141,
      142,
      143,
      144,
      145,
      146,
      147,
      148,
      149,
      150,
      151,
      152,
      153,
      154,
      155,
      156,
      157,
      158,
      159,
      160,
      161,
      162,
      163,
      164,
      165,
      166,
      167
    ],
    "19": [
      50.73643610198167,
      52.88311387843814,
      58.853278502861286,
      73.58945595970319,
      84.98536858411458,
      88.38762400615741,
      95.44347714571686,
      86.32368231132197,
      83.9758857272566,
      77.5387975064682,
      79.86843749362492,
      61.410088095141845,
      56.91449774325306,
      47.009305564354186,
      38.78348130204072,
      20.31026831245277,
      23.36566084413021,
      4.05598551182206,
      17.13964894941545,
      14.865677792543295,
      17.7150409459873,
      25.28103944483216,
      24.957662902775546,
      41.29295934641026,
      55.963652971934934,
      59.1282112814807,
      76.1313611640425,
      82.81286732599435,
      83.98764840037514,
      88.98711548068492,
      90.46375534649147,
      83.78195995710216,
      96.55666614459992,
      73.63229549136305,
      78.99626863482885,
      58.941798673638125,
      49.59522680368673,
      43.8218344442257,
      26.956461080589854,
      21.189313978025456,
      20.492327244279707,
      2.1356103582117036,
      9.846439529370171,
      14.179627178650975,
      9.110114464810154,
      19.26207016718287,
      36.52951333026014,
      48.73756403752879,
      47.37522673504344,
      64.04642391586556,
      73.8113610801108,
      82.87985665791511,
      77.62622912125669,
      75.78863045982659,
      89.06680206321248,
      92.77790530601953,
      87.72332732589172,
      81.50845063363877,
      61.284853803411735,
      51.92540961470502,
      49.85627759617249,
      39.98273553100867,
      39.89702339498562,
      16.32312987876901,
      19.855042345110725,
      8.077087125693613,
      20.360264698447885,
      6.841792297912591,
      20.714820557328302,
      25.871395119848454,
      29.10303215398168,
      46.425037455361334,
      52.176076429151394,
      57.59906404426403,
      72.5695572421534,
      76.89051270223017,
      85.0770168785657,
      89.23811829767939,
      93.27651806679154,
      86.01788012279327,
      89.02268791413725,
      72.89740170134252,
      70.41686368526301,
      62.33304009880769,
      44.93446518962689,
      34.855806869012966,
      31.997715445432338,
      12.926628182857366,
      21.916055392174016,
      5.634374508312593,
      4.460174162401881,
      6.9560333324546315,
      6.222261744352698,
      18.11431792917902,
      30.25745957018087,
      43.40230528616987,
      46.853347455567345,
      68.28252554695779,
      70.65254291205922,
      72.92872810951529,
      87.73380955494073,
      87.77562695662175,
      78.0088164973609,
      89.22964900861199,
      85.6559827442991,
      85.57331674060588,
      68.26867301255012,
      54.92674700761714,
      47.39027775435983,
      27.027670777702724,
      28.990661888573054,
      22.988553107343492,
      15.886715105010104,
      10.736437805188615,
      16.12128411075755,
      18.200027598681295,
      17.484858809220267,
      15.05452223815516,
      26.801606976099965,
      43.15744471718946,
      43.70888298821795,
      56.51331519661681,
      66.15985645914022,
      81.63422759920716,
      80.41649840254264,
      99.06394136719535,
      82.97532328152477,
      84.12239188634288,
      92.56802597461385,
      84.70608458421418,
      77.34283139458117,
      66.26107418831792,
      51.60858015377243,
      47.021872792965446,
      27.79904494598911,
      20.653414872749057,
      3.339650173228744,
      14.585828316476384,
      16.95570695271708,
      6.770770254969767,
      16.453622128777084,
      17.507382776830283,
      24.392886806188788,
      44.32127721316393,
      43.689435903590706,
      55.50169691890587,
      71.2440382363596,
      79.57968783860464,
      81.0211350239921,
      91.74895371288436,
      95.50033255729183,
      93.53938227254656,
      82.70848218538659,
      77.56253206888769,
      64.59976219741262,
      57.001405014583966,
      58.85445631043338,
      34.82693394767142,
      26.655749852709068,
      27.123635505344723,
      17.84157395784111,
      5.472353152804909,
      10.583684716345228,
      9.26090766773888,
      9.575387820311231,
      17.559838040798766,
      21.865049667649945,
      39.78461381475176
    ]
  },
  "data": [
    {
      "id": 18,
      "name": "hour",
      "data": 18,
      "type": "number",
      "tableProcessGUId": "",
      "producerNodeId": null,
      "producerPort": null,
      "producerArtifactKind": null,
      "processes": []
    },
    {
      "id": 19,
      "name": "activity",
      "data": 19,
      "type": "number",
      "tableProcessGUId": "",
      "producerNodeId": null,
      "producerPort": null,
      "producerArtifactKind": null,
      "processes": []
    }
  ],
  "plots": [
    {
      "id": 5,
      "name": "Activity periodogram",
      "x": 350,
      "y": 150,
      "width": 500,
      "height": 250,
      "type": "periodogram",
      "selected": false,
      "facet": false,
      "facetParent": null,
      "facetKey": null,
      "setRefs": {},
      "metricOut": {},
      "plot": {
        "periodlimsIN": [
          1,
          30
        ],
        "periodSteps": 0.25,
        "ylimsIN": [
          null,
          null
        ],
        "padding": {
          "top": 15,
          "right": 20,
          "bottom": 30,
          "left": 30
        },
        "xAxis": {
          "label": "Period (hours)",
          "gridlines": true,
          "nticks": 5,
          "manualTicks": null
        },
        "yAxis": {
          "label": "Power",
          "gridlines": true,
          "nticks": 5,
          "manualTicks": null
        },
        "data": [
          {
            "x": {
              "id": 20,
              "name": "hour",
              "refId": 18,
              "type": "number",
              "tableProcessGUId": "",
              "producerNodeId": null,
              "producerPort": null,
              "producerArtifactKind": null,
              "processes": []
            },
            "y": {
              "id": 21,
              "name": "activity",
              "refId": 19,
              "type": "number",
              "tableProcessGUId": "",
              "producerNodeId": null,