{
  "rawData": {
    "39": [
      0,
      1,
      2,
      3,
      4,
      5,
      6,
      7,
      8,
      9,
      10,
      11,
      12,
      13,
      14,
      15,
      16,
      17,
      18,
      19,
      20,
      21,
      22,
      23,
      24,
      25,
      26,
      27,
      28,
      29,
      30,
      31,
      32,
      33,
      34,
      35,
      36,
      37,
      38,
      39,
      40,
      41,
      42,
      43,
      44,
      45,
      46,
      47,
      48,
      49
    ],
    "40": [
      10,
      11.362966948437268,
      15.35898384862245,
      21.7157287525381,
      30,
      39.64723819589917,
      50,
      60.35276180410083,
      70,
      78.2842712474619,
      84.64101615137756,
      88.63703305156272,
      90,
      88.63703305156272,
      84.64101615137756,
      78.28427124746192,
      70.00000000000001,
      60.35276180410082,
      50.00000000000001,
      39.647238195899185,
      29.999999999999996,
      21.7157287525381,
      15.358983848622458,
      11.362966948437276,
      10,
      11.362966948437276,
      15.358983848622458,
      21.71572875253809,
      29.999999999999982,
      39.64723819589917,
      49.99999999999996,
      60.35276180410081,
      69.99999999999997,
      78.28427124746192,
      84.64101615137756,
      88.63703305156272,
      90,
      88.63703305156274,
      84.64101615137756,
      78.28427124746193,
      70,
      60.3527618041009,
      50.000000000000014,
      39.64723819589919,
      30.000000000000032,
      21.715728752538084,
      15.358983848622486,
      11.362966948437276,
      10,
      11.362966948437261
    ],
    "41": [
      0,
      2,
      4,
      6,
      8,
      10,
      12,
      14,
      16,
      18,
      20,
      22,
      24,
      26,
      28,
      30,
      32,
      34,
      36,
      38,
      40,
      42,
      44,
      46,
      48,
      50
    ],
    "42": [
      10.681483474218634,
      18.537356300580278,
      34.82361909794959,
      55.17638090205041,
      74.14213562373095,
      86.63902460147014,
      89.31851652578136,
      81.46264369941974,
      65.17638090205043,
      44.823619097949596,
      25.85786437626905,
      13.360975398529867,
      10.681483474218638,
      18.537356300580274,
      34.823619097949575,
      55.17638090205038,
      74.14213562373095,
      86.63902460147014,
      89.31851652578138,
      81.46264369941974,
      65.17638090205045,
      44.8236190979496,
      25.857864376269056,
      13.360975398529881,
      10.68148347421863,
      null
    ]
  },
  "data": [
    {
      "id": 39,
      "name": "BinnedData input",
      "data": 39,
      "type": "number",
      "tableProcessGUId": "",
      "producerNodeId": null,
      "producerPort": null,
      "producerArtifactKind": null,
      "provenance": "",
      "processes": []
    },
    {
      "id": 40,
      "name": "BinnedData input",
      "data": 40,
      "type": "number",
      "tableProcessGUId": "",
      "producerNodeId": null,
      "producerPort": null,
      "producerArtifactKind": null,
      "provenance": "",
      "processes": []
    },
    {
      "id": 41,
      "name": "binnedx_0",
      "data": 41,
      "type": "bin",
      "binWidth": 2,
      "tableProcessGUId": "c4ea2949-c675-4f82-b518-c214aad89173",
      "producerNodeId": null,
      "producerPort": null,
      "producerArtifactKind": null,
      "provenance": "",
      "processes": []
    },
    {
      "id": 42,
      "name": "binnedy_40_0",
      "data": 42,
      "type": "number",
      "tableProcessGUId": "c4ea2949-c675-4f82-b518-c214aad89173",
      "producerNodeId": null,
      "producerPort": null,
      "producerArtifactKind": null,
      "provenance": "",
      "processes": []
    }
  ],
  "plots": [
    {
      "id": 17,
      "name": "Bin Data table",
      "x": 350,
      "y": 150,
      "width": 500,
      "height": 250,
      "type": "tableplot",
      "selected": false,
      "plot": {
        "columnRefs": [
          39,
          40,
          41,
          42
        ],
        "showCol": [
          true,
          true,
          true,
          true
        ],
        "colCurrent": 1,
        "showColNumber": false,
        "decimalPlaces": 2
      }
    }
  ],
  "tableProcesses": [
    {
      "id": 0,
      "name": "BinnedData",
      "displayName": "Bin Data",
      "args": {
        "xIN": 39,
        "yIN": [
          40
        ],
        "binMode": "uniform",
        "binSize": 2,
        "binStart": 0,
        "stepSize": 2,
        "diffStep": false,
        "cuts": [],
        "aggFunction": "mean",
        "preProcesses": [],
        "out": {
          "binnedx": 41,
          "binnedy_40": 42
        }
      },
      "refTPId": null
    }
  ],
  "storedValues": {},
  "nodeNotes": {},
  "notes": [],
  "groups": [],
  "orphanProcesses": [],
  "appState": {
    "currentTab": "null",
    "currentControlTab": "properties",
    "loadingState": {
      "isLoading": true,
      "loadingMsg": "Warming up..."
    },
    "showNavbar": true,
    "showDisplayPanel": false,
    "showControlPanel": false,
    "windowWidth": 1024,
    "windowHeight": 768,
    "widthNavBar": 56,
    "widthDisplayPanel": 250,
    "widthControlPanel": 250,
    "gridSize": 15,
    "canvasOffset": {
      "x": 0,
      "y": 0
    },
    "canvasScale": 1,
    "view": "canvas",
    "displayTimezone": "utc",
    "invisiblePlotIds": [],
    "canvasSelectedNodeId": null,
    "canvasMultiSelectedCount": 0,
    "canvasMultiSelectedNodeIds": [],
    "appColours": [
      "#234154",
      "#BE796B",
      "#3E7295",
      "#EDADAD",
      "#A6ACD5",
      "#83422A",
      "#6B9FD5",
      "#4A1E0E",
      "#fbe67280"
    ],
    "showColourPicker": false,
    "showAYSModal": false,
    "AYStext": "",
    "AYScallback": null,
    "AYSoptions": [
      "Yes",
      "No"
    ],
    "showWorkflow": false
  },
  "version": "β.42.0"
}