{
  "rawData": {
    "0": [
      0,
      1,
      2,
      3,
      4,
      5,
      6,
      7,
      8,
      9,
      10,
      11,
      12,
      13,
      14,
      15,
      16,
      17,
      18,
      19,
      20,
      21,
      22,
      23,
      24,
      25,
      26,
      27,
      28,
      29,
      30,
      31,
      32,
      33,
      34,
      35,
      36,
      37,
      38,
      39,
      40,
      41,
      42,
      43,
      44,
      45,
      46,
      47,
      48,
      49
    ],
    "1": [
      10,
      11.362966948437268,
      15.35898384862245,
      21.7157287525381,
      30,
      39.64723819589917,
      50,
      60.35276180410083,
      70,
      78.2842712474619,
      84.64101615137756,
      88.63703305156272,
      90,
      88.63703305156272,
      84.64101615137756,
      78.28427124746192,
      70.00000000000001,
      60.35276180410082,
      50.00000000000001,
      39.647238195899185,
      29.999999999999996,
      21.7157287525381,
      15.358983848622458,
      11.362966948437276,
      10,
      11.362966948437276,
      15.358983848622458,
      21.71572875253809,
      29.999999999999982,
      39.64723819589917,
      49.99999999999996,
      60.35276180410081,
      69.99999999999997,
      78.28427124746192,
      84.64101615137756,
      88.63703305156272,
      90,
      88.63703305156274,
      84.64101615137756,
      78.28427124746193,
      70,
      60.3527618041009,
      50.000000000000014,
      39.64723819589919,
      30.000000000000032,
      21.715728752538084,
      15.358983848622486,
      11.362966948437276,
      10,
      11.362966948437261
    ],
    "2": [
      0,
      2,
      4,
      6,
      8,
      10,
      12,
      14,
      16,
      18,
      20,
      22,
      24,
      26,
      28,
      30,
      32,
      34,
      36,
      38,
      40,
      42,
      44,
      46,
      48
    ],
    "3": [
      10,
      15.35898384862245,
      30,
      50,
      70,
      84.64101615137756,
      90,
      84.64101615137756,
      70.00000000000001,
      50.00000000000001,
      29.999999999999996,
      15.358983848622458,
      10,
      15.358983848622458,
      29.999999999999982,
      49.99999999999996,
      69.99999999999997,
      84.64101615137756,
      90,
      84.64101615137756,
      70,
      50.000000000000014,
      30.000000000000032,
      15.358983848622486,
      10
    ]
  },
  "data": [
    {
      "id": 0,
      "name": "Interpolate input 1",
      "data": 0,
      "type": "number",
      "tableProcessGUId": "",
      "producerNodeId": null,
      "producerPort": null,
      "producerArtifactKind": null,
      "provenance": "",
      "processes": []
    },
    {
      "id": 1,
      "name": "Interpolate input 2",
      "data": 1,
      "type": "number",
      "tableProcessGUId": "",
      "producerNodeId": null,
      "producerPort": null,
      "producerArtifactKind": null,
      "provenance": "",
      "processes": []
    },
    {
      "id": 2,
      "name": "interpx_0",
      "data": 2,
      "type": "number",
      "tableProcessGUId": "a0b89e26-3f51-4295-8df8-aa05659d204c",
      "producerNodeId": null,
      "producerPort": null,
      "producerArtifactKind": null,
      "provenance": "",
      "processes": []
    },
    {
      "id": 3,
      "name": "interpy_1_0",
      "data": 3,
      "type": "number",
      "tableProcessGUId": "a0b89e26-3f51-4295-8df8-aa05659d204c",
      "producerNodeId": null,
      "producerPort": null,
      "producerArtifactKind": null,
      "provenance": "",
      "processes": []
    }
  ],
  "plots": [
    {
      "id": 0,
      "name": "Interpolate result",
      "x": 350,
      "y": 150,
      "width": 500,
      "height": 250,
      "type": "tableplot",
      "selected": false,
      "facet": false,
      "facetParent": null,
      "facetKey": null,
      "plot": {
        "columnRefs": [
          0,
          1,
          2,
          3
        ],
        "showCol": [
          true,
          true,
          true,
          true
        ],
        "colWidths": {},
        "colCurrent": 1,
        "showColNumber": false,
        "decimalPlaces": 2
      }
    }
  ],
  "tableProcesses": [
    {
      "id": 0,
      "name": "Interpolate",
      "displayName": "Interpolate",
      "args": {
        "xIN": 0,
        "yIN": [
          1
        ],
        "mode": "resample",
        "method": "linear",
        "step": 2,
        "start": null,
        "end": null,
        "out": {
          "interpx": 2,
          "interpy_1": 3
        }
      },
      "refTPId": null
    }
  ],
  "storedValues": {},
  "nodeNotes": {},
  "notes": [],
  "groups": [],
  "composites": [],
  "orphanProcesses": [],
  "nodeLayout": {
    "data_0": {
      "x": 60,
      "y": 60
    },
    "data_1": {
      "x": 60,
      "y": 560
    },
    "tableprocess_0": {
      "x": 440,
      "y": 60
    },
    "plot_0": {
      "x": 820,
      "y": 60
    }
  },
  "appState": {
    "currentTab": "null",
    "currentControlTab": "properties",
    "loadingState": {
      "isLoading": true,
      "loadingMsg": "Warming up..."
    },
    "showNavbar": true,
    "showDisplayPanel": false,
    "showControlPanel": false,
    "tidyLayoutRequest": 0,
    "windowWidth": 1024,
    "windowHeight": 768,
    "widthNavBar": 56,
    "widthDisplayPanel": 250,
    "widthControlPanel": 250,
    "gridSize": 15,
    "canvasOffset": {
      "x": 0,
      "y": 0
    },
    "canvasScale": 1,
    "view": "canvas",
    "displayTimezone": "utc",
    "invisiblePlotIds": [],
    "canvasSelectedNodeId": null,
    "canvasMultiSelectedCount": 0,
    "canvasMultiSelectedNodeIds": [],
    "appColours": [
      "#234154",
      "#BE796B",
      "#3E7295",
      "#EDADAD",
      "#A6ACD5",
      "#83422A",
      "#6B9FD5",
      "#4A1E0E",
      "#fbe67280"
    ],
    "showColourPicker": false,
    "showAYSModal": false,
    "AYStext": "",
    "AYScallback": null,
    "AYSoptions": [
      "Yes",
      "No"
    ],
    "showWorkflow": false
  },
  "version": "β.49.2"
}