{
  "rawData": {
    "55": [
      0,
      1,
      2,
      3,
      4,
      5,
      6,
      7,
      8,
      9,
      10,
      11,
      12,
      13,
      14,
      15,
      16,
      17,
      18,
      19,
      20,
      21,
      22,
      23,
      24,
      25,
      26,
      27,
      28,
      29,
      30,
      31,
      32,
      33,
      34,
      35,
      36,
      37,
      38,
      39,
      40,
      41,
      42,
      43,
      44,
      45,
      46,
      47,
      48,
      49
    ],
    "56": [
      25.0003072087301,
      25.00083507109237,
      25.002269893435038,
      25.006169728799076,
      25.01676750652269,
      25.045552559718313,
      25.12363115782706,
      25.334642546201525,
      25.899310498070008,
      27.371293658784364,
      30.960146100850423,
      38.44707106780535,
      49.999999998112436,
      61.5529289263693,
      69.03985388494677,
      72.62870630320887,
      74.10068939883773,
      74.66535717364594,
      74.87636808066928,
      74.9544453703112,
      74.9832268667186,
      74.99381497608935,
      74.9976885301635,
      74.99905191269269,
      74.99938558253979,
      74.99905191269269,
      74.99768853016349,
      74.99381497608934,
      74.98322686671857,
      74.95444537031118,
      74.8763680806693,
      74.66535717364593,
      74.10068939883773,
      72.62870630320886,
      69.03985388494678,
      61.552928926369304,
      49.99999999811243,
      38.44707106780536,
      30.96014610085043,
      27.371293658784346,
      25.899310498070008,
      25.334642546201508,
      25.123631157827056,
      25.04555255971831,
      25.01676750652269,
      25.006169728799087,
      25.002269893435034,
      25.000835071092375,
      25.0003072087301,
      25.000113016214897
    ],
    "57": [
      0,
      1,
      2,
      3,
      4,
      5,
      6,
      7,
      8,
      9,
      10,
      11,
      12,
      13,
      14,
      15,
      16,
      17,
      18,
      19,
      20,
      21,
      22,
      23,
      24,
      25,
      26,
      27,
      28,
      29,
      30,
      31,
      32,
      33,
      34,
      35,
      36,
      37,
      38,
      39,
      40,
      41,
      42,
      43,
      44,
      45,
      46,
      47,
      48,
      49
    ],
    "58": [
      25.000307243651395,
      25.000835078961437,
      25.002269891353983,
      25.006169723062253,
      25.01676749945275,
      25.045552552187345,
      25.1236311501992,
      25.33464253871483,
      25.899310491051324,
      27.371293652848287,
      30.960146096984428,
      38.44707106666211,
      49.99999999830222,
      61.55292892549372,
      69.03985388267876,
      72.62870630032668,
      74.10068939581106,
      74.66535717061704,
      74.87636807766074,
      74.95444536731812,
      74.98322686373413,
      74.99381497310914,
      74.99768852718523,
      74.99905190971525,
      74.99938557956254,
      74.99905190971525,
      74.99768852718525,
      74.99381497310917,
      74.98322686373417,
      74.95444536731824,
      74.87636807766103,
      74.66535717061768,
      74.1006893958124,
      72.62870630032926,
      69.03985388268268,
      61.55292892549723,
      49.999999998301824,
      38.44707106665798,
      30.96014609698018,
      27.37129365284557,
      25.899310491049917,
      25.334642538714174,
      25.12363115019892,
      25.045552552187225,
      25.016767499452698,
      25.006169723062232,
      25.002269891353972,
      25.00083507896143,
      25.00030724365139,
      25.00011312467375
    ]
  },
  "data": [
    {
      "id": 55,
      "name": "DoubleLogistic input",
      "data": 55,
      "type": "number",
      "tableProcessGUId": "",
      "producerNodeId": null,
      "producerPort": null,
      "producerArtifactKind": null,
      "provenance": "",
      "processes": []
    },
    {
      "id": 56,
      "name": "DoubleLogistic input",
      "data": 56,
      "type": "number",
      "tableProcessGUId": "",
      "producerNodeId": null,
      "producerPort": null,
      "producerArtifactKind": null,
      "provenance": "",
      "processes": []
    },
    {
      "id": 57,
      "name": "dlogx_5",
      "data": 57,
      "type": "number",
      "tableProcessGUId": "e7b7dd3b-671d-444f-bf43-a9e75477d35d",
      "producerNodeId": null,
      "producerPort": null,
      "producerArtifactKind": null,
      "provenance": "",
      "processes": []
    },
    {
      "id": 58,
      "name": "dlogy_56_5",
      "data": 58,
      "type": "number",
      "tableProcessGUId": "e7b7dd3b-671d-444f-bf43-a9e75477d35d",
      "producerNodeId": null,
      "producerPort": null,
      "producerArtifactKind": null,
      "provenance": "",
      "processes": []
    }
  ],
  "plots": [
    {
      "id": 22,
      "name": "Double Logistic table",
      "x": 350,
      "y": 150,
      "width": 500,
      "height": 250,
      "type": "tableplot",
      "selected": false,
      "plot": {
        "columnRefs": [
          55,
          56,
          57,
          58
        ],
        "showCol": [
          true,
          true,
          true,
          true
        ],
        "colCurrent": 1,
        "showColNumber": false,
        "decimalPlaces": 2
      }
    }
  ],
  "tableProcesses": [
    {
      "id": 5,
      "name": "DoubleLogistic",
      "displayName": "Double Logistic",
      "args": {
        "xIN": 55,
        "yIN": [
          56
        ],
        "outputX": -1,
        "fixK1": false,
        "fixedK1": 0.5,
        "fixK2": false,
        "fixedK2": 0.5,
        "fixPeriod": false,
        "fixedPeriod": 24,
        "out": {
          "dlogx": 57,
          "dlogy_56": 58
        }
      },
      "refTPId": null
    }
  ],
  "storedValues": {},
  "nodeNotes": {},
  "notes": [],
  "groups": [],
  "orphanProcesses": [],
  "appState": {
    "currentTab": "null",
    "currentControlTab": "properties",
    "loadingState": {
      "isLoading": true,
      "loadingMsg": "Warming up..."
    },
    "showNavbar": true,
    "showDisplayPanel": false,
    "showControlPanel": false,
    "windowWidth": 1024,
    "windowHeight": 768,
    "widthNavBar": 56,
    "widthDisplayPanel": 250,
    "widthControlPanel": 250,
    "gridSize": 15,
    "canvasOffset": {
      "x": 0,
      "y": 0
    },
    "canvasScale": 1,
    "view": "canvas",
    "displayTimezone": "utc",
    "invisiblePlotIds": [],
    "canvasSelectedNodeId": null,
    "canvasMultiSelectedCount": 0,
    "canvasMultiSelectedNodeIds": [],
    "appColours": [
      "#234154",
      "#BE796B",
      "#3E7295",
      "#EDADAD",
      "#A6ACD5",
      "#83422A",
      "#6B9FD5",
      "#4A1E0E",
      "#fbe67280"
    ],
    "showColourPicker": false,
    "showAYSModal": false,
    "AYStext": "",
    "AYScallback": null,
    "AYSoptions": [
      "Yes",
      "No"
    ],
    "showWorkflow": false
  },
  "version": "β.42.0"
}