{
  "rawData": {
    "8": [
      49,
      48,
      47,
      46,
      45,
      44,
      43,
      42,
      41,
      40,
      39,
      38,
      37,
      36,
      35,
      34,
      33,
      32,
      31,
      30,
      29,
      28,
      27,
      26,
      25,
      24,
      23,
      22,
      21,
      20,
      19,
      18,
      17,
      16,
      15,
      14,
      13,
      12,
      11,
      10,
      9,
      8,
      7,
      6,
      5,
      4,
      3,
      2,
      1,
      0
    ],
    "9": [
      10,
      11.362966948437268,
      15.35898384862245,
      21.7157287525381,
      30,
      39.64723819589917,
      50,
      60.35276180410083,
      70,
      78.2842712474619,
      84.64101615137756,
      88.63703305156272,
      90,
      88.63703305156272,
      84.64101615137756,
      78.28427124746192,
      70.00000000000001,
      60.35276180410082,
      50.00000000000001,
      39.647238195899185,
      29.999999999999996,
      21.7157287525381,
      15.358983848622458,
      11.362966948437276,
      10,
      11.362966948437276,
      15.358983848622458,
      21.71572875253809,
      29.999999999999982,
      39.64723819589917,
      49.99999999999996,
      60.35276180410081,
      69.99999999999997,
      78.28427124746192,
      84.64101615137756,
      88.63703305156272,
      90,
      88.63703305156274,
      84.64101615137756,
      78.28427124746193,
      70,
      60.3527618041009,
      50.000000000000014,
      39.64723819589919,
      30.000000000000032,
      21.715728752538084,
      15.358983848622486,
      11.362966948437276,
      10,
      11.362966948437261
    ],
    "10": [
      0,
      1,
      2,
      3,
      4,
      5,
      6,
      7,
      8,
      9,
      10,
      11,
      12,
      13,
      14,
      15,
      16,
      17,
      18,
      19,
      20,
      21,
      22,
      23,
      24,
      25,
      26,
      27,
      28,
      29,
      30,
      31,
      32,
      33,
      34,
      35,
      36,
      37,
      38,
      39,
      40,
      41,
      42,
      43,
      44,
      45,
      46,
      47,
      48,
      49
    ],
    "11": [
      11.362966948437261,
      10,
      11.362966948437276,
      15.358983848622486,
      21.715728752538084,
      30.000000000000032,
      39.64723819589919,
      50.000000000000014,
      60.3527618041009,
      70,
      78.28427124746193,
      84.64101615137756,
      88.63703305156274,
      90,
      88.63703305156272,
      84.64101615137756,
      78.28427124746192,
      69.99999999999997,
      60.35276180410081,
      49.99999999999996,
      39.64723819589917,
      29.999999999999982,
      21.71572875253809,
      15.358983848622458,
      11.362966948437276,
      10,
      11.362966948437276,
      15.358983848622458,
      21.7157287525381,
      29.999999999999996,
      39.647238195899185,
      50.00000000000001,
      60.35276180410082,
      70.00000000000001,
      78.28427124746192,
      84.64101615137756,
      88.63703305156272,
      90,
      88.63703305156272,
      84.64101615137756,
      78.2842712474619,
      70,
      60.35276180410083,
      50,
      39.64723819589917,
      30,
      21.7157287525381,
      15.35898384862245,
      11.362966948437268,
      10
    ]
  },
  "data": [
    {
      "id": 8,
      "name": "Sort input",
      "data": 8,
      "type": "number",
      "tableProcessGUId": "",
      "producerNodeId": null,
      "producerPort": null,
      "producerArtifactKind": null,
      "provenance": "",
      "processes": []
    },
    {
      "id": 9,
      "name": "Sort input",
      "data": 9,
      "type": "number",
      "tableProcessGUId": "",
      "producerNodeId": null,
      "producerPort": null,
      "producerArtifactKind": null,
      "provenance": "",
      "processes": []
    },
    {
      "id": 10,
      "name": "sortedy_8_2",
      "data": 10,
      "type": "number",
      "tableProcessGUId": "eb1eda3c-4674-41e9-b78c-4454222bd7ae",
      "producerNodeId": null,
      "producerPort": null,
      "producerArtifactKind": null,
      "provenance": "",
      "processes": []
    },
    {
      "id": 11,
      "name": "sortedy_9_2",
      "data": 11,
      "type": "number",
      "tableProcessGUId": "eb1eda3c-4674-41e9-b78c-4454222bd7ae",
      "producerNodeId": null,
      "producerPort": null,
      "producerArtifactKind": null,
      "provenance": "",
      "processes": []
    }
  ],
  "plots": [
    {
      "id": 2,
      "name": "Sort result",
      "x": 350,
      "y": 150,
      "width": 500,
      "height": 250,
      "type": "tableplot",
      "selected": false,
      "facet": false,
      "facetParent": null,
      "facetKey": null,
      "plot": {
        "columnRefs": [
          8,
          9,
          10,
          11
        ],
        "showCol": [
          true,
          true,
          true,
          true
        ],
        "colWidths": {},
        "colCurrent": 1,
        "showColNumber": false,
        "decimalPlaces": 2
      }
    }
  ],
  "tableProcesses": [
    {
      "id": 2,
      "name": "Sort",
      "displayName": "Sort",
      "args": {
        "yIN": [
          8,
          9
        ],
        "sortOnId": 8,
        "direction": "asc",
        "preProcesses": [],
        "out": {
          "sortedy_8": 10,
          "sortedy_9": 11
        }
      },
      "refTPId": null
    }
  ],
  "storedValues": {},
  "nodeNotes": {},
  "notes": [],
  "groups": [],
  "composites": [],
  "orphanProcesses": [],
  "nodeLayout": {
    "data_8": {
      "x": 60,
      "y": 60
    },
    "data_9": {
      "x": 60,
      "y": 560
    },
    "tableprocess_2": {
      "x": 440,
      "y": 60
    },
    "plot_2": {
      "x": 820,
      "y": 60
    }
  },
  "appState": {
    "currentTab": "null",
    "currentControlTab": "properties",
    "loadingState": {
      "isLoading": true,
      "loadingMsg": "Warming up..."
    },
    "showNavbar": true,
    "showDisplayPanel": false,
    "showControlPanel": false,
    "tidyLayoutRequest": 0,
    "windowWidth": 1024,
    "windowHeight": 768,
    "widthNavBar": 56,
    "widthDisplayPanel": 250,
    "widthControlPanel": 250,
    "gridSize": 15,
    "canvasOffset": {
      "x": 0,
      "y": 0
    },
    "canvasScale": 1,
    "view": "canvas",
    "displayTimezone": "utc",
    "invisiblePlotIds": [],
    "canvasSelectedNodeId": null,
    "canvasMultiSelectedCount": 0,
    "canvasMultiSelectedNodeIds": [],
    "appColours": [
      "#234154",
      "#BE796B",
      "#3E7295",
      "#EDADAD",
      "#A6ACD5",
      "#83422A",
      "#6B9FD5",
      "#4A1E0E",
      "#fbe67280"
    ],
    "showColourPicker": false,
    "showAYSModal": false,
    "AYStext": "",
    "AYScallback": null,
    "AYSoptions": [
      "Yes",
      "No"
    ],
    "showWorkflow": false
  },
  "version": "β.45.7"
}