{
  "rawData": {
    "20": [
      0,
      1,
      2,
      3,
      4,
      5,
      6,
      7,
      8,
      9,
      10,
      11,
      12,
      13,
      14,
      15,
      16,
      17,
      18,
      19,
      20,
      21,
      22,
      23,
      24,
      25,
      26,
      27,
      28,
      29,
      30,
      31,
      32,
      33,
      34,
      35,
      36,
      37,
      38,
      39,
      40,
      41,
      42,
      43,
      44,
      45,
      46,
      47,
      48,
      49
    ],
    "21": [
      13.207454141807316,
      16.42781352939983,
      10.122969242111294,
      36.187545770329834,
      27.668818971299434,
      38.339304011219625,
      43.482197368172976,
      65.78475257120165,
      70.37276458592135,
      77.43195175127762,
      86.41030663823531,
      90.30633530399939,
      88.83339953145895,
      95.15025133229916,
      90.26334482691698,
      77.22490540574245,
      64.83059042269012,
      66.82048766511632,
      52.229962435213224,
      37.94978696836063,
      23.19182174043374,
      29.981136913565685,
      -2.729740417614696,
      -5.18090916290717,
      13.381414993062211,
      13.999026920826992,
      9.4901870025566,
      34.8555281244553,
      35.45997088959779,
      39.09538903264217,
      46.081864559710674,
      61.396163115922796,
      67.20636260945892,
      84.80925903837425,
      86.72932939493884,
      92.1989301863733,
      103.19851427496529,
      95.75996246659695,
      91.83031167825133,
      70.02665182793982,
      65.85535914620233,
      48.79585292558586,
      41.37450462405598,
      32.127107510792314,
      17.411398624067388,
      18.188002628768842,
      18.142038632325345,
      16.78520401323816,
      14.406414185367264,
      9.386678383637214
    ],
    "22": [
      0,
      1,
      2,
      3,
      4,
      5,
      6,
      7,
      8,
      9,
      10,
      11,
      12,
      13,
      14,
      15,
      16,
      17,
      18,
      19,
      20,
      21,
      22,
      23,
      24,
      25,
      26,
      27,
      28,
      29,
      30,
      31,
      32,
      33,
      34,
      35,
      36,
      37,
      38,
      39,
      40,
      41,
      42,
      43,
      44,
      45,
      46,
      47,
      48,
      49
    ],
    "23": [
      8.424345272914458,
      10.560541959544327,
      15.38917731374945,
      22.58118781583796,
      31.646449835451843,
      41.96718074700823,
      52.840039794698804,
      63.5240596026726,
      73.29114187719374,
      81.47567610212026,
      87.51989979560571,
      91.01190910149099,
      91.71372935639826,
      89.57753266976842,
      84.7488973155633,
      77.55688681347478,
      68.49162479386091,
      58.170893882304526,
      47.29803483461393,
      36.61401502664014,
      26.846932752119002,
      18.662398527192465,
      12.618174833707021,
      9.126165527821728,
      8.424345272914458,
      10.560541959544318,
      15.389177313749434,
      22.58118781583793,
      31.646449835451822,
      41.9671807470082,
      52.840039794698754,
      63.52405960267258,
      73.29114187719372,
      81.47567610212023,
      87.5198997956057,
      91.011909101491,
      91.71372935639826,
      89.57753266976842,
      84.7488973155633,
      77.55688681347482,
      68.49162479386094,
      58.170893882304576,
      47.298034834613944,
      36.61401502664015,
      26.84693275211901,
      18.6623985271925,
      12.618174833707041,
      9.12616552782174,
      8.424345272914456,
      10.560541959544317
    ]
  },
  "data": [
    {
      "id": 20,
      "name": "x",
      "data": 20,
      "type": "number",
      "tableProcessGUId": "e19cb377-0aee-4048-ad23-f4d2551e3106",
      "producerNodeId": null,
      "producerPort": null,
      "producerArtifactKind": null,
      "provenance": "",
      "processes": []
    },
    {
      "id": 21,
      "name": "y",
      "data": 21,
      "type": "number",
      "tableProcessGUId": "",
      "producerNodeId": null,
      "producerPort": null,
      "producerArtifactKind": null,
      "provenance": "",
      "processes": []
    },
    {
      "id": 22,
      "name": "cosinorx_7",
      "data": 22,
      "type": "number",
      "tableProcessGUId": "b8c04b40-86cb-46e5-894f-e6b32de60a8f",
      "producerNodeId": null,
      "producerPort": null,
      "producerArtifactKind": null,
      "provenance": "",
      "processes": []
    },
    {
      "id": 23,
      "name": "cosinory_21_7",
      "data": 23,
      "type": "number",
      "tableProcessGUId": "b8c04b40-86cb-46e5-894f-e6b32de60a8f",
      "producerNodeId": null,
      "producerPort": null,
      "producerArtifactKind": null,
      "provenance": "",
      "processes": []
    }
  ],
  "plots": [
    {
      "id": 6,
      "name": "Cosinor: data + fit",
      "x": 350,
      "y": 150,
      "width": 500,
      "height": 250,
      "type": "scatterplot",
      "selected": false,
      "facet": false,
      "facetParent": null,
      "facetKey": null,
      "plot": {
        "xlimsIN": [
          null,
          null
        ],
        "xLogScale": false,
        "ylimsLeftIN": [
          null,
          null
        ],
        "ylimsRightIN": [
          null,
          null
        ],
        "yLogScaleLeft": false,
        "yLogScaleRight": false,
        "padding": {
          "top": 15,
          "right": 30,
          "bottom": 30,
          "left": 30
        },
        "xAxis": {
          "label": "Hour",
          "gridlines": true,
          "nticks": 5,
          "manualTicks": null
        },
        "yAxisLeft": {
          "label": "Activity",
          "gridlines": true,
          "nticks": 5,
          "manualTicks": null
        },
        "yAxisRight": {
          "label": "",
          "gridlines": false,
          "nticks": 5,
          "manualTicks": null
        },
        "data": [
          {
            "x": {
              "id": 24,
              "name": "x",
              "refId": 20,
              "type": "number",
              "tableProcessGUId": "",
              "producerNodeId": null,
              "producerPort": null,
              "producerArtifactKind": null,
              "provenance": "refers to x which is ",
              "processes": []
            },
            "y": {
              "id": 25,
              "name": "y",
              "refId": 21,
              "type": "number",
              "tableProcessGUId": "",
              "producerNodeId": null,
              "producerPort": null,
              "producerArtifactKind": null,
              "provenance": "refers to y which is ",
              "processes": []
            },
            "label": "Data",
            "yAxis": "left",
            "line": {
              "colour": "#234154",
              "strokeWidth": 2,
              "stroke": "solid",
              "draw": false,
              "joinGaps": false
            },
            "points": {
              "colour": "#234154",
              "radius": 3,
              "shape": "circle",
              "draw": true
            }
          },
          {
            "x": {
              "id": 26,
              "name": "cosinorx_7",
              "refId": 22,
              "type": "number",
              "tableProcessGUId": "",
              "producerNodeId": null,
              "producerPort": null,
              "producerArtifactKind": null,
              "provenance": "refers to cosinorx_7 which is ",
              "processes": []
            },
            "y": {
              "id": 27,
              "name": "cosinory_21_7",
              "refId": 23,
              "type": "number",
              "tableProcessGUId": "",
              "producerNodeId": null,
              "producerPort": null,
              "producerArtifactKind": null,
              "provenance": "refers to cosinory_21_7 which is ",
              "processes": []
            },
            "label": "Cosinor",