{
  "rawData": {
    "95": [
      0,
      1,
      2,
      3,
      4,
      5,
      6,
      7,
      8,
      9,
      10,
      11,
      12,
      13,
      14,
      15,
      16,
      17,
      18,
      19,
      20,
      21,
      22,
      23,
      24,
      25,
      26,
      27,
      28,
      29,
      30,
      31,
      32,
      33,
      34,
      35,
      36,
      37,
      38,
      39,
      40,
      41,
      42,
      43,
      44,
      45,
      46,
      47,
      48,
      49
    ],
    "96": [
      9,
      11.841470984807897,
      9.909297426825681,
      11.141120008059866,
      8.243197504692072,
      10.041075725336862,
      8.720584501801074,
      11.656986598718788,
      9.989358246623382,
      11.412118485241757,
      8.45597888911063,
      10.000009793449296,
      8.463427081999566,
      11.42016703682664,
      9.99060735569487,
      11.650287840157116,
      8.712096683334934,
      10.038602508120443,
      8.249012753228325,
      11.149877209662952,
      9.912945250727628,
      11.836655638536056,
      8.991148690709597,
      10.15377959582483,
      8.094421637993376,
      10.867648249902228,
      9.762558450479602,
      11.956375928404503,
      9.27090578830787,
      10.336366115787033,
      8.011968375907138,
      10.595962354676935,
      9.55142668124169,
      11.999911860107268,
      9.529082686120024,
      10.57181733050385,
      8.008221146556885,
      10.356461866643,
      9.296368578709385,
      11.963795386284088,
      9.745113160479349,
      10.841377331195291,
      8.083478452084366,
      10.168225257371402,
      9.017701925105413,
      11.850903524534118,
      9.901788347648809,
      11.123573122745224,
      8.231745338676333,
      10.046247347240529
    ],
    "97": [
      0,
      1,
      2,
      3,
      4,
      5,
      6,
      7,
      8,
      9,
      10,
      11,
      12,
      13,
      14,
      15,
      16,
      17,
      18,
      19,
      20,
      21,
      22,
      23,
      24,
      25,
      26,
      27,
      28,
      29,
      30,
      31,
      32,
      33,
      34,
      35,
      36,
      37,
      38,
      39,
      40,
      41,
      42,
      43,
      44,
      45,
      46,
      47,
      48,
      49
    ],
    "98": [
      10.250256137211194,
      10.472972104923361,
      10.027017184877103,
      10.235232329944475,
      9.61105503334311,
      9.960592867721733,
      9.730240515434435,
      10.364024711544372,
      10.047005344299127,
      10.30289040262877,
      9.664178499284926,
      9.950340257325578,
      9.6660380314162,
      10.304899821625497,
      10.047317199602626,
      10.3623522848268,
      9.728121428107139,
      9.959975398900754,
      9.612506881014856,
      10.237418672055082,
      10.027927908572911,
      10.408881277092211,
      9.797790162758298,
      9.988730762593217,
      9.573911324981927,
      10.166956772520908,
      9.990382011017516,
      10.438770906576247,
      9.86763493177723,
      10.034315712616696,
      9.553325863184133,
      10.099127077544013,
      9.93767039161061,
      10.449640182529953,
      9.932091940905943,
      10.093098977986205,
      9.552390321706628,
      10.039332861739442,
      9.873992027734541,
      10.440623264662223,
      9.986026581750496,
      10.1603979174829,
      9.571179225247164,
      9.992337298058118,
      9.804419501348821,
      10.412438435480993,
      10.02514245174198,
      10.230851536169002,
      9.825838539077724,
      9.800521936220695
    ]
  },
  "data": [
    {
      "id": 95,
      "name": "SmoothedData input",
      "data": 95,
      "type": "number",
      "tableProcessGUId": "",
      "producerNodeId": null,
      "producerPort": null,
      "producerArtifactKind": null,
      "provenance": "",
      "processes": []
    },
    {
      "id": 96,
      "name": "SmoothedData input",
      "data": 96,
      "type": "number",
      "tableProcessGUId": "",
      "producerNodeId": null,
      "producerPort": null,
      "producerArtifactKind": null,
      "provenance": "",
      "processes": []
    },
    {
      "id": 97,
      "name": "smoothedx_17",
      "data": 97,
      "type": "number",
      "tableProcessGUId": "0eed0fc9-4314-4151-a9ef-c530f58812d3",
      "producerNodeId": null,
      "producerPort": null,
      "producerArtifactKind": null,
      "provenance": "",
      "processes": []
    },
    {
      "id": 98,
      "name": "smoothedy_96_17",
      "data": 98,
      "type": "number",
      "tableProcessGUId": "0eed0fc9-4314-4151-a9ef-c530f58812d3",
      "producerNodeId": null,
      "producerPort": null,
      "producerArtifactKind": null,
      "provenance": "",
      "processes": []
    }
  ],
  "plots": [
    {
      "id": 34,
      "name": "Smooth Data table",
      "x": 350,
      "y": 150,
      "width": 500,
      "height": 250,
      "type": "tableplot",
      "selected": false,
      "plot": {
        "columnRefs": [
          95,
          96,
          97,
          98
        ],
        "showCol": [
          true,
          true,
          true,
          true
        ],
        "colCurrent": 1,
        "showColNumber": false,
        "decimalPlaces": 2
      }
    }
  ],
  "tableProcesses": [
    {
      "id": 17,
      "name": "SmoothedData",
      "displayName": "Smooth Data",
      "args": {
        "xIN": 95,
        "yIN": [
          96
        ],
        "smootherType": "moving",
        "whittakerLambda": 100,
        "whittakerOrder": 2,
        "savitzkyWindowSize": 5,
        "savitzkyPolyOrder": 2,
        "loessBandwidth": 0.3,
        "movingAvgWindowSize": 5,
        "movingAvgType": "simple",
        "preProcesses": [],
        "out": {
          "smoothedx": 97,
          "smoothedy_96": 98
        }
      },
      "refTPId": null
    }
  ],
  "storedValues": {},
  "nodeNotes": {},
  "notes": [],
  "groups": [],
  "orphanProcesses": [],
  "appState": {
    "currentTab": "null",
    "currentControlTab": "properties",
    "loadingState": {
      "isLoading": true,
      "loadingMsg": "Warming up..."
    },
    "showNavbar": true,
    "showDisplayPanel": false,
    "showControlPanel": false,
    "windowWidth": 1024,
    "windowHeight": 768,
    "widthNavBar": 56,
    "widthDisplayPanel": 250,
    "widthControlPanel": 250,
    "gridSize": 15,
    "canvasOffset": {
      "x": 0,
      "y": 0
    },
    "canvasScale": 1,
    "view": "canvas",
    "displayTimezone": "utc",
    "invisiblePlotIds": [],
    "canvasSelectedNodeId": null,
    "canvasMultiSelectedCount": 0,
    "canvasMultiSelectedNodeIds": [],
    "appColours": [
      "#234154",
      "#BE796B",
      "#3E7295",
      "#EDADAD",
      "#A6ACD5",
      "#83422A",
      "#6B9FD5",
      "#4A1E0E",
      "#fbe67280"
    ],
    "showColourPicker": false,
    "showAYSModal": false,
    "AYStext": "",
    "AYScallback": null,
    "AYSoptions": [
      "Yes",
      "No"
    ],
    "showWorkflow": false
  },
  "version": "β.42.0"
}