{
  "rawData": {
    "84": [
      0,
      1,
      2,
      3,
      4,
      5,
      6,
      7,
      8,
      9,
      10,
      11,
      12,
      13,
      14,
      15,
      16,
      17,
      18,
      19,
      20,
      21,
      22,
      23,
      24,
      25,
      26,
      27,
      28,
      29,
      30,
      31,
      32,
      33,
      34,
      35,
      36,
      37,
      38,
      39,
      40,
      41,
      42,
      43,
      44,
      45,
      46,
      47,
      48,
      49
    ],
    "85": [
      11.229882793897886,
      37.29138111399729,
      35.47426005079059,
      40.002815279607525,
      43.451208983877315,
      48.01752731681707,
      50.941981316862154,
      46.04422958945827,
      44.199436536102034,
      38.2362681349494,
      34.398457784964286,
      34.00342215314305,
      33.02919547450274,
      28.796156926888845,
      24.54731680984767,
      26.564626067802983,
      20.24547928698489,
      4.020922588318703,
      9.004540186115046,
      17.288428426865497,
      23.915385355728986,
      6.831562815865244,
      7.836605404284732,
      24.539602586740568,
      28.162739137737034,
      39.16316912497345,
      36.24692904727553,
      26.754275136074117,
      41.72644167486102,
      53.96874761697371,
      50.03756899019537,
      59.020779461243656,
      42.80743777811056,
      44.685980778481635,
      47.33062558204668,
      43.438077692797044,
      36.203070743694916,
      22.54532329200501,
      26.58996283974957,
      18.72598732746581,
      23.58986000177998,
      26.50485652390251,
      10.503546174924473,
      19.902298169447157,
      11.042569198214208,
      18.046620712283097,
      15.829064987200903,
      19.963370027566924,
      20.999584523229,
      30.339018292668595
    ],
    "86": [
      0,
      1,
      2,
      3,
      4,
      5,
      6,
      7,
      8,
      9,
      10,
      11,
      12,
      13,
      14,
      15,
      16,
      17,
      18,
      19,
      20,
      21,
      22,
      23,
      24,
      25,
      26,
      27,
      28,
      29,
      30,
      31,
      32,
      33,
      34,
      35,
      36,
      37,
      38,
      39,
      40,
      41,
      42,
      43,
      44,
      45,
      46,
      47,
      48,
      49
    ],
    "87": [
      27.99850798622859,
      30.99958480957332,
      33.48990964443412,
      40.84743854901796,
      43.577558589590936,
      45.691552497324466,
      46.53087674862337,
      45.48788857883779,
      42.76407467246723,
      39.376362839723406,
      36.77335601673231,
      33.692700094889666,
      30.95490982986932,
      29.38814348643706,
      26.63655491320543,
      20.834900335968616,
      16.876576987813856,
      15.424799311217424,
      14.894951168802624,
      12.212167874578693,
      12.9753044377719,
      16.082316917897003,
      18.257179060071316,
      21.306735813920206,
      27.189809060202265,
      30.97334300656014,
      34.41071082418423,
      39.57191252003156,
      41.74679249307595,
      46.30156257586957,
      49.51219510427686,
      50.10410292500099,
      48.77647851801558,
      47.45658025853591,
      42.89303851502616,
      38.84061561780506,
      35.221412030058644,
      29.50048437914247,
      25.530840840939057,
      23.591197996980576,
      21.18284257356447,
      19.845309639503988,
      18.308626013653665,
      17.199978155754287,
      15.06481984841397,
      16.956784618942457,
      17.176241889698826,
      21.035531708589705,
      21.782759457666355,
      23.767324281154842
    ]
  },
  "data": [
    {
      "id": 84,
      "name": "x",
      "data": 84,
      "type": "number",
      "tableProcessGUId": "1a492ef5-4bfd-48c5-a8e9-88e2feb62417",
      "producerNodeId": null,
      "producerPort": null,
      "producerArtifactKind": null,
      "provenance": "",
      "processes": []
    },
    {
      "id": 85,
      "name": "y",
      "data": 85,
      "type": "number",
      "tableProcessGUId": "",
      "producerNodeId": null,
      "producerPort": null,
      "producerArtifactKind": null,
      "provenance": "",
      "processes": []
    },
    {
      "id": 86,
      "name": "smoothedx_25",
      "data": 86,
      "type": "number",
      "tableProcessGUId": "e46f9f54-7ea5-4d25-a2a4-7cc00352a154",
      "producerNodeId": null,
      "producerPort": null,
      "producerArtifactKind": null,
      "provenance": "",
      "processes": []
    },
    {
      "id": 87,
      "name": "smoothedy_85_25",
      "data": 87,
      "type": "number",
      "tableProcessGUId": "e46f9f54-7ea5-4d25-a2a4-7cc00352a154",
      "producerNodeId": null,
      "producerPort": null,
      "producerArtifactKind": null,
      "provenance": "",
      "processes": []
    }
  ],
  "plots": [
    {
      "id": 24,
      "name": "Smooth Data: data + fit",
      "x": 350,
      "y": 150,
      "width": 500,
      "height": 250,
      "type": "scatterplot",
      "selected": false,
      "facet": false,
      "facetParent": null,
      "facetKey": null,
      "plot": {
        "xlimsIN": [
          null,
          null
        ],
        "xLogScale": false,
        "ylimsLeftIN": [
          null,
          null
        ],
        "ylimsRightIN": [
          null,
          null
        ],
        "yLogScaleLeft": false,
        "yLogScaleRight": false,
        "padding": {
          "top": 15,
          "right": 30,
          "bottom": 30,
          "left": 30
        },
        "xAxis": {
          "label": "x",
          "gridlines": true,
          "nticks": 5,
          "manualTicks": null
        },
        "yAxisLeft": {
          "label": "Value",
          "gridlines": true,
          "nticks": 5,
          "manualTicks": null
        },
        "yAxisRight": {
          "label": "",
          "gridlines": false,
          "nticks": 5,
          "manualTicks": null
        },
        "data": [
          {
            "x": {
              "id": 88,
              "name": "x",
              "refId": 84,
              "type": "number",
              "tableProcessGUId": "",
              "producerNodeId": null,
              "producerPort": null,
              "producerArtifactKind": null,
              "provenance": "refers to x which is ",
              "processes": []
            },
            "y": {
              "id": 89,
              "name": "y",
              "refId": 85,
              "type": "number",
              "tableProcessGUId": "",
              "producerNodeId": null,
              "producerPort": null,
              "producerArtifactKind": null,
              "provenance": "refers to y which is ",
              "processes": []
            },
            "label": "Data",
            "yAxis": "left",
            "line": {
              "colour": "#234154",
              "strokeWidth": 2,
              "stroke": "solid",
              "draw": false,
              "joinGaps": false
            },
            "points": {
              "colour": "#234154",
              "radius": 3,
              "shape": "circle",
              "draw": true
            }
          },
          {
            "x": {
              "id": 90,
              "name": "smoothedx_25",
              "refId": 86,
              "type": "number",
              "tableProcessGUId": "",
              "producerNodeId": null,
              "producerPort": null,
              "producerArtifactKind": null,
              "provenance": "refers to smoothedx_25 which is ",
              "processes": []
            },
            "y": {
              "id": 91,
              "name": "smoothedy_85_25",
              "refId": 87,
              "type": "number",
              "tableProcessGUId": "",
              "producerNodeId": null,
              "producerPort": null,
              "producerArtifactKind": null,
              "provenance": "refers to smoothedy_85_25 which is ",
              "processes": []
            },