{
  "rawData": {
    "61": [
      0,
      1,
      2,
      3,
      4,
      5,
      6,
      7,
      8,
      9,
      10,
      11,
      12,
      13,
      14,
      15,
      16,
      17,
      18,
      19,
      20,
      21,
      22,
      23,
      24,
      25,
      26,
      27,
      28,
      29,
      30,
      31,
      32,
      33,
      34,
      35,
      36,
      37,
      38,
      39,
      40,
      41,
      42,
      43,
      44,
      45,
      46,
      47,
      48,
      49
    ],
    "62": [
      10,
      11.362966948437268,
      15.35898384862245,
      21.7157287525381,
      30,
      39.64723819589917,
      50,
      60.35276180410083,
      70,
      78.2842712474619,
      84.64101615137756,
      88.63703305156272,
      90,
      88.63703305156272,
      84.64101615137756,
      78.28427124746192,
      70.00000000000001,
      60.35276180410082,
      50.00000000000001,
      39.647238195899185,
      29.999999999999996,
      21.7157287525381,
      15.358983848622458,
      11.362966948437276,
      10,
      11.362966948437276,
      15.358983848622458,
      21.71572875253809,
      29.999999999999982,
      39.64723819589917,
      49.99999999999996,
      60.35276180410081,
      69.99999999999997,
      78.28427124746192,
      84.64101615137756,
      88.63703305156272,
      90,
      88.63703305156274,
      84.64101615137756,
      78.28427124746193,
      70,
      60.3527618041009,
      50.000000000000014,
      39.64723819589919,
      30.000000000000032,
      21.715728752538084,
      15.358983848622486,
      11.362966948437276,
      10,
      11.362966948437261
    ],
    "63": [
      0,
      1,
      2,
      3,
      4,
      5,
      6,
      7,
      8,
      9,
      10,
      11,
      12,
      13,
      14,
      15,
      16,
      17,
      18,
      19,
      20,
      21,
      22,
      23,
      24,
      25,
      26,
      27,
      28,
      29,
      30,
      31,
      32,
      33,
      34,
      35,
      36,
      37,
      38,
      39,
      40,
      41,
      42,
      43,
      44,
      45,
      46,
      47,
      48,
      49
    ],
    "64": [
      9.999999999999979,
      11.36296694843725,
      15.358983848622437,
      21.715728752538084,
      29.999999999999986,
      39.647238195899156,
      49.99999999999999,
      60.35276180410082,
      69.99999999999999,
      78.28427124746189,
      84.64101615137753,
      88.6370330515627,
      89.99999999999997,
      88.63703305156272,
      84.64101615137753,
      78.28427124746189,
      69.99999999999999,
      60.35276180410082,
      49.99999999999997,
      39.64723819589915,
      29.999999999999996,
      21.715728752538077,
      15.358983848622437,
      11.36296694843725,
      9.999999999999979,
      11.362966948437244,
      15.358983848622422,
      21.715728752538052,
      29.999999999999968,
      39.64723819589913,
      49.99999999999994,
      60.3527618041008,
      69.99999999999996,
      78.28427124746186,
      84.6410161513775,
      88.6370330515627,
      89.99999999999997,
      88.63703305156272,
      84.64101615137754,
      78.2842712474619,
      70.00000000000001,
      60.352761804100865,
      49.99999999999998,
      39.64723819589916,
      30.000000000000004,
      21.71572875253811,
      15.358983848622458,
      11.362966948437265,
      9.999999999999979,
      11.362966948437244
    ]
  },
  "data": [
    {
      "id": 61,
      "name": "FitFunction input",
      "data": 61,
      "type": "number",
      "tableProcessGUId": "",
      "producerNodeId": null,
      "producerPort": null,
      "producerArtifactKind": null,
      "provenance": "",
      "processes": []
    },
    {
      "id": 62,
      "name": "FitFunction input",
      "data": 62,
      "type": "number",
      "tableProcessGUId": "",
      "producerNodeId": null,
      "producerPort": null,
      "producerArtifactKind": null,
      "provenance": "",
      "processes": []
    },
    {
      "id": 63,
      "name": "fitx_7",
      "data": 63,
      "type": "number",
      "tableProcessGUId": "b888cb25-acf6-4262-9609-eeca98cc81ad",
      "producerNodeId": null,
      "producerPort": null,
      "producerArtifactKind": null,
      "provenance": "",
      "processes": []
    },
    {
      "id": 64,
      "name": "fity_62_7",
      "data": 64,
      "type": "number",
      "tableProcessGUId": "b888cb25-acf6-4262-9609-eeca98cc81ad",
      "producerNodeId": null,
      "producerPort": null,
      "producerArtifactKind": null,
      "provenance": "",
      "processes": []
    }
  ],
  "plots": [
    {
      "id": 24,
      "name": "Fit Function table",
      "x": 350,
      "y": 150,
      "width": 500,
      "height": 250,
      "type": "tableplot",
      "selected": false,
      "plot": {
        "columnRefs": [
          61,
          62,
          63,
          64
        ],
        "showCol": [
          true,
          true,
          true,
          true
        ],
        "colCurrent": 1,
        "showColNumber": false,
        "decimalPlaces": 2
      }
    }
  ],
  "tableProcesses": [
    {
      "id": 7,
      "name": "FitFunction",
      "displayName": "Fit Function",
      "args": {
        "xIN": 61,
        "yIN": [
          62
        ],
        "model": "cosinor",
        "outputX": -1,
        "useFixedPeriod": true,
        "fixedPeriod": 24,
        "Ncurves": 1,
        "nHarmonics": 1,
        "alpha": 0.05,
        "periodic": true,
        "fixK1": false,
        "fixedK1": 0.5,
        "fixK2": false,
        "fixedK2": 0.5,
        "fixKappa": false,
        "fixedKappa": 5,
        "fixOmega": false,
        "fixDutyCycle": false,
        "fixedDutyCycle": 0.5,
        "permuteTest": false,
        "autoPermutations": false,
        "nPermutations": 999,
        "permutationSeed": 12345,
        "permutationStatistic": "rSquared",
        "preProcesses": [],
        "out": {
          "fitx": 63,
          "fity_62": 64
        }
      },
      "refTPId": null
    }
  ],
  "storedValues": {},
  "nodeNotes": {},
  "notes": [],
  "groups": [],
  "orphanProcesses": [],
  "appState": {
    "currentTab": "null",
    "currentControlTab": "properties",
    "loadingState": {
      "isLoading": true,
      "loadingMsg": "Warming up..."
    },
    "showNavbar": true,
    "showDisplayPanel": false,
    "showControlPanel": false,
    "windowWidth": 1024,
    "windowHeight": 768,
    "widthNavBar": 56,
    "widthDisplayPanel": 250,
    "widthControlPanel": 250,
    "gridSize": 15,
    "canvasOffset": {
      "x": 0,
      "y": 0
    },
    "canvasScale": 1,
    "view": "canvas",
    "displayTimezone": "utc",
    "invisiblePlotIds": [],
    "canvasSelectedNodeId": null,
    "canvasMultiSelectedCount": 0,
    "canvasMultiSelectedNodeIds": [],
    "appColours": [
      "#234154",
      "#BE796B",
      "#3E7295",
      "#EDADAD",
      "#A6ACD5",
      "#83422A",
      "#6B9FD5",
      "#4A1E0E",
      "#fbe67280"
    ],
    "showColourPicker": false,
    "showAYSModal": false,
    "AYStext": "",
    "AYScallback": null,
    "AYSoptions": [
      "Yes",
      "No"
    ],
    "showWorkflow": false
  },
  "version": "β.42.0"
}