{
  "rawData": {
    "72": [
      5.324644999382882,
      8.413766735271011,
      12.536147503055876,
      7.1405811578549745,
      14.054417982083411,
      18.113418725968703,
      6.627411702967718,
      8.175463795458883,
      10.605192654273582,
      17.080337010625502,
      22.291369428967815,
      18.300020188761877,
      35.54030210385434,
      20.748301842675925,
      25.37909419597354,
      29.462884795402864,
      34.999278471058844,
      28.72901152120321,
      28.38080174040967,
      37.53787893203734,
      22.536244574504824,
      39.29641702158834,
      41.80675423635793,
      31.361700478190894,
      44.02912297810176,
      36.28004060440724,
      40.55972324270114,
      43.87250332460367,
      45.91686023913954,
      47.5513520041091,
      46.4018942955912,
      52.96099348636876,
      53.22726975899299,
      62.493786715898594,
      57.348512513256836,
      61.00514138166625,
      62.90714742044383,
      51.247257476335875,
      59.18879953568457,
      61.934759775680895
    ],
    "73": [
      5.324644999382882,
      8.413766735271011,
      12.536147503055876,
      7.1405811578549745,
      14.054417982083411,
      18.113418725968703,
      6.627411702967718,
      8.175463795458883,
      10.605192654273582,
      17.080337010625502,
      22.291369428967815,
      18.300020188761877,
      35.54030210385434,
      20.748301842675925,
      25.37909419597354,
      29.462884795402864,
      34.999278471058844,
      28.72901152120321,
      28.38080174040967,
      37.53787893203734,
      22.536244574504824,
      39.29641702158834,
      41.80675423635793,
      31.361700478190894,
      44.02912297810176,
      36.28004060440724,
      40.55972324270114,
      43.87250332460367,
      45.91686023913954,
      47.5513520041091,
      46.4018942955912,
      52.96099348636876,
      53.22726975899299,
      62.493786715898594,
      57.348512513256836,
      61.00514138166625,
      62.90714742044383,
      51.247257476335875,
      59.18879953568457,
      61.934759775680895
    ],
    "74": [
      0,
      1,
      2,
      3,
      4,
      5,
      6,
      7,
      8,
      9,
      10,
      11,
      12,
      13,
      14,
      15,
      16,
      17,
      18,
      19,
      20,
      21,
      22,
      23,
      24,
      25,
      26,
      27,
      28,
      29,
      30,
      31,
      32,
      33,
      34,
      35,
      36,
      37,
      38,
      39
    ]
  },
  "data": [
    {
      "id": 72,
      "name": "input",
      "data": 72,
      "type": "number",
      "tableProcessGUId": "",
      "producerNodeId": null,
      "producerPort": null,
      "producerArtifactKind": null,
      "provenance": "",
      "processes": []
    },
    {
      "id": 73,
      "name": "remove trend result",
      "data": 73,
      "type": "number",
      "tableProcessGUId": "",
      "producerNodeId": null,
      "producerPort": null,
      "producerArtifactKind": null,
      "provenance": "",
      "processes": [
        {
          "id": 6,
          "name": "RemoveTrend",
          "args": {
            "xColId": -1,
            "model": "linear",
            "polyDegree": 2,
            "slidingWindow": false,
            "windowSize": 10
          }
        }
      ]
    },
    {
      "id": 74,
      "name": "index",
      "data": 74,
      "type": "number",
      "tableProcessGUId": "",
      "producerNodeId": null,
      "producerPort": null,
      "producerArtifactKind": null,
      "provenance": "",
      "processes": []
    }
  ],
  "plots": [
    {
      "id": 14,
      "name": "Remove Trend: before vs after",
      "x": 350,
      "y": 150,
      "width": 500,
      "height": 250,
      "type": "scatterplot",
      "selected": false,
      "plot": {
        "xlimsIN": [
          null,
          null
        ],
        "xLogScale": false,
        "ylimsLeftIN": [
          null,
          null
        ],
        "ylimsRightIN": [
          null,
          null
        ],
        "yLogScaleLeft": false,
        "yLogScaleRight": false,
        "padding": {
          "top": 15,
          "right": 30,
          "bottom": 30,
          "left": 30
        },
        "xAxis": {
          "label": "Index",
          "gridlines": true,
          "nticks": 5,
          "manualTicks": null
        },
        "yAxisLeft": {
          "label": "Value",
          "gridlines": true,
          "nticks": 5,
          "manualTicks": null
        },
        "yAxisRight": {
          "label": "",
          "gridlines": false,
          "nticks": 5,
          "manualTicks": null
        },
        "data": [
          {
            "x": {
              "id": 75,
              "name": "index",
              "refId": 74,
              "type": "number",
              "tableProcessGUId": "",
              "producerNodeId": null,
              "producerPort": null,
              "producerArtifactKind": null,
              "provenance": "refers to index which is ",
              "processes": []
            },
            "y": {
              "id": 76,
              "name": "input",
              "refId": 72,
              "type": "number",
              "tableProcessGUId": "",
              "producerNodeId": null,
              "producerPort": null,
              "producerArtifactKind": null,
              "provenance": "refers to input which is ",
              "processes": []
            },
            "label": "Before",
            "yAxis": "left",
            "line": {
              "colour": "#234154",
              "strokeWidth": 2,
              "stroke": "solid",
              "draw": false
            },
            "points": {
              "colour": "#234154",
              "radius": 3,
              "shape": "circle",
              "draw": true
            }
          },
          {
            "x": {
              "id": 77,
              "name": "index",
              "refId": 74,
              "type": "number",
              "tableProcessGUId": "",
              "producerNodeId": null,
              "producerPort": null,
              "producerArtifactKind": null,
              "provenance": "refers to index which is ",
              "processes": []
            },
            "y": {
              "id": 78,
              "name": "remove trend result",
              "refId": 73,
              "type": "number",
              "tableProcessGUId": "",
              "producerNodeId": null,
              "producerPort": null,
              "producerArtifactKind": null,
              "provenance": "refers to remove trend result which is ",
              "processes": []
            },
            "label": "After",
            "yAxis": "left",
            "line": {
              "colour": "#BE796B",
              "strokeWidth": 2,
              "stroke": "solid",
              "draw": false
            },
            "points": {
              "colour": "#BE796B",
              "radius": 3,
              "shape": "circle",
              "draw": true
            }
          }
        ],
        "legend": {
          "show": true,
          "position": "topright",
          "orientation": "vertical",
          "backgroundColor": "rgba(255, 255, 255, 0.9)",
          "borderColor": "#ccc",
          "borderWidth": 1,
          "padding": 8,
          "itemSpacing": 4,
          "fontSize": 12
        },
        "nightBands": []
      }
    }
  ],
  "tableProcesses": [],
  "storedValues": {},
  "nodeNotes": {},
  "notes": [],
  "groups": [],
  "orphanProcesses": [],
  "appState": {
    "currentTab": "null",
    "currentControlTab": "properties",
    "loadingState": {
      "isLoading": true,
      "loadingMsg": "Warming up..."
    },
    "showNavbar": true,
    "showDisplayPanel": false,
    "showControlPanel": false,
    "windowWidth": 1024,
    "windowHeight": 768,
    "widthNavBar": 56,
    "widthDisplayPanel": 250,
    "widthControlPanel": 250,
    "gridSize": 15,