{
  "rawData": {
    "66": [
      0,
      1,
      2,
      3,
      4,
      5,
      6,
      7,
      8,
      9,
      10,
      11,
      12,
      13,
      14,
      15,
      16,
      17,
      18,
      19,
      20,
      21,
      22,
      23,
      24,
      25,
      26,
      27,
      28,
      29,
      30,
      31,
      32,
      33,
      34,
      35,
      36,
      37,
      38,
      39,
      40,
      41,
      42,
      43,
      44,
      45,
      46,
      47
    ],
    "67": [
      80.74815343291546,
      74.1026647241765,
      67.34975964373878,
      83.99551730320745,
      70.26968802671647,
      76.40919045989413,
      74.71184636881401,
      76.44963357212467,
      75.20093210068795,
      75.04652156582142,
      64.60525021539745,
      69.8231639277063,
      25.181022137371556,
      21.14822131182754,
      19.634147140003652,
      24.226973570093808,
      17.932082227917583,
      33.449967668777475,
      26.46871655185021,
      17.172639267751283,
      23.27800097486563,
      26.236908658458578,
      20.748964065386087,
      12.408209158988871,
      75.56218438984645,
      71.43640091766031,
      80.93534149200735,
      70.0779356663376,
      74.87139210318246,
      72.81170291238344,
      81.21959854542415,
      74.82519414486733,
      84.03805792517005,
      71.10818773287635,
      78.65879343516997,
      77.82274438291613,
      18.776229206560398,
      21.601604928306237,
      29.42737286088412,
      24.014153849644266,
      31.907106883185588,
      24.5475648672021,
      39.48353409562165,
      19.069478550325325,
      16.985808677723227,
      15.284567203885567,
      25.36953942083682,
      31.225353920755683
    ],
    "68": [
      0,
      1,
      2,
      3,
      4,
      5,
      6,
      7,
      8,
      9,
      10,
      11,
      12,
      13,
      14,
      15,
      16,
      17,
      18,
      19,
      20,
      21,
      22,
      23,
      24,
      25,
      26,
      27,
      28,
      29,
      30,
      31,
      32,
      33,
      34,
      35,
      36,
      37,
      38,
      39,
      40,
      41,
      42,
      43,
      44,
      45,
      46,
      47
    ],
    "69": [
      75.31550624457671,
      75.31550624457671,
      75.31550624457671,
      75.31550624457671,
      75.31550624457671,
      75.31550624457671,
      75.31550624457671,
      75.31550624457671,
      75.31550624457671,
      75.31550624457671,
      75.31550624457671,
      69.77429562735063,
      23.565758048919747,
      23.565758048919747,
      23.565758048919747,
      23.565758048919747,
      23.565758048919747,
      23.565758048919747,
      23.565758048919747,
      23.565758048919747,
      23.565758048919747,
      23.565758048919747,
      23.565758048919747,
      23.56576031105484,
      75.31550624256181,
      75.31550624457671,
      75.31550624457671,
      75.31550624457671,
      75.31550624457671,
      75.31550624457671,
      75.31550624457671,
      75.31550624457671,
      75.31550624457671,
      75.31550624457671,
      75.31550624457671,
      75.3155062443813,
      23.565781911814245,
      23.565758048919747,
      23.565758048919747,
      23.565758048919747,
      23.565758048919747,
      23.565758048919747,
      23.565758048919747,
      23.565758048919747,
      23.565758048919747,
      23.565758048919747,
      23.565758048919747,
      23.565758048919747
    ]
  },
  "data": [
    {
      "id": 66,
      "name": "x",
      "data": 66,
      "type": "number",
      "tableProcessGUId": "3465ea0d-3dc9-4786-8b95-70ca06459bf3",
      "producerNodeId": null,
      "producerPort": null,
      "producerArtifactKind": null,
      "provenance": "",
      "processes": []
    },
    {
      "id": 67,
      "name": "y",
      "data": 67,
      "type": "number",
      "tableProcessGUId": "",
      "producerNodeId": null,
      "producerPort": null,
      "producerArtifactKind": null,
      "provenance": "",
      "processes": []
    },
    {
      "id": 68,
      "name": "rectwavex_19",
      "data": 68,
      "type": "number",
      "tableProcessGUId": "dfbe51b6-3e59-4871-9dbf-8360b5b9f094",
      "producerNodeId": null,
      "producerPort": null,
      "producerArtifactKind": null,
      "provenance": "",
      "processes": []
    },
    {
      "id": 69,
      "name": "rectwavey_67_19",
      "data": 69,
      "type": "number",
      "tableProcessGUId": "dfbe51b6-3e59-4871-9dbf-8360b5b9f094",
      "producerNodeId": null,
      "producerPort": null,
      "producerArtifactKind": null,
      "provenance": "",
      "processes": []
    }
  ],
  "plots": [
    {
      "id": 18,
      "name": "Rectangular Wave: data + fit",
      "x": 350,
      "y": 150,
      "width": 500,
      "height": 250,
      "type": "scatterplot",
      "selected": false,
      "facet": false,
      "facetParent": null,
      "facetKey": null,
      "plot": {
        "xlimsIN": [
          null,
          null
        ],
        "xLogScale": false,
        "ylimsLeftIN": [
          null,
          null
        ],
        "ylimsRightIN": [
          null,
          null
        ],
        "yLogScaleLeft": false,
        "yLogScaleRight": false,
        "padding": {
          "top": 15,
          "right": 30,
          "bottom": 30,
          "left": 30
        },
        "xAxis": {
          "label": "Hour",
          "gridlines": true,
          "nticks": 5,
          "manualTicks": null
        },
        "yAxisLeft": {
          "label": "Signal",
          "gridlines": true,
          "nticks": 5,
          "manualTicks": null
        },
        "yAxisRight": {
          "label": "",
          "gridlines": false,
          "nticks": 5,
          "manualTicks": null
        },
        "data": [
          {
            "x": {
              "id": 70,
              "name": "x",
              "refId": 66,
              "type": "number",
              "tableProcessGUId": "",
              "producerNodeId": null,
              "producerPort": null,
              "producerArtifactKind": null,
              "provenance": "refers to x which is ",
              "processes": []
            },
            "y": {
              "id": 71,
              "name": "y",
              "refId": 67,
              "type": "number",
              "tableProcessGUId": "",
              "producerNodeId": null,
              "producerPort": null,
              "producerArtifactKind": null,
              "provenance": "refers to y which is ",
              "processes": []
            },
            "label": "Data",
            "yAxis": "left",
            "line": {
              "colour": "#234154",
              "strokeWidth": 2,
              "stroke": "solid",
              "draw": false,
              "joinGaps": false
            },
            "points": {
              "colour": "#234154",
              "radius": 3,
              "shape": "circle",
              "draw": true
            }
          },
          {
            "x": {
              "id": 72,
              "name": "rectwavex_19",
              "refId": 68,
              "type": "number",
              "tableProcessGUId": "",
              "producerNodeId": null,
              "producerPort": null,
              "producerArtifactKind": null,
              "provenance": "refers to rectwavex_19 which is ",
              "processes": []
            },
            "y": {
              "id": 73,
              "name": "rectwavey_67_19",
              "refId": 69,
              "type": "number",
              "tableProcessGUId": "",
              "producerNodeId": null,
              "producerPort": null,
              "producerArtifactKind": null,
              "provenance": "refers to rectwavey_67_19 which is ",
              "processes": []
            },
            "label": "Rectangular Wave",
            "yAxis": "left",
            "line": {
              "colour": "#BE796B",