{
  "rawData": {
    "10": [
      0,
      1,
      2,
      3,
      4,
      5,
      6,
      7,
      8,
      9,
      10,
      11,
      12,
      13,
      14,
      15,
      16,
      17,
      18,
      19,
      20,
      21,
      22,
      23,
      24,
      25,
      26,
      27,
      28,
      29,
      30,
      31,
      32,
      33,
      34,
      35,
      36,
      37,
      38,
      39,
      40,
      41,
      42,
      43,
      44,
      45,
      46,
      47,
      48,
      49,
      50,
      51,
      52,
      53,
      54,
      55,
      56,
      57,
      58,
      59,
      60,
      61,
      62,
      63,
      64,
      65,
      66,
      67,
      68,
      69,
      70,
      71,
      72,
      73,
      74,
      75,
      76,
      77,
      78,
      79,
      80,
      81,
      82,
      83,
      84,
      85,
      86,
      87,
      88,
      89,
      90,
      91,
      92,
      93,
      94,
      95,
      96,
      97,
      98,
      99,
      100,
      101,
      102,
      103,
      104,
      105,
      106,
      107,
      108,
      109,
      110,
      111,
      112,
      113,
      114,
      115,
      116,
      117,
      118,
      119,
      120,
      121,
      122,
      123,
      124,
      125,
      126,
      127,
      128,
      129,
      130,
      131,
      132,
      133,
      134,
      135,
      136,
      137,
      138,
      139,
      140,
      141,
      142,
      143,
      144,
      145,
      146,
      147,
      148,
      149,
      150,
      151,
      152,
      153,
      154,
      155,
      156,
      157,
      158,
      159,
      160,
      161,
      162,
      163,
      164,
      165,
      166,
      167
    ],
    "11": [
      0,
      0,
      0,
      0,
      0,
      0,
      14.488007019225666,
      25.15168334153349,
      29.50658989874426,
      58.1072152579309,
      60.36116644195789,
      70.71113925657136,
      70.17981809843899,
      62.97089616583503,
      71.96578162989772,
      43.11105234573084,
      44.84947080647342,
      21.21400117318054,
      0,
      0,
      0,
      0,
      0,
      0,
      0,
      0,
      0,
      0,
      0,
      0,
      6.2384770776052045,
      22.552547351165018,
      41.69007812803734,
      54.61568237023727,
      66.0057485515899,
      61.49729981109186,
      68.74539853053376,
      64.68263254673259,
      59.90572060811324,
      52.77745786876794,
      54.7198358019108,
      36.50594524023194,
      7.121351599349113,
      8.79172232214892,
      0,
      0,
      0,
      0,
      0,
      0,
      0,
      0,
      0,
      0,
      12.69089132041645,
      24.479979250418836,
      51.19197959310054,
      55.69061621819117,
      57.09108329958528,
      64.30505531850754,
      62.806693497512065,
      83.86958363334035,
      54.6668344509161,
      54.3901929026253,
      37.73264864106894,
      28.19185993550215,
      20.272204675005042,
      0,
      0,
      0,
      0,
      0,
      0,
      0,
      0,
      0,
      0,
      0,
      13.951736652222541,
      31.01693427060914,
      42.88033894910621,
      48.10179807185077,
      56.359655894188776,
      74.60344982459783,
      63.89592224001361,
      72.90245272345214,
      52.27082611736433,
      56.1976529688933,
      51.66859151200684,
      10.45179643449901,
      4.023948744236865,
      0,
      0,
      0,
      0,
      0,
      0,
      0,
      0,
      0,
      0,
      0,
      13.855583971813056,
      26.81346546936278,
      45.672823035224674,
      49.364088766245416,
      59.50381413504616,
      69.7996545551959,
      56.57718362090887,
      60.0598320454924,
      64.53488921384242,
      50.18723838765243,
      46.94442954221776,
      23.822179457291455,
      16.421197003529297,
      0,
      0,
      0,
      0,
      0,
      0,
      0,
      0,
      0,
      0,
      0,
      27.180204049956174,
      26.935401604577606,
      41.03676066665784,
      51.59191622945109,
      61.79889766448559,
      64.95237902918404,
      73.37978378492573,
      76.64303762687133,
      60.49424490203347,
      51.25106665007796,
      34.62167032308344,
      23.953836392014935,
      9.257031460539105,
      4.081289915402303,
      0,
      0,
      0,
      0,
      0,
      0,
      0,
      0,
      0,
      0.1105715384521666,
      9.097460725773283,
      23.491337115483873,
      36.68005740854952,
      60.500450058520144,
      56.11546975745126,
      58.75772295128703,
      69.44700787769885,
      75.69540366136819,
      83.37589703648224,
      36.86704265141266,
      43.055441664606946,
      39.01564896356535,
      16.05947237306408,
      0,
      0,
      0,
      0,
      0
    ]
  },
  "data": [
    {
      "id": 10,
      "name": "hour",
      "data": 10,
      "type": "number",
      "tableProcessGUId": "",
      "producerNodeId": null,
      "producerPort": null,
      "producerArtifactKind": null,
      "provenance": "",
      "processes": []
    },
    {
      "id": 11,
      "name": "activity",
      "data": 11,
      "type": "number",
      "tableProcessGUId": "",
      "producerNodeId": null,
      "producerPort": null,
      "producerArtifactKind": null,
      "provenance": "",
      "processes": []
    }
  ],
  "plots": [
    {
      "id": 3,
      "name": "Activity actogram",
      "x": 350,
      "y": 150,
      "width": 500,
      "height": 250,
      "type": "actogram",
      "selected": false,
      "plot": {
        "ylimsOption": "overall",
        "ylimsIN": [
          0,
          100
        ],
        "paddingIN": {
          "top": 30,
          "right": 20,
          "bottom": 10,
          "left": 20
        },
        "doublePlot": 2,
        "periodHrs": 24,
        "showDayNumbers": false,
        "lightBands": {
          "bands": []
        },
        "xAxis": {
          "label": "",
          "gridlines": false,
          "nticks": 6,
          "manualTicks": null
        },
        "data": [
          {
            "x": {
              "id": 12,
              "name": "hour",
              "refId": 10,
              "type": "number",
              "tableProcessGUId": "",
              "producerNodeId": null,
              "producerPort": null,
              "producerArtifactKind": null,
              "provenance": "refers to hour which is ",
              "processes": []
            },
            "y": {
              "id": 13,
              "name": "activity",
              "refId": 11,
              "type": "number",
              "tableProcessGUId": "",
              "producerNodeId": null,
              "producerPort": null,
              "producerArtifactKind": null,
              "provenance": "refers to activity which is ",
              "processes": []
            },
            "colour": "#234154",
            "draw": true,
            "phaseMarkers": []
          }
        ]
      }
    }
  ],
  "tableProcesses": [],
  "storedValues": {},
  "nodeNotes": {},
  "notes": [],
  "groups": [],
  "orphanProcesses": [],
  "appState": {
    "currentTab": "null",
    "currentControlTab": "properties",
    "loadingState": {
      "isLoading": true,
      "loadingMsg": "Warming up..."
    },
    "showNavbar": true,
    "showDisplayPanel": false,
    "showControlPanel": false,
    "windowWidth": 1024,
    "windowHeight": 768,
    "widthNavBar": 56,
    "widthDisplayPanel": 250,
    "widthControlPanel": 250,
    "gridSize": 15,
    "canvasOffset": {
      "x": 0,
      "y": 0
    },
    "canvasScale": 1,
    "view": "canvas",
    "displayTimezone": "utc",
    "invisiblePlotIds": [],
    "canvasSelectedNodeId": null,
    "canvasMultiSelectedCount": 0,
    "canvasMultiSelectedNodeIds": [],
    "appColours": [
      "#234154",
      "#BE796B",
      "#3E7295",
      "#EDADAD",
      "#A6ACD5",
      "#83422A",
      "#6B9FD5",
      "#4A1E0E",
      "#fbe67280"
    ],