{
  "rawData": {
    "86": [
      215.86453565664343,
      212.91233793784963,
      232.6737688692937,
      251.28894609087354,
      256.8996583799902,
      259.65773964581075,
      277.6368511593748,
      253.29443164408397,
      257.7811400800144,
      236.77330496232236,
      230.31420430636058,
      216.10386488178864,
      203.00869496958416,
      181.140602488433,
      158.75607634655552,
      157.82593276405626,
      151.26040122362966,
      144.86831346535067,
      141.35757888243378,
      129.8868904860528,
      151.6250675774618,
      154.39596320392954,
      180.10723023794634,
      173.2319311991833,
      202.81217690627196,
      221.11445860290695,
      235.7005543300009,
      234.2528504817512,
      248.04490787091285,
      269.8176975428464,
      267.142334792064,
      264.36742863968345,
      259.73285850411577,
      245.206908933007,
      228.2944511505445,
      212.46104210090778,
      208.94674906504645,
      187.82872072580238,
      176.59431751201936,
      149.66840687523762
    ],
    "87": [
      215.86453565664343,
      212.91233793784963,
      232.6737688692937,
      251.28894609087354,
      256.8996583799902,
      259.65773964581075,
      277.6368511593748,
      253.29443164408397,
      257.7811400800144,
      236.77330496232236,
      230.31420430636058,
      216.10386488178864,
      203.00869496958416,
      181.140602488433,
      158.75607634655552,
      157.82593276405626,
      151.26040122362966,
      144.86831346535067,
      141.35757888243378,
      129.8868904860528,
      151.6250675774618,
      154.39596320392954,
      180.10723023794634,
      173.2319311991833,
      202.81217690627196,
      221.11445860290695,
      235.7005543300009,
      234.2528504817512,
      248.04490787091285,
      269.8176975428464,
      267.142334792064,
      264.36742863968345,
      259.73285850411577,
      245.206908933007,
      228.2944511505445,
      212.46104210090778,
      208.94674906504645,
      187.82872072580238,
      176.59431751201936,
      149.66840687523762
    ],
    "88": [
      0,
      1,
      2,
      3,
      4,
      5,
      6,
      7,
      8,
      9,
      10,
      11,
      12,
      13,
      14,
      15,
      16,
      17,
      18,
      19,
      20,
      21,
      22,
      23,
      24,
      25,
      26,
      27,
      28,
      29,
      30,
      31,
      32,
      33,
      34,
      35,
      36,
      37,
      38,
      39
    ]
  },
  "data": [
    {
      "id": 86,
      "name": "input",
      "data": 86,
      "type": "number",
      "tableProcessGUId": "",
      "producerNodeId": null,
      "producerPort": null,
      "producerArtifactKind": null,
      "provenance": "",
      "processes": []
    },
    {
      "id": 87,
      "name": "normalize result",
      "data": 87,
      "type": "number",
      "tableProcessGUId": "",
      "producerNodeId": null,
      "producerPort": null,
      "producerArtifactKind": null,
      "provenance": "",
      "processes": [
        {
          "id": 8,
          "name": "normalize",
          "args": {
            "normalizationType": "z-score",
            "customMin": 0,
            "customMax": 1
          }
        }
      ]
    },
    {
      "id": 88,
      "name": "index",
      "data": 88,
      "type": "number",
      "tableProcessGUId": "",
      "producerNodeId": null,
      "producerPort": null,
      "producerArtifactKind": null,
      "provenance": "",
      "processes": []
    }
  ],
  "plots": [
    {
      "id": 16,
      "name": "Normalize: before vs after",
      "x": 350,
      "y": 150,
      "width": 500,
      "height": 250,
      "type": "scatterplot",
      "selected": false,
      "plot": {
        "xlimsIN": [
          null,
          null
        ],
        "xLogScale": false,
        "ylimsLeftIN": [
          null,
          null
        ],
        "ylimsRightIN": [
          null,
          null
        ],
        "yLogScaleLeft": false,
        "yLogScaleRight": false,
        "padding": {
          "top": 15,
          "right": 30,
          "bottom": 30,
          "left": 30
        },
        "xAxis": {
          "label": "Index",
          "gridlines": true,
          "nticks": 5,
          "manualTicks": null
        },
        "yAxisLeft": {
          "label": "Value",
          "gridlines": true,
          "nticks": 5,
          "manualTicks": null
        },
        "yAxisRight": {
          "label": "",
          "gridlines": false,
          "nticks": 5,
          "manualTicks": null
        },
        "data": [
          {
            "x": {
              "id": 89,
              "name": "index",
              "refId": 88,
              "type": "number",
              "tableProcessGUId": "",
              "producerNodeId": null,
              "producerPort": null,
              "producerArtifactKind": null,
              "provenance": "refers to index which is ",
              "processes": []
            },
            "y": {
              "id": 90,
              "name": "input",
              "refId": 86,
              "type": "number",
              "tableProcessGUId": "",
              "producerNodeId": null,
              "producerPort": null,
              "producerArtifactKind": null,
              "provenance": "refers to input which is ",
              "processes": []
            },
            "label": "Before",
            "yAxis": "left",
            "line": {
              "colour": "#234154",
              "strokeWidth": 2,
              "stroke": "solid",
              "draw": false
            },
            "points": {
              "colour": "#234154",
              "radius": 3,
              "shape": "circle",
              "draw": true
            }
          },
          {
            "x": {
              "id": 91,
              "name": "index",
              "refId": 88,
              "type": "number",
              "tableProcessGUId": "",
              "producerNodeId": null,
              "producerPort": null,
              "producerArtifactKind": null,
              "provenance": "refers to index which is ",
              "processes": []
            },
            "y": {
              "id": 92,
              "name": "normalize result",
              "refId": 87,
              "type": "number",
              "tableProcessGUId": "",
              "producerNodeId": null,
              "producerPort": null,
              "producerArtifactKind": null,
              "provenance": "refers to normalize result which is ",
              "processes": []
            },
            "label": "After",
            "yAxis": "left",
            "line": {
              "colour": "#BE796B",
              "strokeWidth": 2,
              "stroke": "solid",
              "draw": false
            },
            "points": {
              "colour": "#BE796B",
              "radius": 3,
              "shape": "circle",
              "draw": true
            }
          }
        ],
        "legend": {
          "show": true,
          "position": "topright",
          "orientation": "vertical",
          "backgroundColor": "rgba(255, 255, 255, 0.9)",
          "borderColor": "#ccc",
          "borderWidth": 1,
          "padding": 8,
          "itemSpacing": 4,
          "fontSize": 12
        },
        "nightBands": []
      }
    }
  ],
  "tableProcesses": [],
  "storedValues": {},
  "nodeNotes": {},
  "notes": [],
  "groups": [],
  "orphanProcesses": [],
  "appState": {
    "currentTab": "null",
    "currentControlTab": "properties",
    "loadingState": {
      "isLoading": true,
      "loadingMsg": "Warming up..."
    },
    "showNavbar": true,
    "showDisplayPanel": false,
    "showControlPanel": false,
    "windowWidth": 1024,
    "windowHeight": 768,
    "widthNavBar": 56,
    "widthDisplayPanel": 250,
    "widthControlPanel": 250,
    "gridSize": 15,
    "canvasOffset": {
      "x": 0,
      "y": 0
    },