{
  "rawData": {
    "87": [
      0,
      1,
      2,
      3,
      4,
      5,
      6,
      7,
      8,
      9,
      10,
      11,
      12,
      13,
      14,
      15,
      16,
      17,
      18,
      19,
      20,
      21,
      22,
      23,
      24,
      25,
      26,
      27,
      28,
      29,
      30,
      31,
      32,
      33,
      34,
      35,
      36,
      37,
      38,
      39,
      40,
      41,
      42,
      43,
      44,
      45,
      46,
      47,
      48,
      49,
      50,
      51,
      52,
      53,
      54,
      55,
      56,
      57,
      58,
      59,
      60,
      61,
      62,
      63,
      64,
      65,
      66,
      67,
      68,
      69,
      70,
      71,
      72,
      73,
      74,
      75,
      76,
      77,
      78,
      79,
      80,
      81,
      82,
      83,
      84,
      85,
      86,
      87,
      88,
      89,
      90,
      91,
      92,
      93,
      94,
      95
    ],
    "88": [
      1,
      0.9659258262890683,
      0.8660254037844387,
      0.7071067811865476,
      0.5000000000000001,
      0.25881904510252074,
      6.123233995736766e-17,
      -0.25881904510252063,
      -0.4999999999999998,
      -0.7071067811865475,
      -0.8660254037844387,
      -0.9659258262890682,
      -1,
      -0.9659258262890683,
      -0.8660254037844388,
      -0.7071067811865479,
      -0.5000000000000004,
      -0.25881904510252063,
      -1.8369701987210297e-16,
      0.2588190451025203,
      0.5000000000000001,
      0.7071067811865474,
      0.8660254037844384,
      0.9659258262890681,
      1,
      0.9659258262890682,
      0.8660254037844386,
      0.7071067811865477,
      0.5000000000000006,
      0.25881904510252074,
      1.1943401194869635e-15,
      -0.2588190451025202,
      -0.4999999999999992,
      -0.7071067811865479,
      -0.8660254037844388,
      -0.9659258262890683,
      -1,
      -0.9659258262890684,
      -0.8660254037844392,
      -0.7071067811865485,
      -0.49999999999999983,
      -0.25881904510252257,
      -4.286263797015736e-16,
      0.2588190451025201,
      0.4999999999999991,
      0.7071067811865478,
      0.8660254037844378,
      0.9659258262890682,
      1,
      0.9659258262890685,
      0.8660254037844383,
      0.7071067811865486,
      0.49999999999999994,
      0.258819045102521,
      5.51091059616309e-16,
      -0.2588190451025216,
      -0.499999999999999,
      -0.7071067811865465,
      -0.8660254037844386,
      -0.9659258262890682,
      -1,
      -0.9659258262890685,
      -0.8660254037844393,
      -0.7071067811865474,
      -0.5000000000000016,
      -0.25881904510252113,
      1.1028010998692062e-15,
      0.2588190451025198,
      0.5000000000000004,
      0.7071067811865465,
      0.8660254037844386,
      0.9659258262890686,
      1,
      0.965925826289069,
      0.8660254037844393,
      0.7071067811865475,
      0.5000000000000017,
      0.25881904510252124,
      2.57237725884603e-15,
      -0.2588190451025197,
      -0.5000000000000003,
      -0.7071067811865464,
      -0.8660254037844367,
      -0.9659258262890686,
      -1,
      -0.9659258262890681,
      -0.8660254037844394,
      -0.70710678118655,
      -0.5000000000000018,
      -0.25881904510252135,
      8.578717400397356e-16,
      0.2588190451025196,
      0.4999999999999971,
      0.7071067811865462,
      0.8660254037844385,
      0.9659258262890685
    ]
  },
  "data": [
    {
      "id": 87,
      "name": "RhythmicityAnalysis input",
      "data": 87,
      "type": "number",
      "tableProcessGUId": "",
      "producerNodeId": null,
      "producerPort": null,
      "producerArtifactKind": null,
      "provenance": "",
      "processes": []
    },
    {
      "id": 88,
      "name": "RhythmicityAnalysis input",
      "data": 88,
      "type": "number",
      "tableProcessGUId": "",
      "producerNodeId": null,
      "producerPort": null,
      "producerArtifactKind": null,
      "provenance": "",
      "processes": []
    },
    {
      "id": 89,
      "name": "88_period_14",
      "data": null,
      "tableProcessGUId": "",
      "producerNodeId": null,
      "producerPort": null,
      "producerArtifactKind": null,
      "provenance": "",
      "processes": []
    },
    {
      "id": 90,
      "name": "88_power_14",
      "data": null,
      "tableProcessGUId": "",
      "producerNodeId": null,
      "producerPort": null,
      "producerArtifactKind": null,
      "provenance": "",
      "processes": []
    },
    {
      "id": 91,
      "name": "rhythmicityy_88_14",
      "data": null,
      "tableProcessGUId": "",
      "producerNodeId": null,
      "producerPort": null,
      "producerArtifactKind": null,
      "provenance": "",
      "processes": []
    }
  ],
  "plots": [
    {
      "id": 31,
      "name": "Rhythmicity Analysis table",
      "x": 350,
      "y": 150,
      "width": 500,
      "height": 250,
      "type": "tableplot",
      "selected": false,
      "plot": {
        "columnRefs": [
          87,
          88,
          89,
          90,
          91
        ],
        "showCol": [
          true,
          true,
          true,
          true,
          true
        ],
        "colCurrent": 1,
        "showColNumber": false,
        "decimalPlaces": 2
      }
    }
  ],
  "tableProcesses": [
    {
      "id": 14,
      "name": "RhythmicityAnalysis",
      "displayName": "Rhythmicity Analysis",
      "args": {
        "xIN": 87,
        "yIN": [
          88
        ],
        "analysis": "periodogram",
        "pgMethod": "Lomb-Scargle",
        "periodMin": 20,
        "periodMax": 28,
        "periodStep": 0.5,
        "pgBinSize": 0.25,
        "pgAlpha": 0.05,
        "fftFreqStep": 0,
        "corrMinLag": 0,
        "corrMaxLag": 0,
        "preProcesses": [],
        "out": {
          "88_period": 89,
          "88_power": 90,
          "rhythmicityy_88": 91
        }
      },
      "refTPId": null
    }
  ],
  "storedValues": {},
  "nodeNotes": {},
  "notes": [],
  "groups": [],
  "orphanProcesses": [],
  "appState": {
    "currentTab": "null",
    "currentControlTab": "properties",
    "loadingState": {
      "isLoading": true,
      "loadingMsg": "Warming up..."
    },
    "showNavbar": true,
    "showDisplayPanel": false,
    "showControlPanel": false,
    "windowWidth": 1024,
    "windowHeight": 768,
    "widthNavBar": 56,
    "widthDisplayPanel": 250,
    "widthControlPanel": 250,
    "gridSize": 15,
    "canvasOffset": {
      "x": 0,
      "y": 0
    },
    "canvasScale": 1,
    "view": "canvas",
    "displayTimezone": "utc",
    "invisiblePlotIds": [],
    "canvasSelectedNodeId": null,
    "canvasMultiSelectedCount": 0,
    "canvasMultiSelectedNodeIds": [],
    "appColours": [
      "#234154",
      "#BE796B",
      "#3E7295",
      "#EDADAD",
      "#A6ACD5",
      "#83422A",
      "#6B9FD5",
      "#4A1E0E",
      "#fbe67280"
    ],
    "showColourPicker": false,
    "showAYSModal": false,
    "AYStext": "",
    "AYScallback": null,
    "AYSoptions": [
      "Yes",
      "No"
    ],
    "showWorkflow": false
  },
  "version": "β.42.0"
}