{
  "rawData": {
    "28": [
      0,
      1,
      2,
      3,
      4,
      5,
      6,
      7,
      8,
      9,
      10,
      11,
      12,
      13,
      14,
      15,
      16,
      17,
      18,
      19,
      20,
      21,
      22,
      23,
      24,
      25,
      26,
      27,
      28,
      29,
      30,
      31,
      32,
      33,
      34,
      35,
      36,
      37,
      38,
      39,
      40,
      41,
      42,
      43,
      44,
      45,
      46,
      47,
      48,
      49
    ],
    "29": [
      24.784209286216505,
      27.918238427560844,
      26.60093560817605,
      20.919563816309527,
      27.0202105978855,
      26.666028391715056,
      27.30571563861865,
      24.174891986476357,
      28.120573320390932,
      26.331285179542412,
      31.173621873466637,
      36.25296841260457,
      47.653267825978524,
      60.70195750735634,
      67.41799994220263,
      72.14271197907867,
      77.54098060998115,
      73.01475931175187,
      77.05566698203327,
      75.36081711971072,
      76.82287690914495,
      79.93929097419739,
      76.23890746238563,
      77.28233226455256,
      74.11933705208739,
      70.36296498669138,
      70.44538359138238,
      74.42571379122573,
      75.89544299471862,
      76.57097408014046,
      75.26176565580656,
      76.48751121098904,
      67.47737343629284,
      74.99153735981204,
      70.3801618672273,
      68.8681885097444,
      51.13193575550656,
      38.334501120444344,
      35.08560786901893,
      29.187699298008837,
      20.66364431804779,
      18.35182378456677,
      27.11910939573781,
      20.879850261820316,
      26.60792707368912,
      21.028259529898005,
      18.767390545559934,
      27.0900880377207,
      24.95424537696588,
      27.973731986697846
    ],
    "30": [
      0,
      1,
      2,
      3,
      4,
      5,
      6,
      7,
      8,
      9,
      10,
      11,
      12,
      13,
      14,
      15,
      16,
      17,
      18,
      19,
      20,
      21,
      22,
      23,
      24,
      25,
      26,
      27,
      28,
      29,
      30,
      31,
      32,
      33,
      34,
      35,
      36,
      37,
      38,
      39,
      40,
      41,
      42,
      43,
      44,
      45,
      46,
      47,
      48,
      49
    ],
    "31": [
      25.756894538862465,
      24.742714374366138,
      24.385024124035308,
      24.264521720380984,
      24.233251382839978,
      24.249872949200032,
      24.32778281283122,
      24.54393910429441,
      25.10971272047033,
      26.545474631398157,
      29.96830681195238,
      37.053015960494236,
      48.21381814301292,
      59.97851632602512,
      68.13067763070461,
      72.28070581112975,
      74.06525202287888,
      74.77639652653184,
      75.0511326489672,
      75.1559946946447,
      75.19583290746047,
      75.21093905908052,
      75.21665706526646,
      75.21880283423324,
      75.21955547765906,
      75.21966559388572,
      75.21919939088124,
      75.21754882398017,
      75.21264661917728,
      75.19838270635734,
      75.15701676346957,
      75.03734268335779,
      74.693198126099,
      73.7203336799283,
      71.09800020404403,
      64.8506372695415,
      53.516072003459016,
      40.40172052919402,
      31.245983550537165,
      26.864594500720198,
      25.145727719669047,
      24.525663857024597,
      24.310786975355935,
      24.242565820731706,
      24.235507355202675,
      24.276561229555895,
      24.405063349349685,
      24.748120038440838,
      25.634115127301165,
      27.83073937176754
    ]
  },
  "data": [
    {
      "id": 28,
      "name": "x",
      "data": 28,
      "type": "number",
      "tableProcessGUId": "06f45f75-ba00-44b8-ad38-89c1abb566a8",
      "producerNodeId": null,
      "producerPort": null,
      "producerArtifactKind": null,
      "provenance": "",
      "processes": []
    },
    {
      "id": 29,
      "name": "y",
      "data": 29,
      "type": "number",
      "tableProcessGUId": "",
      "producerNodeId": null,
      "producerPort": null,
      "producerArtifactKind": null,
      "provenance": "",
      "processes": []
    },
    {
      "id": 30,
      "name": "dlogx_9",
      "data": 30,
      "type": "number",
      "tableProcessGUId": "baae4861-8524-44a1-8711-6acd6d4a63cf",
      "producerNodeId": null,
      "producerPort": null,
      "producerArtifactKind": null,
      "provenance": "",
      "processes": []
    },
    {
      "id": 31,
      "name": "dlogy_29_9",
      "data": 31,
      "type": "number",
      "tableProcessGUId": "baae4861-8524-44a1-8711-6acd6d4a63cf",
      "producerNodeId": null,
      "producerPort": null,
      "producerArtifactKind": null,
      "provenance": "",
      "processes": []
    }
  ],
  "plots": [
    {
      "id": 8,
      "name": "Double Logistic: data + fit",
      "x": 350,
      "y": 150,
      "width": 500,
      "height": 250,
      "type": "scatterplot",
      "selected": false,
      "facet": false,
      "facetParent": null,
      "facetKey": null,
      "plot": {
        "xlimsIN": [
          null,
          null
        ],
        "xLogScale": false,
        "ylimsLeftIN": [
          null,
          null
        ],
        "ylimsRightIN": [
          null,
          null
        ],
        "yLogScaleLeft": false,
        "yLogScaleRight": false,
        "padding": {
          "top": 15,
          "right": 30,
          "bottom": 30,
          "left": 30
        },
        "xAxis": {
          "label": "Time",
          "gridlines": true,
          "nticks": 5,
          "manualTicks": null
        },
        "yAxisLeft": {
          "label": "Level",
          "gridlines": true,
          "nticks": 5,
          "manualTicks": null
        },
        "yAxisRight": {
          "label": "",
          "gridlines": false,
          "nticks": 5,
          "manualTicks": null
        },
        "data": [
          {
            "x": {
              "id": 32,
              "name": "x",
              "refId": 28,
              "type": "number",
              "tableProcessGUId": "",
              "producerNodeId": null,
              "producerPort": null,
              "producerArtifactKind": null,
              "provenance": "refers to x which is ",
              "processes": []
            },
            "y": {
              "id": 33,
              "name": "y",
              "refId": 29,
              "type": "number",
              "tableProcessGUId": "",
              "producerNodeId": null,
              "producerPort": null,
              "producerArtifactKind": null,
              "provenance": "refers to y which is ",
              "processes": []
            },
            "label": "Data",
            "yAxis": "left",
            "line": {
              "colour": "#234154",
              "strokeWidth": 2,
              "stroke": "solid",
              "draw": false,
              "joinGaps": false
            },
            "points": {
              "colour": "#234154",
              "radius": 3,
              "shape": "circle",
              "draw": true
            }
          },
          {
            "x": {
              "id": 34,
              "name": "dlogx_9",
              "refId": 30,
              "type": "number",
              "tableProcessGUId": "",
              "producerNodeId": null,
              "producerPort": null,
              "producerArtifactKind": null,
              "provenance": "refers to dlogx_9 which is ",
              "processes": []
            },
            "y": {
              "id": 35,
              "name": "dlogy_29_9",
              "refId": 31,
              "type": "number",
              "tableProcessGUId": "",
              "producerNodeId": null,
              "producerPort": null,
              "producerArtifactKind": null,
              "provenance": "refers to dlogy_29_9 which is ",
              "processes": []
            },
            "label": "Double Logistic",