{
  "rawData": {
    "112": [
      0,
      1,
      2,
      3,
      4,
      5,
      6,
      7,
      8,
      9,
      10,
      11,
      12,
      13,
      14,
      15,
      16,
      17,
      18,
      19,
      20,
      21,
      22,
      23,
      24,
      25,
      26,
      27,
      28,
      29,
      30,
      31,
      32,
      33,
      34,
      35,
      36,
      37,
      38,
      39,
      40,
      41,
      42,
      43,
      44,
      45,
      46,
      47,
      48,
      49,
      50,
      51,
      52,
      53,
      54,
      55,
      56,
      57,
      58,
      59,
      60,
      61,
      62,
      63,
      64,
      65,
      66,
      67,
      68,
      69,
      70,
      71,
      72,
      73,
      74,
      75,
      76,
      77,
      78,
      79,
      80,
      81,
      82,
      83,
      84,
      85,
      86,
      87,
      88,
      89,
      90,
      91,
      92,
      93,
      94,
      95,
      96,
      97,
      98,
      99,
      100,
      101,
      102,
      103,
      104,
      105,
      106,
      107,
      108,
      109,
      110,
      111,
      112,
      113,
      114,
      115,
      116,
      117,
      118,
      119,
      120,
      121,
      122,
      123,
      124,
      125,
      126,
      127,
      128,
      129,
      130,
      131,
      132,
      133,
      134,
      135,
      136,
      137,
      138,
      139,
      140,
      141,
      142,
      143,
      144,
      145,
      146,
      147,
      148,
      149,
      150,
      151,
      152,
      153,
      154,
      155,
      156,
      157,
      158,
      159,
      160,
      161,
      162,
      163,
      164,
      165,
      166,
      167
    ],
    "113": [
      15.795844354091358,
      18.101592110952595,
      15.063616671903457,
      20.63037973265139,
      37.83632897474511,
      32.13901647245918,
      40.193510593833295,
      66.01484870235792,
      76.5421414098316,
      79.16210441411548,
      88.08797904621179,
      75.11162517709212,
      91.85497993044379,
      91.22653863739993,
      79.38117091472911,
      79.853145852743,
      65.34652337747592,
      64.68374740546643,
      50.44620752512215,
      34.48040135870768,
      30.039463155949825,
      19.973991994460572,
      19.75066912083645,
      20.691287312451287,
      13.886431994150445,
      21.499360588532305,
      11.36934490982982,
      17.618164210706865,
      31.656491590871887,
      44.134931914697646,
      53.30267592484717,
      72.45504665173631,
      69.12185940407375,
      75.2730579123802,
      84.02371406978776,
      83.59245870338418,
      91.31335771579161,
      89.29658741449367,
      90.74124787381588,
      74.63371580429767,
      64.51484593126088,
      66.34149531348706,
      52.386534671771436,
      44.60847952878341,
      37.286937181610426,
      27.561878681194077,
      10.095657664480381,
      17.917586868168744,
      20.81960989121623,
      7.172593686126985,
      19.483042986792963,
      14.808633193791646,
      32.76998866445489,
      49.590554974141085,
      51.260462784214056,
      68.5598421082588,
      85.93863239084823,
      76.64673208471471,
      87.32227747033676,
      95.45954514426084,
      91.05509871365027,
      97.21546304503119,
      74.81115525304844,
      76.74360696157234,
      68.8677861682364,
      62.04459024213211,
      47.206022456394884,
      32.04032972554979,
      32.59232897178768,
      30.589547974436922,
      16.202644158596286,
      19.284592705144583,
      13.23727591274934,
      11.688546172788485,
      20.427593126026736,
      28.900459117987467,
      23.88495854088456,
      36.72574696001766,
      40.19739362671686,
      61.5680362617794,
      73.7677200127344,
      74.78716761247092,
      77.3107830956408,
      94.03722175960037,
      86.47617819341623,
      81.68823166615864,
      100.24773656631463,
      72.22364211490732,
      74.0057882273606,
      65.78470620771763,
      47.090198646154086,
      33.58304418885576,
      20.989789025060062,
      23.83756411300233,
      21.197657823835414,
      16.41026100674362,
      5.064410646577277,
      11.015530655780372,
      28.727314551081648,
      22.984531628835576,
      32.50038137152099,
      33.23278592875466,
      44.8966746561098,
      63.630880089913965,
      79.29954509298078,
      72.60179366846482,
      92.430156598031,
      89.10181441970421,
      82.62917107585422,
      94.54218380287588,
      98.31068984839526,
      74.68106519480507,
      71.65863266291223,
      57.77352391067885,
      51.734079152441986,
      42.44462985957068,
      37.21552619008291,
      15.606847933520129,
      21.924776418166452,
      6.009556983227897,
      18.35887382996402,
      4.714732348584059,
      18.704936708425734,
      22.475506704777825,
      18.7110131153403,
      41.00428272714669,
      50.595730687043734,
      65.59769102679815,
      74.92990547784382,
      82.12722115790366,
      92.13264940394289,
      86.26480172113662,
      83.98096367750841,
      90.78998837011679,
      95.56643221760359,
      83.65433652820829,
      64.89171960321556,
      66.9426787268337,
      49.736573045919684,
      21.892286278944614,
      38.861946594682834,
      15.99903795550352,
      1.5539990540809665,
      14.851381784792807,
      10.607975529660122,
      15.577101199909592,
      10.041026354673289,
      15.667325246813718,
      31.373513497798484,
      37.20044434937836,
      49.04090315074681,
      65.8003145466543,
      67.85818559370017,
      76.43072524551954,
      79.53722873522706,
      89.5293689496549,
      90.83837169343256,
      100.88898177725245,
      85.42945859473393,
      73.90527724772362,
      74.49195928129295,
      69.99558873279652,
      58.52390917787445,
      32.030400288062154,
      33.30098250994424,
      23.271705428167937,
      10.008100068486154,
      0.5984460366351438
    ]
  },
  "data": [
    {
      "id": 112,
      "name": "hour",
      "data": 112,
      "type": "number",
      "tableProcessGUId": "",
      "producerNodeId": null,
      "producerPort": null,
      "producerArtifactKind": null,
      "processes": []
    },
    {
      "id": 113,
      "name": "activity",
      "data": 113,
      "type": "number",
      "tableProcessGUId": "",
      "producerNodeId": null,
      "producerPort": null,
      "producerArtifactKind": null,
      "processes": []
    }
  ],
  "plots": [
    {
      "id": 7,
      "name": "Activity vs hour",
      "x": 350,
      "y": 150,
      "width": 500,
      "height": 250,
      "type": "scatterplot",
      "selected": false,
      "facet": false,
      "facetParent": null,
      "facetKey": null,
      "setRefs": {},
      "metricOut": {},
      "sourceNodeId": null,
      "plot": {
        "xlimsIN": [
          null,
          null
        ],
        "xLogScale": false,
        "ylimsLeftIN": [
          null,
          null
        ],
        "ylimsRightIN": [
          null,
          null
        ],
        "yLogScaleLeft": false,
        "yLogScaleRight": false,
        "padding": {
          "top": 15,
          "right": 30,
          "bottom": 30,
          "left": 30
        },
        "xAxis": {
          "label": "Hour",
          "gridlines": true,
          "nticks": 5,
          "manualTicks": null
        },
        "yAxisLeft": {
          "label": "Activity",
          "gridlines": true,
          "nticks": 5,
          "manualTicks": null
        },
        "yAxisRight": {
          "label": "",
          "gridlines": false,
          "nticks": 5,
          "manualTicks": null
        },
        "data": [
          {
            "x": {
              "id": 114,
              "name": "hour",
              "refId": 112,
              "type": "number",
              "tableProcessGUId": "",
              "producerNodeId": null,