{
  "rawData": {
    "22": [
      0,
      1,
      2,
      3,
      4,
      5,
      6,
      7,
      8,
      9,
      10,
      11,
      12,
      13,
      14,
      15,
      16,
      17,
      18,
      19,
      20,
      21,
      22,
      23,
      24,
      25,
      26,
      27,
      28,
      29,
      30,
      31,
      32,
      33,
      34,
      35,
      36,
      37,
      38,
      39,
      40,
      41,
      42,
      43,
      44,
      45,
      46,
      47,
      48,
      49,
      50,
      51,
      52,
      53,
      54,
      55,
      56,
      57,
      58,
      59,
      60,
      61,
      62,
      63,
      64,
      65,
      66,
      67,
      68,
      69,
      70,
      71,
      72,
      73,
      74,
      75,
      76,
      77,
      78,
      79,
      80,
      81,
      82,
      83,
      84,
      85,
      86,
      87,
      88,
      89,
      90,
      91,
      92,
      93,
      94,
      95,
      96,
      97,
      98,
      99,
      100,
      101,
      102,
      103,
      104,
      105,
      106,
      107,
      108,
      109,
      110,
      111,
      112,
      113,
      114,
      115,
      116,
      117,
      118,
      119,
      120,
      121,
      122,
      123,
      124,
      125,
      126,
      127,
      128,
      129,
      130,
      131,
      132,
      133,
      134,
      135,
      136,
      137,
      138,
      139,
      140,
      141,
      142,
      143,
      144,
      145,
      146,
      147,
      148,
      149,
      150,
      151,
      152,
      153,
      154,
      155,
      156,
      157,
      158,
      159,
      160,
      161,
      162,
      163,
      164,
      165,
      166,
      167,
      168,
      169,
      170,
      171,
      172,
      173,
      174,
      175,
      176,
      177,
      178,
      179,
      180,
      181,
      182,
      183,
      184,
      185,
      186,
      187,
      188,
      189,
      190,
      191
    ],
    "23": [
      61.037491948115374,
      64.99236592704621,
      74.20658521498542,
      86.52579997219699,
      88.42089623868583,
      90.14717239102188,
      77.08527317397801,
      66.61097990483839,
      56.87361184014259,
      62.39207240831145,
      56.81789154143583,
      54.77540921554233,
      48.033255462635694,
      50.06247802685826,
      55.77589771723529,
      40.64692001990837,
      40.44212285390482,
      31.93832543832778,
      22.38329126326671,
      8.871330956436005,
      16.21732936850972,
      14.782693936171452,
      16.949434449514825,
      39.38157431335598,
      48.73119741305665,
      61.57785998939557,
      83.31106135781143,
      85.46324635408949,
      84.05797878066055,
      92.15886224895362,
      83.06783364211182,
      73.50855281254313,
      66.21210420410645,
      48.07390350734362,
      54.89045248872307,
      50.860726321649096,
      53.97639948784368,
      48.75479355871188,
      50.52022313350147,
      41.619701676904015,
      33.95081799720512,
      31.48674051687913,
      21.918233916091204,
      10.269133741552656,
      8.077545597196881,
      14.29094901537014,
      34.10256879827127,
      35.418441474491445,
      53.82545760147981,
      62.022275866580586,
      81.25248841179267,
      92.58977887772654,
      90.22706962216984,
      88.35097179264099,
      87.9401758825942,
      67.22091355352089,
      56.914400773333846,
      58.95747487417089,
      51.81668502479204,
      53.914405467724315,
      49.66154928613072,
      48.52973507832541,
      42.06393414580907,
      45.42979735539674,
      30.148158677749777,
      23.72307388654507,
      19.970572352913496,
      8.4404646218913,
      18.546949177360887,
      21.192007435274842,
      28.03544456808778,
      35.42768730942946,
      43.816626574858624,
      64.74213298734807,
      74.38593625444504,
      85.54521352101433,
      86.34709404328373,
      84.19161534828167,
      78.8641915599145,
      72.22738432536127,
      62.86624064913365,
      57.36571417283895,
      49.42461151927681,
      55.30182884763137,
      45.71740269904336,
      52.088456998511184,
      53.30691822571123,
      39.76629025307848,
      31.28125204214097,
      33.20081253516492,
      24.210009913368328,
      11.169166077512918,
      9.366503598772999,
      12.35090007480725,
      23.9262664514042,
      32.08649971508893,
      52.459034810405896,
      63.70738641887962,
      74.43073224979602,
      89.29425122576083,
      88.60439776937054,
      84.75747411090717,
      80.3338980585072,
      73.86233572215448,
      69.82245913101467,
      50.03845490063167,
      50.7655371649006,
      48.15296345883099,
      47.68499261200264,
      49.17515921066525,
      45.57842385364445,
      42.42453253560888,
      32.39473123438541,
      31.85096857421041,
      20.708337418320543,
      11.556657088612033,
      7.474515349033027,
      14.87061779340338,
      25.783372676854732,
      28.347628834541304,
      49.295783594490395,
      63.90982518746552,
      79.70031448037342,
      88.5523495138788,
      89.09580683012534,
      93.86128044157087,
      79.77098729928662,
      71.16346576647584,
      62.47414432224428,
      47.184910240736045,
      52.71699817779391,
      43.75131957068621,
      49.00802049189665,
      43.281126266592615,
      39.572196609929286,
      38.83875932157464,
      38.063494467164396,
      26.314146513437425,
      22.357299105392514,
      12.010645412503559,
      10.649978452570036,
      12.330783416089252,
      26.99208308924708,
      43.17443127776785,
      49.83306701929205,
      69.40639449343466,
      73.87097173498955,
      87.69301945099048,
      90.45484897868347,
      88.38128877095025,
      81.98131954251079,
      81.17972237549263,
      61.376920642911905,
      55.04228850062749,
      44.53645421380572,
      42.73337601238339,
      51.81996297344872,
      41.387333238820204,
      53.28503233269638,
      43.55415039559501,
      35.396002310727475,
      30.084926487460027,
      21.66004448734142,
      12.769354473237051,
      9.62954162125654,
      12.509936055618976,
      16.973487241574173,
      33.03114038052091,
      43.2608610506797,
      63.42757718477858,
      76.72933553926661,
      85.70189466781258,
      84.71320071136311,
      88.6696339130193,
      72.30073222918169,
      69.08732371712154,
      66.40326267562295,
      61.181264821345266,
      48.72401065115128,
      48.883656761447405,
      50.81951049066151,
      46.955169616176214,
      41.08473253190895,
      48.01242455048011,
      36.912465636987406,
      29.197710914306814,
      22.222674955565207,
      10.506028929341444,
      11.653961709074043,
      1.1858485355380424,
      20.63789343135168,
      38.892120533714234
    ]
  },
  "data": [
    {
      "id": 22,
      "name": "hour",
      "data": 22,
      "type": "number",
      "tableProcessGUId": "",
      "producerNodeId": null,
      "producerPort": null,
      "producerArtifactKind": null,
      "provenance": "",
      "processes": []
    },
    {
      "id": 23,
      "name": "signal",
      "data": 23,
      "type": "number",
      "tableProcessGUId": "",
      "producerNodeId": null,
      "producerPort": null,
      "producerArtifactKind": null,
      "provenance": "",
      "processes": []
    }
  ],
  "plots": [
    {
      "id": 6,
      "name": "Signal FFT",
      "x": 350,
      "y": 150,
      "width": 500,
      "height": 250,
      "type": "fft",
      "selected": false,
      "plot": {
        "xlimsIN": [
          4,
          30
        ],
        "ylimsIN": [
          null,
          null
        ],
        "padding": {
          "top": 15,
          "right": 20,
          "bottom": 30,
          "left": 50
        },
        "xAxis": {
          "label": "Period (hours)",
          "gridlines": true,
          "nticks": 5,