{
  "rawData": {
    "437": [
      0,
      1,
      2,
      3,
      4,
      5,
      6,
      7,
      8,
      9,
      10,
      11,
      12,
      13,
      14,
      15,
      16,
      17,
      18,
      19,
      20,
      21,
      22,
      23,
      24,
      25,
      26,
      27,
      28,
      29,
      30,
      31,
      32,
      33,
      34,
      35,
      36,
      37,
      38,
      39,
      40,
      41,
      42,
      43,
      44,
      45,
      46,
      47,
      48,
      49,
      50,
      51,
      52,
      53,
      54,
      55,
      56,
      57,
      58,
      59,
      60,
      61,
      62,
      63,
      64,
      65,
      66,
      67,
      68,
      69,
      70,
      71,
      72,
      73,
      74,
      75,
      76,
      77,
      78,
      79,
      80,
      81,
      82,
      83,
      84,
      85,
      86,
      87,
      88,
      89,
      90,
      91,
      92,
      93,
      94,
      95
    ],
    "438": [
      10,
      11.362966948437268,
      15.35898384862245,
      21.7157287525381,
      30,
      39.64723819589917,
      50,
      60.35276180410083,
      70,
      78.2842712474619,
      84.64101615137756,
      88.63703305156272,
      90,
      88.63703305156272,
      84.64101615137756,
      78.28427124746192,
      70.00000000000001,
      60.35276180410082,
      50.00000000000001,
      39.647238195899185,
      29.999999999999996,
      21.7157287525381,
      15.358983848622458,
      11.362966948437276,
      10,
      11.362966948437276,
      15.358983848622458,
      21.71572875253809,
      29.999999999999982,
      39.64723819589917,
      49.99999999999996,
      60.35276180410081,
      69.99999999999997,
      78.28427124746192,
      84.64101615137756,
      88.63703305156272,
      90,
      88.63703305156274,
      84.64101615137756,
      78.28427124746193,
      70,
      60.3527618041009,
      50.000000000000014,
      39.64723819589919,
      30.000000000000032,
      21.715728752538084,
      15.358983848622486,
      11.362966948437276,
      10,
      11.362966948437261,
      15.358983848622472,
      21.715728752538062,
      30.000000000000004,
      39.64723819589916,
      49.99999999999998,
      60.352761804100865,
      69.99999999999996,
      78.28427124746186,
      84.64101615137756,
      88.63703305156272,
      90,
      88.63703305156274,
      84.64101615137757,
      78.2842712474619,
      70.00000000000006,
      60.352761804100844,
      49.99999999999995,
      39.647238195899206,
      30.000000000000043,
      21.71572875253809,
      15.358983848622422,
      11.362966948437233,
      10,
      11.362966948437261,
      15.358983848622465,
      21.715728752538155,
      29.999999999999872,
      39.647238195899085,
      49.99999999999997,
      60.35276180410086,
      70.00000000000007,
      78.2842712474618,
      84.6410161513775,
      88.63703305156272,
      90,
      88.6370330515627,
      84.64101615137761,
      78.28427124746196,
      70,
      60.35276180410078,
      49.99999999999989,
      39.647238195899284,
      30.00000000000005,
      21.715728752538098,
      15.358983848622422,
      11.362966948437233
    ],
    "439": [
      0.5,
      1.5,
      2.5,
      3.5,
      4.5,
      5.5,
      6.5,
      7.5,
      8.5,
      9.5,
      10.5,
      11.5,
      12.5,
      13.5,
      14.5,
      15.5,
      16.5,
      17.5,
      18.5,
      19.5,
      20.5,
      21.5,
      22.5,
      23.5
    ],
    "440": [
      10,
      11.362966948437267,
      15.358983848622461,
      21.7157287525381,
      29.999999999999964,
      39.64723819589915,
      49.99999999999998,
      60.35276180410084,
      70,
      78.28427124746187,
      84.64101615137754,
      88.63703305156272,
      90,
      88.63703305156272,
      84.64101615137757,
      78.28427124746193,
      70.00000000000001,
      60.35276180410084,
      49.999999999999964,
      39.64723819589922,
      30.00000000000003,
      21.715728752538094,
      15.358983848622447,
      11.362966948437254
    ]
  },
  "data": [
    {
      "id": 437,
      "name": "Average Profile input 1",
      "data": 437,
      "type": "number",
      "tableProcessGUId": "",
      "producerNodeId": null,
      "producerPort": null,
      "producerArtifactKind": null,
      "processes": []
    },
    {
      "id": 438,
      "name": "Average Profile input 2",
      "data": 438,
      "type": "number",
      "tableProcessGUId": "",
      "producerNodeId": null,
      "producerPort": null,
      "producerArtifactKind": null,
      "processes": []
    },
    {
      "id": 439,
      "name": "avgprofx_57",
      "data": 439,
      "type": "number",
      "tableProcessGUId": "998b1a38-51f9-40ca-8ffe-f7e90fd37bd3",
      "producerNodeId": null,
      "producerPort": null,
      "producerArtifactKind": null,
      "processes": []
    },
    {
      "id": 440,
      "name": "avgprof_438_57",
      "data": 440,
      "type": "number",
      "tableProcessGUId": "998b1a38-51f9-40ca-8ffe-f7e90fd37bd3",
      "producerNodeId": null,
      "producerPort": null,
      "producerArtifactKind": null,
      "processes": []
    }
  ],
  "plots": [
    {
      "id": 78,
      "name": "Average Profile result",
      "x": 350,
      "y": 150,
      "width": 500,
      "height": 250,
      "type": "tableplot",
      "selected": false,
      "facet": false,
      "facetParent": null,
      "facetKey": null,
      "setRefs": {},
      "metricOut": {},
      "sourceNodeId": null,
      "plot": {
        "columnRefs": [
          437,
          438,
          439,
          440
        ],
        "showCol": [
          true,
          true,
          true,
          true
        ],
        "colWidths": {},
        "colCurrent": 1,
        "showColNumber": false,
        "decimalPlaces": 2
      }
    }
  ],
  "tableProcesses": [
    {
      "id": 57,
      "name": "AverageProfile",
      "displayName": "Average Profile",
      "args": {
        "xIN": 437,
        "yIN": [
          438
        ],
        "period": 24,
        "nBins": 24,
        "preProcesses": [],
        "out": {
          "avgprofx": 439,
          "avgprof_438": 440
        }
      },
      "refTPId": null
    }
  ],
  "storedValues": {},
  "chainRefs": [],
  "nodeNotes": {},
  "notes": [
    {
      "id": "note_54",
      "text": "Folds a series onto one period (default 24 h) and reports the mean value in each phase bin with its standard error, giving the 'average day' or mean waveform of the record. Use it to visualise the typical shape and timing of a rhythm across many cycles and to smooth out day-to-day noise before or alongside a parametric fit. In the demo, read each point as the across-days mean at that time-of-day and the error bars as the SEM: a clear peak-and-trough shape marks a robust rhythm, while flat bins with wide bars indicate weak or noisy rhythmicity. Mean-waveform folding (Refinetti et al. 2007).",
      "x": 40,
      "y": 24,
      "width": 360,
      "height": 190
    }
  ],
  "groups": [],
  "composites": [],
  "orphanProcesses": [],
  "nodeLayout": {
    "data_437": {
      "x": 60,
      "y": 314
    },
    "data_438": {
      "x": 60,
      "y": 814
    },
    "tableprocess_57": {
      "x": 440,
      "y": 314
    },
    "plot_78": {
      "x": 820,
      "y": 314
    },
    "note_54": {
      "x": 40,
      "y": 24
    }
  },
  "appState": {
    "currentTab": "null",
    "currentControlTab": "properties",
    "loadingState": {
      "isLoading": true,
      "loadingMsg": "Warming up..."
    },
    "showNavbar": true,
    "showDisplayPanel": false,
    "showControlPanel": false,
    "tidyLayoutRequest": 0,
    "spawnNodeRequest": null,
    "windowWidth": 1024,
    "windowHeight": 768,
    "widthNavBar": 56,
    "widthDisplayPanel": 250,
    "widthControlPanel": 250,
    "gridSize": 15,
    "canvasOffset": {
      "x": 0,
      "y": 0
    },
    "canvasScale": 1,