cell,block,cond,dt,days,snr,rep,n,tau,LS,CHI,CHI_sigPeak,CHI_sigAny,CHI_pPeak,CHI_rel,ENR,COS,FFTauto,FFTfine,COSfixTrue_p,SURR_p
4,main,cosine,0.25,7,0.25,0,672,27.940416449680924,28.1,28.75,0,0,0.008002684052601516,28,23.75,28.08983413498035,28.444444444444443,28.054794520547944,0.00013977948456056488,0.455
4,main,cosine,0.25,7,0.25,1,672,24.241124115884304,24.65,32,0,0,0.1879781125382377,24.75,25.75,24.667198301031664,25.6,24.71191553544495,4.3333009724921823e-7,0.02
4,main,cosine,0.25,7,0.25,2,672,27.486008590087295,26.700000000000003,31.5,0,0,0.12509665189125607,27.25,27.25,26.704268163923107,1.2248803827751196,1.2239653369191692,0.010601877482608657,0.345
4,main,cosine,0.25,7,0.25,3,672,23.781682984903455,23.3,31.75,0,0,0.09155287021939784,22.25,22.25,23.316279276041055,5.565217391304348,5.561439239646979,0.0002527174806047361,0.095
4,main,cosine,0.25,7,0.25,4,672,24.43582321330905,24.3,24.75,0,0,0.004921879353617986,24.75,31.5,24.283694209133646,23.272727272727273,24.20088626292467,0.00004469567188536416,0.125
4,main,cosine,0.25,7,0.25,5,672,24.418193887919188,25,25.25,0,0,0.017649205789098787,24.75,27.75,25.02116570973102,25.6,25.013740458015267,5.1907130926842626e-8,0.03
4,main,cosine,0.25,7,0.25,6,672,24.70055739209056,24.7,30.75,0,0,0.09751889678878178,24.25,22.25,24.728026764534334,25.6,24.71191553544495,4.190648883461989e-8,0.04
4,main,cosine,0.25,7,0.25,7,672,20.623729476705194,20.5,31,0,1,0.1912935030383749,20.75,27.5,20.50595908265273,21.333333333333332,20.505632040050063,3.854868659836086e-7,0.035
4,main,cosine,0.25,7,0.25,8,672,23.57067070156336,23.6,29,0,0,0.016125724513375017,29,29,23.6088639010357,1.5421686746987953,0.7582727819688064,0.003848530722664112,0.18
4,main,cosine,0.25,7,0.25,9,672,20.057424567639828,20.25,30,0,0,0.22016515247277146,20,27.75,20.266867356618036,19.692307692307693,20.277227722772277,0.00001546191728551971,0.185
4,main,cosine,0.25,7,0.25,10,672,20.60275975614786,20.7,28.5,0,0,0.02249117785732202,20.75,28.5,20.68496201201204,21.333333333333332,20.66078184110971,0.000006504323526002054,0.075
4,main,cosine,0.25,7,0.25,11,672,22.38203702867031,22.65,31,0,0,0.004315175124108839,31,31,22.62233657420376,0.6597938144329897,1.388592253580812,0.0009107322515424787,0.05
4,main,cosine,0.25,7,0.25,12,672,26.716012939810753,26.55,31,0,0,0.0410968786609156,26.25,31,26.557866655058625,1.299492385786802,1.299595462838106,0.000848400448647868,0.07
4,main,cosine,0.25,7,0.25,13,672,23.327525241300464,23,28.75,0,0,0.02262512516523907,26.25,26.25,23.00737133534261,23.272727272727273,23.01123595505618,0.000056952161555767766,0.06
4,main,cosine,0.25,7,0.25,14,672,25.46810083463788,25.9,31,0,0,0.09600074093115729,18.5,23.75,25.919503478413624,2.064516129032258,2.063216219619695,0.0004942077347338536,0.055
4,main,cosine,0.25,7,0.25,15,672,20.576409444212914,20.55,31.75,0,1,0.1846318531847444,20.25,23,20.540125045133784,1.3544973544973544,1.3533784900049561,0.0002916486380758476,0.205
4,main,cosine,0.25,7,0.25,16,672,25.259229177609086,25.4,25.5,0,0,0.0022149132036843877,25.5,25.5,25.39749849791803,25.6,25.362229102167184,4.473364945134506e-8,0.01
4,main,cosine,0.25,7,0.25,17,672,24.08352219313383,24.45,30.5,0,0,0.0981108850385417,24,30.5,24.432220167260873,6.564102564102564,24.417287630402384,0.00000449494818033358,0.05
4,main,cosine,0.25,7,0.25,18,672,22.34685765579343,21.95,30.5,0,0,0.22568076840941964,23.25,20.75,21.963778921615308,21.333333333333332,21.933065595716197,0.00009446067199325725,0.025
4,main,cosine,0.25,7,0.25,19,672,27.888083532452583,28.25,29.25,0,0,0.0016696918100274072,29.25,29.25,28.264491906499043,28.444444444444443,28.199655765920827,0.00007712802924630946,0.795
4,main,cosine,0.25,7,0.25,20,672,22.46572908386588,22.45,29,0,0,0.02379433029920519,21.75,19.5,22.429611043419037,23.272727272727273,22.443835616438356,0.000003359026542248955,0.04
4,main,cosine,0.25,7,0.25,21,672,24.56778292916715,25,30.5,0,0,0.07285768483217314,28,27,25.02447642943376,25.6,25.013740458015267,0.000024544535995207895,0.05
4,main,cosine,0.25,7,0.25,22,672,27.442395608872175,27.25,30.5,0,0,0.0821120645977983,28,27.25,27.246883242738974,28.444444444444443,27.21594684385382,0.0005894394205934184,0.36
4,main,cosine,0.25,7,0.25,23,672,22.441251199692488,22.45,27.5,0,0,0.01747743542916158,22,26.5,22.437220812624616,23.272727272727273,22.382513661202186,3.9574778898376906e-8,0.07
4,main,cosine,0.25,7,0.25,24,672,21.87158738821745,22,32,0,0,0.05093091111836312,18.5,32,22.0104257765746,21.333333333333332,21.99194630872483,0.0000030517249062222973,0.03
4,main,cosine,0.25,7,0.25,25,672,24.5433697886765,24.25,31.75,0,0,0.03131124260516904,24.25,23.75,24.25053257175776,23.272727272727273,24.16519174041298,6.10711339277259e-8,0.035
4,main,cosine,0.25,7,0.25,26,672,23.055730691179633,22.75,31.25,0,0,0.053249803298449194,30,27.5,22.75283459284236,23.272727272727273,22.787204450625868,0.0000737119444678136,0.095
4,main,cosine,0.25,7,0.25,27,672,21.773197308182716,21.9,30.5,0,0,0.059755465196852375,24.75,25.75,21.896009296005616,0.9552238805970149,0.9537225682519355,0.0016310730843859256,0.045
4,main,cosine,0.25,7,0.25,28,672,23.321766573935747,23.4,30.5,0,0,0.06489592101870767,23.75,27.25,23.39409736285104,23.272727272727273,23.372325249643367,1.4631274858345478e-8,0.03
4,main,cosine,0.25,7,0.25,29,672,24.392870342358947,24.15,24,1,1,0.00024981505276189253,24,24,24.162718506630096,23.272727272727273,24.094117647058823,1.4721446284227113e-11,0.01
4,main,cosine,0.25,7,0.25,30,672,20.36790830641985,20.45,31.5,0,0,0.11274843285408298,21.5,20.5,20.470878297015645,21.333333333333332,20.48,0.00008397905257662153,0.065
4,main,cosine,0.25,7,0.25,31,672,23.046556005254388,23.25,31.25,0,0,0.05004162442799576,18.75,18.75,23.229502152368614,23.272727272727273,23.23971631205674,3.0082954838306364e-7,0.04
4,main,cosine,0.25,7,0.25,32,672,24.0574700422585,24.6,32,0,0,0.29384825389204783,24.25,27.25,24.585673915521856,0.6368159203980099,0.636074229365634,0.00018293721053852519,0.1
4,main,cosine,0.25,7,0.25,33,672,23.119765857234597,22.85,31,0,0,0.05437987604125072,22,23.25,22.865892595608877,23.272727272727273,22.88268156424581,0.0011040889733182624,0.045
4,main,cosine,0.25,7,0.25,34,672,26.439938012510538,27.65,30.5,0,0,0.0580012810823175,19.75,18.5,27.655633899422433,1.2248803827751196,1.224331191152294,0.0012089216310251505,0.245
4,main,cosine,0.25,7,0.25,35,672,23.05938750319183,23.45,30.5,0,0,0.04280901605084919,21.75,23.75,23.45860595022708,23.272727272727273,23.472779369627506,0.000008835191972145218,0.04
4,main,cosine,0.25,7,0.25,36,672,27.91799061372876,28.1,29.5,0,0,0.0014509371959019468,29.5,27.5,28.106086838535493,28.444444444444443,28.006837606837607,4.725195845711738e-8,0.24
4,main,cosine,0.25,7,0.25,37,672,21.265749948099256,21.15,30.75,0,0,0.018547302085112904,19.5,18.5,21.12892637107844,21.333333333333332,21.16795865633075,4.3850006181678225e-8,0.005
4,main,cosine,0.25,7,0.25,38,672,21.918285155668855,21.8,21.75,0,0,0.0012528136277818458,21.75,23.75,21.827065565984938,21.333333333333332,21.845333333333333,0.0000025909775447363614,0.02
4,main,cosine,0.25,7,0.25,39,672,25.89011461660266,25.7,30.5,0,0,0.028952880615432663,26.25,30.5,25.723755387341324,25.6,25.761006289308177,0.00016018233476211563,0.02
4,main,cosine,0.25,7,0.25,40,672,22.667291903868318,22,29.75,0,0,0.008535810902891572,29.75,29.75,21.992162218373597,21.333333333333332,21.962466487935657,0.00002399528264596107,0.045
4,main,cosine,0.25,7,0.25,41,672,26.528400659561157,26.4,28.25,0,0,0.005342951482833258,28.25,23.25,26.39855847769375,25.6,26.340836012861736,0.00008941851327204375,0.025
4,main,cosine,0.25,7,0.25,42,672,24.868507485836744,24.8,26.75,0,0,0.010506975092770321,20.25,20.25,24.79698898716312,25.6,24.786686838124055,0.000013970855919587244,0.015
4,main,cosine,0.25,7,0.25,43,672,20.0435151476413,19.8,29.5,0,0,0.13194277412553412,21,20.75,19.82419133285715,19.692307692307693,19.883495145631066,0.0000030756772769757745,0.29
4,main,cosine,0.25,7,0.25,44,672,22.89350974559784,23.15,30.75,0,0,0.0073845852568559245,22.5,27.5,23.14307866699318,23.272727272727273,23.173974540311175,0.0000010956597756850428,0.005
4,main,cosine,0.25,7,0.25,45,672,23.177961234003305,22.55,29,0,0,0.04767101338678559,26.25,21.75,22.562499613151225,23.272727272727273,22.56749311294766,0.0005640147234405868,0.11
4,main,cosine,0.25,7,0.25,46,672,20.520246848464012,20.4,30.5,0,0,0.07449112444680261,18.25,30.5,20.381657510151225,19.692307692307693,20.378109452736318,0.0007067390114219307,0.24
4,main,cosine,0.25,7,0.25,47,672,20.014892732724547,20.15,31.75,0,0,0.07976930056863174,19.25,23.5,20.124788394364387,19.692307692307693,20.152521525215253,4.456143999354012e-7,0.23
4,main,cosine,0.25,7,0.25,48,672,20.634535374119878,20.55,31.5,0,0,0.06458227994483656,31.5,23.75,20.535341086108225,21.333333333333332,20.531328320802004,0.000308679963336167,0.035
4,main,cosine,0.25,7,0.25,49,672,24.55530907586217,23.9,26,0,0,0.013715635274586413,26,27.75,23.896480428287976,23.272727272727273,23.848617176128094,0.00037084759653260857,0.04
4,main,cosine,0.25,7,0.25,50,672,21.63175058364868,22.05,31.5,0,0,0.3177989208673886,18,31.5,22.029953197766456,7.529411764705882,0.5370922799541059,0.020296879392420974,0.215
4,main,cosine,0.25,7,0.25,51,672,22.305961847305298,22,29.75,0,0,0.03624630392941541,22.25,27.75,21.997656583809626,0.7781155015197568,0.7783372921615201,0.0012132448019749331,0.12
4,main,cosine,0.25,7,0.25,52,672,20.643780674785376,20.65,31,0,0,0.19292824907596096,21,23.75,20.67359235036651,21.333333333333332,20.713021491782555,0.00000599863938588463,0.02
4,main,cosine,0.25,7,0.25,53,672,25.03854782320559,24.65,31.25,0,0,0.018876403459358704,20,29.25,24.66380653373034,1.9541984732824427,2.0921976759034604,0.001224176308741165,0.115
4,main,cosine,0.25,7,0.25,54,672,22.410076159983873,22.6,31,0,0,0.036850743539769026,21,31,22.58044631811032,23.272727272727273,22.629834254143645,1.7944682972892423e-7,0.04
4,main,cosine,0.25,7,0.25,55,672,25.183156112208962,25.05,25,1,1,0.000039768139048046436,25,25,25.07516811532313,25.6,25.090352220520675,1.617594946878853e-13,0.005
4,main,cosine,0.25,7,0.25,56,672,27.405773907899857,27.450000000000003,28,0,0,0.005727176937717848,28,28,27.463520704352284,28.444444444444443,27.536134453781514,0.000016497003016091583,0.2
4,main,cosine,0.25,7,0.25,57,672,20.639238269999623,19.75,31.25,0,0,0.06785743535378197,24.5,31.5,19.763134982774783,0.8707482993197279,0.8704707257464669,0.2260700700844176,0.475
4,main,cosine,0.25,7,0.25,58,672,25.079736230894923,24.45,28.5,0,0,0.015640544712647086,25,23.5,24.466599056557474,25.6,24.490284005979074,0.00007689326981108469,0.04
4,main,cosine,0.25,7,0.25,59,672,24.15871201455593,24.55,32,0,0,0.050072513047542344,24.25,20.25,24.542161645137956,0.5517241379310345,0.5512971499713988,0.0003841217120809093,0.165
4,main,cosine,0.25,7,0.25,60,672,24.35983686335385,24.3,28,0,0,0.014606008667475745,24.5,27.5,24.27739716759607,25.6,24.38095238095238,0.00014655220354398146,0.075
4,main,cosine,0.25,7,0.25,61,672,21.633396174758673,21.95,30.25,0,0,0.2605339076776616,18.5,23,21.931163605589315,21.333333333333332,21.962466487935657,0.00008707530033602584,0.095
4,main,cosine,0.25,7,0.25,62,672,26.746938610449433,26,26,1,1,0.0007901289097582698,26,26,25.97910308922055,25.6,25.88309636650869,0.00003959758048499573,0.015
4,main,cosine,0.25,7,0.25,63,672,24.711833532899618,24.3,25.25,0,0,0.004566409509277891,25.25,20.25,24.316751265697647,25.6,24.38095238095238,4.531657794570876e-7,0.06
4,main,cosine,0.25,7,0.25,64,672,22.70140939205885,22.6,27.75,0,0,0.011693243888505123,27.75,27.75,22.583877969904464,23.272727272727273,0.5669988925802879,0.0004468349236466107,0.14
4,main,cosine,0.25,7,0.25,65,672,27.818794909864664,27.35,29.5,0,0,0.014809237243120221,26.75,27.25,27.343782466529685,28.444444444444443,27.30666666666667,0.00026458212997804154,0.165
4,main,cosine,0.25,7,0.25,66,672,21.541498821228743,21.15,27,0,0,0.029638868312089617,23.25,27,21.166787753999593,0.5553145336225597,1.338343407939879,0.02401886567549605,0.07
4,main,cosine,0.25,7,0.25,67,672,27.532996151596308,27.700000000000003,31,0,0,0.09337510432693208,26.5,23.75,27.67303969790137,28.444444444444443,27.62900505902192,0.0004692204337065631,0.4
4,main,cosine,0.25,7,0.25,68,672,21.132990021258593,21.4,32,0,0,0.12576501163234077,26.5,27.25,21.38567269221704,21.333333333333332,21.389033942558747,0.0000035894971086580796,0.015
4,main,cosine,0.25,7,0.25,69,672,20.34035841189325,20.65,29.75,0,0,0.07841737838576246,25.25,18.25,20.66735723045788,21.333333333333332,20.68686868686869,0.00023031238924153818,0.1
4,main,cosine,0.25,7,0.25,70,672,21.533044861629605,21.8,32,0,0,0.3962228439574633,18.25,18.25,21.82554537223479,21.333333333333332,21.81624500665779,0.000006244379553210777,0.07
4,main,cosine,0.25,7,0.25,71,672,27.84927154146135,27.450000000000003,26.5,0,0,0.003445650643101539,26.5,26.5,27.474803533324426,28.444444444444443,27.58249158249158,0.0000014595328763356008,0.16
4,main,cosine,0.25,7,0.25,72,672,25.4549332074821,25.55,32,0,0,0.0494512123408557,18.5,18.5,25.53718171528212,25.6,0.534080907520292,0.0002603505610945245,0.06
4,main,cosine,0.25,7,0.25,73,672,26.12724862061441,26.15,29.5,0,0,0.021975881397729324,29.5,27.5,26.16671544912491,0.6228710462287105,0.6230368483096931,0.005680694456608237,0.17
4,main,cosine,0.25,7,0.25,74,672,24.087371971458197,24.05,31.75,0,0,0.09060227391318132,25.25,18.5,24.035352871404328,3.282051282051282,3.2932663316582915,0.0004952875058216177,0.06
4,main,cosine,0.25,7,0.25,75,672,23.997043441981077,23.8,24.75,0,0,0.004881643763004595,24.75,23.75,23.801171447806063,23.272727272727273,23.744927536231884,0.000001925894776211301,0.045
4,main,cosine,0.25,7,0.25,76,672,23.76295210234821,23.95,31.75,0,0,0.27207262957428235,23.25,18.5,23.970293081740017,23.272727272727273,23.953216374269005,0.00006585366163658346,0.065
4,main,cosine,0.25,7,0.25,77,672,26.893268585205078,27.35,28.25,0,0,0.004495766925896816,28.25,23.75,27.31840887320695,28.444444444444443,27.261231281198004,5.983081630134279e-8,0.065
4,main,cosine,0.25,7,0.25,78,672,22.36651311814785,22.6,31.5,0,0,0.09193068218744271,22.25,27.5,22.61247214927076,3.8208955223880596,0.5016073232709793,0.0043806849629199895,0.115
4,main,cosine,0.25,7,0.25,79,672,22.708025492727757,22.75,32,0,0,0.21104984476030375,21.75,23.75,22.736515376952845,23.272727272727273,22.755555555555556,0.000312809078187426,0.075
4,main,cosine,0.25,7,0.25,80,672,22.264081448316574,22.7,27.25,0,1,0.04965061283136318,21.75,23,22.680272795626955,23.272727272727273,22.629834254143645,3.764391998117844e-8,0.01
4,main,cosine,0.25,7,0.25,81,672,20.12467602826655,20.35,31.75,0,0,0.07686098631802651,20.75,31.75,20.364042226961892,19.692307692307693,20.378109452736318,0.0000014429540564631083,0.11
4,main,cosine,0.25,7,0.25,82,672,27.68205893598497,26.6,27,0,0,0.0010542111335730686,27,27.25,26.592815633648975,25.6,26.5974025974026,0.0000028009354124947095,0.01
4,main,cosine,0.25,7,0.25,83,672,23.50996116735041,24,27,0,0,0.0295708159104614,22,20.75,24.007902309855265,23.272727272727273,23.953216374269005,0.00004358300114071234,0.075
4,main,cosine,0.25,7,0.25,84,672,22.444685203954577,21.85,30,0,0,0.08169827303305666,25,25,21.852163549692406,21.333333333333332,21.874499332443257,0.00036553146286522065,0.075
4,main,cosine,0.25,7,0.25,85,672,22.141701681539416,22.05,31.5,0,0,0.07278610551204268,28.5,25.5,22.073792834739596,1.9393939393939394,0.500015259254738,0.016200955742515566,0.145
4,main,cosine,0.25,7,0.25,86,672,21.553829189389944,21.05,31.25,0,0,0.2292743331220083,18.75,27.5,21.042131313927865,0.9045936395759717,0.9044937617312576,0.006964199764695644,0.095
4,main,cosine,0.25,7,0.25,87,672,27.789349338039756,26.9,27.25,0,0,0.0045619152028252286,27.25,26.75,26.924087413780143,25.6,26.94736842105263,1.5892051008492558e-8,0.03
4,main,cosine,0.25,7,0.25,88,672,27.94983377866447,27.700000000000003,29,0,0,0.07042794872799663,29,20.5,27.678505442309657,28.444444444444443,27.675675675675677,0.0001084247712860309,0.325
4,main,cosine,0.25,7,0.25,89,672,25.042706107720733,24.85,30.25,0,0,0.037444978226136794,30.25,30.25,24.861730547049678,9.846153846153847,9.816656680647094,0.008164433002125104,0.125
4,main,cosine,0.25,7,0.25,90,672,20.67421118170023,20.75,31.25,0,0,0.0842265486060294,19.75,27.75,20.743955899968455,21.333333333333332,20.76552598225602,7.371438601744273e-7,0.035
4,main,cosine,0.25,7,0.25,91,672,26.855757715180516,27.450000000000003,30.25,0,0,0.0335279717617154,26.75,26.75,27.439093568250623,28.444444444444443,27.536134453781514,0.000002710110000747612,0.14
4,main,cosine,0.25,7,0.25,92,672,27.754209140315652,27.450000000000003,28,1,1,0.00003680081711254779,28,28,27.432089775608528,28.444444444444443,27.48993288590604,0.000055528736327081774,0.33
4,main,cosine,0.25,7,0.25,93,672,26.339113304391503,26.450000000000003,28.75,0,0,0.06694250376272093,25.5,23.5,26.437960793730973,25.6,26.468497576736674,0.000005205329233537448,0.025
4,main,cosine,0.25,7,0.25,94,672,24.91202870197594,24.9,27,0,0,0.05879700514544306,25.25,32,24.92788065729519,1.9393939393939394,1.941462258561441,0.00046315810276742475,0.12
4,main,cosine,0.25,7,0.25,95,672,24.251192254945636,24.75,32,0,0,0.08736544347725861,23.25,23.75,24.73921755830328,25.6,24.749244712990937,0.00010297800317260464,0.095
4,main,cosine,0.25,7,0.25,96,672,23.23920418508351,23.65,24.5,0,0,0.0030933976170511857,24.5,23.5,23.648032821100216,23.272727272727273,23.608069164265128,8.705693743671361e-8,0.01
4,main,cosine,0.25,7,0.25,97,672,26.55683192797005,26.55,28,0,0,0.01639948899157917,28,28,26.5472088801323,1.8686131386861313,0.9870474124947286,0.22116019691051503,0.57
4,main,cosine,0.25,7,0.25,98,672,27.128582637757063,27.65,28,0,0,0.012617376992667406,28,27.75,27.62980320199603,28.444444444444443,27.722504230118442,0.00003843540523440492,0.125
4,main,cosine,0.25,7,0.25,99,672,26.53190502151847,25.85,31,0,0,0.022673214113765217,31,31.5,25.845726711978955,25.6,25.761006289308177,0.0007489666406792495,0.02
4,main,cosine,0.25,7,0.25,100,672,20.917980244383216,20.75,30.25,0,1,0.09661908948655917,20.75,20.75,20.772690797961182,21.333333333333332,20.79187817258883,8.167791309965367e-8,0.025
4,main,cosine,0.25,7,0.25,101,672,23.28144889138639,23.05,30.25,0,0,0.10255870876582818,20.25,20.25,23.028506472895025,23.272727272727273,23.01123595505618,0.000046081726523983235,0.11
4,main,cosine,0.25,7,0.25,102,672,21.368386449292302,21.6,31.25,0,0,0.1301959125933545,21.5,21.5,21.597330510061713,21.333333333333332,21.614775725593667,0.000006905707246152026,0.04
4,main,cosine,0.25,7,0.25,103,672,20.641739325597882,20.4,31.25,0,0,0.14640575890886875,24.25,27,20.380090694090946,19.692307692307693,20.378109452736318,0.00007587193781710688,0.2
4,main,cosine,0.25,7,0.25,104,672,20.40195507928729,19.95,30.75,0,0,0.0535685003491182,29,20.25,19.936971344249155,19.692307692307693,19.883495145631066,0.000813679591623484,0.35
4,main,cosine,0.25,7,0.25,105,672,26.69935760088265,26.450000000000003,25.75,1,1,0.0008925724833842574,25.75,27.5,26.45703898930577,25.6,26.511326860841425,0.000001151102829499706,0.01
4,main,cosine,0.25,7,0.25,106,672,24.87808354012668,25.1,30.25,0,0,0.11595902785084578,26.25,27.5,25.126561466421826,25.6,25.12883435582822,0.000007262754979531216,0.02
4,main,cosine,0.25,7,0.25,107,672,27.67296964302659,28.35,32,0,0,0.31175623860895973,28.5,20.5,28.340899363469696,28.444444444444443,28.493913043478262,0.00005075096318574168,0.45
4,main,cosine,0.25,7,0.25,108,672,26.271166084334254,26,30,0,0,0.0436266774103824,27.25,31.5,26.012332611610688,25.6,26.130781499202552,0.000042342333606670834,0.055
4,main,cosine,0.25,7,0.25,109,672,24.299032358452678,23.95,30.5,0,0,0.020629212102787453,24,18.25,23.970560991915338,23.272727272727273,23.91824817518248,0.00003361477426788717,0.02
4,main,cosine,0.25,7,0.25,110,672,26.44851427525282,26.450000000000003,31.5,0,0,0.03178274006523718,18.75,30.25,26.43567896662563,0.5311203319502075,0.5311031151739116,0.004964783026225161,0.08
4,main,cosine,0.25,7,0.25,111,672,25.569291450083256,26.25,30.5,0,0,0.05661081884617725,27,27.75,26.255022855374104,25.6,26.17252396166134,0.0001348403209572302,0.05
4,main,cosine,0.25,7,0.25,112,672,27.589271437376738,28.200000000000003,28,0,0,0.0009649802306365141,28,27.25,28.18612352004933,28.444444444444443,28.29706390328152,1.1623950246786308e-8,0.365
4,main,cosine,0.25,7,0.25,113,672,27.53010280057788,27.450000000000003,32,0,0,0.09140902832648079,18.25,18.25,27.44497435177685,0.6513994910941476,0.6515549192714547,0.001092140476212644,0.39
4,main,cosine,0.25,7,0.25,114,672,22.120713440701365,22.65,31.75,0,0,0.049298377788220105,22,26.25,22.645115518769188,23.272727272727273,22.661134163208853,0.000014060061486631525,0.005
4,main,cosine,0.25,7,0.25,115,672,20.64610156044364,20.8,32,0,0,0.011776683250087516,20.75,20.5,20.805866553955987,21.333333333333332,20.844783715012724,3.588463304282641e-9,0.005
4,main,cosine,0.25,7,0.25,116,672,22.42554910853505,22.4,31,0,0,0.12874285089242143,21.25,23,22.41487272993275,23.272727272727273,22.41313269493844,3.300593354182979e-9,0.08
4,main,cosine,0.25,7,0.25,117,672,26.965895442292094,26.5,29.25,0,0,0.06755487556200057,26,27,26.50587563919191,1.5515151515151515,1.551956048119731,0.0006752448134988986,0.07
4,main,cosine,0.25,7,0.25,118,672,27.756406288594007,27.85,26.75,0,0,0.009586556439546867,26.75,26.75,27.82435985755161,28.444444444444443,27.722504230118442,0.0000784859742982702,0.525
4,main,cosine,0.25,7,0.25,119,672,25.86804954893887,26.4,25.75,0,0,0.0054187006975263685,25.75,27.75,26.40929285030999,25.6,26.340836012861736,8.096584513950233e-10,0.035
4,main,cosine,0.25,7,0.25,120,672,26.67304607667029,26.450000000000003,28.5,0,0,0.015643521154481865,25.25,28.5,26.473547971561235,1.1428571428571428,1.0105470918398816,0.011071108392738727,0.22
4,main,cosine,0.25,7,0.25,121,672,22.992268305271864,23.75,31.75,0,0,0.17364796613428446,26.25,20.75,23.750030379113795,23.272727272727273,23.744927536231884,0.0007398716021662644,0.115
4,main,cosine,0.25,7,0.25,122,672,25.75597422197461,25.6,24.5,0,0,0.00418578428631966,24.5,26.5,25.61903769233271,25.6,25.72056514913658,7.235962924401207e-7,0.045
4,main,cosine,0.25,7,0.25,123,672,22.849004751071334,22.3,22.75,1,1,0.000029342070684390542,22.75,22.75,22.31089030514174,23.272727272727273,22.321525885558582,2.338445881377993e-9,0.075
4,main,cosine,0.25,7,0.25,124,672,23.289116183295846,23.3,28.75,0,0,0.0387863985175807,23.25,19.75,23.284815080585673,0.7757575757575758,0.7759045273726084,0.0001659228040038485,0.085
4,main,cosine,0.25,7,0.25,125,672,27.874389884993434,28.4,30.5,0,0,0.0018222410479515894,30.5,28.25,28.406385299825217,28.444444444444443,28.493913043478262,0.0000031258212903617633,0.67
4,main,cosine,0.25,7,0.25,126,672,20.019209917634726,20.15,32,0,1,0.030359525061594894,20,20.5,20.155731767366163,19.692307692307693,20.177339901477833,3.666913439559494e-10,0.155
4,main,cosine,0.25,7,0.25,127,672,20.630110079422593,20.7,24.5,1,1,0.0008366020452866829,24.5,29,20.687989612568003,21.333333333333332,20.66078184110971,0.00008851124478026495,0.105
4,main,cosine,0.25,7,0.25,128,672,22.15296603180468,22.1,28.75,0,0,0.01605125588791101,28.75,23,22.079447485789885,0.6139088729016786,22.080862533692724,0.0002540015287160191,0.09
4,main,cosine,0.25,7,0.25,129,672,25.26796585135162,25.2,32,0,0,0.09848228216351196,32,20.5,25.224615533897342,25.6,25.167434715821813,0.000001843044404425953,0.015
4,main,cosine,0.25,7,0.25,130,672,26.946878377348185,26.35,29.75,0,0,0.0751493582322671,26,27.75,26.37109169971984,25.6,26.298555377207062,0.000056244790140103085,0.065
4,main,cosine,0.25,7,0.25,131,672,20.24579244107008,20.5,32,0,1,0.01312105087898885,20.25,27,20.51313336358985,1.695364238410596,20.505632040050063,0.00019937561041338814,0.055
4,main,cosine,0.25,7,0.25,132,672,21.17760519310832,21.25,29.75,0,0,0.002837795623151562,29.75,20.5,21.231613430658687,21.333333333333332,21.22279792746114,2.3680805871784116e-8,0.005
4,main,cosine,0.25,7,0.25,133,672,23.373959999531507,22.9,29.25,0,0,0.05845257068955345,21.75,23,22.89314658670388,23.272727272727273,22.914685314685315,1.9881933877030633e-8,0.01
4,main,cosine,0.25,7,0.25,134,672,27.999452052637935,27.950000000000003,31.25,0,0,0.0638620385559171,30,23.25,27.946652106848656,28.444444444444443,2.9974387120380532,0.0025313004901772462,0.665
4,main,cosine,0.25,7,0.25,135,672,20.250383684411645,20.2,31.5,0,0,0.023112158070530908,21.25,23.5,20.20901864882403,0.5589519650655022,0.700260717185964,0.00020551436867799477,0.195
4,main,cosine,0.25,7,0.25,136,672,25.02705840021372,25,29.25,0,0,0.10052274845580911,24,24.75,24.991562593384984,25.6,25.013740458015267,0.00002121335941007718,0.015
4,main,cosine,0.25,7,0.25,137,672,26.012062400579453,26.05,27.75,0,0,0.0011926545588814008,27.75,31.25,26.071501182571406,25.6,26.006349206349206,0.0005049556267044952,0.05
4,main,cosine,0.25,7,0.25,138,672,24.69109896197915,25.4,26.75,0,0,0.021398279407347953,25,27.5,25.384104556473773,25.6,25.4015503875969,0.00005116859865339496,0.025
4,main,cosine,0.25,7,0.25,139,672,26.678656723350286,26.700000000000003,26.75,0,0,0.006361771300009589,26.75,27.5,26.71467330270927,25.6,26.684039087947884,0.0000013118804162992603,0.005
4,main,cosine,0.25,7,0.25,140,672,24.262065179646015,24.4,31.75,0,0,0.1760478199813551,23.75,26.25,24.418618012158923,1.5802469135802468,24.38095238095238,0.0000658243557811744,0.39
4,main,cosine,0.25,7,0.25,141,672,20.228684429079294,20.1,30.5,0,0,0.02387449901028582,27.75,27.75,20.08189245366537,19.692307692307693,20.053855569155445,0.00032369228207707046,0.365
4,main,cosine,0.25,7,0.25,142,672,20.20948931016028,20.2,31.75,0,0,0.12256021519477511,19.75,19.75,20.21122517896673,19.692307692307693,20.177339901477833,2.811475253716722e-7,0.11
4,main,cosine,0.25,7,0.25,143,672,24.875580282881856,24.85,32,0,0,0.006422588139368912,32,32,24.86444027110363,0.7052341597796143,0.7053556053039435,0.010674898994226134,0.28
4,main,cosine,0.25,7,0.25,144,672,25.167061641812325,25.35,24.75,1,1,0.00014691840019487312,24.75,24.75,25.335574491872446,25.6,25.362229102167184,2.077337833972237e-7,0.02
4,main,cosine,0.25,7,0.25,145,672,24.897305391728878,25.05,30.5,0,0,0.039368170417066195,24.5,27.75,25.050400612313414,25.6,25.051987767584098,0.00008736074057380527,0.075
4,main,cosine,0.25,7,0.25,146,672,23.81158900819719,23.55,31,0,0,0.07912586219540851,23.75,27.5,23.53578606236587,23.272727272727273,23.54022988505747,0.0000021103042807668615,0.02
4,main,cosine,0.25,7,0.25,147,672,26.897528499364853,27,30.75,0,0,0.038412535265101355,30.75,25.75,26.999677113802154,28.444444444444443,26.99176276771005,0.0000914495574252383,0.28
4,main,cosine,0.25,7,0.25,148,672,24.697001004591584,23.95,29.75,0,0,0.060276553737713456,22.75,23.75,23.945940241056125,23.272727272727273,23.91824817518248,0.0013557588761530237,0.03
4,main,cosine,0.25,7,0.25,149,672,26.539147291332483,26.6,27.25,0,0,0.00793012361616674,27.25,23.75,26.622847586996997,25.6,26.5974025974026,0.0000012187734751423207,0.01
4,main,cosine,0.25,7,0.25,150,672,21.906727174296975,22.1,30.5,0,0,0.03077945393764847,21.25,27.75,22.108872296806044,21.333333333333332,22.14054054054054,9.827884761559602e-8,0.05
4,main,cosine,0.25,7,0.25,151,672,23.188793141394854,23.3,28.5,0,0,0.006768378815791509,28.5,23.75,23.321912733078637,23.272727272727273,23.305832147937412,0.000022692255059131305,0.005
4,main,cosine,0.25,7,0.25,152,672,24.352723291143775,24.15,29.75,0,0,0.10198198961587146,23.25,27,24.15261036050771,23.272727272727273,24.094117647058823,7.811124848045026e-7,0.02
4,main,cosine,0.25,7,0.25,153,672,22.93712665513158,22.9,31,0,0,0.20077352955728367,23.75,23.75,22.88089065304363,23.272727272727273,22.818941504178273,0.000003049601426385884,0.015
4,main,cosine,0.25,7,0.25,154,672,25.94884179905057,25.7,25.25,0,0,0.007731018279179103,25.25,25.75,25.675975254529174,25.6,25.6,0.0000029808239725426233,0.025
4,main,cosine,0.25,7,0.25,155,672,24.16751705110073,23.9,24.25,0,0,0.004910820206949107,24.25,23.75,23.889328147879915,23.272727272727273,23.953216374269005,9.251687957956278e-7,0.025
4,main,cosine,0.25,7,0.25,156,672,24.03697189502418,24.55,29.5,0,0,0.11360857436126404,24.5,27.75,24.569571765594254,0.5389473684210526,24.563718140929534,0.001669483562163343,0.205
4,main,cosine,0.25,7,0.25,157,672,22.109725391492248,22.5,32,0,0,0.08103502963461873,27.5,27.75,22.5048037718616,0.5140562248995983,22.474622770919066,0.0011948629607314576,0.295
4,main,cosine,0.25,7,0.25,158,672,21.794152673333883,21.9,31.25,0,0,0.21925237646957008,22.75,23.75,21.913826510516735,21.333333333333332,21.933065595716197,5.389350419271466e-7,0.065
4,main,cosine,0.25,7,0.25,159,672,26.22127453237772,26.6,29.5,0,0,0.0568270705269337,27,27,26.60355195644965,25.6,26.640650406504065,0.00007927227659931813,0.03
4,main,cosine,0.25,7,0.25,160,672,24.011289013549685,24.35,30.5,0,0,0.03810046360562469,25.5,23.5,24.375639192774432,23.272727272727273,24.27259259259259,0.00001179173011278678,0.09
4,main,cosine,0.25,7,0.25,161,672,25.876643236726522,26.200000000000003,26.5,0,0,0.0026306134329511233,26.5,26.5,26.184151350612257,25.6,26.089171974522294,0.00012416678845350582,0.03
4,main,cosine,0.25,7,0.25,162,672,27.106984293088317,27.9,27.75,0,0,0.002754524851648621,27.75,27.5,27.90659939239814,28.444444444444443,27.816638370118845,0.000009381217426884803,0.52
4,main,cosine,0.25,7,0.25,163,672,21.478523010388017,21.25,27.5,0,1,0.023757700406507043,21.5,21.5,21.253479155320353,21.333333333333332,21.250324254215304,1.7944567132222033e-7,0.01
4,main,cosine,0.25,7,0.25,164,672,20.489815279841423,20.45,31.5,0,0,0.2071398633801662,21.5,20.5,20.463637907966252,0.6701570680628273,0.6700748435646804,0.0011661162763993982,0.115
4,main,cosine,0.25,7,0.25,165,672,20.86651953868568,21,30.75,0,0,0.008048708702183438,22,27.5,21.0111127733181,21.333333333333332,21.03209242618742,0.000006376350860426427,0.015
4,main,cosine,0.25,7,0.25,166,672,27.427203707396984,30.450000000000003,31.75,0,0,0.11545931978391699,19.25,24.75,30.44720046747793,1.9393939393939394,1.9348134152102032,0.3639298096880389,0.88
4,main,cosine,0.25,7,0.25,167,672,26.950379392132163,27.55,28.75,0,0,0.03639064927201885,28.75,27.75,27.5248465685696,28.444444444444443,27.536134453781514,0.00010081132089334588,0.37
4,main,cosine,0.25,7,0.25,168,672,22.098191052675247,31.950000000000003,29,0,0,0.015367173446461435,29,27.5,31.896078438847024,0.9660377358490566,0.9650703893502974,0.29282346837363715,0.305
4,main,cosine,0.25,7,0.25,169,672,20.0354335475713,20.25,32,0,0,0.05916319942581483,20.75,23.5,20.254405938408603,19.692307692307693,20.252163164400493,0.000015975601670104034,0.14
4,main,cosine,0.25,7,0.25,170,672,24.375614061951637,25.4,31.5,0,0,0.09195822043454682,27,23.5,25.383721236640042,25.6,25.323029366306027,0.0008269626795642804,0.015
4,main,cosine,0.25,7,0.25,171,672,25.994266694411635,26.15,25.5,0,0,0.0009111923000507671,25.5,25.5,26.162016382854855,25.6,26.089171974522294,0.000019218424872624595,0.015
4,main,cosine,0.25,7,0.25,172,672,24.34607962332666,23.65,29.25,0,0,0.02192849480179393,19.5,23.25,23.663123741240398,23.272727272727273,23.67630057803468,0.00006814503178098619,0.035
4,main,cosine,0.25,7,0.25,173,672,22.620011473074555,23.45,27,0,0,0.027021089875656323,22.5,27,23.45308598679648,23.272727272727273,23.472779369627506,0.00008512435829399756,0.01
4,main,cosine,0.25,7,0.25,174,672,26.774059683084488,26.200000000000003,31.5,0,0,0.0529913592073209,25.25,26.25,26.20705035036004,25.6,26.256410256410255,2.2049875814111886e-7,0.01
4,main,cosine,0.25,7,0.25,175,672,25.007322266697884,25.15,30.75,0,0,0.02850283107868079,23.5,20.5,25.146322612801608,0.6416040100250626,0.6418302189838211,0.009545863077855099,0.125
4,main,cosine,0.25,7,0.25,176,672,25.234652042388916,25.5,25.5,0,0,0.001217814423905228,25.5,30.5,25.495323029780238,25.6,0.8774165907995501,0.000018962310207149002,0.015
4,main,cosine,0.25,7,0.25,177,672,25.82040200009942,26.1,31.75,0,0,0.15113525600015387,24.5,23.25,26.095981687314683,25.6,26.089171974522294,6.698951651173957e-7,0.01
4,main,cosine,0.25,7,0.25,178,672,20.73770028539002,20.7,31.75,0,0,0.23696981114658888,20.25,27.5,20.712977335333456,0.5871559633027523,20.713021491782555,0.0003777222868889263,0.11
4,main,cosine,0.25,7,0.25,179,672,26.399071294814348,27,27,0,0,0.0020498330325554592,27,26.5,26.987411686592896,28.444444444444443,26.99176276771005,0.000002482892855315555,0.085
4,main,cosine,0.25,7,0.25,180,672,21.723925229161978,21.4,31.25,0,0,0.11754790915132207,25.25,23.75,21.398787149693142,0.7150837988826816,0.7146159549875692,0.005190277626113238,0.05
4,main,cosine,0.25,7,0.25,181,672,27.970385564491153,28.450000000000003,30.5,0,0,0.05759102827460316,19,19,28.452512790647965,2.3486238532110093,0.9535560470259574,0.20910826408340621,0.85
4,main,cosine,0.25,7,0.25,182,672,24.952822133898735,25.1,25.75,0,0,0.0014841372680638454,25.75,25.75,25.10552305611275,25.6,25.090352220520675,1.2740328203530993e-7,0.055
4,main,cosine,0.25,7,0.25,183,672,23.61018054932356,24.55,30.25,0,0,0.10366677541015779,20.75,27.5,24.55573574020904,1.3837837837837839,1.385070589229859,0.014372175054754632,0.215
4,main,cosine,0.25,7,0.25,184,672,21.432132497429848,21.1,31.75,0,1,0.1376442643307707,21.25,21.25,21.095347736468806,21.333333333333332,21.086229086229086,3.9624935388449245e-7,0.02
4,main,cosine,0.25,7,0.25,185,672,22.124239502474666,22.75,29.5,0,0,0.01167304495281174,23,27.5,22.765169962846638,23.272727272727273,22.723994452149793,0.00019246980352261023,0.03
4,main,cosine,0.25,7,0.25,186,672,23.56121770478785,23.4,23.25,1,1,0.000013891871552873525,23.25,23.75,23.390083871027056,23.272727272727273,23.405714285714286,0.00000145519027661134,0.02
4,main,cosine,0.25,7,0.25,187,672,23.771134270355105,24.1,23.5,1,1,0.0001090785707709152,23.5,23.5,24.083872776102872,23.272727272727273,24.023460410557185,1.0956273666096195e-9,0.04
4,main,cosine,0.25,7,0.25,188,672,22.64862618036568,22.95,25.75,0,0,0.022553131328048925,22.25,23.5,22.9484956340665,23.272727272727273,22.946778711484594,0.0000010677662645175445,0.015
4,main,cosine,0.25,7,0.25,189,672,22.8140318877995,23.2,32,0,0,0.14710389168786375,23.75,23.75,23.173208468020942,23.272727272727273,23.173974540311175,9.120586885735804e-8,0.03
4,main,cosine,0.25,7,0.25,190,672,23.337625904008746,23.5,30.75,0,0,0.20694454275256013,23,23.5,23.507912134721135,23.272727272727273,23.506456241033,0.000016733628005471957,0.005
4,main,cosine,0.25,7,0.25,191,672,20.796817814931273,20.8,31.75,0,0,0.2529062838360294,20.25,20.25,20.802577819986183,21.333333333333332,20.844783715012724,0.0000018445877268957744,0.045
4,main,cosine,0.25,7,0.25,192,672,25.622893510386348,25.85,29.5,0,0,0.056028792288151275,24.25,20.75,25.839279573770188,25.6,25.924050632911392,0.0000017465455798282292,0.035
4,main,cosine,0.25,7,0.25,193,672,25.737820765003562,26.65,31.5,0,0,0.037259762291932175,20,31.5,26.648120136689677,25.6,26.684039087947884,0.0000813479300297848,0.095
4,main,cosine,0.25,7,0.25,194,672,24.946748675778508,25.1,26.5,0,0,0.012233877292033402,25,24.25,25.091002150870953,25.6,25.12883435582822,0.000009276223719045795,0.015
4,main,cosine,0.25,7,0.25,195,672,21.571084240451455,22.05,31.75,0,0,0.1529216826085824,22,23.75,22.057987053763494,21.333333333333332,22.021505376344088,0.000015029945674593925,0.02
4,main,cosine,0.25,7,0.25,196,672,26.306691218167543,26,26,0,0,0.0013022933392848879,26,26,26.012614552955423,25.6,25.924050632911392,0.000014757512830865238,0.05
4,main,cosine,0.25,7,0.25,197,672,26.463779402896762,25.9,31,0,0,0.06441136073104803,25.5,25.5,25.89426590220304,25.6,25.88309636650869,0.000003946207311922301,0.025
4,main,cosine,0.25,7,0.25,198,672,21.52654700167477,21.7,21.5,1,1,0.0006805248545339593,21.5,20.75,21.71573455179768,21.333333333333332,21.70066225165563,3.7147412923488332e-9,0.005
4,main,cosine,0.25,7,0.25,199,672,24.50772670097649,27.1,28.25,0,0,0.03385983547997129,24.75,25.25,27.027802716881947,25.6,26.94736842105263,0.00141284855698387,0.1
10,main,cosine,0.25,14,1,0,1344,25.53551078401506,25.55,25.5,1,1,0,25.5,25.5,25.56796331742791,25.6,25.5600624024961,0,
10,main,cosine,0.25,14,1,1,1344,24.269698075950146,24.35,24.25,1,1,0,24.25,24.25,24.347856725711218,24.38095238095238,24.344725111441306,0,
10,main,cosine,0.25,14,1,2,1344,22.499031176790595,22.5,22.5,1,1,0,22.5,22.5,22.476672553416737,22.26086956521739,22.474622770919066,0,
10,main,cosine,0.25,14,1,3,1344,26.3308063223958,26.4,26.5,1,1,0,26.5,26.5,26.385847874893916,26.94736842105263,26.383252818035427,0,
10,main,cosine,0.25,14,1,4,1344,22.08523747883737,22.1,22.25,1,1,0,22.25,22,22.10527489943719,22.26086956521739,22.110661268556004,0,
10,main,cosine,0.25,14,1,5,1344,24.37024680711329,24.3,24.25,1,1,0,24.25,24.25,24.320018373643332,24.38095238095238,24.30860534124629,0,
10,main,cosine,0.25,14,1,6,1344,26.90091620758176,26.85,27,1,1,0,27,26.75,26.849178195467374,26.94736842105263,26.859016393442623,0,
10,main,cosine,0.25,14,1,7,1344,25.31534095108509,25.35,25.25,1,1,0,25.25,25.25,25.34511962959145,25.6,25.362229102167184,0,
10,main,cosine,0.25,14,1,8,1344,25.875939298421144,25.9,26,1,1,0,25.75,26,25.905752221857565,25.6,25.924050632911392,0,
10,main,cosine,0.25,14,1,9,1344,24.112198874354362,24.15,24.25,1,1,0,24.25,24.25,24.172755563078553,24.38095238095238,24.16519174041298,0,
10,main,cosine,0.25,14,1,10,1344,23.72817687690258,23.75,23.75,1,1,0,23.75,23.75,23.733742737571525,23.272727272727273,23.744927536231884,0,
10,main,cosine,0.25,14,1,11,1344,21.599579410627484,21.6,21.75,1,1,0,21.5,21.5,21.61605679902514,21.333333333333332,21.614775725593667,0,
10,main,cosine,0.25,14,1,12,1344,25.3524149376899,25.3,25.25,1,1,0,25.25,25.25,25.315987003298737,25.6,25.323029366306027,0,
10,main,cosine,0.25,14,1,13,1344,24.618488986045122,24.6,24.5,1,1,0,24.5,24.5,24.617451519429515,24.38095238095238,24.6006006006006,0,
10,main,cosine,0.25,14,1,14,1344,25.231230169534683,25.25,25.5,1,1,0,25.25,25.25,25.271197199816868,25.6,25.28395061728395,0,
10,main,cosine,0.25,14,1,15,1344,23.849591409787536,23.85,23.75,1,1,0,23.75,23.75,23.828199101564586,24.38095238095238,23.813953488372093,0,
10,main,cosine,0.25,14,1,16,1344,27.48329620808363,27.5,27.5,1,1,0,27.5,27.75,27.51497448154095,26.94736842105263,27.48993288590604,0,
10,main,cosine,0.25,14,1,17,1344,21.028241265565157,21,21,1,1,0,21,21,21.010288833103477,21.333333333333332,21.03209242618742,0,
10,main,cosine,0.25,14,1,18,1344,21.705105086788535,21.7,21.75,1,1,0,21.75,21.75,21.6801535047503,21.333333333333332,21.67195767195767,0,
10,main,cosine,0.25,14,1,19,1344,24.71409405581653,24.75,24.75,1,1,0,24.75,24.75,24.734393206895856,24.38095238095238,24.749244712990937,0,
10,main,cosine,0.25,14,1,20,1344,26.673684135079384,26.65,26.75,1,1,0,26.75,26.75,26.64161832914051,26.94736842105263,26.640650406504065,0,
10,main,cosine,0.25,14,1,21,1344,21.41456761956215,21.45,21.5,1,1,0,21.5,21.5,21.468718841547567,21.333333333333332,21.47313237221494,0,
10,main,cosine,0.25,14,1,22,1344,21.950151834636927,21.9,22,1,1,0,22,22,21.922174670881247,22.26086956521739,21.933065595716197,0,
10,main,cosine,0.25,14,1,23,1344,23.965768421068788,23.95,24,1,1,0,24,24,23.972585878814375,24.38095238095238,23.988286969253295,0,
10,main,cosine,0.25,14,1,24,1344,24.06497447565198,24.1,24,1,1,0,24,24,24.078551053575016,24.38095238095238,24.058737151248163,0,
10,main,cosine,0.25,14,1,25,1344,20.425713507458568,20.45,20.5,1,1,0,20.5,20.5,20.43684740665585,20.48,20.428927680798004,0,
10,main,cosine,0.25,14,1,26,1344,25.967420188710093,26,26,1,1,0,26,26,26.004737469863503,25.6,26.006349206349206,0,
10,main,cosine,0.25,14,1,27,1344,27.513952204957604,27.5,27.5,1,1,0,27.5,27.75,27.497736182163646,26.94736842105263,27.48993288590604,0,
10,main,cosine,0.25,14,1,28,1344,23.59243242442608,23.6,23.5,1,1,0,23.5,23.5,23.583245719315236,23.272727272727273,23.57410071942446,0,
10,main,cosine,0.25,14,1,29,1344,21.06560648418963,21.1,21,1,1,0,21,21,21.07868896892897,21.333333333333332,21.05912596401028,0,
10,main,cosine,0.25,14,1,30,1344,26.88733164779842,26.9,27,1,1,0,26.75,26.75,26.912225632583148,26.94736842105263,26.90311986863711,0,
10,main,cosine,0.25,14,1,31,1344,20.546413883566856,20.55,20.5,1,1,0,20.5,20.5,20.552841997422696,20.48,20.557089084065243,0,
10,main,cosine,0.25,14,1,32,1344,20.793775212019682,20.8,20.75,1,1,0,20.75,20.75,20.78647286266319,20.48,20.79187817258883,0,
10,main,cosine,0.25,14,1,33,1344,24.803521126508713,24.8,24.75,1,1,0,24.75,24.75,24.822826895913707,24.38095238095238,24.824242424242424,0,
10,main,cosine,0.25,14,1,34,1344,22.435393935069442,22.4,22.5,1,1,0,22.5,22.25,22.42236521824231,22.26086956521739,22.41313269493844,0,
10,main,cosine,0.25,14,1,35,1344,25.280621130019426,25.35,25.5,1,1,0,25.5,25.5,25.34799228804595,25.6,25.362229102167184,0,
10,main,cosine,0.25,14,1,36,1344,20.957924539223313,20.95,21,1,1,0,20.75,21,20.949710248293346,21.333333333333332,20.95140664961637,0,
10,main,cosine,0.25,14,1,37,1344,26.81112947501242,26.85,27,1,1,0,26.5,27,26.85429183147725,26.94736842105263,26.81505728314239,0,
10,main,cosine,0.25,14,1,38,1344,21.75246921926737,21.75,21.75,1,1,0,21.75,21.75,21.768467776330496,21.333333333333332,21.78723404255319,0,
10,main,cosine,0.25,14,1,39,1344,27.278596753254533,27.25,27.25,1,1,0,27.25,27.25,27.263177175360727,26.94736842105263,27.261231281198004,0,
10,main,cosine,0.25,14,1,40,1344,24.204959966242313,24.2,24.25,1,1,0,24.25,24.25,24.221016258521615,24.38095238095238,24.236686390532544,0,
10,main,cosine,0.25,14,1,41,1344,27.86793641373515,27.85,28,1,1,0,28,28,27.864544721606595,28.444444444444443,27.911413969335605,0,
10,main,cosine,0.25,14,1,42,1344,21.120862018316984,21.1,21,1,1,0,21,21,21.107087824783424,21.333333333333332,21.086229086229086,0,
10,main,cosine,0.25,14,1,43,1344,23.831815093755722,23.9,24,1,1,0,24,24,23.894423833545538,24.38095238095238,23.91824817518248,0,
10,main,cosine,0.25,14,1,44,1344,21.04251877591014,21.05,21,1,1,0,21,21,21.062755862631278,21.333333333333332,21.05912596401028,0,
10,main,cosine,0.25,14,1,45,1344,22.320027505978942,22.35,22.5,1,1,0,22.5,22.25,22.358798374337358,22.26086956521739,22.351978171896317,0,
10,main,cosine,0.25,14,1,46,1344,26.733808107674122,26.65,26.5,1,1,0,26.5,26.75,26.634914138641452,26.94736842105263,26.640650406504065,0,
10,main,cosine,0.25,14,1,47,1344,22.86609168536961,22.8,22.75,1,1,0,22.75,22.75,22.808301236605434,23.272727272727273,22.818941504178273,0,
10,main,cosine,0.25,14,1,48,1344,23.502937329933047,23.45,23.5,1,1,0,23.5,23.5,23.45531873191089,23.272727272727273,23.43919885550787,0,
10,main,cosine,0.25,14,1,49,1344,21.091543374583125,21.15,21.25,1,1,0,21.25,21.25,21.1493559257739,21.333333333333332,21.140645161290323,0,
10,main,cosine,0.25,14,1,50,1344,23.098911467939615,23.15,23.25,1,1,0,23.25,23.25,23.136358269866122,23.272727272727273,23.141242937853107,0,
10,main,cosine,0.25,14,1,51,1344,25.14485799893737,25.1,25,1,1,0,25,25,25.10158877166724,25.6,25.090352220520675,0,
10,main,cosine,0.25,14,1,52,1344,24.4505199175328,24.4,24.25,1,1,0,24.25,24.25,24.382705870599384,24.38095238095238,24.38095238095238,0,
10,main,cosine,0.25,14,1,53,1344,20.25550537928939,20.25,20.25,1,1,0,20.25,20.25,20.24714412452955,20.48,20.22716049382716,0,
10,main,cosine,0.25,14,1,54,1344,22.80016121082008,22.8,22.75,1,1,0,22.75,22.75,22.79042914423511,23.272727272727273,22.787204450625868,0,
10,main,cosine,0.25,14,1,55,1344,26.083310171961784,26.05,26.25,1,1,0,26.25,26.25,26.059395539179317,25.6,26.047694753577108,0,
10,main,cosine,0.25,14,1,56,1344,22.445382870733738,22.45,22.5,1,1,0,22.5,22.5,22.430192471349606,22.26086956521739,22.443835616438356,0,
10,main,cosine,0.25,14,1,57,1344,22.075691912323236,22.1,22,1,1,0,22,22,22.08501886800842,22.26086956521739,22.080862533692724,0,
10,main,cosine,0.25,14,1,58,1344,25.139894848689437,25.15,25.25,1,1,0,25.25,25.25,25.156528081779058,25.6,25.12883435582822,0,
10,main,cosine,0.25,14,1,59,1344,25.67011884227395,25.7,25.75,1,1,0,25.75,25.75,25.714483487883225,25.6,25.72056514913658,0,
10,main,cosine,0.25,14,1,60,1344,24.04418968781829,24.1,24,1,1,0,24,24,24.105273747388914,24.38095238095238,24.12960235640648,0,
10,main,cosine,0.25,14,1,61,1344,24.845703599974513,24.9,25,1,1,0,25,24.75,24.883195671862236,24.38095238095238,24.861911987860395,0,
10,main,cosine,0.25,14,1,62,1344,20.095761312171817,20.1,20,1,1,0,20,20,20.082809115337117,20.48,20.07843137254902,0,
10,main,cosine,0.25,14,1,63,1344,21.38301443308592,21.4,21.5,1,1,0,21.25,21.25,21.391405125762777,21.333333333333332,21.389033942558747,0,
10,main,cosine,0.25,14,1,64,1344,27.934014039114118,27.9,27.75,1,1,0,27.75,28,27.887958573605722,28.444444444444443,27.86394557823129,0,
10,main,cosine,0.25,14,1,65,1344,26.333221388980746,26.35,26.25,1,1,0,26.25,26.5,26.360003322408605,26.94736842105263,26.340836012861736,0,
10,main,cosine,0.25,14,1,66,1344,23.765502156689763,23.8,24,1,1,0,24,24,23.80867309355471,24.38095238095238,23.813953488372093,0,
10,main,cosine,0.25,14,1,67,1344,21.130632743239403,21.1,21,1,1,0,21,21,21.08240417161384,21.333333333333332,21.086229086229086,0,
10,main,cosine,0.25,14,1,68,1344,27.900686567649245,27.8,27.75,1,1,0,27.75,28,27.81251878895863,28.444444444444443,27.816638370118845,0,
10,main,cosine,0.25,14,1,69,1344,20.701813828200102,20.7,20.75,1,1,0,20.75,20.75,20.70525404988046,20.48,20.713021491782555,0,
10,main,cosine,0.25,14,1,70,1344,25.82441878505051,25.8,25.75,1,1,0,25.75,25.75,25.81540975752476,25.6,25.801574803149606,0,
10,main,cosine,0.25,14,1,71,1344,25.17144215106964,25.2,25.25,1,1,0,25.25,25.25,25.21197153351644,25.6,25.206153846153846,0,
10,main,cosine,0.25,14,1,72,1344,25.262026488780975,25.3,25.25,1,1,0,25.25,25.25,25.29379973671684,25.6,25.28395061728395,0,
10,main,cosine,0.25,14,1,73,1344,24.527234660461545,24.55,24.5,1,1,0,24.5,24.5,24.534639081787564,24.38095238095238,24.526946107784433,0,
10,main,cosine,0.25,14,1,74,1344,26.362786311656237,26.4,26.5,1,1,0,26.5,26.5,26.3962387699183,26.94736842105263,26.383252818035427,0,
10,main,cosine,0.25,14,1,75,1344,27.254800971597433,27.35,27.5,1,1,0,27.25,27.25,27.373092120126195,26.94736842105263,27.39799331103679,0,
10,main,cosine,0.25,14,1,76,1344,25.39018141850829,25.4,25.25,1,1,0,25.25,25.25,25.38472311388027,25.6,25.4015503875969,0,
10,main,cosine,0.25,14,1,77,1344,20.133208394050598,20.15,20.25,1,1,0,20.25,20.25,20.15305181739263,20.48,20.152521525215253,0,
10,main,cosine,0.25,14,1,78,1344,22.654532553628087,22.6,22.5,1,1,0,22.5,22.5,22.60257272255904,22.26086956521739,22.59862068965517,0,
10,main,cosine,0.25,14,1,79,1344,22.304477337747812,22.3,22.25,1,1,0,22.25,22.25,22.288091483766287,22.26086956521739,22.291156462585032,0,
10,main,cosine,0.25,14,1,80,1344,22.75254905037582,22.8,22.75,1,1,0,22.75,22.75,22.810640820193623,23.272727272727273,22.818941504178273,0,
10,main,cosine,0.25,14,1,81,1344,21.000934846699238,21,21,1,1,0,21,21,20.982592215612186,21.333333333333332,20.978233034571062,0,
10,main,cosine,0.25,14,1,82,1344,20.48629565164447,20.5,20.5,1,1,0,20.5,20.5,20.50971302988807,20.48,20.505632040050063,0,
10,main,cosine,0.25,14,1,83,1344,24.008407969027758,23.95,24,1,1,0,24,24,23.974467564977324,24.38095238095238,23.953216374269005,0,
10,main,cosine,0.25,14,1,84,1344,23.97386042959988,24.05,24,1,1,0,24,24,24.047029992903315,24.38095238095238,24.058737151248163,0,
10,main,cosine,0.25,14,1,85,1344,25.677247608080506,25.7,25.5,1,1,0,25.5,25.5,25.682075423006893,25.6,25.68025078369906,0,
10,main,cosine,0.25,14,1,86,1344,26.718811543658376,26.75,26.75,1,1,0,26.75,26.75,26.735891975683266,26.94736842105263,26.72756933115824,0,
10,main,cosine,0.25,14,1,87,1344,27.377160161733627,27.4,27.25,1,1,0,27.25,27.5,27.3750776759924,26.94736842105263,27.39799331103679,0,
10,main,cosine,0.25,14,1,88,1344,25.279047679156065,25.3,25.25,1,1,0,25.25,25.5,25.29499823346345,25.6,25.28395061728395,0,
10,main,cosine,0.25,14,1,89,1344,24.90863796323538,24.85,25,1,1,0,24.75,24.75,24.869096093494417,24.38095238095238,24.861911987860395,0,
10,main,cosine,0.25,14,1,90,1344,23.53044670447707,23.5,23.5,1,1,0,23.5,23.5,23.49969943921882,23.272727272727273,23.506456241033,0,
10,main,cosine,0.25,14,1,91,1344,26.613818254321814,26.55,26.5,1,1,0,26.5,26.5,26.53484378145841,26.94736842105263,26.554294975688816,0,
10,main,cosine,0.25,14,1,92,1344,23.012052297592163,23.05,23,1,1,0,23,23,23.037422072307795,23.272727272727273,23.043600562587905,0,
10,main,cosine,0.25,14,1,93,1344,25.509265333414078,25.55,25.5,1,1,0,25.5,25.5,25.569298770791853,25.6,25.5600624024961,0,
10,main,cosine,0.25,14,1,94,1344,25.405664751306176,25.45,25.25,1,1,0,25.25,25.25,25.43132490458507,25.6,25.440993788819874,0,
10,main,cosine,0.25,14,1,95,1344,24.42009289190173,24.35,24.5,1,1,0,24.25,24.25,24.374125286313912,24.38095238095238,24.38095238095238,0,
10,main,cosine,0.25,14,1,96,1344,21.54519553296268,21.55,21.5,1,1,0,21.5,21.5,21.550251534573494,21.333333333333332,21.557894736842105,0,
10,main,cosine,0.25,14,1,97,1344,25.616232745349407,25.7,25.75,1,1,0,25.75,25.75,25.710293242840766,25.6,25.72056514913658,0,
10,main,cosine,0.25,14,1,98,1344,20.66732034832239,20.65,20.75,1,1,0,20.75,20.75,20.630275954200595,20.48,20.634760705289672,0,
10,main,cosine,0.25,14,1,99,1344,27.78659792803228,27.85,28,1,1,0,28,27.75,27.83876203428581,28.444444444444443,27.816638370118845,0,
10,main,cosine,0.25,14,1,100,1344,24.561053529381752,24.5,24.5,1,1,0,24.5,24.5,24.522651728843762,24.38095238095238,24.526946107784433,0,
10,main,cosine,0.25,14,1,101,1344,24.708483884111047,24.75,24.75,1,1,0,24.75,24.75,24.748497719986457,24.38095238095238,24.749244712990937,0,
10,main,cosine,0.25,14,1,102,1344,27.807828195393085,27.85,27.75,1,1,0,27.75,27.75,27.87239123901256,28.444444444444443,27.86394557823129,0,
10,main,cosine,0.25,14,1,103,1344,25.26725935563445,25.25,25.25,1,1,0,25.25,25.25,25.242203105267865,25.6,25.244992295839754,0,
10,main,cosine,0.25,14,1,104,1344,21.874877475202084,21.9,21.75,1,1,0,21.75,22,21.886982887249104,22.26086956521739,21.874499332443257,0,
10,main,cosine,0.25,14,1,105,1344,24.62995332852006,24.6,24.5,1,1,0,24.5,24.5,24.57943938012091,24.38095238095238,24.563718140929534,0,
10,main,cosine,0.25,14,1,106,1344,26.947686159983277,27,27,1,1,0,27,27.25,27.00284902195093,26.94736842105263,26.99176276771005,0,
10,main,cosine,0.25,14,1,107,1344,25.73166066221893,25.7,25.75,1,1,0,25.75,25.5,25.708487139504246,25.6,25.72056514913658,0,
10,main,cosine,0.25,14,1,108,1344,22.413706256076694,22.45,22.5,1,1,0,22.5,22.5,22.45321076547346,22.26086956521739,22.443835616438356,0,
10,main,cosine,0.25,14,1,109,1344,21.5947233363986,21.6,21.5,1,1,0,21.5,21.5,21.61137665046562,21.333333333333332,21.614775725593667,0,
10,main,cosine,0.25,14,1,110,1344,20.792422454804182,20.8,20.75,1,1,0,20.75,20.75,20.775910592852807,20.48,20.76552598225602,0,
10,main,cosine,0.25,14,1,111,1344,21.378740111365914,21.4,21.5,1,1,0,21.5,21.5,21.40971567831099,21.333333333333332,21.416993464052286,0,
10,main,cosine,0.25,14,1,112,1344,27.080360509455204,27.05,27.25,1,1,0,27.25,27.25,27.05593232429215,26.94736842105263,27.08099173553719,0,
10,main,cosine,0.25,14,1,113,1344,24.31106636300683,24.3,24.25,1,1,0,24.25,24.25,24.31841423948104,24.38095238095238,24.30860534124629,0,
10,main,cosine,0.25,14,1,114,1344,22.75654678605497,22.8,22.75,1,1,0,22.75,22.75,22.776916743049988,23.272727272727273,22.787204450625868,0,
10,main,cosine,0.25,14,1,115,1344,26.651006383821368,26.6,26.75,1,1,0,26.75,26.75,26.618837137367027,26.94736842105263,26.5974025974026,0,
10,main,cosine,0.25,14,1,116,1344,22.45953183248639,22.45,22.5,1,1,0,22.5,22.5,22.460636804994987,22.26086956521739,22.474622770919066,0,
10,main,cosine,0.25,14,1,117,1344,21.318650299683213,21.4,21.5,1,1,0,21.5,21.5,21.381366781368314,21.333333333333332,21.389033942558747,0,
10,main,cosine,0.25,14,1,118,1344,21.881743799895048,21.9,22,1,1,0,22,21.75,21.898587216397228,22.26086956521739,21.90374331550802,0,
10,main,cosine,0.25,14,1,119,1344,25.88605073094368,25.95,26,1,1,0,26,25.75,25.925348207382907,25.6,25.924050632911392,0,
10,main,cosine,0.25,14,1,120,1344,26.383342070505023,26.4,26.25,1,1,0,26.25,26.25,26.377444316228758,26.94736842105263,26.383252818035427,0,
10,main,cosine,0.25,14,1,121,1344,26.454241443425417,26.450000000000003,26.75,1,1,0,26.5,26.5,26.467853254214457,26.94736842105263,26.468497576736674,0,
10,main,cosine,0.25,14,1,122,1344,20.322680355980992,20.3,20.25,1,1,0,20.25,20.25,20.32037588338854,20.48,20.302354399008674,0,
10,main,cosine,0.25,14,1,123,1344,26.111621653661132,26.1,26.25,1,1,0,26,26,26.091512621894875,25.6,26.089171974522294,0,
10,main,cosine,0.25,14,1,124,1344,27.39879115857184,27.4,27.5,1,1,0,27.5,27.25,27.40978797465643,26.94736842105263,27.39799331103679,0,
10,main,cosine,0.25,14,1,125,1344,25.50350395217538,25.45,25.25,1,1,0,25.25,25.25,25.45429479292329,25.6,25.440993788819874,0,
10,main,cosine,0.25,14,1,126,1344,22.778325419873,22.75,22.75,1,1,0,22.75,22.75,22.757998533266335,23.272727272727273,22.755555555555556,0,
10,main,cosine,0.25,14,1,127,1344,20.579865016043186,20.55,20.5,1,1,0,20.5,20.5,20.560148176346733,20.48,20.557089084065243,0,
10,main,cosine,0.25,14,1,128,1344,26.402002258226275,26.450000000000003,26.5,1,1,0,26.5,26.5,26.453779208802494,26.94736842105263,26.468497576736674,0,
10,main,cosine,0.25,14,1,129,1344,24.944380244240165,25,25,1,1,0,25,25,24.99846452254776,25.6,24.975609756097562,0,
10,main,cosine,0.25,14,1,130,1344,24.027389638125896,24,24,1,1,0,24,24,24.007003718199893,24.38095238095238,23.988286969253295,0,
10,main,cosine,0.25,14,1,131,1344,26.714930310845375,26.700000000000003,26.75,1,1,0,26.75,26.75,26.704179045821615,26.94736842105263,26.72756933115824,0,
10,main,cosine,0.25,14,1,132,1344,23.696227772161365,23.65,23.75,1,1,0,23.75,23.75,23.671751210403617,23.272727272727273,23.67630057803468,0,
10,main,cosine,0.25,14,1,133,1344,25.74648955836892,25.7,25.75,1,1,0,25.75,25.5,25.710876257153128,25.6,25.68025078369906,0,
10,main,cosine,0.25,14,1,134,1344,25.532237900421023,25.5,25.5,1,1,0,25.5,25.5,25.51832879072907,25.6,25.5202492211838,0,
10,main,cosine,0.25,14,1,135,1344,24.39720468595624,24.3,24.5,1,1,0,24.5,24.25,24.317097364716673,24.38095238095238,24.30860534124629,0,
10,main,cosine,0.25,14,1,136,1344,25.871465714648366,25.9,26,1,1,0,26,26,25.89053205308432,25.6,25.88309636650869,0,
10,main,cosine,0.25,14,1,137,1344,27.98401248268783,28,28,1,1,0,27.75,27.75,28.023033289893757,28.444444444444443,28.006837606837607,0,
10,main,cosine,0.25,14,1,138,1344,24.69467442110181,24.65,24.75,1,1,0,24.75,24.75,24.671751970826573,24.38095238095238,24.674698795180724,0,
10,main,cosine,0.25,14,1,139,1344,27.56311772763729,27.6,27.75,1,1,0,27.75,27.75,27.597859654297224,26.94736842105263,27.62900505902192,0,
10,main,cosine,0.25,14,1,140,1344,27.666879380121827,27.65,27.5,1,1,0,27.5,27.5,27.665169466044752,28.444444444444443,27.675675675675677,0,
10,main,cosine,0.25,14,1,141,1344,23.14528917707503,23.1,23.25,1,1,0,23.25,23.25,23.10637977649689,23.272727272727273,23.108603667136812,0,
10,main,cosine,0.25,14,1,142,1344,21.80672219209373,21.85,21.75,1,1,0,21.75,21.75,21.861392646549554,22.26086956521739,21.845333333333333,0,
10,main,cosine,0.25,14,1,143,1344,22.13699658587575,22.1,22.25,1,1,0,22.25,22.25,22.113781872255338,22.26086956521739,22.110661268556004,0,
10,main,cosine,0.25,14,1,144,1344,23.163518579676747,23.2,23.25,1,1,0,23.25,23.25,23.21850447506423,23.272727272727273,23.206798866855525,0,
10,main,cosine,0.25,14,1,145,1344,24.9870233386755,24.95,25,1,1,0,25,25,24.969989819673046,25.6,24.975609756097562,0,
10,main,cosine,0.25,14,1,146,1344,25.53792765364051,25.5,25.5,1,1,0,25.5,25.5,25.51959355726692,25.6,25.5202492211838,0,
10,main,cosine,0.25,14,1,147,1344,27.068563506007195,27.1,27,1,1,0,27,27.25,27.12128924917069,26.94736842105263,27.125827814569536,0,
10,main,cosine,0.25,14,1,148,1344,26.226989237591624,26.25,26.25,1,1,0,26.25,26.25,26.266131133490024,26.94736842105263,26.256410256410255,0,
10,main,cosine,0.25,14,1,149,1344,22.254663459956646,22.2,22.25,1,1,0,22.25,22.25,22.21597306107264,22.26086956521739,22.230664857530527,0,
10,main,cosine,0.25,14,1,150,1344,27.136096373200417,27.05,27,1,1,0,27,27,27.045785244210656,26.94736842105263,27.036303630363037,0,
10,main,cosine,0.25,14,1,151,1344,24.81644475646317,24.75,24.75,1,1,0,24.75,24.75,24.749923957403304,24.38095238095238,24.749244712990937,0,
10,main,cosine,0.25,14,1,152,1344,20.767158161848783,20.7,20.75,1,1,0,20.75,20.75,20.71560867539548,20.48,20.713021491782555,0,
10,main,cosine,0.25,14,1,153,1344,26.749874452129006,26.8,26.75,1,1,0,26.75,27,26.787566064632447,26.94736842105263,26.81505728314239,0,
10,main,cosine,0.25,14,1,154,1344,20.399354442954063,20.4,20.5,1,1,0,20.25,20.25,20.37720574537506,20.48,20.378109452736318,0,
10,main,cosine,0.25,14,1,155,1344,25.38650187291205,25.4,25.5,1,1,0,25.5,25.5,25.394454095697302,25.6,25.4015503875969,0,
10,main,cosine,0.25,14,1,156,1344,25.413664227351546,25.45,25.5,1,1,0,25.5,25.5,25.473329340338548,25.6,25.480559875583204,0,
10,main,cosine,0.25,14,1,157,1344,22.84503648802638,22.85,23,1,1,0,22.75,23,22.854954061822312,23.272727272727273,22.850767085076708,0,
10,main,cosine,0.25,14,1,158,1344,26.684844844043255,26.65,26.5,1,1,0,26.5,26.5,26.639478206025824,26.94736842105263,26.640650406504065,0,
10,main,cosine,0.25,14,1,159,1344,20.65737602673471,20.65,20.75,1,1,0,20.5,20.75,20.649907293369306,20.48,20.66078184110971,0,
10,main,cosine,0.25,14,1,160,1344,24.752116752788424,24.8,24.75,1,1,0,24.75,24.75,24.811051188987385,24.38095238095238,24.824242424242424,0,
10,main,cosine,0.25,14,1,161,1344,21.239440143108368,21.25,21.25,1,1,0,21.25,21.25,21.24150122993153,21.333333333333332,21.250324254215304,0,
10,main,cosine,0.25,14,1,162,1344,26.768096966668963,26.75,26.75,1,1,0,26.75,26.75,26.763856305940692,26.94736842105263,26.77124183006536,0,
10,main,cosine,0.25,14,1,163,1344,23.356488898396492,23.3,23.25,1,1,0,23.25,23.25,23.320992716906407,23.272727272727273,23.305832147937412,0,
10,main,cosine,0.25,14,1,164,1344,27.592572381719947,27.55,27.5,1,1,0,27.5,27.5,27.563021265780666,26.94736842105263,27.536134453781514,0,
10,main,cosine,0.25,14,1,165,1344,20.794171588495374,20.8,20.75,1,1,0,20.75,20.75,20.820706098886653,20.48,20.818297331639137,0,
10,main,cosine,0.25,14,1,166,1344,23.878152273595333,23.9,24,1,1,0,24,24,23.8858236882372,24.38095238095238,23.88338192419825,0,
10,main,cosine,0.25,14,1,167,1344,25.952852807939053,26,26,1,1,0,26,26,25.98228189811514,25.6,25.96513470681458,0,
10,main,cosine,0.25,14,1,168,1344,27.62919918820262,27.6,27.5,1,1,0,27.5,27.5,27.604134091313924,26.94736842105263,27.58249158249158,0,
10,main,cosine,0.25,14,1,169,1344,24.13754203915596,24.15,24.25,1,1,0,24.25,24.25,24.12581178893095,24.38095238095238,24.12960235640648,0,
10,main,cosine,0.25,14,1,170,1344,24.09526362642646,24.05,24,1,1,0,24,24,24.043494305253567,24.38095238095238,24.058737151248163,0,
10,main,cosine,0.25,14,1,171,1344,20.299914160743356,20.25,20.25,1,1,0,20.25,20.25,20.274309620065708,20.48,20.277227722772277,0,
10,main,cosine,0.25,14,1,172,1344,20.65554567426443,20.7,20.75,1,1,0,20.75,20.75,20.678872479552133,20.48,20.68686868686869,0,
10,main,cosine,0.25,14,1,173,1344,22.734110444784164,22.7,22.75,1,1,0,22.75,22.75,22.695494004831613,22.26086956521739,22.69252077562327,0,
10,main,cosine,0.25,14,1,174,1344,27.893113804981112,27.85,28,1,1,0,28,28,27.874684534694847,28.444444444444443,27.911413969335605,0,
10,main,cosine,0.25,14,1,175,1344,27.68148774281144,27.75,27.75,1,1,0,27.75,27.75,27.733946033713966,28.444444444444443,27.722504230118442,0,
10,main,cosine,0.25,14,1,176,1344,20.232885731384158,20.25,20.25,1,1,0,20.25,20.25,20.25492083452557,20.48,20.252163164400493,0,
10,main,cosine,0.25,14,1,177,1344,25.935113463550806,25.9,25.75,1,1,0,25.75,26,25.903596280960617,25.6,25.88309636650869,0,
10,main,cosine,0.25,14,1,178,1344,21.942127648741007,21.9,22,1,1,0,22,21.75,21.881648019085578,22.26086956521739,21.874499332443257,0,
10,main,cosine,0.25,14,1,179,1344,24.464600548148155,24.55,24.5,1,1,0,24.5,24.5,24.532102326831783,24.38095238095238,24.526946107784433,0,
10,main,cosine,0.25,14,1,180,1344,24.782449146732688,24.75,24.75,1,1,0,24.75,24.75,24.757335287810633,24.38095238095238,24.786686838124055,0,
10,main,cosine,0.25,14,1,181,1344,23.32539615780115,23.3,23.25,1,1,0,23.25,23.25,23.297653027013435,23.272727272727273,23.305832147937412,0,
10,main,cosine,0.25,14,1,182,1344,26.415463965386152,26.35,26.25,1,1,0,26.25,26.25,26.34400212010099,26.94736842105263,26.340836012861736,0,
10,main,cosine,0.25,14,1,183,1344,26.846322041004896,26.950000000000003,27,1,1,0,27,27,26.928233208565025,26.94736842105263,26.94736842105263,0,
10,main,cosine,0.25,14,1,184,1344,23.866146501153708,23.85,23.75,1,1,0,23.75,23.75,23.847501260049132,24.38095238095238,23.848617176128094,0,
10,main,cosine,0.25,14,1,185,1344,22.063805842772126,22.05,22,1,1,0,22,22,22.054334523457676,22.26086956521739,22.05114401076716,0,
10,main,cosine,0.25,14,1,186,1344,25.161976421251893,25.2,25.25,1,1,0,25.25,25.25,25.184347569925983,25.6,25.167434715821813,0,
10,main,cosine,0.25,14,1,187,1344,26.629256879910827,26.6,26.5,1,1,0,26.5,26.5,26.61166218726089,26.94736842105263,26.5974025974026,0,
10,main,cosine,0.25,14,1,188,1344,23.125976430252194,23.05,23,1,1,0,23,23,23.064357923094747,23.272727272727273,23.07605633802817,0,
10,main,cosine,0.25,14,1,189,1344,21.292802209034562,21.3,21.25,1,1,0,21.25,21.25,21.296977502712938,21.333333333333332,21.30559167750325,0,
10,main,cosine,0.25,14,1,190,1344,27.669712046161294,27.6,27.5,1,1,0,27.5,27.5,27.594784318761576,26.94736842105263,27.58249158249158,0,
10,main,cosine,0.25,14,1,191,1344,23.051627868786454,23.05,23,1,1,0,23,23,23.035889951941467,23.272727272727273,23.043600562587905,0,
10,main,cosine,0.25,14,1,192,1344,21.65361620299518,21.65,21.75,1,1,0,21.75,21.75,21.657413685569445,21.333333333333332,21.67195767195767,0,
10,main,cosine,0.25,14,1,193,1344,21.543607538565993,21.45,21.5,1,1,0,21.5,21.5,21.44198365363866,21.333333333333332,21.445026178010473,0,
10,main,cosine,0.25,14,1,194,1344,21.254937406629324,21.2,21.25,1,1,0,21.25,21.25,21.215595495673067,21.333333333333332,21.22279792746114,0,
10,main,cosine,0.25,14,1,195,1344,24.355594493448734,24.35,24.25,1,1,0,24.25,24.25,24.37069576276923,24.38095238095238,24.38095238095238,0,
10,main,cosine,0.25,14,1,196,1344,24.65858082845807,24.65,24.5,1,1,0,24.5,24.5,24.66493470551731,24.38095238095238,24.637593984962407,0,
10,main,cosine,0.25,14,1,197,1344,21.070872439071536,21.05,21,1,1,0,21,21,21.052796426791865,21.333333333333332,21.03209242618742,0,
10,main,cosine,0.25,14,1,198,1344,23.967743335291743,24,24,1,1,0,24,24,24.01748125478214,24.38095238095238,24.023460410557185,0,
10,main,cosine,0.25,14,1,199,1344,26.49510353244841,26.6,26.5,1,1,0,26.5,26.5,26.595580238835204,26.94736842105263,26.5974025974026,0,
16,main,cosine,1,7,0.25,0,168,26.821009270846844,25.2,32,0,0,0.08442158963218171,32,32,25.207312443521825,11.130434782608695,11.130434782608695,0.22815462348076476,0.195
16,main,cosine,1,7,0.25,1,168,27.076535208150744,27.200000000000003,29,1,1,0.0024778399770977177,29,29,27.17625552860626,3.657142857142857,3.641698155145588,0.20041495367634898,0.57
16,main,cosine,1,7,0.25,2,168,24.76400769688189,27.200000000000003,28,0,0,0.032488098716340175,28,32,27.182013854645245,3.282051282051282,3.282708875976758,0.0754398180534005,0.19
16,main,cosine,1,7,0.25,3,168,25.345131039619446,25.75,27,0,0,0.02289452712052842,27,25,25.747643509802238,25.6,25.72056514913658,0.0003503854804508544,0.085
16,main,cosine,1,7,0.25,4,168,25.406650327146053,18,32,0,0,0.03435787249944011,32,32,18,17.066666666666666,16.73544433094995,0.11834312239953027,0.555
16,main,cosine,1,7,0.25,5,168,23.975387958809733,23.45,23,0,0,0.030826045767526677,23,23,23.438930728861443,23.272727272727273,23.472779369627506,0.000021503395514210766,0.03
16,main,cosine,1,7,0.25,6,168,20.751294374465942,30.3,31,0,0,0.12238258461439,31,21,30.29667242624406,3.657142857142857,3.672719121273257,0.0927633527836037,0.475
16,main,cosine,1,7,0.25,7,168,24.53334667906165,32,32,0,0,0.08158562077500142,25,25,32,36.57142857142857,34.78556263269639,0.10314172942946265,0.415
16,main,cosine,1,7,0.25,8,168,22.814226245507598,32,28,0,0,0.09184245027370952,28,28,32,7.529411764705882,7.467639015496809,0.947216935902436,0.665
16,main,cosine,1,7,0.25,9,168,24.3195284511894,24.25,32,0,0,0.054231439792511216,32,24,24.26217257686448,6.4,24.236686390532544,0.0010798337059081398,0.27
16,main,cosine,1,7,0.25,10,168,25.293643191456795,26,29,0,0,0.13494276607322342,29,29,25.982469049741503,25.6,26.089171974522294,0.0010863098233816482,0.045
16,main,cosine,1,7,0.25,11,168,27.498033959418535,28.200000000000003,31,0,0,0.0835441362354391,31,31,28.204058539807907,3.1604938271604937,3.1696653124395433,0.014047847205788,0.635
16,main,cosine,1,7,0.25,12,168,23.628863902762532,19.35,29,0,0,0.09480508938144128,29,26,19.33588594306203,3.240506329113924,3.2533756949960284,0.08955690714354203,0.57
16,main,cosine,1,7,0.25,13,168,22.72181454114616,29.15,31,0,0,0.1779633522159979,21,21,29.173994334589807,3.011764705882353,3.0073421439060204,0.4634894609715129,0.445
16,main,cosine,1,7,0.25,14,168,26.614417999982834,26.3,26,0,0,0.009062121376503973,26,26,26.30613075253216,25.6,26.2144,0.000004461843866043758,0.035
16,main,cosine,1,7,0.25,15,168,22.408777626231313,22.55,31,0,0,0.07587519023721334,31,22,22.524105031001305,10.24,10.291457286432161,0.06578214194371923,0.28
16,main,cosine,1,7,0.25,16,168,26.06076562218368,26.5,26,0,0,0.006167207145280851,26,26,26.509970252300693,3.240506329113924,3.2488598056712275,0.01660433511525039,0.13
16,main,cosine,1,7,0.25,17,168,22.648535830900073,23.75,24,0,0,0.01279143142152006,24,27,23.73630735155231,23.272727272727273,23.744927536231884,0.002808384568308009,0.05
16,main,cosine,1,7,0.25,18,168,20.395192926749587,18,31,0,0,0.035338583582001926,31,31,18,17.066666666666666,17.35593220338983,0.10539646840595673,0.915
16,main,cosine,1,7,0.25,19,168,25.96014049835503,26.8,31,0,0,0.2985079288275798,31,32,26.78276806157529,128,144.99115044247787,0.23606795698406446,0.28
16,main,cosine,1,7,0.25,20,168,24.67389814555645,24.3,29,0,0,0.028467956225827873,29,29,24.277737550042232,12.19047619047619,16.616632860040568,0.0055094490478011515,0.255
16,main,cosine,1,7,0.25,21,168,26.89478536322713,25.6,32,0,0,0.24902024526293087,25,19,25.606655494075547,36.57142857142857,36.08810572687225,0.15973714371697745,0.185
16,main,cosine,1,7,0.25,22,168,26.9453521091491,25.1,25,0,0,0.11210663813898503,22,22,25.13374323598376,2.098360655737705,2.097017790861385,0.15144971868892232,0.155
16,main,cosine,1,7,0.25,23,168,22.354998068884015,26.4,30,0,0,0.009094206917211856,30,20,26.412439529815856,2.4854368932038833,2.494518879415347,0.5060416724687846,0.235
16,main,cosine,1,7,0.25,24,168,21.946788838133216,18.2,32,0,0,0.10823708044511127,32,25,18.21466091664131,2.782608695652174,6.3602484472049685,0.34542339179694115,0.31
16,main,cosine,1,7,0.25,25,168,22.21307724714279,22,27,0,0,0.1926949891965779,27,27,22.019768554435693,4.654545454545454,11.924308588064047,0.06463215864988336,0.345
16,main,cosine,1,7,0.25,26,168,23.64407231286168,32,29,0,0,0.003858691034866246,29,29,32,17.066666666666666,2.2367235494880546,0.0580701053191961,0.46
16,main,cosine,1,7,0.25,27,168,22.598138036206365,18.6,32,0,0,0.2545722558600815,18,23,18.608461830243517,18.285714285714285,18.639362912400454,0.015990720822062543,0.195
16,main,cosine,1,7,0.25,28,168,21.575190287083387,21.25,26,0,0,0.1058456533451565,26,26,21.244155425447833,2.8764044943820224,2.362168396770473,0.1627198496176282,0.27
16,main,cosine,1,7,0.25,29,168,23.86090849339962,24.05,25,0,0,0.018245373830333644,25,25,24.071588648496842,5.333333333333333,5.336807817589577,0.006651318733644107,0.12
16,main,cosine,1,7,0.25,30,168,26.962553640827537,20.35,27,0,0,0.14398007400132684,26,32,20.32868038080623,42.666666666666664,41.47848101265823,0.13330581031771793,0.575
16,main,cosine,1,7,0.25,31,168,25.84310493245721,26.8,27,0,0,0.090658271601881,27,27,26.81457677371247,2.098360655737705,5.382391590013141,0.06667687990017179,0.39
16,main,cosine,1,7,0.25,32,168,24.00334052927792,23.85,32,0,0,0.03418167880012457,21,21,23.864814722679483,23.272727272727273,23.848617176128094,0.00011472976778836852,0.02
16,main,cosine,1,7,0.25,33,168,22.963852351531386,23.15,25,0,0,0.026439394936508598,25,24,23.15297190833156,23.272727272727273,23.141242937853107,0.000015047966887782316,0.015
16,main,cosine,1,7,0.25,34,168,27.290812803432345,26.4,30,0,0,0.09128887766497407,24,30,26.385831304926832,25.6,26.425806451612903,0.0005540851417082937,0.03
16,main,cosine,1,7,0.25,35,168,27.272084468975663,29.4,30,0,0,0.12228480784331686,30,30,29.4327863488911,2.015748031496063,8.380562659846547,0.23218993095564766,0.695
16,main,cosine,1,7,0.25,36,168,20.75487108528614,21.15,29,0,0,0.014185737652650743,29,29,21.142443990429324,2.3063063063063063,2.3089064261555805,0.03311540641853661,0.09
16,main,cosine,1,7,0.25,37,168,25.84950502216816,31.950000000000003,32,0,0,0.08036972530512143,32,32,31.936575807242974,2.4380952380952383,2.4355581983053365,0.09923634812148818,0.285
16,main,cosine,1,7,0.25,38,168,25.712764251977205,27.450000000000003,28,0,0,0.04648527934972446,28,28,27.434839065867653,3.710144927536232,3.708465368945224,0.24297508731631468,0.47
16,main,cosine,1,7,0.25,39,168,22.747156132012606,18.3,27,0,0,0.06314860369856712,27,27,18.267381703346114,6.7368421052631575,6.725779967159277,0.1746856792790734,0.625
16,main,cosine,1,7,0.25,40,168,23.145855352282524,32,32,0,0,0.23066907895798028,20,20,32,2.6391752577319587,6.662871085807239,0.3153533880123166,0.45
16,main,cosine,1,7,0.25,41,168,26.937615867704153,28.35,30,0,0,0.07187461701574094,30,29,28.34651363394569,28.444444444444443,28.248275862068965,0.0007461787423983512,0.525
16,main,cosine,1,7,0.25,42,168,24.41791138239205,32,27,0,0,0.07706278250497389,20,27,32,4.063492063492063,4.04943153732081,0.4497936490343949,0.74
16,main,cosine,1,7,0.25,43,168,27.684707533568144,18.95,31,0,0,0.46628441122022934,26,21,18.944253158338825,5.224489795918367,11.441340782122905,0.5153216499893336,0.335
16,main,cosine,1,7,0.25,44,168,26.7082938849926,26.15,26,0,0,0.00535416730412297,26,26,26.129863031372853,25.6,3.4815129621759455,0.003222257285714014,0.06
16,main,cosine,1,7,0.25,45,168,27.717601353302598,28.5,27,0,0,0.08966147374588951,27,27,28.52416242996796,3.9384615384615387,3.931845452363811,0.016146814381019947,0.625
16,main,cosine,1,7,0.25,46,168,20.26053849607706,18.2,31,0,0,0.0784621900454805,31,29,18.215805468261994,85.33333333333333,98.6987951807229,0.2361269811103489,0.08
16,main,cosine,1,7,0.25,47,168,23.030640345066786,23.1,32,0,0,0.28739711143908897,23,23,23.0892724149634,23.272727272727273,23.108603667136812,0.00443154617967656,0.05
16,main,cosine,1,7,0.25,48,168,25.9302933588624,27.700000000000003,27,0,0,0.00978455316454141,27,27,27.680334793704986,28.444444444444443,27.58249158249158,0.004481187833801359,0.13
16,main,cosine,1,7,0.25,49,168,24.02601077221334,24.1,28,0,0,0.033067208706235474,28,28,24.124254711919885,6.918918918918919,9.694674556213018,0.07713192032252758,0.435
16,main,cosine,1,7,0.25,50,168,23.568320283666253,22.85,27,0,0,0.030999949782953284,27,24,22.845270515255784,256,234.05714285714285,0.17527526396259896,0.33
16,main,cosine,1,7,0.25,51,168,21.957244684919715,22.3,32,0,0,0.345251245134113,25,25,22.309225175813193,3.5555555555555554,3.579637317019882,0.030519461434887485,0.47
16,main,cosine,1,7,0.25,52,168,22.64912830851972,22.6,32,0,0,0.04376897652266576,32,22,22.5877434778669,23.272727272727273,22.629834254143645,0.0002954353402540022,0.1
16,main,cosine,1,7,0.25,53,168,23.442178579047322,24.85,30,0,0,0.07278588547744458,30,32,24.846040608852583,5.019607843137255,75.1559633027523,0.1748599600695282,0.205
16,main,cosine,1,7,0.25,54,168,27.56395680643618,26.65,27,0,0,0.05003285747673314,27,26,26.658486385647613,25.6,26.640650406504065,0.00018575155127864562,0.045
16,main,cosine,1,7,0.25,55,168,26.13508135639131,26.05,28,0,0,0.09286030433200487,28,31,26.067366943916788,3.282051282051282,73.47085201793722,0.03178744022231994,0.045
16,main,cosine,1,7,0.25,56,168,21.08499701321125,22.1,32,0,0,0.419004598049852,26,22,22.093777300518322,3.6056338028169015,2.000244170430961,0.0868461085746074,0.275
16,main,cosine,1,7,0.25,57,168,22.530600974336267,18,30,0,0,0.030820355072488925,21,31,18,10.24,10.297925832809554,0.35336824370210373,0.5
16,main,cosine,1,7,0.25,58,168,26.36760076135397,26.9,32,0,0,0.20222639196512493,21,21,26.906412457180927,3.710144927536232,2.0932668966398364,0.1158514502281135,0.42
16,main,cosine,1,7,0.25,59,168,25.929271863773465,23,26,0,0,0.14628525225346167,26,23,22.992693796771377,256,221.40540540540542,0.14354349499482777,0.305
16,main,cosine,1,7,0.25,60,168,24.720065554603934,25,32,0,0,0.14550670422625078,25,31,25.02902319015793,7.314285714285714,7.22080211546937,0.025270808998746785,0.15
16,main,cosine,1,7,0.25,61,168,21.86573257111013,20.5,21,0,0,0.009338475885252828,21,26,20.51522469295608,21.333333333333332,20.505632040050063,0.023955758821629147,0.2
16,main,cosine,1,7,0.25,62,168,23.133458400145173,23.6,29,0,0,0.10882004930105671,18,23,23.593150146839506,3.6056338028169015,3.6056338028169015,0.00438869660374297,0.075
16,main,cosine,1,7,0.25,63,168,27.883765457198024,28.3,30,0,0,0.008592505487853619,30,32,28.316820459976313,28.444444444444443,28.199655765920827,0.010389613229058958,0.68
16,main,cosine,1,7,0.25,64,168,27.375114118680358,27.85,26,0,0,0.041672717814655535,19,26,27.85936319962199,2.6122448979591835,2.6047694753577106,0.01692657261146613,0.85
16,main,cosine,1,7,0.25,65,168,20.48478539660573,31.3,32,0,0,0.076499772617869,32,26,31.313644059878268,4.413793103448276,4.383092562867843,0.3820827229252548,0.51
16,main,cosine,1,7,0.25,66,168,27.08566366881132,27.450000000000003,28,0,0,0.024960869365796334,28,28,27.47336568528208,3.6056338028169015,3.5906202060048216,0.07227748476682172,0.6
16,main,cosine,1,7,0.25,67,168,25.493287358433008,26.65,30,0,0,0.34344077038654386,22,26,26.622989174957773,51.2,48.47337278106509,0.054927353772019294,0.28
16,main,cosine,1,7,0.25,68,168,20.953102365136147,21.4,30,0,0,0.10612345715662042,22,26,21.42468552479815,21.333333333333332,21.416993464052286,0.003721529179706695,0.13
16,main,cosine,1,7,0.25,69,168,21.63222915120423,19.95,27,0,0,0.03729240688979929,27,27,19.93269733191568,2.4615384615384617,2.520227657283495,0.3528741901546466,0.485
16,main,cosine,1,7,0.25,70,168,23.371917493641376,23.9,25,0,0,0.0035530457455725806,25,25,23.887331062016187,23.272727272727273,23.988286969253295,0.00010304445124620365,0.035
16,main,cosine,1,7,0.25,71,168,20.73704537935555,27.700000000000003,28,0,0,0.11659707570567646,28,19,27.703446101109062,2.265486725663717,2.000244170430961,0.5480956914834736,0.73
16,main,cosine,1,7,0.25,72,168,20.33013317734003,20.6,25,0,0,0.08348096496335156,25,26,20.57513910703935,42.666666666666664,43.229551451187334,0.004337401093246207,0.265
16,main,cosine,1,7,0.25,73,168,21.914836633950472,22.95,32,0,0,0.452052372098819,25,32,22.97345100045163,5.688888888888889,2.2784035600055623,0.047650749642901946,0.295
16,main,cosine,1,7,0.25,74,168,25.910276770591736,27.35,31,0,0,0.0063328143137603154,31,31,27.320026800856372,3.4594594594594597,3.4434636401849517,0.020214962587245755,0.23
16,main,cosine,1,7,0.25,75,168,23.085053578019142,21.8,25,0,0,0.03816633286724036,25,25,21.78139582972758,3.3684210526315788,3.3795379537953796,0.17321671808217154,0.29
16,main,cosine,1,7,0.25,76,168,20.208156019449234,32,27,0,0,0.06638268850965046,27,27,32,32,33.16599190283401,0.026355086899316205,0.47
16,main,cosine,1,7,0.25,77,168,23.119491131976247,18.65,31,0,0,0.08138710665878346,19,19,18.63661954346713,2.56,10.929953302201467,0.8687131573104767,0.895
16,main,cosine,1,7,0.25,78,168,23.878653194755316,26.15,32,0,0,0.05378541149478133,32,32,26.160023383718222,2.4615384615384617,2.465242250978032,0.47246602870741505,0.47
16,main,cosine,1,7,0.25,79,168,22.65732405334711,22.6,23,1,1,0.00037711071643908856,23,23,22.620882150896907,23.272727272727273,22.661134163208853,0.0001092936502355979,0.085
16,main,cosine,1,7,0.25,80,168,22.17645490169525,22.95,31,0,0,0.05473488466382881,31,31,22.94492516427499,23.272727272727273,22.978962131837307,0.00308018980971414,0.115
16,main,cosine,1,7,0.25,81,168,26.81788782775402,27.65,31,0,0,0.04792235824310853,31,31,27.649463017390026,28.444444444444443,27.722504230118442,0.0005322694783284065,0.395
16,main,cosine,1,7,0.25,82,168,26.134749855846167,26.05,30,0,0,0.09857755752043107,25,25,26.040009070707466,2.265486725663717,5.29541047188106,0.06074842866652952,0.13
16,main,cosine,1,7,0.25,83,168,26.2649446465075,32,31,0,0,0.07192233757729372,28,27,32,4.654545454545454,4.675799086757991,0.2722564594970067,0.44
16,main,cosine,1,7,0.25,84,168,24.178823333233595,23.75,24,0,0,0.011738105878109972,24,23,23.752752347530915,23.272727272727273,23.67630057803468,2.941094321418092e-7,0.02
16,main,cosine,1,7,0.25,85,168,25.025901651009917,24.35,24,0,0,0.010278505369697322,24,24,24.351981158389137,23.272727272727273,24.30860534124629,0.003685759133890354,0.115
16,main,cosine,1,7,0.25,86,168,22.640349289402366,22.65,23,0,0,0.030912032758912966,23,23,22.641102399782095,23.272727272727273,22.69252077562327,0.000027611728705023708,0.035
16,main,cosine,1,7,0.25,87,168,27.55571112409234,25.7,28,0,0,0.2334383988115547,28,18,25.725427191086403,2.56,6.488712871287129,0.08036638180494948,0.135
16,main,cosine,1,7,0.25,88,168,27.391706304624677,27.85,28,0,0,0.010272990321815723,28,28,27.825514189430603,4,4.028522252274404,0.007547817736959228,0.36
16,main,cosine,1,7,0.25,89,168,21.897716397419572,19.25,31,0,0,0.5566398856519212,19,19,19.260000388820526,2.265486725663717,2.024715768660405,0.2170386370217483,0.42
16,main,cosine,1,7,0.25,90,168,27.749974474310875,29.65,30,0,0,0.007926950640735897,30,30,29.66997529613313,7.529411764705882,29.62748643761302,0.01440006886274392,0.18
16,main,cosine,1,7,0.25,91,168,20.488177778199315,19.85,29,0,0,0.15639775208628248,21,20,19.825399154562152,2.909090909090909,19.85939393939394,0.018360568684286482,0.575
16,main,cosine,1,7,0.25,92,168,25.0271103233099,25.25,30,0,0,0.07680488410452868,30,30,25.27566282470257,2.3063063063063063,4.7012912482066,0.13627528419684765,0.25
16,main,cosine,1,7,0.25,93,168,20.740370504558086,24.5,32,0,0,0.20063059719655474,24,23,24.487868847972663,3.9384615384615387,3.9479518072289155,0.04233045938679625,0.375
16,main,cosine,1,7,0.25,94,168,20.028404500335455,20.85,32,0,0,0.039705242343981983,21,21,20.824796942351895,10.666666666666666,10.673615635179154,0.03344198763932149,0.305
16,main,cosine,1,7,0.25,95,168,22.453441128134727,23.65,31,0,0,0.2338998472609104,24,31,23.63772803474059,23.272727272727273,8.696390658174098,0.04206943675085961,0.145
16,main,cosine,1,7,0.25,96,168,25.922377249225974,25.2,24,0,0,0.03856928064328935,24,24,25.182057391775327,25.6,25.12883435582822,0.0063845774726472015,0.04
16,main,cosine,1,7,0.25,97,168,25.931246722117066,21.2,31,0,0,0.020591624489869398,31,31,21.2131154739106,2.206896551724138,2.211961657891184,0.8284749637013509,0.055
16,main,cosine,1,7,0.25,98,168,22.222123626619577,30.65,29,0,0,0.1086555402573135,23,29,30.646892558250105,5.688888888888889,5.692842251563586,0.9666157390169393,0.385
16,main,cosine,1,7,0.25,99,168,21.397396815940738,23.3,32,0,0,0.06704510827902199,24,32,23.289032345471067,6.095238095238095,6.072646404744255,0.25721495261477,0.05
16,main,cosine,1,7,0.25,100,168,24.66076723486185,25.3,26,1,1,0.0017637298248817102,26,26,25.284525630944415,25.6,25.244992295839754,8.007171714563555e-8,0.01
16,main,cosine,1,7,0.25,101,168,25.598523875698447,18,26,0,0,0.09024758940745059,18,27,18,4.338983050847458,4.357446808510638,0.20347266609362358,0.585
16,main,cosine,1,7,0.25,102,168,21.04135519079864,18,30,0,0,0.07193613319875758,18,28,18,2.8764044943820224,2.000244170430961,0.5173062188382279,0.5
16,main,cosine,1,7,0.25,103,168,24.592864302918315,25.3,25,0,0,0.005205586015511576,25,25,25.32302981401311,25.6,25.323029366306027,0.0016066022342476893,0.055
16,main,cosine,1,7,0.25,104,168,23.139573488384485,18.5,31,0,0,0.14020061926909688,24,24,18.501628563566573,4.830188679245283,4.815990593768372,0.30312878127476517,0.365
16,main,cosine,1,7,0.25,105,168,22.868605490773916,22.65,23,0,0,0.02015708494563273,23,32,22.643527354857437,23.272727272727273,22.69252077562327,0.00009680226705677253,0.03
16,main,cosine,1,7,0.25,106,168,26.797181909903884,26.5,27,0,0,0.05693852556963874,22,22,26.484403185080446,25.6,26.425806451612903,0.0001823665506885952,0.07
16,main,cosine,1,7,0.25,107,168,23.405214289203286,28.450000000000003,29,0,0,0.07717734966252543,29,29,28.476745205806345,28.444444444444443,28.493913043478262,0.1982357948046446,0.61
16,main,cosine,1,7,0.25,108,168,27.68294090591371,28.1,28,0,0,0.05038711446469202,28,20,28.120138141517177,28.444444444444443,28.054794520547944,0.00019712626477041972,0.525
16,main,cosine,1,7,0.25,109,168,27.87459191866219,27.65,26,0,0,0.09782465050979172,26,26,27.65439665999422,28.444444444444443,27.722504230118442,0.0056222940688005485,0.41
16,main,cosine,1,7,0.25,110,168,26.38882389292121,20.7,31,0,0,0.07459427335381075,21,21,20.685258606455747,2.226086956521739,2.225784540144002,0.21852856494344886,0.275
16,main,cosine,1,7,0.25,111,168,26.384485330432653,25.65,31,0,0,0.17852591961810593,31,18,25.63517253257125,2.5346534653465347,2.52761493366245,0.08927066413215534,0.305
16,main,cosine,1,7,0.25,112,168,24.996717631816864,20.35,32,0,0,0.11218634692139595,32,20,20.35059501621728,2.585858585858586,2.5834121728161463,0.04151810984366844,0.255
16,main,cosine,1,7,0.25,113,168,24.70929462648928,25.65,25,0,0,0.03579181921111152,25,22,25.665537346662035,25.6,25.761006289308177,0.007545756026280159,0.06
16,main,cosine,1,7,0.25,114,168,24.446889389306307,19.3,31,0,0,0.16956289123415957,19,19,19.298263172848113,2.3703703703703702,19.297997644287396,0.12200972199594029,0.6
16,main,cosine,1,7,0.25,115,168,23.899782206863165,21.35,22,0,0,0.009413445174954793,22,21,21.36487425807714,21.333333333333332,21.333333333333332,0.13922816882809075,0.07
16,main,cosine,1,7,0.25,116,168,22.46066441386938,21.6,31,0,0,0.17204331690350005,19,31,21.623812442915717,21.333333333333332,21.614775725593667,0.0047126806108533925,0.05
16,main,cosine,1,7,0.25,117,168,26.810421243309975,26.15,26,1,1,0.0022600494244988667,25,26,26.148333375356987,25.6,26.17252396166134,0.000015095549693699972,0.015
16,main,cosine,1,7,0.25,118,168,21.396078292280436,18.75,32,0,0,0.2228176613165449,22,22,18.76753306780601,3.657142857142857,3.6686072548141513,0.09054086432205444,0.29
16,main,cosine,1,7,0.25,119,168,26.914406426250935,26.85,26,0,0,0.006452295742035541,26,28,26.86823446172181,25.6,26.859016393442623,0.00004759212813321145,0.015
16,main,cosine,1,7,0.25,120,168,26.150278935208917,26.5,31,0,0,0.07984165362161133,22,27,26.506672859922933,25.6,26.511326860841425,0.0005264577108640145,0.035
16,main,cosine,1,7,0.25,121,168,23.254819782450795,22.6,23,0,0,0.007810748143258439,23,22,22.619972789218263,23.272727272727273,22.69252077562327,0.0009794280341419714,0.055
16,main,cosine,1,7,0.25,122,168,21.18740439414978,18.7,31,0,0,0.028324408168467374,31,31,18.70483403387336,2.064516129032258,2.061139766008303,0.5544828843618399,0.46
16,main,cosine,1,7,0.25,123,168,25.882650958374143,24.75,31,0,0,0.052622569158759847,31,31,24.767562287826685,2.1512605042016806,2.14872131147541,0.2600299313277208,0.42
16,main,cosine,1,7,0.25,124,168,20.471113240346313,28.8,27,0,0,0.00409035988579165,27,27,28.816560073825936,6.7368421052631575,6.7368421052631575,0.0642064001294077,0.415
16,main,cosine,1,7,0.25,125,168,25.963981419801712,25.3,32,0,0,0.03683582707662614,24,24,25.30420621740381,4,4.0245639891918445,0.021098413589348275,0.05
16,main,cosine,1,7,0.25,126,168,26.858089447021484,28.05,30,0,0,0.13430148046307666,23,23,28.05031571474941,28.444444444444443,28.006837606837607,0.005158148680087793,0.385
16,main,cosine,1,7,0.25,127,168,22.614477830007672,22.8,32,0,0,0.015328601186468171,32,32,22.81174320576625,4,4.017655713585091,0.00620952295530286,0.125
16,main,cosine,1,7,0.25,128,168,21.74188463948667,25.45,29,0,0,0.021114995765601496,29,29,25.474544493172377,2.9767441860465116,2.976203451407811,0.6199279309193956,0.14
16,main,cosine,1,7,0.25,129,168,25.44975734502077,27.05,32,0,0,0.10951109263310821,18,32,27.04793084022849,3.5555555555555554,3.579637317019882,0.2752327306165422,0.4
16,main,cosine,1,7,0.25,130,168,22.648482682183385,22.3,30,0,0,0.16859403681430618,21,31,22.29881312251376,2.115702479338843,2.9946993237068176,0.07185869832966851,0.185
16,main,cosine,1,7,0.25,131,168,20.418927924707532,20.75,32,0,0,0.029448980803532643,22,32,20.744961088694044,5.688888888888889,5.659412780656304,0.13526854270933142,0.47
16,main,cosine,1,7,0.25,132,168,26.229101490229368,25.85,28,0,0,0.07840463802828113,28,19,25.84957710988057,2.585858585858586,2.586675086832965,0.020815149535482136,0.1
16,main,cosine,1,7,0.25,133,168,23.879342230036855,22.15,31,0,0,0.09590665253801378,31,31,22.162031284124705,10.24,10.126081582200246,0.5201832783974782,0.49
16,main,cosine,1,7,0.25,134,168,21.565699277445674,25.75,30,0,0,0.11754915760020734,25,25,25.74944985294624,4.266666666666667,4.258903041330907,0.02741802214658906,0.15
16,main,cosine,1,7,0.25,135,168,26.687328776344657,26.3,27,0,0,0.02136416768185534,27,25,26.32718796317032,25.6,26.298555377207062,0.0074904461165556935,0.05
16,main,cosine,1,7,0.25,136,168,22.833105521276593,21.1,22,0,0,0.0685430034352621,22,22,21.08558335118543,2.2857142857142856,2.2822120072433485,0.20708823762407114,0.205
16,main,cosine,1,7,0.25,137,168,27.318993974477053,26.3,31,0,0,0.02017114276747556,31,19,26.32198434197504,4.571428571428571,5.181530676786844,0.04988733467042783,0.255
16,main,cosine,1,7,0.25,138,168,24.36182441189885,23.9,29,0,0,0.18042943217095253,25,29,23.916115853325962,2.782608695652174,2.7963816350913127,0.005045004461001534,0.06
16,main,cosine,1,7,0.25,139,168,24.784772124141455,24.5,25,0,0,0.0034829110578686873,25,32,24.501883337482802,25.6,24.526946107784433,0.0018608142948931539,0.125
16,main,cosine,1,7,0.25,140,168,21.37068540789187,23.15,29,0,0,0.06540218611537751,29,29,23.15253446592359,2.4150943396226414,2.4222353636901244,0.3144514256516918,0.135
16,main,cosine,1,7,0.25,141,168,27.46836917847395,19.45,29,0,0,0.08091215208151425,29,28,19.436228767686757,9.481481481481481,9.575686732904733,0.0720165590424462,0.405
16,main,cosine,1,7,0.25,142,168,27.10858649201691,22.85,29,0,0,0.0648077851036345,29,23,22.851847114723146,23.272727272727273,22.88268156424581,0.010131064800174006,0.19
16,main,cosine,1,7,0.25,143,168,24.231208201497793,27.85,31,0,0,0.008939916186608055,31,31,27.858179055440583,7.757575757575758,7.677600749765698,0.8631160010569077,0.65
16,main,cosine,1,7,0.25,144,168,25.871262038126588,24.45,32,0,0,0.014308749709359803,32,32,24.45668660427204,3.0476190476190474,3.052729644121483,0.06241052464560093,0.28
16,main,cosine,1,7,0.25,145,168,26.88928614370525,29.950000000000003,30,0,0,0.11508372027676006,30,31,29.96558562155663,28.444444444444443,56.302405498281786,0.06146569157860238,0.64
16,main,cosine,1,7,0.25,146,168,23.50246991030872,20.35,25,0,0,0.07478177824388166,25,29,20.36249407436837,3.1219512195121952,20.3527950310559,0.05973599113370187,0.385
16,main,cosine,1,7,0.25,147,168,26.379946118220687,26.4,32,0,0,0.07001535217627575,32,30,26.378948197040106,2.1333333333333333,2.1411395713538943,0.18404561524685703,0.28
16,main,cosine,1,7,0.25,148,168,22.211292477324605,21.8,30,0,0,0.0772524556727694,23,30,21.776908094798117,3.282051282051282,3.282708875976758,0.08520912122436697,0.18
16,main,cosine,1,7,0.25,149,168,20.248797552660108,18,31,0,0,0.3473209912028572,31,31,18,17.066666666666666,17.26448893572181,0.05457254469610262,0.35
16,main,cosine,1,7,0.25,150,168,24.458485493436456,25.65,25,0,0,0.07744833697669895,25,26,25.643407189759724,25.6,4.103180565990483,0.007398514534050493,0.085
16,main,cosine,1,7,0.25,151,168,25.640173183754086,25.4,28,0,0,0.07064729783833079,28,28,25.418316812878057,3.710144927536232,3.69009009009009,0.03652489446807394,0.13
16,main,cosine,1,7,0.25,152,168,22.9045405741781,23.8,29,0,0,0.03360657042137771,29,29,23.79278485490489,4.19672131147541,4.184929757343551,0.18064942006329565,0.57
16,main,cosine,1,7,0.25,153,168,26.836914809420705,27,27,0,0,0.04982535790909437,27,27,27.018669299175787,4.266666666666667,27.036303630363037,0.008711614460708117,0.42
16,main,cosine,1,7,0.25,154,168,24.638797203078866,24.8,31,0,0,0.063468530100797,25,31,24.793198580042286,4.413793103448276,4.42571582928147,0.009822860110191844,0.115
16,main,cosine,1,7,0.25,155,168,20.471445251256227,20.2,29,0,1,0.04495389897668445,20,20,20.194918562423773,9.846153846153847,9.990243902439024,0.008785246086102094,0.32
16,main,cosine,1,7,0.25,156,168,22.645191345363855,22.75,32,0,0,0.2365625541395342,22,31,22.732591130694598,3.4594594594594597,3.444911690496215,0.08109337498587188,0.225
16,main,cosine,1,7,0.25,157,168,24.6668756660074,25.15,32,0,0,0.14698928115555066,32,28,25.184219054564835,16,15.76900866217517,0.003374562706522033,0.255
16,main,cosine,1,7,0.25,158,168,27.14075741171837,25.65,32,0,0,0.02680685630497781,32,32,25.64176652323419,3.0843373493975905,3.076807511737089,0.13831745836819875,0.095
16,main,cosine,1,7,0.25,159,168,27.536848628893495,29,29,0,0,0.014484461745454369,29,27,28.981680236672563,28.444444444444443,29.04964539007092,0.0022369811568352382,0.685
16,main,cosine,1,7,0.25,160,168,23.073701759800315,28.55,32,0,0,0.10436981109606369,27,20,28.551913145183807,6.7368421052631575,6.6873469387755105,0.40280744038117444,0.63
16,main,cosine,1,7,0.25,161,168,20.09831476956606,20,26,0,0,0.08275079465793744,26,27,20.008597545552465,19.692307692307693,19.956151035322776,0.0022866810342796473,0.37
16,main,cosine,1,7,0.25,162,168,20.175992323085666,20.6,32,0,0,0.14330286748411958,18,18,20.57988181845079,7.757575757575758,20.60880503144654,0.0022175777410865516,0.165
16,main,cosine,1,7,0.25,163,168,25.832721838727593,25.8,26,0,0,0.015264467043126229,21,21,25.776491656282214,25.6,25.72056514913658,0.004220258023867052,0.055
16,main,cosine,1,7,0.25,164,168,21.793083226308227,21.8,32,0,0,0.08875366642766613,21,21,21.794643071884497,2.327272727272727,21.78723404255319,0.0033395644541229785,0.065
16,main,cosine,1,7,0.25,165,168,24.68949295952916,24.6,27,0,0,0.06752991652405171,27,32,24.586173208913873,2.115702479338843,2.12008281573499,0.0997468120310393,0.4
16,main,cosine,1,7,0.25,166,168,22.828678153455257,22.45,26,0,0,0.021059149510658348,26,23,22.43542497126201,5.224489795918367,5.201269841269841,0.05414439111163816,0.335
16,main,cosine,1,7,0.25,167,168,23.311897741630673,22.2,31,0,0,0.02842675388180571,22,31,22.200023216734536,4.413793103448276,4.413793103448276,0.08044615153688217,0.115
16,main,cosine,1,7,0.25,168,168,20.44277385994792,31.55,32,0,0,0.09872946390720483,32,32,31.543373595524308,8,3.4756045820958845,0.7371167240518848,0.89
16,main,cosine,1,7,0.25,169,168,22.191810555756092,23.4,23,0,0,0.015235318434404732,23,32,23.382536084207985,10.666666666666666,10.821664464993395,0.13229358376177403,0.155
16,main,cosine,1,7,0.25,170,168,25.828282229602337,21.35,32,0,0,0.07260927052843447,32,30,21.35549361022634,2.4615384615384617,2.465242250978032,0.08615054487340101,0.09
16,main,cosine,1,7,0.25,171,168,20.851729072630405,21.9,22,0,0,0.016388974610748952,22,22,21.916062680353917,21.333333333333332,21.933065595716197,0.004448247973505515,0.075
16,main,cosine,1,7,0.25,172,168,25.80560040101409,19.55,32,0,0,0.1533529501077453,26,32,19.572949939544024,6.4,6.442784113252064,0.17411012089626543,0.475
16,main,cosine,1,7,0.25,173,168,23.294814003631473,23.65,21,0,0,0.03653734315937096,21,21,23.62730450597839,23.272727272727273,23.57410071942446,0.006538655083577649,0.16
16,main,cosine,1,7,0.25,174,168,25.92743631079793,25.35,28,0,0,0.022164091888482784,28,27,25.36399840505446,5.12,5.0945273631840795,0.030691134840412082,0.09
16,main,cosine,1,7,0.25,175,168,20.723011258989573,21.15,32,0,0,0.5046192457477323,21,21,21.16739843484972,42.666666666666664,44.643051771117165,0.07551332689469825,0.21
16,main,cosine,1,7,0.25,176,168,23.70058992318809,24.7,32,0,0,0.15262237541538237,19,32,24.721006528613263,3.5555555555555554,2.380011621150494,0.1545575942998757,0.42
16,main,cosine,1,7,0.25,177,168,26.053861232474446,27.200000000000003,28,0,0,0.06389766507788519,28,27,27.182670486338875,3.3684210526315788,3.9651500484027107,0.0182663705143451,0.225
16,main,cosine,1,7,0.25,178,168,24.009591268375516,23.85,23,0,0,0.026427627854851865,23,23,23.851333031821866,23.272727272727273,23.813953488372093,0.004475867051471183,0.07
16,main,cosine,1,7,0.25,179,168,25.37943028844893,24.65,29,0,0,0.14719671628244968,19,22,24.65164340081913,7.314285714285714,7.320822162645219,0.013893681963838111,0.18
16,main,cosine,1,7,0.25,180,168,22.05510000139475,18.45,32,0,0,0.25805419683814645,22,22,18.471055633318617,2.4380952380952383,2.438821077701697,0.23809386671208688,0.59
16,main,cosine,1,7,0.25,181,168,21.093097880482674,20.5,30,0,0,0.31820193691324183,20,32,20.50815095375733,2.56,2.771781424462866,0.05002436503757357,0.09
16,main,cosine,1,7,0.25,182,168,25.00548035092652,25.45,32,0,0,0.2556297134663954,24,27,25.448026083607044,3.710144927536232,103.69620253164557,0.28144021577532596,0.405
16,main,cosine,1,7,0.25,183,168,22.43398743122816,21.8,21,1,1,0.00020402001023289706,21,21,21.788811389129975,21.333333333333332,21.78723404255319,0.0017414884890221138,0.055
16,main,cosine,1,7,0.25,184,168,22.710065931081772,22.7,32,0,0,0.13711305516781236,23,32,22.720768055627932,2.115702479338843,2.1105242818498002,0.02644118015823771,0.205
16,main,cosine,1,7,0.25,185,168,26.599729737266898,25.9,27,0,0,0.040383512794599175,27,26,25.892474538704914,2.2857142857142856,2.293072078376487,0.04263172422920003,0.09
16,main,cosine,1,7,0.25,186,168,24.562328096479177,20.15,28,0,0,0.04867415893291538,28,26,20.14315330412228,19.692307692307693,20.152521525215253,0.23298021558142556,0.515
16,main,cosine,1,7,0.25,187,168,26.781323049217463,21.95,29,0,0,0.13296921858792643,29,27,21.93614852472346,11.130434782608695,11.354123354123354,0.2768897370878771,0.4
16,main,cosine,1,7,0.25,188,168,23.641179295256734,20.3,31,0,0,0.402038572434657,21,27,20.29892711392458,3.240506329113924,107.78947368421052,0.6440922604596626,0.55
16,main,cosine,1,7,0.25,189,168,24.782862279564142,23.4,25,0,0,0.0343719700369971,23,25,23.413028883678425,2.0813008130081303,2.0791878172588834,0.10361720118184492,0.105
16,main,cosine,1,7,0.25,190,168,25.26281575113535,25.4,26,0,0,0.008594321560132179,26,26,25.382254483194597,25.6,25.323029366306027,0.0007179210967031002,0.035
16,main,cosine,1,7,0.25,191,168,23.808960197493434,31.3,32,0,0,0.1620069731825856,18,24,31.279120383847662,3.4133333333333336,3.4062370062370064,0.12825645610185754,0.495
16,main,cosine,1,7,0.25,192,168,20.241482896730304,32,25,0,0,0.010476306810358604,25,32,32,3.5555555555555554,3.573391494002181,0.3026336995516641,0.645
16,main,cosine,1,7,0.25,193,168,27.43507263995707,28.8,28,0,0,0.11429289679895227,28,25,28.820791911747605,4.654545454545454,4.657191586128482,0.07031543914510796,0.275
16,main,cosine,1,7,0.25,194,168,25.197376180440187,18,30,0,0,0.4438466953447773,20,31,18,2.3063063063063063,2.312817617165443,0.05245030826127561,0.34
16,main,cosine,1,7,0.25,195,168,20.50196640007198,32,32,0,0,0.2828426428700632,24,32,32,32,33.78144329896907,0.07354590185556831,0.47
16,main,cosine,1,7,0.25,196,168,26.106112491339445,18.25,25,0,0,0.020132159377198366,25,31,18.272266119358076,3.0843373493975905,2.7722504230118443,0.04554108600573192,0.43
16,main,cosine,1,7,0.25,197,168,27.08486157655716,27.1,27,0,0,0.008469617749500835,27,27,27.113767746547637,28.444444444444443,27.08099173553719,0.00010666497344047343,0.125
16,main,cosine,1,7,0.25,198,168,22.672844657674432,18.45,26,0,0,0.10958222211881352,26,27,18.473383131615158,6.564102564102564,3.056716417910448,0.24762543717159147,0.8
16,main,cosine,1,7,0.25,199,168,27.315416427329183,24.65,25,0,0,0.16471990646906376,25,25,24.652003982081432,51.2,2.022216736608245,0.09703945508023704,0.47
22,main,cosine,1,14,1,0,336,21.001440273597836,21,21,1,1,0,21,21,20.977764982912763,21.333333333333332,20.978233034571062,0,
22,main,cosine,1,14,1,1,336,23.561312444508076,23.6,24,1,1,3.0263236361349755e-11,24,24,23.5939905988989,23.272727272727273,23.608069164265128,0,
22,main,cosine,1,14,1,2,336,24.79734057188034,24.65,25,1,1,1.0364376024085686e-11,25,25,24.674316507321947,24.38095238095238,24.674698795180724,0,
22,main,cosine,1,14,1,3,336,23.141039269044995,23.25,23,1,1,1.1102230246251565e-16,23,23,23.25976841674812,23.272727272727273,23.272727272727273,0,
22,main,cosine,1,14,1,4,336,26.585925802588463,26.5,27,1,1,1.0508482972682032e-11,27,27,26.514572635840704,26.94736842105263,26.511326860841425,0,
22,main,cosine,1,14,1,5,336,22.25680933520198,22.25,22,1,1,1.2212453270876722e-15,22,22,22.259500996751346,22.26086956521739,22.26086956521739,0,
22,main,cosine,1,14,1,6,336,20.83412957750261,20.85,21,1,1,5.440092820663267e-15,21,21,20.86338584341794,20.48,20.871337579617833,0,
22,main,cosine,1,14,1,7,336,26.01806227862835,26.15,26,1,1,1.1102230246251565e-16,26,26,26.149444857617986,25.6,26.17252396166134,0,
22,main,cosine,1,14,1,8,336,20.356918536126614,20.4,20,1,1,2.2671531318962934e-11,20,20,20.379656640701818,20.48,20.378109452736318,0,
22,main,cosine,1,14,1,9,336,23.545954659581184,23.6,24,1,1,1.1102230246251565e-16,24,24,23.58151453317287,23.272727272727273,23.57410071942446,0,
22,main,cosine,1,14,1,10,336,26.572049213573337,26.5,26,1,1,8.917685478948556e-10,26,26,26.489272468391263,26.94736842105263,26.468497576736674,0,
22,main,cosine,1,14,1,11,336,26.594641633331776,26.3,26,1,1,3.885780586188048e-15,26,26,26.29018810764433,26.94736842105263,26.298555377207062,0,
22,main,cosine,1,14,1,12,336,20.250858852639794,20.25,20,1,1,6.8833827526759706e-15,20,20,20.230953129956657,20.48,20.22716049382716,0,
22,main,cosine,1,14,1,13,336,20.254260269925,20.25,20,1,1,2.220446049250313e-16,20,20,20.227765261245885,20.48,20.22716049382716,0,
22,main,cosine,1,14,1,14,336,20.012392120435834,20.1,20,1,1,4.218847493575595e-15,20,20,20.09350978386912,20.48,20.103067484662578,0,
22,main,cosine,1,14,1,15,336,27.12338555417955,27.15,27,1,1,0,27,27,27.154535174962987,26.94736842105263,27.125827814569536,0,
22,main,cosine,1,14,1,16,336,20.887913858518004,20.85,21,1,1,0,21,21,20.872688698947563,20.48,20.871337579617833,0,
22,main,cosine,1,14,1,17,336,27.54419274069369,27.55,27,1,1,3.258768810354695e-10,27,28,27.52775420456376,26.94736842105263,27.536134453781514,0,
22,main,cosine,1,14,1,18,336,21.945515567436814,21.9,22,1,1,4.451994328746878e-14,22,22,21.887577531829212,22.26086956521739,21.90374331550802,0,
22,main,cosine,1,14,1,19,336,21.92658088169992,21.9,22,1,1,2.0761170560490427e-14,22,22,21.875816818679464,22.26086956521739,21.874499332443257,0,
22,main,cosine,1,14,1,20,336,27.55645045079291,27.5,28,1,1,8.58202398035246e-14,27,27,27.502203180314982,26.94736842105263,27.48993288590604,0,
22,main,cosine,1,14,1,21,336,25.214921658858657,25.35,25,1,1,1.1102230246251565e-15,25,25,25.33764718790302,25.6,25.323029366306027,0,
22,main,cosine,1,14,1,22,336,24.353324484080076,24.4,24,1,1,5.551115123125783e-16,24,24,24.416245411605754,24.38095238095238,24.417287630402384,0,
22,main,cosine,1,14,1,23,336,27.99761430360377,27.85,28,1,1,3.3306690738754696e-16,28,28,27.848324575817333,28.444444444444443,27.816638370118845,0,
22,main,cosine,1,14,1,24,336,27.1424720287323,27.15,27,1,1,1.1102230246251565e-16,27,27,27.149345373921626,26.94736842105263,27.125827814569536,0,
22,main,cosine,1,14,1,25,336,22.3966456502676,22.45,22,1,1,9.014151647335211e-10,22,22,22.441564501676343,22.26086956521739,22.443835616438356,0,
22,main,cosine,1,14,1,26,336,22.858919460326433,22.7,23,1,1,0,23,23,22.706343366002834,22.26086956521739,22.69252077562327,0,
22,main,cosine,1,14,1,27,336,23.948018880560994,23.9,24,1,1,1.2545520178264269e-14,24,24,23.89014358890195,24.38095238095238,23.91824817518248,0,
22,main,cosine,1,14,1,28,336,27.11636160314083,27.25,27,1,1,3.3306690738754696e-16,27,27,27.258918869953547,26.94736842105263,27.261231281198004,0,
22,main,cosine,1,14,1,29,336,23.653686434030533,23.6,24,1,1,1.354472090042691e-14,24,24,23.613864292159185,23.272727272727273,23.608069164265128,0,
22,main,cosine,1,14,1,30,336,27.600021928548813,27.700000000000003,28,1,1,4.843780931906849e-11,28,28,27.70757129635466,28.444444444444443,27.675675675675677,0,
22,main,cosine,1,14,1,31,336,20.98556510359049,20.95,21,1,1,1.2212453270876722e-15,21,21,20.960743729896674,21.333333333333332,20.978233034571062,0,
22,main,cosine,1,14,1,32,336,23.044539300724864,23.15,23,1,1,0,23,23,23.125072164054888,23.272727272727273,23.108603667136812,0,
22,main,cosine,1,14,1,33,336,21.895827343687415,21.9,22,1,1,0,22,22,21.892421928243404,22.26086956521739,21.90374331550802,0,
22,main,cosine,1,14,1,34,336,24.19695666246116,24.25,24,1,1,5.551115123125783e-15,24,24,24.225786863556124,24.38095238095238,24.236686390532544,0,
22,main,cosine,1,14,1,35,336,20.41149109043181,20.45,20,1,1,1.7916486083624505e-7,20,20,20.441585740804673,20.48,20.428927680798004,0,
22,main,cosine,1,14,1,36,336,21.233072943985462,21.35,21,1,1,8.659739592076221e-15,21,21,21.33524161026729,21.333333333333332,21.333333333333332,0,
22,main,cosine,1,14,1,37,336,24.928024757653475,24.9,25,1,1,0,25,25,24.90083982401701,24.38095238095238,24.89969604863222,0,
22,main,cosine,1,14,1,38,336,21.690205918624997,21.65,22,1,1,1.8425261316679098e-12,22,22,21.67119120959028,21.333333333333332,21.67195767195767,0,
22,main,cosine,1,14,1,39,336,26.164237836375833,26.1,26,1,1,0,26,26,26.075958531543726,25.6,26.089171974522294,0,
22,main,cosine,1,14,1,40,336,25.206712709739804,25.25,25,1,1,8.670841822322473e-14,25,25,25.232448243172158,25.6,25.244992295839754,0,
22,main,cosine,1,14,1,41,336,26.82461035810411,27,27,1,1,1.1102230246251565e-15,27,27,27.00227062014499,26.94736842105263,27.036303630363037,0,
22,main,cosine,1,14,1,42,336,20.995197696611285,20.95,21,1,1,0,21,21,20.92698792101049,21.333333333333332,20.924648786717754,0,
22,main,cosine,1,14,1,43,336,25.524039078503847,25.45,25,1,1,3.0531133177191805e-14,25,25,25.473833773034894,25.6,25.480559875583204,0,
22,main,cosine,1,14,1,44,336,26.74951714836061,26.85,27,1,1,4.218847493575595e-15,27,27,26.867002233477276,26.94736842105263,26.859016393442623,0,
22,main,cosine,1,14,1,45,336,21.15519940108061,21.15,21,1,1,0,21,21,21.13928851477344,21.333333333333332,21.140645161290323,0,
22,main,cosine,1,14,1,46,336,22.695434721186757,22.75,23,1,1,8.326672684688674e-15,23,23,22.769040643802146,23.272727272727273,22.755555555555556,0,
22,main,cosine,1,14,1,47,336,25.97128029167652,25.95,26,1,1,1.6542323066914832e-13,26,26,25.971136335456112,25.6,25.96513470681458,0,
22,main,cosine,1,14,1,48,336,22.217472206801176,22.15,22,1,1,0,22,22,22.173974086796076,22.26086956521739,22.170500676589988,0,
22,main,cosine,1,14,1,49,336,20.056525617837906,20.05,20,1,1,0,20,20,20.045799672971707,19.692307692307693,20.053855569155445,0,
22,main,cosine,1,14,1,50,336,21.067458730190992,21.05,21,1,1,0,21,21,21.06756528225642,21.333333333333332,21.05912596401028,0,
22,main,cosine,1,14,1,51,336,27.7335873991251,27.8,28,1,1,2.275957200481571e-14,28,28,27.808841234495915,28.444444444444443,27.816638370118845,0,
22,main,cosine,1,14,1,52,336,23.363082874566317,23.35,23,1,1,1.1102230246251565e-16,23,23,23.32500164390716,23.272727272727273,23.305832147937412,0,
22,main,cosine,1,14,1,53,336,23.466766683384776,23.35,23,1,1,1.371680546924381e-12,23,23,23.372570728282646,23.272727272727273,23.372325249643367,0,
22,main,cosine,1,14,1,54,336,25.71299154125154,25.75,26,1,1,2.782178265547941e-9,26,26,25.74122888336896,25.6,25.761006289308177,0,
22,main,cosine,1,14,1,55,336,25.243491508066654,25.3,25,1,1,4.241051954068098e-14,25,25,25.30947600081796,25.6,25.323029366306027,0,
22,main,cosine,1,14,1,56,336,27.42746828868985,27.450000000000003,28,1,1,4.040545675820795e-12,28,27,27.46669603867342,26.94736842105263,27.48993288590604,0,
22,main,cosine,1,14,1,57,336,20.992574447765946,21,21,1,1,0,21,21,20.982977156975178,21.333333333333332,20.978233034571062,0,
22,main,cosine,1,14,1,58,336,21.340319223701954,21.4,21,1,1,1.2280731986891169e-11,21,21,21.397395835421108,21.333333333333332,21.389033942558747,0,
22,main,cosine,1,14,1,59,336,23.305699851363897,23.3,23,1,1,1.0291767438275201e-13,23,23,23.31341594814033,23.272727272727273,23.305832147937412,0,
22,main,cosine,1,14,1,60,336,23.319511929526925,23.4,23,1,1,5.551115123125783e-16,23,23,23.376050134468596,23.272727272727273,23.372325249643367,0,
22,main,cosine,1,14,1,61,336,23.51301391981542,23.55,24,1,1,2.046252056686626e-12,24,24,23.53499553194912,23.272727272727273,23.54022988505747,0,
22,main,cosine,1,14,1,62,336,24.323997262865305,24.3,24,1,1,0,24,24,24.299323906764947,24.38095238095238,24.30860534124629,0,
22,main,cosine,1,14,1,63,336,23.210668418556452,23.2,23,1,1,0,23,23,23.22110738017575,23.272727272727273,23.23971631205674,0,
22,main,cosine,1,14,1,64,336,21.595517044886947,21.5,22,1,1,4.847368062499413e-9,22,21,21.4996716713647,21.333333333333332,21.501312335958005,0,
22,main,cosine,1,14,1,65,336,24.990118449553847,24.95,25,1,1,6.107336858462986e-13,25,25,24.94263598206761,24.38095238095238,24.93759512937595,0,
22,main,cosine,1,14,1,66,336,27.67320896498859,27.55,28,1,1,1.9539925233402755e-14,28,28,27.556219548726222,26.94736842105263,27.58249158249158,0,
22,main,cosine,1,14,1,67,336,22.220742566511035,22.25,22,1,1,5.768718835952313e-13,22,22,22.22807494155333,22.26086956521739,22.230664857530527,0,
22,main,cosine,1,14,1,68,336,22.13933882303536,22.15,22,1,1,0,22,22,22.144643407049188,22.26086956521739,22.14054054054054,0,
22,main,cosine,1,14,1,69,336,20.989331997931004,21,21,1,1,0,21,21,21.00226948458501,21.333333333333332,21.005128205128205,0,
22,main,cosine,1,14,1,70,336,21.20474550873041,21.1,21,1,1,0,21,21,21.081023634118665,21.333333333333332,21.086229086229086,0,
22,main,cosine,1,14,1,71,336,20.175239207223058,20.15,20,1,1,0,20,20,20.150953622615553,20.48,20.152521525215253,0,
22,main,cosine,1,14,1,72,336,25.823906749486923,25.7,26,1,1,1.7763568394002505e-14,26,26,25.710270177222736,25.6,25.72056514913658,0,
22,main,cosine,1,14,1,73,336,20.757103515788913,20.85,21,1,1,0,21,21,20.854454220966662,20.48,20.871337579617833,0,
22,main,cosine,1,14,1,74,336,21.616517016664147,21.65,22,1,1,2.788876574122412e-9,22,22,21.628895664264867,21.333333333333332,21.64332892998679,0,
22,main,cosine,1,14,1,75,336,23.51260247081518,23.55,24,1,1,1.3628176365187983e-10,24,24,23.553212703324853,23.272727272727273,23.54022988505747,0,
22,main,cosine,1,14,1,76,336,22.256137950345874,22.3,22,1,1,3.4638958368304884e-13,22,22,22.3220972767116,22.26086956521739,22.321525885558582,0,
22,main,cosine,1,14,1,77,336,22.86035806685686,22.9,23,1,1,0,23,23,22.91601053587771,23.272727272727273,22.914685314685315,0,
22,main,cosine,1,14,1,78,336,24.40821885317564,24.4,24,1,1,1.3633094653187072e-10,24,24,24.394117103882486,24.38095238095238,24.38095238095238,0,
22,main,cosine,1,14,1,79,336,21.68257377296686,21.65,22,1,1,2.598435910883268e-10,22,22,21.625415262275844,21.333333333333332,21.614775725593667,0,
22,main,cosine,1,14,1,80,336,22.341679099947214,22.3,22,1,1,1.2212453270876722e-15,22,22,22.299004770652708,22.26086956521739,22.291156462585032,0,
22,main,cosine,1,14,1,81,336,26.3316704146564,26.3,26,1,1,7.260858581048524e-14,26,26,26.31232158562407,26.94736842105263,26.298555377207062,0,
22,main,cosine,1,14,1,82,336,23.5449562035501,23.5,23,1,1,1.9047430299679036e-11,23,23,23.49267508902764,23.272727272727273,23.472779369627506,0,
22,main,cosine,1,14,1,83,336,23.165573876351118,23.25,23,1,1,2.220446049250313e-16,23,23,23.227859083757885,23.272727272727273,23.206798866855525,0,
22,main,cosine,1,14,1,84,336,27.7941573318094,27.8,28,1,1,1.4721557306529576e-13,28,28,27.820370808173752,28.444444444444443,27.816638370118845,0,
22,main,cosine,1,14,1,85,336,22.07691352441907,22,22,1,1,0,22,22,21.989436595270906,22.26086956521739,21.99194630872483,0,
22,main,cosine,1,14,1,86,336,20.310732861980796,20.25,20,1,1,6.770028981861742e-12,20,20,20.262743331179777,20.48,20.252163164400493,0,
22,main,cosine,1,14,1,87,336,27.68938735872507,27.700000000000003,28,1,1,8.881784197001252e-15,28,28,27.690492848374387,28.444444444444443,27.675675675675677,0,
22,main,cosine,1,14,1,88,336,20.793080305680633,20.7,21,1,1,4.707345624410664e-13,21,21,20.702349602824178,20.48,20.713021491782555,0,
22,main,cosine,1,14,1,89,336,25.784083765000105,25.95,26,1,1,4.440892098500626e-15,26,26,25.946551628167416,25.6,25.96513470681458,0,
22,main,cosine,1,14,1,90,336,26.854673428460956,26.85,27,1,1,0,27,27,26.863990115916053,26.94736842105263,26.859016393442623,0,
22,main,cosine,1,14,1,91,336,26.93797261826694,26.950000000000003,27,1,1,3.3306690738754696e-16,27,27,26.968043517174273,26.94736842105263,26.94736842105263,0,
22,main,cosine,1,14,1,92,336,25.622864440083504,25.5,26,1,1,1.3709033908071433e-11,26,25,25.490508020713932,25.6,25.480559875583204,0,
22,main,cosine,1,14,1,93,336,26.649677395820618,26.65,27,1,1,0,27,27,26.638117853070487,26.94736842105263,26.640650406504065,0,
22,main,cosine,1,14,1,94,336,23.573514711111784,23.65,24,1,1,4.488998062157634e-11,24,24,23.62727500535938,23.272727272727273,23.642135642135642,0,
22,main,cosine,1,14,1,95,336,22.998093081638217,23.05,23,1,1,5.484501741648273e-14,23,23,23.02537519600059,23.272727272727273,23.043600562587905,0,
22,main,cosine,1,14,1,96,336,20.055468264967203,19.9,20,1,1,9.992007221626409e-16,20,20,19.87741282206675,19.692307692307693,19.883495145631066,0,
22,main,cosine,1,14,1,97,336,27.964594528079033,28.05,28,1,1,1.0613732115416497e-13,28,28,28.03925804129897,28.444444444444443,28.006837606837607,0,
22,main,cosine,1,14,1,98,336,25.372583912685513,25.4,25,1,1,9.411671442194347e-11,25,25,25.42277472790183,25.6,25.440993788819874,0,
22,main,cosine,1,14,1,99,336,22.378100035712123,22.35,22,1,1,1.3322676295501878e-15,22,22,22.346361196065242,22.26086956521739,22.351978171896317,0,
22,main,cosine,1,14,1,100,336,25.57792304083705,25.45,25,1,1,9.992007221626409e-16,25,25,25.446017467479585,25.6,25.440993788819874,0,
22,main,cosine,1,14,1,101,336,22.52462248876691,22.55,23,1,1,2.2615243011614439e-13,23,23,22.55289423669886,22.26086956521739,22.536451169188446,0,
22,main,cosine,1,14,1,102,336,26.292031114920974,26.3,26,1,1,1.3933298959045715e-13,26,26,26.30999138930259,26.94736842105263,26.298555377207062,0,
22,main,cosine,1,14,1,103,336,20.015213752165437,20,20,1,1,0,20,20,19.978131990065833,19.692307692307693,19.98048780487805,0,
22,main,cosine,1,14,1,104,336,23.04303866252303,23.05,23,1,1,9.248157795127554e-14,23,23,23.068105718662906,23.272727272727273,23.07605633802817,0,
22,main,cosine,1,14,1,105,336,25.006803335621953,24.95,25,1,1,0,25,25,24.927178315608963,24.38095238095238,24.93759512937595,0,
22,main,cosine,1,14,1,106,336,20.772588128224015,20.8,21,1,1,5.551115123125783e-16,21,21,20.78347273295414,20.48,20.79187817258883,0,
22,main,cosine,1,14,1,107,336,27.84335394576192,27.85,28,1,1,1.9872992140790302e-14,28,28,27.865555293275317,28.444444444444443,27.86394557823129,0,
22,main,cosine,1,14,1,108,336,27.289282094687223,27.05,27,1,1,2.55351295663786e-15,27,27,27.051331563950775,26.94736842105263,27.08099173553719,0,
22,main,cosine,1,14,1,109,336,20.68366350606084,20.7,21,1,1,1.1414037492940565e-9,21,21,20.704183031366522,20.48,20.713021491782555,0,
22,main,cosine,1,14,1,110,336,27.790158353745937,27.8,28,1,1,5.551115123125783e-16,28,28,27.79471163553337,28.444444444444443,27.769491525423728,0,
22,main,cosine,1,14,1,111,336,26.894985239952803,26.950000000000003,27,1,1,2.220446049250313e-16,27,27,26.93398439860427,26.94736842105263,26.94736842105263,0,
22,main,cosine,1,14,1,112,336,20.484221328049898,20.45,20,1,1,2.1853686504869074e-7,20,20,20.438311196513563,20.48,20.454431960049938,0,
22,main,cosine,1,14,1,113,336,24.674636244773865,24.75,25,1,1,1.199040866595169e-14,25,25,24.73859127020636,24.38095238095238,24.749244712990937,0,
22,main,cosine,1,14,1,114,336,22.52318292669952,22.65,23,1,1,6.488143355909415e-13,23,23,22.66216276715134,22.26086956521739,22.661134163208853,0,
22,main,cosine,1,14,1,115,336,24.116831908002496,24.15,24,1,1,1.7763568394002505e-15,24,24,24.149469992205212,24.38095238095238,24.12960235640648,0,
22,main,cosine,1,14,1,116,336,23.38745890557766,23.45,24,1,1,5.1024517944142644e-11,24,23,23.451579440519115,23.272727272727273,23.43919885550787,0,
22,main,cosine,1,14,1,117,336,24.140237145125866,24.1,24,1,1,0,24,24,24.090703133572987,24.38095238095238,24.094117647058823,0,
22,main,cosine,1,14,1,118,336,27.720460582524538,27.9,28,1,1,1.1102230246251565e-16,28,28,27.904234551008575,28.444444444444443,27.911413969335605,0,
22,main,cosine,1,14,1,119,336,24.53391012735665,24.6,25,1,1,1.375566327510569e-13,25,25,24.590739211062537,24.38095238095238,24.6006006006006,0,
22,main,cosine,1,14,1,120,336,23.250717954710126,23.25,23,1,1,1.432187701766452e-14,23,23,23.258971932019058,23.272727272727273,23.272727272727273,0,
22,main,cosine,1,14,1,121,336,20.258135760203004,20.25,20,1,1,2.433608869978343e-13,20,20,20.252475539788367,20.48,20.252163164400493,0,
22,main,cosine,1,14,1,122,336,24.236896950751543,24.25,24,1,1,3.3306690738754696e-16,24,24,24.23556857636202,24.38095238095238,24.236686390532544,0,
22,main,cosine,1,14,1,123,336,22.793099526315928,22.7,23,1,1,0,23,23,22.723709520285638,22.26086956521739,22.723994452149793,0,
22,main,cosine,1,14,1,124,336,26.524913147091866,26.4,26,1,1,4.7674864056546085e-11,26,26,26.399553063446177,26.94736842105263,26.383252818035427,0,
22,main,cosine,1,14,1,125,336,25.96187137439847,25.7,26,1,1,2.719121594552121e-10,26,26,25.718603587734947,25.6,25.72056514913658,0,
22,main,cosine,1,14,1,126,336,27.022410375997424,26.9,27,1,1,2.6645352591003757e-15,27,27,26.92068143919757,26.94736842105263,26.94736842105263,0,
22,main,cosine,1,14,1,127,336,25.024031277745962,25,25,1,1,6.716849298982197e-14,25,25,24.99198293739955,24.38095238095238,24.975609756097562,0,
22,main,cosine,1,14,1,128,336,25.862755428999662,25.85,26,1,1,2.1316282072803006e-14,26,26,25.85946384174999,25.6,25.88309636650869,0,
22,main,cosine,1,14,1,129,336,24.879975678399205,24.9,25,1,1,2.275957200481571e-14,25,25,24.921311581607423,24.38095238095238,24.93759512937595,0,
22,main,cosine,1,14,1,130,336,26.53523131646216,26.450000000000003,26,1,1,2.382538610845586e-13,26,26,26.46866115382315,26.94736842105263,26.468497576736674,0,
22,main,cosine,1,14,1,131,336,21.45942427031696,21.45,21,1,1,7.377543020936628e-12,21,21,21.472186259967305,21.333333333333332,21.47313237221494,0,
22,main,cosine,1,14,1,132,336,25.48816074617207,25.55,26,1,1,7.498446308318307e-13,26,26,25.572009112113324,25.6,25.6,0,
22,main,cosine,1,14,1,133,336,27.05034697242081,27.1,27,1,1,2.5979218776228663e-13,27,27,27.09161226661575,26.94736842105263,27.08099173553719,0,
22,main,cosine,1,14,1,134,336,26.99256798811257,27.05,27,1,1,9.325873406851315e-15,27,27,27.073401293410978,26.94736842105263,27.08099173553719,0,
22,main,cosine,1,14,1,135,336,22.809662261977792,22.7,23,1,1,1.0547118733938987e-14,23,23,22.722662999012613,22.26086956521739,22.723994452149793,0,
22,main,cosine,1,14,1,136,336,21.763259936124086,21.8,22,1,1,5.551115123125783e-16,22,22,21.775100143668013,21.333333333333332,21.758300132802123,0,
22,main,cosine,1,14,1,137,336,27.901665491983294,27.9,28,1,1,6.661338147750939e-16,28,28,27.882643544627058,28.444444444444443,27.911413969335605,0,
22,main,cosine,1,14,1,138,336,25.137051604688168,25.1,25,1,1,4.285460875053104e-14,25,25,25.118542479405598,25.6,25.090352220520675,0,
22,main,cosine,1,14,1,139,336,24.93462285026908,25.05,25,1,1,2.3037127760972e-13,25,25,25.064206768656693,25.6,25.051987767584098,0,
22,main,cosine,1,14,1,140,336,25.93646677583456,25.9,26,1,1,1.170175067954915e-12,26,26,25.913744422334474,25.6,25.924050632911392,0,
22,main,cosine,1,14,1,141,336,24.741947308182716,24.7,25,1,1,6.661338147750939e-15,25,25,24.72460980091224,24.38095238095238,24.71191553544495,0,
22,main,cosine,1,14,1,142,336,20.38462081924081,20.4,20,1,1,3.63316043916484e-10,20,20,20.41826049286466,20.48,20.428927680798004,0,
22,main,cosine,1,14,1,143,336,20.88540344312787,20.95,21,1,1,5.551115123125783e-16,21,21,20.944011985193573,21.333333333333332,20.95140664961637,0,
22,main,cosine,1,14,1,144,336,22.814506793394685,22.8,23,1,1,1.0906164860102763e-11,23,23,22.79322367084465,23.272727272727273,22.787204450625868,0,
22,main,cosine,1,14,1,145,336,26.320691077038646,26.1,26,1,1,2.1804780203638074e-13,26,26,26.085719237453404,25.6,26.089171974522294,0,
22,main,cosine,1,14,1,146,336,23.23076419904828,23.15,23,1,1,0,23,23,23.16422338445534,23.272727272727273,23.141242937853107,0,
22,main,cosine,1,14,1,147,336,27.488856106996536,27.4,27,1,1,1.1102230246251565e-15,27,27,27.409472000673613,26.94736842105263,27.39799331103679,0,
22,main,cosine,1,14,1,148,336,24.538913814350963,24.6,25,1,1,6.743494651573201e-13,25,25,24.580202443823314,24.38095238095238,24.563718140929534,0,
22,main,cosine,1,14,1,149,336,20.6098051071167,20.65,21,1,1,3.2240876635114546e-13,21,21,20.670485819769805,20.48,20.66078184110971,0,
22,main,cosine,1,14,1,150,336,21.76464669406414,21.8,22,1,1,0,22,22,21.792646065317502,21.333333333333332,21.78723404255319,0,
22,main,cosine,1,14,1,151,336,24.24551746249199,24.25,24,1,1,5.10702591327572e-15,24,24,24.25074042802097,24.38095238095238,24.236686390532544,0,
22,main,cosine,1,14,1,152,336,23.43990239314735,23.4,23,1,1,5.471956221470009e-12,23,23,23.39804199329668,23.272727272727273,23.405714285714286,0,
22,main,cosine,1,14,1,153,336,27.968944216147065,27.950000000000003,28,1,1,0,28,28,27.94164266112453,28.444444444444443,27.959044368600683,0,
22,main,cosine,1,14,1,154,336,24.018799712881446,24.2,24,1,1,0,24,24,24.188084101823467,24.38095238095238,24.16519174041298,0,
22,main,cosine,1,14,1,155,336,27.5514460131526,27.55,28,1,1,2.4646951146678475e-14,28,28,27.533604224500802,26.94736842105263,27.536134453781514,0,
22,main,cosine,1,14,1,156,336,25.65926770493388,25.6,26,1,1,8.903100479074055e-12,26,26,25.59651502647777,25.6,25.6,0,
22,main,cosine,1,14,1,157,336,26.04586816765368,26.1,26,1,1,1.4654943925052066e-14,26,26,26.083133682192607,25.6,26.047694753577108,0,
22,main,cosine,1,14,1,158,336,27.45549752563238,27.6,28,1,1,1.3322676295501878e-15,28,28,27.617811924187052,26.94736842105263,27.62900505902192,0,
22,main,cosine,1,14,1,159,336,23.815478913486004,23.8,24,1,1,3.134159598516817e-13,24,24,23.798580723841248,23.272727272727273,23.813953488372093,0,
22,main,cosine,1,14,1,160,336,20.61178097873926,20.6,21,1,1,9.78639391746583e-11,21,21,20.580453325617405,20.48,20.582914572864322,0,
22,main,cosine,1,14,1,161,336,21.584428565576673,21.65,22,1,1,4.9960036108132044e-15,22,22,21.64025562622773,21.333333333333332,21.614775725593667,0,
22,main,cosine,1,14,1,162,336,26.526480907574296,26.65,27,1,1,4.122258090433206e-13,27,27,26.65641245377906,26.94736842105263,26.640650406504065,0,
22,main,cosine,1,14,1,163,336,26.945612413808703,26.950000000000003,27,1,1,0,27,27,26.92784306073862,26.94736842105263,26.90311986863711,0,
22,main,cosine,1,14,1,164,336,23.15575970709324,23.2,23,1,1,4.884981308350689e-15,23,23,23.193693772228094,23.272727272727273,23.173974540311175,0,
22,main,cosine,1,14,1,165,336,25.798331439495087,25.75,26,1,1,0,26,26,25.757067961135828,25.6,25.761006289308177,0,
22,main,cosine,1,14,1,166,336,26.027484379708767,26,26,1,1,2.930988785010413e-14,26,26,25.999792873845305,25.6,26.006349206349206,0,
22,main,cosine,1,14,1,167,336,20.43460939079523,20.45,20,1,1,1.7763770809864354e-7,20,21,20.454868075222535,20.48,20.454431960049938,0,
22,main,cosine,1,14,1,168,336,25.67140857130289,25.7,26,1,1,1.5287771049088406e-13,26,26,25.67977966294528,25.6,25.68025078369906,0,
22,main,cosine,1,14,1,169,336,25.31404403410852,25.3,25,1,1,2.2537527399890678e-14,25,25,25.286113300356558,25.6,25.28395061728395,0,
22,main,cosine,1,14,1,170,336,21.69965606369078,21.8,22,1,1,9.923839527914424e-12,22,22,21.80173365718946,22.26086956521739,21.81624500665779,0,
22,main,cosine,1,14,1,171,336,26.20015500485897,26.1,26,1,1,6.661338147750939e-15,26,26,26.110623477406882,25.6,26.130781499202552,0,
22,main,cosine,1,14,1,172,336,26.804139133542776,26.9,27,1,1,1.2068124277675452e-13,27,27,26.87719229985767,26.94736842105263,26.90311986863711,0,
22,main,cosine,1,14,1,173,336,25.69712110981345,25.75,26,1,1,0,26,26,25.752614668925965,25.6,25.761006289308177,0,
22,main,cosine,1,14,1,174,336,27.109270906075835,27,27,1,1,0,27,27,27.02137008591897,26.94736842105263,27.036303630363037,0,
22,main,cosine,1,14,1,175,336,24.147194407880306,24.2,24,1,1,5.10702591327572e-15,24,24,24.20880599774657,24.38095238095238,24.20088626292467,0,
22,main,cosine,1,14,1,176,336,25.893095556646585,25.7,26,1,1,7.740474927686591e-12,26,26,25.692042020008415,25.6,25.72056514913658,0,
22,main,cosine,1,14,1,177,336,23.376710010692477,23.4,23,1,1,1.6829870830292748e-12,23,23,23.395127658227842,23.272727272727273,23.405714285714286,0,
22,main,cosine,1,14,1,178,336,20.574878595769405,20.6,21,1,1,1.6120438317557273e-13,21,21,20.58118613502948,20.48,20.582914572864322,0,
22,main,cosine,1,14,1,179,336,27.007111920043826,26.950000000000003,27,1,1,2.220446049250313e-16,27,27,26.956447065091556,26.94736842105263,26.99176276771005,0,
22,main,cosine,1,14,1,180,336,23.955206660553813,23.8,24,1,1,1.2212453270876722e-13,24,24,23.798625074603724,23.272727272727273,23.779390420899855,0,
22,main,cosine,1,14,1,181,336,27.951051250100136,27.9,28,1,1,9.681144774731365e-14,28,28,27.923045525622197,28.444444444444443,27.911413969335605,0,
22,main,cosine,1,14,1,182,336,20.004898412153125,19.95,20,1,1,1.191269305422793e-13,20,20,19.957688525230495,19.692307692307693,19.956151035322776,0,
22,main,cosine,1,14,1,183,336,27.422600192949176,27.35,27,1,1,1.6775469902086115e-12,27,27,27.350028049359643,26.94736842105263,27.352253756260435,0,
22,main,cosine,1,14,1,184,336,22.199567317962646,22.25,22,1,1,0,22,22,22.246741050975096,22.26086956521739,22.230664857530527,0,
22,main,cosine,1,14,1,185,336,22.861606150865555,22.85,23,1,1,0,23,23,22.853913125299904,23.272727272727273,22.850767085076708,0,
22,main,cosine,1,14,1,186,336,24.388352777808905,24.3,24,1,1,1.7763568394002505e-15,24,24,24.300238825139655,24.38095238095238,24.30860534124629,0,
22,main,cosine,1,14,1,187,336,26.08319547586143,26.05,26,1,1,0,26,26,26.06405996414279,25.6,26.089171974522294,0,
22,main,cosine,1,14,1,188,336,27.609640737995505,27.5,27,1,1,5.962733529152331e-9,27,28,27.481381123056437,26.94736842105263,27.48993288590604,0,
22,main,cosine,1,14,1,189,336,21.929183695465326,21.8,22,1,1,3.3306690738754696e-16,22,22,21.81644830689982,22.26086956521739,21.81624500665779,0,
22,main,cosine,1,14,1,190,336,24.26429919153452,24.2,24,1,1,0,24,24,24.201056558219285,24.38095238095238,24.20088626292467,0,
22,main,cosine,1,14,1,191,336,24.426548844203353,24.5,25,1,1,1.9206858326015208e-13,24,24,24.50383655474808,24.38095238095238,24.490284005979074,0,
22,main,cosine,1,14,1,192,336,27.472557170316577,27.5,27,1,1,5.076161713191141e-12,27,28,27.506178915379312,26.94736842105263,27.48993288590604,0,
22,main,cosine,1,14,1,193,336,21.73169207945466,21.75,22,1,1,5.218048215738236e-15,22,22,21.767295575939766,21.333333333333332,21.758300132802123,0,
22,main,cosine,1,14,1,194,336,25.70529420301318,25.7,26,1,1,2.9976021664879227e-15,26,26,25.68256732716245,25.6,25.68025078369906,0,
22,main,cosine,1,14,1,195,336,24.20872539654374,24.3,24,1,1,5.124012325552485e-12,24,24,24.29772873807422,24.38095238095238,24.27259259259259,0,
22,main,cosine,1,14,1,196,336,22.73670380562544,22.65,23,1,1,3.0682334450915505e-10,23,23,22.626027909730823,22.26086956521739,22.629834254143645,0,
22,main,cosine,1,14,1,197,336,20.3020314630121,20.25,20,1,1,1.2212453270876722e-15,20,20,20.24106187679394,20.48,20.252163164400493,0,
22,main,cosine,1,14,1,198,336,23.86529567092657,23.95,24,1,1,4.96269692007445e-14,24,24,23.941791834987825,24.38095238095238,23.953216374269005,0,
22,main,cosine,1,14,1,199,336,27.395475942641497,27.4,27,1,1,0,27,27,27.41312106151089,26.94736842105263,27.39799331103679,0,
28,robust,square,0.25,7,0.25,0,672,24.010180762037635,23.95,25.25,1,1,0.0007967335509077023,25.25,23.75,23.957347735488685,23.272727272727273,24.023460410557185,0.000001537933242201639,
28,robust,square,0.25,7,0.25,1,672,27.774895910173655,27.8,28,0,0,0.0013704625389892033,28,28,27.809864579773603,28.444444444444443,27.769491525423728,0.0000012417417396548558,
28,robust,square,0.25,7,0.25,2,672,23.148550007492304,23.3,23.25,0,0,0.001801695129212244,23.25,20.5,23.30119956092962,23.272727272727273,23.33903133903134,1.542163780010597e-7,
28,robust,square,0.25,7,0.25,3,672,21.069915356114507,20.9,20.25,1,1,0.00017480949198667162,20.25,20.75,20.919868521062604,21.333333333333332,20.924648786717754,3.646538626611573e-11,
28,robust,square,0.25,7,0.25,4,672,27.98075500316918,27.950000000000003,31.75,0,0,0.031047589283913046,26.5,26.75,27.96341915656277,28.444444444444443,28.054794520547944,4.1528955974090564e-7,
28,robust,square,0.25,7,0.25,5,672,20.5047339592129,20.5,28.5,0,0,0.04657101014704379,20.75,20.75,20.484432551788615,21.333333333333332,20.48,3.861423195639091e-7,
28,robust,square,0.25,7,0.25,6,672,25.06950202770531,25.1,31.75,0,0,0.06347230551709448,23.75,31.75,25.082115614930682,25.6,25.090352220520675,2.947602963931928e-7,
28,robust,square,0.25,7,0.25,7,672,27.28960750810802,27.05,27,1,1,0.000014105458394753079,27,27,27.06383047453198,28.444444444444443,27.08099173553719,2.1160850849355484e-13,
28,robust,square,0.25,7,0.25,8,672,26.355176659300923,26.450000000000003,27.25,1,1,0.00033460747860936113,27.25,26.5,26.425943044110614,25.6,26.383252818035427,5.080730280937473e-10,
28,robust,square,0.25,7,0.25,9,672,24.565803796052933,23.8,25,0,0,0.0026275694125990068,24,23.5,23.808093012297544,23.272727272727273,23.848617176128094,5.7883487225574015e-8,
28,robust,square,0.25,7,0.25,10,672,23.831711193546653,23.35,31.75,0,0,0.054088176515331376,23.5,20.25,23.34495223808377,23.272727272727273,23.33903133903134,4.6097219819074553e-7,
28,robust,square,0.25,7,0.25,11,672,26.111895889043808,25.95,32,0,1,0.06919101271485661,24.75,26,25.958480108652417,25.6,25.88309636650869,4.9789117273491e-10,
28,robust,square,0.25,7,0.25,12,672,27.75730460509658,28.5,29.25,0,0,0.012540011246853222,27.25,29.25,28.516218197096205,28.444444444444443,28.54355400696864,3.145738980414592e-8,
28,robust,square,0.25,7,0.25,13,672,21.75166566669941,22.1,28.75,0,0,0.027580721957644605,22.25,27.25,22.093408068146186,21.333333333333332,22.14054054054054,0.000003644847183736921,
28,robust,square,0.25,7,0.25,14,672,22.06915638037026,22.35,31.25,0,0,0.08450871078464195,22.5,22.25,22.334566395328746,23.272727272727273,22.321525885558582,7.332656171143981e-8,
28,robust,square,0.25,7,0.25,15,672,24.925307780504227,25,29,0,0,0.029139910610722297,25,25,24.995153217654153,25.6,25.013740458015267,3.9107752303202403e-7,
28,robust,square,0.25,7,0.25,16,672,23.190096851438284,22.7,23.5,1,1,0.0000625340472834024,23.5,23.5,22.715536171805798,23.272727272727273,22.69252077562327,3.962539185664582e-10,
28,robust,square,0.25,7,0.25,17,672,26.43176514096558,27.05,28.25,0,0,0.004601798901294196,27,27,27.06634507596465,28.444444444444443,27.036303630363037,3.2242691794248657e-7,
28,robust,square,0.25,7,0.25,18,672,22.356462934985757,22.55,32,0,0,0.052138760727343136,22,22,22.549766624222663,23.272727272727273,22.56749311294766,2.826829770263828e-9,
28,robust,square,0.25,7,0.25,19,672,24.975129332393408,24.5,25.25,1,1,0.0002367756091843365,24.75,27.75,24.497064436648735,25.6,24.453731343283582,4.016831423037104e-9,
28,robust,square,0.25,7,0.25,20,672,27.668996538966894,28,28.5,0,0,0.003646350505730256,28.5,27.75,27.99929673896562,28.444444444444443,27.911413969335605,1.0878132505887095e-8,
28,robust,square,0.25,7,0.25,21,672,26.643771659582853,26.8,27.25,0,0,0.0048767191241188,27.25,31.75,26.818138208823584,25.6,26.81505728314239,2.742400795341382e-8,
28,robust,square,0.25,7,0.25,22,672,25.0838167630136,24.65,25.25,1,1,0.00007578202426161695,25.25,25.25,24.675491100482162,25.6,24.637593984962407,0.000001558629656783772,
28,robust,square,0.25,7,0.25,23,672,20.558550579473376,21.2,31,0,0,0.17229547595507844,20.75,20.25,21.199003684024554,21.333333333333332,21.16795865633075,0.000005922848959394322,
28,robust,square,0.25,7,0.25,24,672,21.146812066435814,20.65,21,1,1,0.0000023854090019925778,21,20.75,20.660511962500788,21.333333333333332,20.634760705289672,1.548818850949374e-10,
28,robust,square,0.25,7,0.25,25,672,20.11278793029487,20.2,29.25,0,1,0.08796057811643265,20,20,20.21272837953927,19.692307692307693,20.22716049382716,1.588063014423824e-12,
28,robust,square,0.25,7,0.25,26,672,22.520743750035763,23.25,32,0,0,0.3381446136412498,23.75,24,23.2335238473458,23.272727272727273,23.23971631205674,0.000024379675042984772,
28,robust,square,0.25,7,0.25,27,672,25.890610756352544,25.9,26.5,1,1,0.0008819290148169845,26.5,26.5,25.90613164300666,25.6,25.924050632911392,8.829115500930129e-7,
28,robust,square,0.25,7,0.25,28,672,23.67391379736364,23.65,30.25,0,0,0.17405615760630044,23.5,23.75,23.64635311750537,23.272727272727273,23.608069164265128,0.000013254164334619567,
28,robust,square,0.25,7,0.25,29,672,23.51230812445283,23.15,22.75,1,1,0.00034544460914653907,22.75,26.75,23.125203572576588,23.272727272727273,23.108603667136812,2.867708126519375e-7,
28,robust,square,0.25,7,0.25,30,672,20.89659683406353,20.5,29.75,0,0,0.08371849415790267,23.75,23.75,20.502839584935018,1.299492385786802,20.505632040050063,0.0004740713437755284,
28,robust,square,0.25,7,0.25,31,672,23.63320899941027,23.9,24.25,1,1,0.0005330772878368029,23,27.75,23.888200694217794,23.272727272727273,23.813953488372093,9.140932455409256e-11,
28,robust,square,0.25,7,0.25,32,672,27.71937708184123,28.200000000000003,29.75,1,1,0.0004697487158263902,27.75,27.25,28.179467691095525,28.444444444444443,28.29706390328152,1.3228183104452285e-8,
28,robust,square,0.25,7,0.25,33,672,25.037126444280148,25.1,26.5,1,1,0.0004218737510788273,26.5,26.5,25.118044379260684,25.6,25.12883435582822,1.2993928155680123e-10,
28,robust,square,0.25,7,0.25,34,672,27.29591174982488,27.950000000000003,29.5,0,0,0.016397592111098813,27.5,27.75,27.939061111914146,28.444444444444443,28.054794520547944,0.000013663803971497579,
28,robust,square,0.25,7,0.25,35,672,20.37441403605044,20.35,30.5,0,0,0.3566322506763189,21.25,27.75,20.332789027645543,19.692307692307693,20.327543424317618,0.00002005574676589017,
28,robust,square,0.25,7,0.25,36,672,27.406576888635755,28.200000000000003,31.25,0,0,0.09981501198017573,26.75,27.75,28.193882013949377,28.444444444444443,28.102915951972555,0.0003149425900877967,
28,robust,square,0.25,7,0.25,37,672,26.87902800180018,26.3,27,0,0,0.008225151261951225,27,32,26.322274087830905,25.6,26.256410256410255,9.154731250848869e-8,
28,robust,square,0.25,7,0.25,38,672,24.183390663936734,23.9,31.75,0,0,0.2568852419010419,23.75,18.25,23.89198268019192,23.272727272727273,23.813953488372093,2.5825309890592507e-8,
28,robust,square,0.25,7,0.25,39,672,27.574232069775462,27.5,28,1,1,0.0002484895636810647,28,27.5,27.5127586273923,28.444444444444443,27.48993288590604,2.0493971075730144e-8,
28,robust,square,0.25,7,0.25,40,672,26.68202514015138,26.700000000000003,28.25,0,0,0.010278774475923735,26.25,27.5,26.670375836835174,25.6,26.684039087947884,2.226297612928363e-8,
28,robust,square,0.25,7,0.25,41,672,20.07332387752831,20.2,32,0,1,0.2154911342413366,20,27.75,20.216004158178126,19.692307692307693,20.22716049382716,6.578901090570355e-9,
28,robust,square,0.25,7,0.25,42,672,26.04410775192082,25.9,27,0,0,0.002391724058625533,27,26.25,25.883476284974186,25.6,25.801574803149606,6.994412116156923e-8,
28,robust,square,0.25,7,0.25,43,672,21.51903614588082,21.65,29.5,0,0,0.08485318522019014,21.25,23.75,21.631103010948454,21.333333333333332,21.614775725593667,0.0000011790603140493516,
28,robust,square,0.25,7,0.25,44,672,21.175945280119777,21.2,30.25,0,0,0.08476005305069723,21,22.25,21.18339057580957,21.333333333333332,21.16795865633075,1.5473103076590888e-7,
28,robust,square,0.25,7,0.25,45,672,21.230472253635526,21.45,28,0,1,0.008248808792442608,21,21,21.463039563469767,21.333333333333332,21.47313237221494,1.2074553579211056e-9,
28,robust,square,0.25,7,0.25,46,672,26.768490193411708,27.3,31.5,0,0,0.03858792381148757,26.75,20.5,27.29114892714383,28.444444444444443,27.30666666666667,0.000003119423216624284,
28,robust,square,0.25,7,0.25,47,672,25.243667759001255,25.05,25.75,0,0,0.008148140214582544,25.25,25.25,25.051457356273406,25.6,25.051987767584098,2.875645832567386e-9,
28,robust,square,0.25,7,0.25,48,672,24.492577709257603,25,29.75,0,0,0.020500436104914366,25.25,25.25,25.00711910390093,25.6,24.975609756097562,0.000031135423210870705,
28,robust,square,0.25,7,0.25,49,672,24.616623643785715,24.7,25.5,0,0,0.005662552729678416,25.5,23.75,24.694259014612392,25.6,24.71191553544495,2.4500480977351913e-8,
28,robust,square,0.25,7,0.25,50,672,21.756385883316398,21.55,29.5,0,0,0.15316561097527037,21.5,22.5,21.54070831692012,0.5109780439121756,0.5112810110781714,0.00014148838789751483,
28,robust,square,0.25,7,0.25,51,672,24.70702845789492,24.95,24.25,0,0,0.0014255774419625888,24.25,25.25,24.933472069090268,25.6,24.93759512937595,7.210867219997752e-7,
28,robust,square,0.25,7,0.25,52,672,24.909397637471557,24.85,31.25,0,0,0.17733223603944404,24.25,25.5,24.870866019781786,25.6,24.861911987860395,3.025131511957824e-8,
28,robust,square,0.25,7,0.25,53,672,21.68240001425147,21.75,30,0,0,0.014636263255109916,22,21.5,21.777146395823706,21.333333333333332,21.78723404255319,1.5185455781718815e-8,
28,robust,square,0.25,7,0.25,54,672,25.312324648723006,25.55,26,0,0,0.00114440999614851,25.25,25,25.548439894256948,25.6,25.640062597809077,1.2482850308970228e-8,
28,robust,square,0.25,7,0.25,55,672,23.983856212347746,24.2,31.25,0,0,0.16890199443449716,24.5,24.75,24.199343606573446,23.272727272727273,24.12960235640648,5.597405450252779e-8,
28,robust,square,0.25,7,0.25,56,672,27.215649446472526,27.450000000000003,27.5,1,1,0.00044255507305157593,27.5,27.5,27.451988311373306,2.064516129032258,2.068164604897753,0.00014032774844530138,
28,robust,square,0.25,7,0.25,57,672,24.247015345841646,24.4,24.75,0,0,0.0015858114668048096,24.75,24.75,24.39400802139687,25.6,24.453731343283582,1.6456919826879357e-8,
28,robust,square,0.25,7,0.25,58,672,25.357028752565384,25.35,26,1,1,0.00004027627892133623,25.75,26,25.354735390184725,25.6,25.4015503875969,1.1102230246251565e-15,
28,robust,square,0.25,7,0.25,59,672,26.6385575607419,26.8,27.75,0,0,0.0016831896305856686,27.75,26.75,26.794636560677894,25.6,26.77124183006536,1.4220712052370743e-7,
28,robust,square,0.25,7,0.25,60,672,26.805813932791352,27.85,29,0,0,0.0023711468094367305,29,19.25,27.835956078477242,28.444444444444443,27.769491525423728,0.00032165069941891833,
28,robust,square,0.25,7,0.25,61,672,20.20852024294436,20.25,32,0,1,0.1499601087179805,20.25,20.25,20.240726204555923,19.692307692307693,20.22716049382716,9.638511921927773e-8,
28,robust,square,0.25,7,0.25,62,672,23.16165603324771,23.85,31,0,0,0.040873267675726854,26.5,23.75,23.8706352877943,23.272727272727273,23.813953488372093,5.464335289806499e-7,
28,robust,square,0.25,7,0.25,63,672,23.212604576721787,22.9,31,0,0,0.011629756153424098,31,31,22.886594503728663,23.272727272727273,22.850767085076708,0.00003139161827858672,
28,robust,square,0.25,7,0.25,64,672,26.318298280239105,26.4,30,0,0,0.021330044965075623,26.5,27.75,26.372291373375372,25.6,26.425806451612903,1.6377971057135454e-7,
28,robust,square,0.25,7,0.25,65,672,21.282099403440952,21.4,21.75,1,1,0.00010552265842744823,21.75,21.25,21.391166413257586,21.333333333333332,21.416993464052286,2.60587773581733e-10,
28,robust,square,0.25,7,0.25,66,672,20.6113263592124,20.3,31.25,0,1,0.08701061694934353,19.75,20.75,20.275119387706983,19.692307692307693,20.302354399008674,5.342770670324626e-11,
28,robust,square,0.25,7,0.25,67,672,26.819719798862934,27,27.75,1,1,0.00004876220031302392,27.75,26.25,27.008023929117314,28.444444444444443,27.036303630363037,4.7452042295503816e-12,
28,robust,square,0.25,7,0.25,68,672,22.135113885626197,22.05,30.25,0,0,0.12277813760773382,22.25,22.25,22.05002536563996,21.333333333333332,22.05114401076716,3.319392631873086e-7,
28,robust,square,0.25,7,0.25,69,672,24.97428904660046,24.65,25,0,0,0.006116635763841027,25,25.75,24.639327331959805,25.6,24.6006006006006,4.903834115443928e-7,
28,robust,square,0.25,7,0.25,70,672,26.248368805274367,26.3,26.25,0,0,0.00139205196061154,26.25,25.75,26.315084756615992,25.6,26.340836012861736,2.211103633520395e-9,
28,robust,square,0.25,7,0.25,71,672,26.20623128116131,26.15,26.25,1,1,0.0003589801001672166,26.25,26.75,26.1715154851332,25.6,26.2144,5.891344467823245e-8,
28,robust,square,0.25,7,0.25,72,672,22.039399035274982,21.65,32,0,0,0.2754986340986979,22,27.75,21.643282936409804,21.333333333333332,21.64332892998679,4.310398715734465e-8,
28,robust,square,0.25,7,0.25,73,672,22.40127452276647,22.15,22.5,1,1,0.00015203570241950626,22.5,22.75,22.148036127357166,21.333333333333332,22.170500676589988,1.0515432968816185e-10,
28,robust,square,0.25,7,0.25,74,672,25.01288552954793,24.85,24,1,1,0.0008199108244079101,24,24,24.83944581835459,25.6,24.824242424242424,0.0000011586822924458673,
28,robust,square,0.25,7,0.25,75,672,22.830202979966998,22.7,26,0,0,0.0025974278511026183,26,18.25,22.694397119139854,23.272727272727273,22.661134163208853,1.961584258358684e-7,
28,robust,square,0.25,7,0.25,76,672,23.065456554293633,23.3,31.5,0,0,0.017722925745982665,23.5,31.5,23.298908184672595,23.272727272727273,23.305832147937412,0.00019270720311148626,
28,robust,square,0.25,7,0.25,77,672,20.064790353178978,20.1,32,0,0,0.08896222348644656,20.5,20.5,20.11500221002285,19.692307692307693,20.152521525215253,4.3354574374987465e-9,
28,robust,square,0.25,7,0.25,78,672,21.46749701909721,21.85,30.5,0,1,0.0693508574164402,22,28.5,21.834660759210376,21.333333333333332,21.81624500665779,2.3105556634650526e-7,
28,robust,square,0.25,7,0.25,79,672,22.821305697783828,22.95,24,0,0,0.0012858429686770645,22,27.75,22.961572061213683,23.272727272727273,22.946778711484594,7.917466682272334e-11,
28,robust,square,0.25,7,0.25,80,672,20.98216139525175,21.05,21.25,1,1,0.000010252702341340125,21.25,21.25,21.060505757306153,21.333333333333332,21.03209242618742,2.7861664086969995e-9,
28,robust,square,0.25,7,0.25,81,672,23.814070077612996,24,23.75,1,1,0.0003294338421885312,23.75,23,23.99555117866312,23.272727272727273,24.058737151248163,3.120304015169495e-11,
28,robust,square,0.25,7,0.25,82,672,26.32462427765131,26.700000000000003,26.5,0,0,0.007476327331135457,26.5,27.5,26.71742845062289,25.6,26.72756933115824,3.4945683236031755e-8,
28,robust,square,0.25,7,0.25,83,672,22.61628720536828,23.15,22.75,1,1,0.00021934068684625885,22.75,22.5,23.155708184151834,23.272727272727273,23.141242937853107,3.1313961423862224e-9,
28,robust,square,0.25,7,0.25,84,672,26.98042140342295,26.65,28.5,0,0,0.03572414419015124,24.75,20.5,26.63486959901913,25.6,26.640650406504065,0.000009412030303246333,
28,robust,square,0.25,7,0.25,85,672,25.47258209064603,24.95,30.25,0,0,0.02450150797926054,24.75,24.75,24.938082374666784,25.6,24.93759512937595,8.080955016254165e-9,
28,robust,square,0.25,7,0.25,86,672,20.207308880984783,20.1,20.25,1,1,0.00004356195019150633,20.25,20.25,20.093992803227195,19.692307692307693,20.07843137254902,1.7503398730411845e-10,
28,robust,square,0.25,7,0.25,87,672,23.01457724906504,23.05,30.75,0,0,0.05493511130989648,23.75,23.5,23.02490419236558,23.272727272727273,23.043600562587905,1.6090586685280073e-7,
28,robust,square,0.25,7,0.25,88,672,23.52984055504203,22.55,31.75,0,0,0.21999048878247007,21.75,27.75,22.531076828620108,23.272727272727273,22.505494505494507,0.0000015898144742898523,
28,robust,square,0.25,7,0.25,89,672,26.321258014068007,26.5,26.75,0,0,0.0017868945751564613,21,26.5,26.48919893162125,25.6,26.468497576736674,1.0085206114673895e-8,
28,robust,square,0.25,7,0.25,90,672,23.71648377366364,23.65,23.75,1,1,0.00004367258773707583,23.75,23.5,23.662954238550114,23.272727272727273,23.710564399421127,2.3135715565558712e-11,
28,robust,square,0.25,7,0.25,91,672,23.399451822042465,23.1,30.25,0,0,0.06438414747051846,23.25,23.75,23.11900314947321,23.272727272727273,23.108603667136812,0.000005254304912494234,
28,robust,square,0.25,7,0.25,92,672,26.31441311724484,25.55,30.5,0,0,0.015631212087415136,25.25,25.25,25.56345150170037,25.6,25.480559875583204,8.153027142299152e-10,
28,robust,square,0.25,7,0.25,93,672,23.382748633623123,23.85,23.5,1,1,0.00002213971020448291,23.5,24,23.833876988022073,23.272727272727273,23.848617176128094,5.032022576401118e-9,
28,robust,square,0.25,7,0.25,94,672,27.94569039531052,27.200000000000003,28.25,0,0,0.004405304798296261,28,23.75,27.180205103359405,0.5059288537549407,27.170812603648425,0.004667030949130679,
28,robust,square,0.25,7,0.25,95,672,20.158542785793543,19.75,27.5,0,1,0.04441061009729885,20,20,19.759941985337775,19.692307692307693,19.76357056694813,2.2976476221625575e-7,
28,robust,square,0.25,7,0.25,96,672,23.115188919007778,23,31.25,0,0,0.10239073325635428,23.75,28.75,22.990092878270715,23.272727272727273,22.978962131837307,3.6737972997080703e-7,
28,robust,square,0.25,7,0.25,97,672,26.634367775171995,27.05,27.25,1,1,0.000014508018951975288,27.25,27.75,27.060742338875247,28.444444444444443,27.08099173553719,3.172157980735335e-9,
28,robust,square,0.25,7,0.25,98,672,22.20544578321278,22.15,30.5,0,1,0.08202656501803207,22.5,21.75,22.163699206459235,21.333333333333332,22.200542005420054,5.35091859710235e-10,
28,robust,square,0.25,7,0.25,99,672,24.085653064772487,24,30.5,0,0,0.11102509346945844,24.5,24,23.992881569696273,23.272727272727273,24.058737151248163,9.099154196778869e-8,
28,robust,square,0.25,7,0.25,100,672,27.600406931713223,27.3,28.25,0,0,0.006360603870773973,28.25,27.75,27.30791156540077,28.444444444444443,27.30666666666667,6.739674931477424e-7,
28,robust,square,0.25,7,0.25,101,672,26.26208109036088,26.35,31.75,0,0,0.13560799565763404,26.25,26.25,26.333408327830437,25.6,26.340836012861736,0.00010959021436929284,
28,robust,square,0.25,7,0.25,102,672,26.599042108282447,26.700000000000003,27.75,0,1,0.0011810324333941802,26.75,27.75,26.691832503181562,25.6,26.72756933115824,3.3590907833058736e-12,
28,robust,square,0.25,7,0.25,103,672,25.62692203372717,25.55,27.25,1,1,0.0003367247407155549,25,25.5,25.57320090974523,25.6,25.480559875583204,3.881228671787085e-12,
28,robust,square,0.25,7,0.25,104,672,25.9463725220412,26.35,26.75,1,1,0.0008559475706299002,26.75,25.5,26.357188939711854,25.6,26.340836012861736,1.1269365440824686e-8,
28,robust,square,0.25,7,0.25,105,672,23.213812198489904,22.9,31.75,0,0,0.053075102053565026,22.25,27.25,22.923249909423443,23.272727272727273,22.914685314685315,0.000041188445520812245,
28,robust,square,0.25,7,0.25,106,672,23.98919289559126,24,32,0,0,0.26894771797671024,23.25,18.5,23.993879335955818,23.272727272727273,24.023460410557185,0.000018971999741546064,
28,robust,square,0.25,7,0.25,107,672,22.502328146249056,22.1,31.5,0,0,0.047244283519593866,20.75,23,22.099278090983983,21.333333333333332,22.110661268556004,0.00010633661593195676,
28,robust,square,0.25,7,0.25,108,672,21.98498522490263,21.9,30.75,0,0,0.09527711837206299,23,29,21.903186149825604,21.333333333333332,21.933065595716197,0.00005280700442411579,
28,robust,square,0.25,7,0.25,109,672,26.20675557665527,25.9,26.5,1,1,0.0004582698224925297,26.5,26.5,25.894589646162245,25.6,25.88309636650869,5.681325410122895e-10,
28,robust,square,0.25,7,0.25,110,672,27.564781917259097,27.9,27.5,0,0,0.002984755759297575,26.5,22.25,27.92403007742958,28.444444444444443,28.006837606837607,6.94724116234724e-7,
28,robust,square,0.25,7,0.25,111,672,20.456538766622543,20.85,30.25,0,0,0.14834157936615922,20.5,20.5,20.830892148366267,21.333333333333332,20.76552598225602,0.000001373238544766231,
28,robust,square,0.25,7,0.25,112,672,21.380918512120843,21.5,22,1,1,0.000025263092709559842,22,21.75,21.49350551722713,21.333333333333332,21.47313237221494,2.4924506902834764e-13,
28,robust,square,0.25,7,0.25,113,672,27.069095941260457,27.35,26.75,1,1,0.00011186767506121686,26.75,27.5,27.357033267393764,28.444444444444443,27.30666666666667,1.824671524985888e-10,
28,robust,square,0.25,7,0.25,114,672,20.447005899623036,20.4,30.5,0,0,0.2620637688091654,21.75,20.5,20.407642857961857,19.692307692307693,20.40348692403487,7.815320544057869e-7,
28,robust,square,0.25,7,0.25,115,672,26.29687975347042,25.85,26.25,1,1,0.0004816942507364086,26.25,26.25,25.840781204739105,25.6,25.88309636650869,2.4228962947070443e-8,
28,robust,square,0.25,7,0.25,116,672,27.28318878635764,27.15,28,0,0,0.002127616493930673,28,27.75,27.14226563307798,28.444444444444443,27.170812603648425,3.2194169552468566e-10,
28,robust,square,0.25,7,0.25,117,672,23.67876305617392,24.45,25,0,0,0.012167376915328432,25,25,24.467351741986224,25.6,24.453731343283582,0.00005931372881307073,
28,robust,square,0.25,7,0.25,118,672,26.74961090646684,27.05,29.75,0,0,0.024046893049804896,27.25,27.25,27.038915245108626,28.444444444444443,27.08099173553719,0.0000021556365936703514,
28,robust,square,0.25,7,0.25,119,672,20.8779672421515,20.95,20.75,1,1,0.000017819734970059287,20.75,20.75,20.939214147797095,21.333333333333332,20.897959183673468,4.02755606643268e-12,
28,robust,square,0.25,7,0.25,120,672,27.508181884884834,27,27.75,0,0,0.0010123377026415303,27.75,27.75,26.9900646486765,28.444444444444443,26.99176276771005,6.556150289327434e-9,
28,robust,square,0.25,7,0.25,121,672,27.6569117102772,27.5,28.25,0,0,0.0031927693336583074,27,27.5,27.471742159138607,28.444444444444443,27.39799331103679,4.609653769804822e-9,
28,robust,square,0.25,7,0.25,122,672,23.50853162817657,23.65,24.25,0,0,0.004570688388371602,23,24.5,23.62737825009965,23.272727272727273,23.57410071942446,6.181470890709306e-10,
28,robust,square,0.25,7,0.25,123,672,23.20246483013034,23.45,27,0,0,0.02576871073404241,23,27,23.427272066922438,23.272727272727273,23.43919885550787,3.039163964935199e-8,
28,robust,square,0.25,7,0.25,124,672,24.550461934879422,24.6,32,0,0,0.027572486636301963,25.25,32,24.610093482017607,25.6,24.563718140929534,5.6551156424333726e-8,
28,robust,square,0.25,7,0.25,125,672,22.3016523309052,22.35,22,1,1,0.00006454816363099525,22,22.25,22.37160589182791,23.272727272727273,22.382513661202186,3.075428800514146e-11,
28,robust,square,0.25,7,0.25,126,672,26.799266567453742,27.5,29.25,0,0,0.007385481893685819,27,28.25,27.493122920760303,28.444444444444443,27.39799331103679,6.513550809827962e-10,
28,robust,square,0.25,7,0.25,127,672,21.531299736350775,21.8,29.25,0,0,0.01410807912241685,21.75,21.75,21.80144934285449,21.333333333333332,21.78723404255319,1.0898017666072235e-7,
28,robust,square,0.25,7,0.25,128,672,21.832038920372725,22.35,31.5,0,0,0.02156560205778335,21.75,21.75,22.372570885536863,23.272727272727273,22.351978171896317,0.00005307138924826038,
28,robust,square,0.25,7,0.25,129,672,20.079635713249445,19.45,31.75,0,0,0.32572213536580774,20.25,20.25,19.438844474335596,19.692307692307693,19.458432304038006,0.00004189221414296895,
28,robust,square,0.25,7,0.25,130,672,22.46006990596652,22.05,30.75,0,0,0.04560808928071447,22,30.75,22.061481862828963,21.333333333333332,22.021505376344088,0.00012505924744654617,
28,robust,square,0.25,7,0.25,131,672,23.67657527886331,23.3,23.25,1,1,0.0007359637603525648,23.25,23,23.2897261255128,23.272727272727273,23.305832147937412,3.9499115089824954e-10,
28,robust,square,0.25,7,0.25,132,672,25.06102311424911,25,30,0,0,0.02991714360645692,25.5,27.5,25.00103477883284,25.6,25.013740458015267,0.0000015923826596209167,
28,robust,square,0.25,7,0.25,133,672,23.072287034243345,22.5,32,0,0,0.11731712990463827,22.5,23.75,22.505139810221714,23.272727272727273,22.536451169188446,0.00014173294121011537,
28,robust,square,0.25,7,0.25,134,672,26.565958013758063,25.75,32,0,0,0.10862543390497081,25.75,25.75,25.72678637448763,25.6,0.9837876786357632,0.0010056016571360349,
28,robust,square,0.25,7,0.25,135,672,24.267881432548165,24.7,31.5,0,1,0.016749761651796757,24.25,24.25,24.696896600701262,25.6,24.71191553544495,4.343583381860583e-9,
28,robust,square,0.25,7,0.25,136,672,25.26851431839168,24.95,31,0,0,0.03968853433888575,23.25,25.75,24.95776790381095,25.6,24.93759512937595,1.0143615947200146e-9,
28,robust,square,0.25,7,0.25,137,672,22.444224989041686,22.45,28.25,0,0,0.07499288861988507,23.25,31.75,22.45940135139616,0.6808510638297872,22.41313269493844,0.0008248897023590551,
28,robust,square,0.25,7,0.25,138,672,20.46785838715732,20.15,20.5,1,1,8.583935888761829e-7,20.5,20.5,20.14887093593642,19.692307692307693,20.177339901477833,4.4170955781908106e-10,
28,robust,square,0.25,7,0.25,139,672,22.814201451838017,23.25,31.75,0,0,0.1633333059681129,23.5,24.25,23.256369176378183,23.272727272727273,23.272727272727273,1.0887502344125721e-8,
28,robust,square,0.25,7,0.25,140,672,24.021452762186527,24.4,26.5,0,0,0.0021448691466225966,26.5,26.5,24.39249755999803,25.6,24.417287630402384,1.8034100024433286e-7,
28,robust,square,0.25,7,0.25,141,672,25.35424068942666,24.8,25.25,0,0,0.003119470621601783,25.25,31,24.820104788083835,25.6,24.786686838124055,4.345827090412868e-7,
28,robust,square,0.25,7,0.25,142,672,23.81874817982316,23.15,23,0,0,0.003009531535885124,23,27.75,23.148649360713897,23.272727272727273,23.141242937853107,2.5313712448404857e-7,
28,robust,square,0.25,7,0.25,143,672,24.798640536144376,24.25,29.5,0,0,0.012064198019133943,25,24.75,24.259181286847937,23.272727272727273,24.30860534124629,0.0000023262936469370388,
28,robust,square,0.25,7,0.25,144,672,23.173212233930826,23,31.25,0,0,0.029866467957846865,22.75,27.5,22.990439805033795,23.272727272727273,23.01123595505618,5.8246722889343516e-8,
28,robust,square,0.25,7,0.25,145,672,21.15265735797584,21.25,28.75,0,0,0.11938326561492862,21,21,21.255227053699535,21.333333333333332,21.22279792746114,1.5404182596157057e-8,
28,robust,square,0.25,7,0.25,146,672,24.261037539690733,24.25,23.75,1,1,0.0002085871318434629,23.75,23.75,24.235471970196485,23.272727272727273,24.236686390532544,4.2760239793437904e-12,
28,robust,square,0.25,7,0.25,147,672,20.465165596455336,20.6,29.25,0,1,0.07788321562851519,20,20,20.579721039134196,21.333333333333332,20.582914572864322,5.243583345304614e-13,
28,robust,square,0.25,7,0.25,148,672,21.49262754805386,21.9,22.25,1,1,0.0002184799528044401,22.25,22.25,21.895494481946024,21.333333333333332,21.933065595716197,6.970496424507644e-8,
28,robust,square,0.25,7,0.25,149,672,22.575859794393182,22.7,23.5,0,1,0.0010368604996052744,22.75,22.75,22.705082296988813,23.272727272727273,22.723994452149793,8.154972142015993e-9,
28,robust,square,0.25,7,0.25,150,672,22.578171622008085,22.9,23.75,1,1,0.00024737984040745786,23.75,22,22.918617800251557,23.272727272727273,22.914685314685315,9.895263497483597e-10,
28,robust,square,0.25,7,0.25,151,672,26.9720842204988,26.450000000000003,26.75,0,0,0.017330987878044768,26.75,27.25,26.462005054611545,25.6,26.425806451612903,5.671047315081168e-7,
28,robust,square,0.25,7,0.25,152,672,25.46095603518188,25.4,25.5,0,0,0.001575567745522477,25.5,23.75,25.406906314759325,8.533333333333333,8.445360824742268,0.0010497056807585725,
28,robust,square,0.25,7,0.25,153,672,23.311623929068446,23.3,30.5,0,0,0.04651926306891352,23.25,30.5,23.283879825056804,23.272727272727273,23.305832147937412,0.0003789023746724185,
28,robust,square,0.25,7,0.25,154,672,25.448510954156518,24.95,25.5,1,1,0.00003931241656096596,25.5,25,24.94069529501794,25.6,24.93759512937595,2.6711965972481266e-13,
28,robust,square,0.25,7,0.25,155,672,24.860178569331765,24.65,31.75,0,0,0.08891507829159817,23.75,30.5,24.627464651596714,25.6,24.637593984962407,2.982980698007509e-7,
28,robust,square,0.25,7,0.25,156,672,23.867856727913022,23.8,23.5,1,1,0.00003161575043031384,23.5,24,23.78713477334812,23.272727272727273,23.848617176128094,6.991496270813968e-11,
28,robust,square,0.25,7,0.25,157,672,25.785142317414284,25.5,26,0,0,0.001407898420967113,26,26,25.484922121406502,25.6,25.5202492211838,2.8650287697828958e-9,
28,robust,square,0.25,7,0.25,158,672,27.22743890993297,26.700000000000003,28.25,1,1,0.0002025439555382036,28.25,27.25,26.678832404490016,25.6,26.684039087947884,6.1212146462708e-11,
28,robust,square,0.25,7,0.25,159,672,25.051823707297444,25.1,31.25,0,0,0.018406083140365626,25.25,25.25,25.092450457613154,25.6,25.090352220520675,9.67201713164556e-8,
28,robust,square,0.25,7,0.25,160,672,21.796627521514893,22.15,28,0,0,0.035367152757614484,22.5,23.25,22.156714570560638,21.333333333333332,22.14054054054054,3.8749133013382675e-8,
28,robust,square,0.25,7,0.25,161,672,22.9432577136904,23,23.5,1,1,0.00032810316083176083,23.5,23.5,23.003308728631783,23.272727272727273,23.043600562587905,1.5021005550508448e-9,
28,robust,square,0.25,7,0.25,162,672,21.150109134614468,21.1,30.25,0,0,0.07220588562368835,21,26,21.104001982100705,21.333333333333332,21.11340206185567,0.00000953013134774583,
28,robust,square,0.25,7,0.25,163,672,24.637541050091386,24.35,31.25,0,0,0.035373080240429955,24.25,23.75,24.36553802335184,23.272727272727273,24.344725111441306,9.161743328434113e-7,
28,robust,square,0.25,7,0.25,164,672,26.949471715837717,26.8,30.25,0,0,0.017537493056442144,26.75,26.75,26.79093412994914,25.6,26.81505728314239,0.00009144005119854359,
28,robust,square,0.25,7,0.25,165,672,22.37777379900217,22.6,29.75,0,1,0.04907943618856425,22.25,23.25,22.59798510198184,23.272727272727273,22.661134163208853,1.8209316066108983e-7,
28,robust,square,0.25,7,0.25,166,672,22.976619308814406,23,32,0,0,0.15518036564480175,23.25,23.25,22.98416641053147,23.272727272727273,22.978962131837307,0.00010052642622482288,
28,robust,square,0.25,7,0.25,167,672,23.735913323238492,23.75,23.5,1,1,0.00025964373906439686,23.5,23.5,23.73357509626735,23.272727272727273,23.710564399421127,1.1958212198237561e-12,
28,robust,square,0.25,7,0.25,168,672,25.54113837517798,25.85,30,0,0,0.034275647045222346,25.75,27,25.84752634182756,25.6,25.924050632911392,8.816809171641182e-8,
28,robust,square,0.25,7,0.25,169,672,20.41985885053873,20.65,31.5,0,0,0.08372402179964056,20.25,26.75,20.648629027504896,21.333333333333332,20.68686868686869,0.0000035489223010332083,
28,robust,square,0.25,7,0.25,170,672,27.70863855443895,29.1,29.75,0,0,0.008440570456010987,29.75,29.25,29.1264960868654,28.444444444444443,29.101243339253998,0.0001079813963226206,
28,robust,square,0.25,7,0.25,171,672,20.758967027068138,21.1,31,0,0,0.05827296660963799,20.25,27.75,21.075497932043685,21.333333333333332,21.05912596401028,0.00008797126458814919,
28,robust,square,0.25,7,0.25,172,672,20.1829290445894,19.9,29.25,0,1,0.11410307871642189,20.25,20.25,19.902681576079775,19.692307692307693,19.85939393939394,4.1030998487734394e-8,
28,robust,square,0.25,7,0.25,173,672,26.87131858803332,27.4,32,0,0,0.03142265949526746,27,27.5,27.37565249489529,28.444444444444443,27.39799331103679,1.984119182285582e-7,
28,robust,square,0.25,7,0.25,174,672,27.9319483153522,27.8,27.75,0,0,0.0019866939876385104,27.75,28,27.780355895093997,28.444444444444443,27.675675675675677,3.518184632511634e-10,
28,robust,square,0.25,7,0.25,175,672,26.65166161581874,27.15,30.25,0,0,0.014150796595422621,26.75,27.5,27.13096429096258,28.444444444444443,27.125827814569536,1.1546020473041096e-8,
28,robust,square,0.25,7,0.25,176,672,25.548570478335023,25.35,30,0,1,0.004068808853729178,25.5,25.5,25.37246657813323,25.6,25.323029366306027,1.7602905133529134e-8,
28,robust,square,0.25,7,0.25,177,672,26.307214284315705,26.15,25.75,1,1,0.000040670026169031814,25.75,26,26.126012449263673,25.6,26.089171974522294,2.6900703886667543e-13,
28,robust,square,0.25,7,0.25,178,672,27.347625935450196,27.6,27.25,1,1,0.00015396752215501852,27.25,26.75,27.618760750756188,28.444444444444443,27.536134453781514,2.2085655526637993e-10,
28,robust,square,0.25,7,0.25,179,672,22.54277211986482,22.2,31.5,0,0,0.18814720178912103,21.75,21.75,22.196080507450286,21.333333333333332,22.26086956521739,2.1589810939026677e-8,
28,robust,square,0.25,7,0.25,180,672,20.56503902003169,20.8,20.5,1,1,0.000004030271955390852,20.5,20.5,20.781613001041993,21.333333333333332,20.739240506329114,1.0791407101251593e-8,
28,robust,square,0.25,7,0.25,181,672,27.524492673575878,27.9,28.5,1,1,0.00010071962055746564,28.5,28.5,27.87963694151228,28.444444444444443,28.006837606837607,6.033548893835672e-7,
28,robust,square,0.25,7,0.25,182,672,25.405172822996974,25.1,31.25,0,0,0.10687511961707707,25.5,26.75,25.097613093034955,25.6,25.090352220520675,2.59565436477871e-7,
28,robust,square,0.25,7,0.25,183,672,22.862720312550664,23.3,31.5,0,0,0.1605218522796582,23.5,23.5,23.27457471292643,23.272727272727273,23.272727272727273,5.429279248403418e-11,
28,robust,square,0.25,7,0.25,184,672,27.929279105737805,27.4,27.75,0,0,0.01004610590189603,27.75,31.75,27.386724105538157,28.444444444444443,27.352253756260435,1.484725608014159e-7,
28,robust,square,0.25,7,0.25,185,672,25.778677493333817,26.5,26.5,0,0,0.001778399300085165,26.5,21.5,26.513461711930095,25.6,26.468497576736674,4.864534774995377e-8,
28,robust,square,0.25,7,0.25,186,672,27.254469480365515,26.700000000000003,27.25,0,0,0.003778917689800765,26.75,26.75,26.696336006265597,25.6,26.72756933115824,0.0000018127202406903464,
28,robust,square,0.25,7,0.25,187,672,21.764215052127838,21.45,31,0,0,0.11699354919683114,21.75,20.25,21.440288967424266,1.0199203187250996,1.020682780961874,0.008261191527187073,
28,robust,square,0.25,7,0.25,188,672,24.5897905100137,25.1,32,0,0,0.07897158763356404,24.25,25.5,25.089036408965594,25.6,25.090352220520675,2.7201415786493044e-8,
28,robust,square,0.25,7,0.25,189,672,27.82158049568534,28.05,29.5,1,1,0.00046530753106743816,29.5,27.75,28.052490264041182,28.444444444444443,28.102915951972555,1.2019274464591945e-12,
28,robust,square,0.25,7,0.25,190,672,27.716588262468576,28.35,29,0,0,0.00541959282321236,27.75,29,28.368469860033414,28.444444444444443,28.395147313691506,3.331070923540125e-7,
28,robust,square,0.25,7,0.25,191,672,26.380753898993134,26,25,1,1,0.00009511185436339442,25,25.75,25.999027493697227,25.6,25.924050632911392,8.892087066669774e-11,
28,robust,square,0.25,7,0.25,192,672,25.617371767759323,25.45,27.75,0,0,0.012292713908000796,25.25,27.75,25.460610043100875,25.6,25.362229102167184,5.90312475345911e-7,
28,robust,square,0.25,7,0.25,193,672,20.8855434153229,20.55,31.5,0,0,0.3769399391567885,21.25,21.25,20.53517988359553,21.333333333333332,20.557089084065243,0.0000037548025345612857,
28,robust,square,0.25,7,0.25,194,672,25.154284736141562,24.95,24.75,1,1,0.00001438913552087584,24.75,24.75,24.937530531086452,25.6,24.93759512937595,4.886091531375314e-13,
28,robust,square,0.25,7,0.25,195,672,20.046150976791978,20.1,31.25,0,0,0.431302285512444,19.5,21,20.099829033473924,19.692307692307693,20.103067484662578,0.0000093398310968551,
28,robust,square,0.25,7,0.25,196,672,25.243267176672816,25.55,25.25,1,1,0.00008011961796328126,25.25,27,25.570130714774525,25.6,25.6,3.0448328303123162e-9,
28,robust,square,0.25,7,0.25,197,672,23.668247614055872,23.85,31.5,0,1,0.03352111842683014,24.75,31.5,23.86321430598039,23.272727272727273,23.91824817518248,1.1360660190362637e-9,
28,robust,square,0.25,7,0.25,198,672,21.818371314555407,21.9,29,0,0,0.08446238275926565,21.75,21.75,21.893426770782668,21.333333333333332,21.90374331550802,6.085655868126594e-9,
28,robust,square,0.25,7,0.25,199,672,20.40039479918778,20.4,31.5,0,0,0.0469532504227238,18.5,27.75,20.412877998515107,19.692307692307693,20.428927680798004,0.0000019915938027637026,
34,robust,pulse25,0.25,7,1,0,672,21.153247844427824,21.1,21.25,1,1,0,21.25,21.25,21.103217543243293,21.333333333333332,21.140645161290323,0,
34,robust,pulse25,0.25,7,1,1,672,27.201996959745884,27.05,27.25,1,1,0,27.25,26.75,27.037631535519214,28.444444444444443,27.036303630363037,0,
34,robust,pulse25,0.25,7,1,2,672,23.402368549257517,23.45,23.5,1,1,0,23.25,23.25,23.438911298311105,23.272727272727273,23.405714285714286,0,
34,robust,pulse25,0.25,7,1,3,672,26.93622455559671,27.4,27,1,1,0,27,27,27.36726416212417,28.444444444444443,27.30666666666667,0,
34,robust,pulse25,0.25,7,1,4,672,22.091705039143562,22.15,22,1,1,0,22,22,22.160870291413797,21.333333333333332,22.200542005420054,0,
34,robust,pulse25,0.25,7,1,5,672,23.544598886743188,23.3,23.5,1,1,0,23.5,23.5,23.30354228976431,23.272727272727273,23.305832147937412,0,
34,robust,pulse25,0.25,7,1,6,672,24.872200893238187,24.85,25,1,1,0,25,25,24.869858268574703,25.6,24.861911987860395,0,
34,robust,pulse25,0.25,7,1,7,672,27.524069771170616,27.25,27.5,1,1,0,27.5,27.5,27.264105896017508,28.444444444444443,27.30666666666667,0,
34,robust,pulse25,0.25,7,1,8,672,25.15580483339727,25.4,25.25,1,1,0,25.25,25.25,25.395916893246405,25.6,25.4015503875969,0,
34,robust,pulse25,0.25,7,1,9,672,22.202280519530177,22.3,22.25,1,1,0,22.25,22.25,22.27937768420321,23.272727272727273,22.26086956521739,0,
34,robust,pulse25,0.25,7,1,10,672,21.815123111009598,21.9,21.75,1,1,0,21.75,21.75,21.92153057324878,21.333333333333332,21.90374331550802,0,
34,robust,pulse25,0.25,7,1,11,672,27.451468970626593,27.6,27.5,1,1,0,27.5,27.5,27.62073235474775,28.444444444444443,27.722504230118442,0,
34,robust,pulse25,0.25,7,1,12,672,23.650983694940805,23.6,23.75,1,1,0,23.5,23.5,23.578422659801518,23.272727272727273,23.57410071942446,0,
34,robust,pulse25,0.25,7,1,13,672,27.809297528117895,27.8,27.75,1,1,0,27.75,27.75,27.81556334727181,28.444444444444443,27.722504230118442,0,
34,robust,pulse25,0.25,7,1,14,672,22.199671268463135,22.2,22.25,1,1,0,22.25,22.25,22.18999447683674,21.333333333333332,22.200542005420054,0,
34,robust,pulse25,0.25,7,1,15,672,23.46524320729077,23.5,23.5,1,1,0,23.5,23.5,23.50961628041415,23.272727272727273,23.472779369627506,0,
34,robust,pulse25,0.25,7,1,16,672,23.10838327370584,22.95,23,1,1,0,23,23,22.958085874140878,23.272727272727273,22.978962131837307,0,
34,robust,pulse25,0.25,7,1,17,672,23.886768244206905,23.8,24,1,1,0,24,24,23.777303313340173,23.272727272727273,23.813953488372093,0,
34,robust,pulse25,0.25,7,1,18,672,25.525711407884955,25.2,25.5,1,1,0,25.5,25.5,25.223537250204387,25.6,25.206153846153846,0,
34,robust,pulse25,0.25,7,1,19,672,23.704636411741376,23.8,23.75,1,1,0,23.75,23.75,23.775088322611644,23.272727272727273,23.744927536231884,0,
34,robust,pulse25,0.25,7,1,20,672,24.176557548344135,24.1,24.25,1,1,0,24.25,24.25,24.08442547564167,23.272727272727273,24.023460410557185,0,
34,robust,pulse25,0.25,7,1,21,672,27.4993100091815,27.35,27.5,1,1,0,27.5,27.5,27.331472346330266,28.444444444444443,27.39799331103679,0,
34,robust,pulse25,0.25,7,1,22,672,25.227915616706014,25.45,25.25,1,1,0,25.25,25.25,25.432195943173625,25.6,25.5202492211838,0,
34,robust,pulse25,0.25,7,1,23,672,20.173314303159714,20.2,20.25,1,1,0,20.25,20.25,20.219585781644778,19.692307692307693,20.20221948212084,0,
34,robust,pulse25,0.25,7,1,24,672,22.937255959957838,23.2,23,1,1,0,23,23,23.198376666416472,23.272727272727273,23.206798866855525,0,
34,robust,pulse25,0.25,7,1,25,672,23.520341210067272,23.6,23.5,1,1,0,23.5,23.5,23.581138426864406,23.272727272727273,23.57410071942446,0,
34,robust,pulse25,0.25,7,1,26,672,24.43545318208635,24.3,24.5,1,1,0,24.5,24.5,24.290281403417083,23.272727272727273,24.344725111441306,0,
34,robust,pulse25,0.25,7,1,27,672,20.55853376351297,20.75,20.5,1,1,0,20.5,20.5,20.730245440224827,21.333333333333332,20.739240506329114,0,
34,robust,pulse25,0.25,7,1,28,672,26.743582885712385,26.6,26.75,1,1,0,26.75,26.75,26.59263644465934,25.6,26.640650406504065,0,
34,robust,pulse25,0.25,7,1,29,672,25.684877764433622,25.8,25.75,1,1,0,25.75,25.75,25.802319195681083,25.6,25.801574803149606,0,
34,robust,pulse25,0.25,7,1,30,672,26.55587849020958,26.4,26.5,1,1,0,26.5,26.5,26.400591612505938,25.6,26.425806451612903,0,
34,robust,pulse25,0.25,7,1,31,672,23.932971317321062,24.15,24,1,1,0,24,24,24.130044662527627,23.272727272727273,24.12960235640648,0,
34,robust,pulse25,0.25,7,1,32,672,21.00038876198232,20.75,21,1,1,0,21,21,20.773506130971732,21.333333333333332,20.76552598225602,0,
34,robust,pulse25,0.25,7,1,33,672,21.133405590429902,21.25,21.25,1,1,0,21.25,21.25,21.24037039486732,21.333333333333332,21.22279792746114,0,
34,robust,pulse25,0.25,7,1,34,672,20.171074153855443,20.15,20.25,1,1,0,20.25,20,20.154567118746165,19.692307692307693,20.127764127764127,0,
34,robust,pulse25,0.25,7,1,35,672,26.05321297235787,26.15,26,1,1,0,26,26,26.162283353899394,25.6,26.130781499202552,0,
34,robust,pulse25,0.25,7,1,36,672,27.209655825048685,27.05,27.25,1,1,0,27.25,27.75,27.07186629380482,28.444444444444443,27.08099173553719,0,
34,robust,pulse25,0.25,7,1,37,672,22.31567988358438,22.25,22.25,1,1,0,22.25,22.25,22.25739496986869,21.333333333333332,22.230664857530527,0,
34,robust,pulse25,0.25,7,1,38,672,21.264831064268947,21.25,21.25,1,1,0,21.25,21.25,21.238606589136694,21.333333333333332,21.277922077922078,0,
34,robust,pulse25,0.25,7,1,39,672,24.213275598362088,24.5,24.25,1,1,0,24.25,24.25,24.50682040065313,25.6,24.453731343283582,0,
34,robust,pulse25,0.25,7,1,40,672,27.501242693513632,27.6,27.5,1,1,0,27.5,27.5,27.605502979378294,28.444444444444443,27.675675675675677,0,
34,robust,pulse25,0.25,7,1,41,672,22.777025785297155,22.9,22.75,1,1,0,22.75,22.75,22.914872507532536,23.272727272727273,22.914685314685315,0,
34,robust,pulse25,0.25,7,1,42,672,26.154245164245367,26.05,26.25,1,1,0,26.25,26.25,26.03456763027909,25.6,26.130781499202552,0,
34,robust,pulse25,0.25,7,1,43,672,21.009842716157436,21.15,21,1,1,0,21,20.75,21.133822507969363,21.333333333333332,21.086229086229086,0,
34,robust,pulse25,0.25,7,1,44,672,26.81462741456926,26.700000000000003,26.75,1,1,0,26.75,26.75,26.702645188891484,25.6,26.72756933115824,0,
34,robust,pulse25,0.25,7,1,45,672,25.729079885408282,25.7,25.75,1,1,0,25.75,25.75,25.682626845636854,25.6,25.6,0,
34,robust,pulse25,0.25,7,1,46,672,21.868693944066763,21.95,22,1,1,0,21.75,21.75,21.9391146620879,21.333333333333332,21.90374331550802,0,
34,robust,pulse25,0.25,7,1,47,672,23.907613798975945,23.8,24,1,1,0,24,23.75,23.812172928390567,23.272727272727273,23.744927536231884,0,
34,robust,pulse25,0.25,7,1,48,672,24.585651457309723,24.65,24.75,1,1,0,24.75,24.5,24.65836869548178,25.6,24.674698795180724,0,
34,robust,pulse25,0.25,7,1,49,672,21.582132468000054,21.5,21.5,1,1,0,21.5,21.5,21.49880864443042,21.333333333333332,21.529566360052563,0,
34,robust,pulse25,0.25,7,1,50,672,25.946460096165538,25.9,26,1,1,0,26,26,25.901079665832995,25.6,26.006349206349206,0,
34,robust,pulse25,0.25,7,1,51,672,22.240736670792103,22.2,22.25,1,1,0,22.25,22.25,22.2147177639008,21.333333333333332,22.230664857530527,0,
34,robust,pulse25,0.25,7,1,52,672,24.374367382377386,24.35,24.25,1,1,0,24.25,24.25,24.34649063054223,25.6,24.38095238095238,0,
34,robust,pulse25,0.25,7,1,53,672,21.198084011673927,21.25,21.25,1,1,0,21.25,21.25,21.2260694620472,21.333333333333332,21.22279792746114,0,
34,robust,pulse25,0.25,7,1,54,672,27.34626419469714,27.200000000000003,27.5,1,1,0,27.5,27.5,27.170965739648036,28.444444444444443,27.170812603648425,0,
34,robust,pulse25,0.25,7,1,55,672,23.380610903725028,23.6,23.5,1,1,0,23.5,23.75,23.583106963645225,23.272727272727273,23.54022988505747,0,
34,robust,pulse25,0.25,7,1,56,672,26.176221726462245,26.35,26,1,1,0,26,26,26.358349904554103,25.6,26.340836012861736,0,
34,robust,pulse25,0.25,7,1,57,672,20.51550840958953,20.45,20.5,1,1,0,20.5,20.5,20.474446654407974,21.333333333333332,20.48,0,
34,robust,pulse25,0.25,7,1,58,672,26.25565954297781,26.200000000000003,26.25,1,1,0,26.25,26.25,26.191178736441092,25.6,26.089171974522294,0,
34,robust,pulse25,0.25,7,1,59,672,21.250020265579224,21.15,21.25,1,1,0,21.25,21.25,21.129964488227387,21.333333333333332,21.11340206185567,0,
34,robust,pulse25,0.25,7,1,60,672,24.526470735669136,24.5,24.5,1,1,0,24.5,24.5,24.49738850496307,25.6,24.526946107784433,0,
34,robust,pulse25,0.25,7,1,61,672,21.12085440568626,20.95,21,1,1,0,21,21,20.929851640967104,21.333333333333332,20.978233034571062,0,
34,robust,pulse25,0.25,7,1,62,672,26.547580260783434,26.6,26.5,1,1,0,26.5,26.5,26.61221417984513,25.6,26.554294975688816,0,
34,robust,pulse25,0.25,7,1,63,672,25.301394503563643,25.2,25.25,1,1,0,25.25,25.25,25.214047162881272,25.6,25.244992295839754,0,
34,robust,pulse25,0.25,7,1,64,672,24.434227652847767,24.2,24.25,1,1,0,24.25,24.5,24.187530716168265,23.272727272727273,24.236686390532544,0,
34,robust,pulse25,0.25,7,1,65,672,25.54383978061378,25.6,25.5,1,1,0,25.5,25.5,25.62575891678134,25.6,25.68025078369906,0,
34,robust,pulse25,0.25,7,1,66,672,26.06952542439103,25.95,26,1,1,0,26,26,25.961505223398586,25.6,25.96513470681458,0,
34,robust,pulse25,0.25,7,1,67,672,25.402436012402177,25.6,25.5,1,1,0,25.5,25.5,25.586566593191368,25.6,25.5600624024961,0,
34,robust,pulse25,0.25,7,1,68,672,27.351287180557847,27.450000000000003,27.25,1,1,0,27.25,27.5,27.461676914071354,28.444444444444443,27.48993288590604,0,
34,robust,pulse25,0.25,7,1,69,672,25.05280962958932,25,25,1,1,0,25,25,25.00975140786517,25.6,25.013740458015267,0,
34,robust,pulse25,0.25,7,1,70,672,20.949455834925175,20.85,21,1,1,0,21,21,20.856608093137705,21.333333333333332,20.897959183673468,0,
34,robust,pulse25,0.25,7,1,71,672,25.01656257547438,25.2,25.25,1,1,0,25,25.25,25.19168651914576,25.6,25.167434715821813,0,
34,robust,pulse25,0.25,7,1,72,672,27.95211868546903,27.8,27.75,1,1,0,27.75,28,27.773618766097496,28.444444444444443,27.722504230118442,0,
34,robust,pulse25,0.25,7,1,73,672,26.37800245732069,26.25,26.25,1,1,0,26,26.25,26.233069549331226,25.6,26.298555377207062,0,
34,robust,pulse25,0.25,7,1,74,672,26.381333680823445,26.55,26.5,1,1,0,26.5,26.5,26.544293785666607,25.6,26.511326860841425,0,
34,robust,pulse25,0.25,7,1,75,672,24.488520566374063,24.6,24.5,1,1,0,24.5,24.5,24.580586073777237,25.6,24.6006006006006,0,
34,robust,pulse25,0.25,7,1,76,672,25.561268482357264,25.55,25.5,1,1,0,25.5,25.5,25.528541751927204,25.6,25.440993788819874,0,
34,robust,pulse25,0.25,7,1,77,672,24.745995545759797,24.8,24.75,1,1,0,24.75,24.75,24.82539783343952,25.6,24.824242424242424,0,
34,robust,pulse25,0.25,7,1,78,672,26.453587617725134,26.6,26.5,1,1,0,26.5,26.5,26.60692080250233,25.6,26.5974025974026,0,
34,robust,pulse25,0.25,7,1,79,672,20.834719030186534,20.85,21,1,1,0,20.75,21,20.823673328132028,21.333333333333332,20.79187817258883,0,
34,robust,pulse25,0.25,7,1,80,672,20.38195022009313,20.45,20.5,1,1,0,20.5,20.5,20.4559639627217,19.692307692307693,20.454431960049938,0,
34,robust,pulse25,0.25,7,1,81,672,20.83676078915596,20.75,21,1,1,0,21,21,20.767603142568298,21.333333333333332,20.739240506329114,0,
34,robust,pulse25,0.25,7,1,82,672,21.01745651103556,21.1,21,1,1,0,21,21,21.09950193665324,21.333333333333332,21.11340206185567,0,
34,robust,pulse25,0.25,7,1,83,672,26.176757464185357,26.35,26.25,1,1,0,26.25,26.25,26.364581031219345,25.6,26.298555377207062,0,
34,robust,pulse25,0.25,7,1,84,672,22.86056220345199,22.8,22.75,1,1,0,22.75,22.75,22.813294197386202,23.272727272727273,22.755555555555556,0,
34,robust,pulse25,0.25,7,1,85,672,27.151607785373926,27.15,27.25,1,1,0,27.25,27.25,27.126984752883168,28.444444444444443,27.170812603648425,0,
34,robust,pulse25,0.25,7,1,86,672,25.502221694216132,25.4,25.5,1,1,0,25.5,25.5,25.402343430388388,25.6,25.362229102167184,0,
34,robust,pulse25,0.25,7,1,87,672,26.307466870173812,26.15,26.25,1,1,0,26.25,26.25,26.173629210471784,25.6,26.089171974522294,0,
34,robust,pulse25,0.25,7,1,88,672,22.841351771727204,22.9,22.75,1,1,0,22.75,22.75,22.888934591671493,23.272727272727273,22.914685314685315,0,
34,robust,pulse25,0.25,7,1,89,672,27.79285349138081,27.6,27.75,1,1,0,27.75,28,27.600439927936822,28.444444444444443,27.536134453781514,0,
34,robust,pulse25,0.25,7,1,90,672,23.15704719722271,23.25,23.25,1,1,0,23,23.25,23.256183654582756,23.272727272727273,23.23971631205674,0,
34,robust,pulse25,0.25,7,1,91,672,23.715900929644704,23.75,23.75,1,1,0,23.75,23.75,23.751184386898057,23.272727272727273,23.710564399421127,0,
34,robust,pulse25,0.25,7,1,92,672,21.48207600042224,21.5,21.5,1,1,0,21.5,21.5,21.522313066731083,21.333333333333332,21.501312335958005,0,
34,robust,pulse25,0.25,7,1,93,672,22.842276053503156,23,22.75,1,1,0,22.75,23,22.989547634756658,23.272727272727273,22.978962131837307,0,
34,robust,pulse25,0.25,7,1,94,672,26.2087276391685,26.200000000000003,26.25,1,1,0,26.25,26.25,26.175156813285533,25.6,26.2144,0,
34,robust,pulse25,0.25,7,1,95,672,26.883954659104347,26.75,27,1,1,0,27,27,26.76107243332732,25.6,26.77124183006536,0,
34,robust,pulse25,0.25,7,1,96,672,23.03320832364261,22.95,23,1,1,0,23,23,22.927058102855664,23.272727272727273,22.914685314685315,0,
34,robust,pulse25,0.25,7,1,97,672,20.86834110505879,20.85,20.75,1,1,0,20.75,21,20.869653872730556,21.333333333333332,20.897959183673468,0,
34,robust,pulse25,0.25,7,1,98,672,26.277940277010202,26.200000000000003,26.25,1,1,0,26.25,26.5,26.179412028180273,25.6,26.2144,0,
34,robust,pulse25,0.25,7,1,99,672,21.586521182209253,21.55,21.5,1,1,0,21.5,21.5,21.54739629446403,21.333333333333332,21.529566360052563,0,
34,robust,pulse25,0.25,7,1,100,672,25.77529481239617,25.95,25.75,1,1,0,25.75,26,25.927966718324395,25.6,26.047694753577108,0,
34,robust,pulse25,0.25,7,1,101,672,20.472354451194406,20.45,20.5,1,1,0,20.5,20.5,20.426310265025823,19.692307692307693,20.428927680798004,0,
34,robust,pulse25,0.25,7,1,102,672,26.184990053996444,26.15,26,1,1,0,26,26,26.165221126056323,25.6,26.089171974522294,0,
34,robust,pulse25,0.25,7,1,103,672,24.18737829476595,24.05,24.25,1,1,0,24.25,24.25,24.038961292373084,23.272727272727273,24.094117647058823,0,
34,robust,pulse25,0.25,7,1,104,672,24.141641970723867,24.1,24.25,1,1,0,24.25,24,24.117824329866,23.272727272727273,24.16519174041298,0,
34,robust,pulse25,0.25,7,1,105,672,21.64577386714518,21.55,21.75,1,1,0,21.75,21.75,21.56140687805219,21.333333333333332,21.557894736842105,0,
34,robust,pulse25,0.25,7,1,106,672,23.194669049233198,23.1,23.25,1,1,0,23.25,23.25,23.081778502956166,23.272727272727273,23.07605633802817,0,
34,robust,pulse25,0.25,7,1,107,672,20.468353122472763,20.55,20.5,1,1,0,20.5,20.5,20.537218749202687,10.24,20.557089084065243,0,
34,robust,pulse25,0.25,7,1,108,672,27.044787019491196,27,27,1,1,0,27,27,27.0118738520656,28.444444444444443,27.036303630363037,0,
34,robust,pulse25,0.25,7,1,109,672,26.347293827682734,26.4,26.5,1,1,0,26.5,26.5,26.385288855959733,25.6,26.340836012861736,0,
34,robust,pulse25,0.25,7,1,110,672,24.7659884467721,24.95,25,1,1,0,24.75,24.75,24.93578866502788,25.6,24.93759512937595,0,
34,robust,pulse25,0.25,7,1,111,672,26.37718230858445,26.3,26.25,1,1,0,26.25,26.25,26.310225425276744,25.6,26.383252818035427,0,
34,robust,pulse25,0.25,7,1,112,672,23.164228409528732,23.15,23.25,1,1,0,23,23.25,23.169115908695904,23.272727272727273,23.173974540311175,0,
34,robust,pulse25,0.25,7,1,113,672,21.912963718175888,21.85,22,1,1,0,22,22,21.875310302279868,21.333333333333332,21.90374331550802,0,
34,robust,pulse25,0.25,7,1,114,672,25.51241859793663,25.35,25.5,1,1,0,25.5,25.5,25.37041692655089,25.6,25.440993788819874,0,
34,robust,pulse25,0.25,7,1,115,672,23.945949640125036,24.3,24,1,1,0,24,23.75,24.325377616121216,23.272727272727273,24.27259259259259,0,
34,robust,pulse25,0.25,7,1,116,672,23.999894769862294,24.05,24,1,1,0,24,24,24.063442020705697,23.272727272727273,23.988286969253295,0,
34,robust,pulse25,0.25,7,1,117,672,24.74091829173267,24.85,24.75,1,1,0,24.75,24.75,24.865364231018148,25.6,24.861911987860395,0,
34,robust,pulse25,0.25,7,1,118,672,22.49831523373723,22.45,22.5,1,1,0,22.5,22.5,22.425296145925344,23.272727272727273,22.41313269493844,0,
34,robust,pulse25,0.25,7,1,119,672,26.11615429073572,26.1,26.25,1,1,0,26,26,26.0902462283665,25.6,26.089171974522294,0,
34,robust,pulse25,0.25,7,1,120,672,23.06834825500846,23.1,23,1,1,0,23,23,23.09379538408744,23.272727272727273,23.07605633802817,0,
34,robust,pulse25,0.25,7,1,121,672,24.02578359283507,23.8,24,1,1,0,24,24,23.814755810482232,23.272727272727273,23.88338192419825,0,
34,robust,pulse25,0.25,7,1,122,672,24.555781049653888,24.6,24.5,1,1,0,24.5,24.5,24.59103887267201,25.6,24.637593984962407,0,
34,robust,pulse25,0.25,7,1,123,672,24.08971408382058,24.05,24,1,1,0,24,24,24.051807753207683,23.272727272727273,24.058737151248163,0,
34,robust,pulse25,0.25,7,1,124,672,24.2984286993742,24.1,24.25,1,1,0,24.25,24.25,24.124487843649618,23.272727272727273,24.12960235640648,0,
34,robust,pulse25,0.25,7,1,125,672,21.39967721886933,21.35,21.5,1,1,0,21.5,21.5,21.34739474931657,21.333333333333332,21.333333333333332,0,
34,robust,pulse25,0.25,7,1,126,672,25.951656648889184,25.8,26,1,1,0,26,25.75,25.783380584311175,25.6,25.88309636650869,0,
34,robust,pulse25,0.25,7,1,127,672,25.654480412602425,25.9,25.75,1,1,0,25.75,25.75,25.88611099385779,25.6,25.924050632911392,0,
34,robust,pulse25,0.25,7,1,128,672,26.355328354984522,26.4,26.5,1,1,0,26.5,26.25,26.375696274982996,25.6,26.425806451612903,0,
34,robust,pulse25,0.25,7,1,129,672,21.204549433663487,21.2,21.25,1,1,0,21.25,21.25,21.217309400747745,21.333333333333332,21.250324254215304,0,
34,robust,pulse25,0.25,7,1,130,672,26.727294355630875,26.700000000000003,26.75,1,1,0,26.75,26.75,26.6759470634613,25.6,26.640650406504065,0,
34,robust,pulse25,0.25,7,1,131,672,27.67146795243025,27.700000000000003,27.75,1,1,0,27.75,27.75,27.692027268588053,28.444444444444443,27.62900505902192,0,
34,robust,pulse25,0.25,7,1,132,672,24.215560732409358,24.4,24.25,1,1,0,24.25,24.25,24.378462986381624,23.272727272727273,24.38095238095238,0,
34,robust,pulse25,0.25,7,1,133,672,22.58747354336083,22.6,22.75,1,1,0,22.75,22.5,22.618665169440746,23.272727272727273,22.59862068965517,0,
34,robust,pulse25,0.25,7,1,134,672,21.55672635510564,21.5,21.5,1,1,0,21.5,21.5,21.50064796973263,21.333333333333332,21.47313237221494,0,
34,robust,pulse25,0.25,7,1,135,672,24.948847007006407,25.05,25,1,1,0,25,25,25.053205489886803,25.6,25.051987767584098,0,
34,robust,pulse25,0.25,7,1,136,672,23.91986233741045,23.95,24,1,1,0,24,24,23.92519127466616,23.272727272727273,23.988286969253295,0,
34,robust,pulse25,0.25,7,1,137,672,27.452681198716164,27.25,27.5,1,1,0,27.5,27.5,27.240826435463447,28.444444444444443,27.30666666666667,0,
34,robust,pulse25,0.25,7,1,138,672,23.687034921720624,23.75,23.75,1,1,0,23.75,23.75,23.75116718618186,23.272727272727273,23.67630057803468,0,
34,robust,pulse25,0.25,7,1,139,672,21.536534689366817,21.5,21.5,1,1,0,21.5,21.5,21.520347790819898,21.333333333333332,21.529566360052563,0,
34,robust,pulse25,0.25,7,1,140,672,25.705054346472025,25.7,25.75,1,1,0,25.75,25.75,25.68534899700039,25.6,25.6,0,
34,robust,pulse25,0.25,7,1,141,672,25.759692903608084,25.8,26,1,1,0,25.75,25.75,25.7949345509089,25.6,25.72056514913658,0,
34,robust,pulse25,0.25,7,1,142,672,22.02845886722207,22.2,22,1,1,0,22,22,22.212725945770465,21.333333333333332,22.170500676589988,0,
34,robust,pulse25,0.25,7,1,143,672,26.50829774327576,26.5,26.5,1,1,0,26.5,26.5,26.518543985891412,25.6,26.468497576736674,0,
34,robust,pulse25,0.25,7,1,144,672,21.703827595338225,21.95,21.75,1,1,0,21.75,21.75,21.957721275761262,21.333333333333332,21.99194630872483,0,
34,robust,pulse25,0.25,7,1,145,672,26.660748643800616,26.8,26.5,1,1,0,26.5,26.5,26.804943974458332,25.6,26.77124183006536,0,
34,robust,pulse25,0.25,7,1,146,672,23.30472807586193,23.4,23.25,1,1,0,23.25,23.25,23.3986294750405,23.272727272727273,23.372325249643367,0,
34,robust,pulse25,0.25,7,1,147,672,27.267896043136716,27.25,27.25,1,1,0,27.25,27.25,27.27072819859311,28.444444444444443,27.30666666666667,0,
34,robust,pulse25,0.25,7,1,148,672,20.939669352024794,20.95,21,1,1,0,21,21,20.933866323419302,21.333333333333332,20.978233034571062,0,
34,robust,pulse25,0.25,7,1,149,672,23.351465979591012,23.7,23.25,1,1,0,23.25,23.25,23.690952370788697,23.272727272727273,23.744927536231884,0,
34,robust,pulse25,0.25,7,1,150,672,21.623136216774583,21.6,21.5,1,1,0,21.5,21.5,21.592683912349827,21.333333333333332,21.586297760210805,0,
34,robust,pulse25,0.25,7,1,151,672,26.074278326705098,25.95,26.25,1,1,0,26.25,26,25.944389738984007,25.6,26.047694753577108,0,
34,robust,pulse25,0.25,7,1,152,672,25.510148147121072,25.45,25.5,1,1,0,25.5,25.5,25.463837787507448,25.6,25.4015503875969,0,
34,robust,pulse25,0.25,7,1,153,672,22.98754753731191,23.05,23,1,1,0,23,23,23.032345515364945,23.272727272727273,23.043600562587905,0,
34,robust,pulse25,0.25,7,1,154,672,21.567653562873602,21.6,21.5,1,1,0,21.5,21.5,21.598643526520757,21.333333333333332,21.586297760210805,0,
34,robust,pulse25,0.25,7,1,155,672,25.42106127552688,25.1,25.5,1,1,0,25.5,25.5,25.104551126388206,25.6,25.12883435582822,0,
34,robust,pulse25,0.25,7,1,156,672,22.201402535662055,22.2,22.25,1,1,0,22.25,22.25,22.195314740316572,11.130434782608695,22.230664857530527,0,
34,robust,pulse25,0.25,7,1,157,672,24.39616342820227,24.6,24.25,1,1,0,24.25,24.25,24.583339162411313,25.6,24.563718140929534,0,
34,robust,pulse25,0.25,7,1,158,672,20.552521277219057,20.6,20.5,1,1,0,20.5,20.5,20.624366163141925,21.333333333333332,20.634760705289672,0,
34,robust,pulse25,0.25,7,1,159,672,20.534884659573436,20.5,20.5,1,1,0,20.5,20.5,20.47314639422546,19.692307692307693,20.454431960049938,0,
34,robust,pulse25,0.25,7,1,160,672,25.386929858475924,25.25,25.25,1,1,0,25.25,25.25,25.23450743727877,25.6,25.206153846153846,0,
34,robust,pulse25,0.25,7,1,161,672,24.70643866620958,24.65,24.75,1,1,0,24.75,24.75,24.64728910637649,25.6,24.674698795180724,0,
34,robust,pulse25,0.25,7,1,162,672,24.95473221130669,25.05,25,1,1,0,25,25,25.043662574020825,25.6,25.013740458015267,0,
34,robust,pulse25,0.25,7,1,163,672,27.193123852834105,27.35,27.25,1,1,0,27.25,27,27.366028207382186,28.444444444444443,27.39799331103679,0,
34,robust,pulse25,0.25,7,1,164,672,20.746496982872486,20.8,20.75,1,1,0,20.75,20.75,20.824185564233957,21.333333333333332,20.871337579617833,0,
34,robust,pulse25,0.25,7,1,165,672,25.446777211502194,25.25,25.5,1,1,0,25.5,25.5,25.231604311944707,25.6,25.206153846153846,0,
34,robust,pulse25,0.25,7,1,166,672,23.86668499931693,23.75,24,1,1,0,24,24,23.762230454250556,23.272727272727273,23.779390420899855,0,
34,robust,pulse25,0.25,7,1,167,672,22.34726752899587,22.4,22.5,1,1,0,22.5,22.5,22.375259900190912,23.272727272727273,22.321525885558582,0,
34,robust,pulse25,0.25,7,1,168,672,20.412928484380245,20.4,20.5,1,1,0,20.5,20.75,20.41108230194761,10.24,20.428927680798004,0,
34,robust,pulse25,0.25,7,1,169,672,25.630005123093724,25.9,25.5,1,1,0,25.5,25.5,25.881463120633452,25.6,25.842271293375394,0,
34,robust,pulse25,0.25,7,1,170,672,25.100913444533944,25.1,25,1,1,0,25,25,25.12475549488187,25.6,25.090352220520675,0,
34,robust,pulse25,0.25,7,1,171,672,22.41287361830473,22.55,22.5,1,1,0,22.5,22.5,22.57209992357358,23.272727272727273,22.505494505494507,0,
34,robust,pulse25,0.25,7,1,172,672,23.96782405115664,23.95,24,1,1,0,24,24,23.96078868985921,23.272727272727273,23.91824817518248,0,
34,robust,pulse25,0.25,7,1,173,672,21.541348403319716,21.55,21.5,1,1,0,21.5,21.5,21.553996945402236,21.333333333333332,21.557894736842105,0,
34,robust,pulse25,0.25,7,1,174,672,27.955611368641257,28.25,28,1,1,0,28,28,28.26928014202861,28.444444444444443,28.29706390328152,0,
34,robust,pulse25,0.25,7,1,175,672,20.679847998544574,20.7,20.75,1,1,0,20.75,20.75,20.708805463443138,21.333333333333332,20.68686868686869,0,
34,robust,pulse25,0.25,7,1,176,672,26.508165447041392,26.55,26.5,1,1,0,26.5,26.5,26.55299675832348,25.6,26.511326860841425,0,
34,robust,pulse25,0.25,7,1,177,672,21.95396399870515,22.05,22,1,1,0,22,22,22.02976657095811,21.333333333333332,21.99194630872483,0,
34,robust,pulse25,0.25,7,1,178,672,25.526134077459574,25.3,25.5,1,1,0,25.5,25.5,25.308322669835153,25.6,25.244992295839754,0,
34,robust,pulse25,0.25,7,1,179,672,20.640543397516012,20.7,20.75,1,1,0,20.5,20.5,20.68076483067912,21.333333333333332,20.68686868686869,0,
34,robust,pulse25,0.25,7,1,180,672,26.14130023494363,25.85,26.25,1,1,0,26,26,25.83160923471276,25.6,25.72056514913658,0,
34,robust,pulse25,0.25,7,1,181,672,25.516035668551922,25.45,25.5,1,1,0,25.5,25.5,25.455040223293768,25.6,25.480559875583204,0,
34,robust,pulse25,0.25,7,1,182,672,27.760379092767835,28.15,27.75,1,1,0,27.75,27.75,28.15933943713309,28.444444444444443,28.199655765920827,0,
34,robust,pulse25,0.25,7,1,183,672,25.628805061802268,25.55,25.5,1,1,0,25.5,25.75,25.537107259334235,25.6,25.480559875583204,0,
34,robust,pulse25,0.25,7,1,184,672,23.922547195106745,24.2,24,1,1,0,24,24,24.221205292752774,23.272727272727273,24.236686390532544,0,
34,robust,pulse25,0.25,7,1,185,672,21.346860621124506,21.35,21.25,1,1,0,21.25,21.25,21.33947359192564,21.333333333333332,21.30559167750325,0,
34,robust,pulse25,0.25,7,1,186,672,27.573096038773656,27.35,27.5,1,1,0,27.5,27.5,27.34784715103056,28.444444444444443,27.30666666666667,0,
34,robust,pulse25,0.25,7,1,187,672,20.276914969086647,20.1,20.25,1,1,0,20.25,20.25,20.107883263217996,19.692307692307693,20.127764127764127,0,
34,robust,pulse25,0.25,7,1,188,672,25.64538087323308,25.4,25.75,1,1,0,25.75,25.5,25.393634026511933,25.6,25.323029366306027,0,
34,robust,pulse25,0.25,7,1,189,672,22.14155043847859,22.2,22,1,1,0,22,22.25,22.194139488620923,21.333333333333332,22.230664857530527,0,
34,robust,pulse25,0.25,7,1,190,672,22.840482162311673,22.9,22.75,1,1,0,22.75,22.75,22.900965283878442,23.272727272727273,22.914685314685315,0,
34,robust,pulse25,0.25,7,1,191,672,25.480835581198335,25.45,25.5,1,1,0,25.5,25.5,25.47558325351736,25.6,25.480559875583204,0,
34,robust,pulse25,0.25,7,1,192,672,24.643566317856312,24.65,24.75,1,1,0,24.75,24.75,24.646474461351417,25.6,24.674698795180724,0,
34,robust,pulse25,0.25,7,1,193,672,24.252436807379127,24.4,24.25,1,1,0,24.25,24.25,24.396738142731927,23.272727272727273,24.344725111441306,0,
34,robust,pulse25,0.25,7,1,194,672,25.046364272013307,25.15,25,1,1,0,25,25,25.135466328538357,25.6,25.12883435582822,0,
34,robust,pulse25,0.25,7,1,195,672,22.746182095259428,22.7,22.75,1,1,0,22.75,22.75,22.70791766764777,23.272727272727273,22.661134163208853,0,
34,robust,pulse25,0.25,7,1,196,672,22.65765275619924,22.65,22.75,1,1,0,22.75,22.75,22.634347376613487,23.272727272727273,22.629834254143645,0,
34,robust,pulse25,0.25,7,1,197,672,21.025378432124853,20.95,21,1,1,0,21,21,20.956888930895143,21.333333333333332,20.978233034571062,0,
34,robust,pulse25,0.25,7,1,198,672,24.00198194384575,24.05,24,1,1,0,24,24,24.040740440998754,23.272727272727273,23.988286969253295,0,
34,robust,pulse25,0.25,7,1,199,672,23.951333858072758,24.05,24,1,1,0,24,24,24.036602360844963,23.272727272727273,23.988286969253295,0,
40,robust,gap25,0.25,7,0.25,0,504,27.87944125942886,27.950000000000003,30.5,0,0,0.07212853661971419,26.5,32,27.9170562496293,0.7522092116902113,0.9059936517522292,0.0008947399477031714,
40,robust,gap25,0.25,7,0.25,1,504,27.57084022462368,27.85,28.5,0,0,0.008601437329793349,27,27,27.845801299742693,0.9486193947426553,0.9485370564565045,0.003666865318553092,
40,robust,gap25,0.25,7,0.25,2,504,23.441105220466852,23.3,29,0,0,0.0026549958972361676,29,27.75,23.299998236958466,34.15029821073559,32.62118038040415,0.000046380869448414686,
40,robust,gap25,0.25,7,0.25,3,504,26.3905091881752,26.6,26.25,0,0,0.011596126676988838,26.25,21.75,26.565758786820187,28.45858184227966,29.376600611385456,1.47328318989004e-7,
40,robust,gap25,0.25,7,0.25,4,504,26.78202280215919,26.9,26.25,0,0,0.0031145340956331147,26.25,27,26.900402098849675,0.9433784036114803,0.9438672851472956,0.00030044771684989424,
40,robust,gap25,0.25,7,0.25,5,504,22.32877529412508,22.35,31.5,0,0,0.4165874637941902,22.5,27.5,22.36332406607983,28.45858184227966,30.35582063176497,0.0000018354151963828613,
40,robust,gap25,0.25,7,0.25,6,504,22.421960102394223,22.5,30,0,0,0.1856956409995254,27,27.25,22.522950295666078,34.15029821073559,30.78336740122645,0.00026867431469446146,
40,robust,gap25,0.25,7,0.25,7,504,25.188001157715917,25.9,26,0,0,0.006414058557704383,26,32,25.898583016697387,28.45858184227966,38.61517818881763,5.9377667560589487e-8,
40,robust,gap25,0.25,7,0.25,8,504,27.159990331158042,26.6,30.25,0,0,0.047164453285722274,26,20.75,26.601030951679853,0.8939868641553819,1.6233059161371641,0.0006829698136922024,
40,robust,gap25,0.25,7,0.25,9,504,25.877462660893798,27,27.75,0,0,0.026018463163095307,22.75,26,26.974361868470385,10.671968190854871,2.106823872649969,0.026805011900688847,
40,robust,gap25,0.25,7,0.25,10,504,22.24343073926866,22.4,32,0,0,0.04947354176370011,22,27.75,22.422829231434477,5.691716368455932,30.78336740122645,0.0000035128450467381,
40,robust,gap25,0.25,7,0.25,11,504,22.644489670172334,23.15,28.75,0,0,0.05842535090286316,25,23.25,23.13894745935362,34.15029821073559,32.33164327643606,0.000012878000867688755,
40,robust,gap25,0.25,7,0.25,12,504,22.276442686095834,22.4,31.5,0,0,0.017933500576498895,31.5,31.5,22.414435941852528,1.1308045765144235,2.5278962358166526,0.001974016483965224,
40,robust,gap25,0.25,7,0.25,13,504,25.524483557790518,24.95,28.75,0,0,0.017959833170539508,24.25,25.25,24.938297384189482,34.15029821073559,36.42698475811796,2.9011566482495255e-8,
40,robust,gap25,0.25,7,0.25,14,504,27.970522493124008,28.35,28.25,0,0,0.004292748583884065,28.25,28.25,28.372398853049436,0.7832637204297154,0.7837693055608828,0.00017733841877431988,
40,robust,gap25,0.25,7,0.25,15,504,22.312667299062014,22.55,30.5,0,0,0.054991833984913696,23.5,27,22.56546827584784,34.15029821073559,31.40257306734307,5.86432798987957e-8,
40,robust,gap25,0.25,7,0.25,16,504,23.954442327842116,24.35,24.75,0,0,0.004528632903722296,24.75,27.5,24.342063613845415,1.1459831614340803,27.116862102817343,0.00008932740153444474,
40,robust,gap25,0.25,7,0.25,17,504,24.094804720953107,23.85,24,0,0,0.0029218815723169866,24,23.75,23.83642936339857,34.15029821073559,26.396365766752147,0.0000065760940221037956,
40,robust,gap25,0.25,7,0.25,18,504,27.49960401467979,27.6,26.5,0,0,0.0016381836836032448,26.5,29.25,27.605727730557323,42.687872763419485,43.887933443515614,1.5175749545903727e-10,
40,robust,gap25,0.25,7,0.25,19,504,22.97598462179303,23.3,28.75,0,0,0.005123024101826523,19.75,19.75,23.310592918824984,34.15029821073559,33.0153940405903,0.0000012998117105977869,
40,robust,gap25,0.25,7,0.25,20,504,24.629662614315748,24.05,32,0,0,0.17567078938991199,25,20.75,24.043416674181817,34.15029821073559,35.13857050622312,0.00011701093133742457,
40,robust,gap25,0.25,7,0.25,21,504,24.21141044795513,24.5,30.75,0,0,0.004561117457683395,30.75,30.75,24.523305053820202,34.15029821073559,35.82982107355865,0.0026427871297065586,
40,robust,gap25,0.25,7,0.25,22,504,20.63389315828681,21.6,31.25,0,0,0.07089869032195406,26.25,26.25,21.623245519229545,28.45858184227966,29.376600611385456,0.009072191797135698,
40,robust,gap25,0.25,7,0.25,23,504,25.927434351295233,25.75,26.25,0,0,0.011356538423940798,26.25,23.5,25.73116719797458,28.45858184227966,28.986990523701298,0.00025319446313853966,
40,robust,gap25,0.25,7,0.25,24,504,22.911982046440244,23,23.25,0,0,0.0017907262110283817,23.25,23.25,22.98192617038374,34.15029821073559,32.04720066696595,5.241301179736979e-7,
40,robust,gap25,0.25,7,0.25,25,504,25.64809070713818,25.1,31.25,0,0,0.039638929749689966,27.75,25.25,25.085645053743146,2.439307015052542,2.4436707127538884,0.004878981255762693,
40,robust,gap25,0.25,7,0.25,26,504,24.02078296430409,23.35,31.25,0,0,0.06529332007160926,31.25,27.75,23.368712811852138,1.8165052239752972,0.9777306457399472,0.04065065618345942,
40,robust,gap25,0.25,7,0.25,27,504,22.370264956727624,28.700000000000003,32,0,0,0.3555386795102564,23.25,23.25,28.681004090613698,0.9646976895688019,0.9646125366259501,0.2759955744335012,
40,robust,gap25,0.25,7,0.25,28,504,21.516234453767538,21.65,29.5,0,0,0.020993979324189005,21,18.5,21.63423828759425,28.45858184227966,29.14158780649437,0.000001227926581193195,
40,robust,gap25,0.25,7,0.25,29,504,22.105533396825194,22.75,31,0,0,0.16726052169133143,22,23.75,22.768941930349907,34.15029821073559,31.860336523135246,0.003821751389054051,
40,robust,gap25,0.25,7,0.25,30,504,24.626563772559166,24.45,30.25,0,0,0.006872734680615111,30.25,30.25,24.427300177672258,0.7174432397213358,0.7175845707160935,0.0015722876456758517,
40,robust,gap25,0.25,7,0.25,31,504,23.576953576877713,23.15,30.75,0,0,0.03134999854744869,23.25,24,23.165554459908158,34.15029821073559,32.33164327643606,0.00001255037670411241,
40,robust,gap25,0.25,7,0.25,32,504,20.59308668039739,21,29.5,0,1,0.06250721200194487,21.5,21,21.024758897567473,28.45858184227966,28.2379726807116,4.364808514623064e-11,
40,robust,gap25,0.25,7,0.25,33,504,22.90681400336325,22.55,30.25,0,0,0.026603873184103177,22.25,30.25,22.560003217973623,34.15029821073559,31.58409083073812,2.920752151247541e-8,
40,robust,gap25,0.25,7,0.25,34,504,22.348494794219732,22.6,29.5,0,0,0.008154075912886971,29.5,27.75,22.613830268484723,34.15029821073559,31.95349540185786,0.0001319784223645648,
40,robust,gap25,0.25,7,0.25,35,504,21.189998665824533,21.8,31.75,0,0,0.10090998282454489,27.5,31.75,21.80160036596382,0.7979041638022334,0.7965664718591289,0.028782853034619804,
40,robust,gap25,0.25,7,0.25,36,504,22.77672814950347,23.3,28.5,0,0,0.059401039497697816,23,27.75,23.273796709181095,34.15029821073559,32.62118038040415,0.00010033332847569909,
40,robust,gap25,0.25,7,0.25,37,504,23.457929279655218,23.5,26,0,0,0.050723562049545645,19.25,23.25,23.517127777765836,34.15029821073559,33.419252071667856,0.000020498217729314483,
40,robust,gap25,0.25,7,0.25,38,504,26.150860583409667,26.15,31.25,0,0,0.21211233997306578,23.5,23.5,26.171469934411416,5.691716368455932,5.694682348845956,0.0013937900996273678,
40,robust,gap25,0.25,7,0.25,39,504,23.55477631650865,23.3,31.25,0,0,0.08819952922828933,24.75,23.75,23.291076788348903,34.15029821073559,0.9516759929840101,0.001021691979134265,
40,robust,gap25,0.25,7,0.25,40,504,23.04500985518098,23.65,31.25,0,0,0.08399655568928421,22.75,27.75,23.672137857969776,34.15029821073559,34.04391098889529,0.00006363937535680542,
40,robust,gap25,0.25,7,0.25,41,504,25.805285189300776,25.7,30.5,0,0,0.1211985261406624,26.5,26.5,25.693296362402176,2.2467301454431308,38.89001931471669,0.0010219729233235109,
40,robust,gap25,0.25,7,0.25,42,504,22.22352479211986,22.35,30.75,0,0,0.12751330817794582,22,22,22.335576965893733,6.098267537631356,30.78336740122645,0.00016482882679724753,
40,robust,gap25,0.25,7,0.25,43,504,26.875385232269764,26.55,24.75,0,0,0.0032454184241312856,24.75,31.25,26.544483923589482,6.098267537631356,29.858184227965545,0.0006099806909648509,
40,robust,gap25,0.25,7,0.25,44,504,26.35245549120009,25.5,32,0,0,0.19958753309996924,24,27.75,25.50653844149073,0.9381950057894393,1.8240853659548302,0.017252611459343536,
40,robust,gap25,0.25,7,0.25,45,504,23.012529158964753,23.1,31,0,0,0.1298829144936522,23,31,23.097479942792496,34.15029821073559,32.23626969744952,0.000002771436059201271,
40,robust,gap25,0.25,7,0.25,46,504,21.05490634776652,21.25,31.5,0,0,0.02287024707757157,21.75,27.75,21.266893865343143,28.45858184227966,28.532886233512766,0.00016727110032443981,
40,robust,gap25,0.25,7,0.25,47,504,27.231509065255523,27.55,31.25,0,0,0.03658292730278645,31.25,30.5,27.5648976944425,42.687872763419485,46.110107288756915,0.0002346031364274248,
40,robust,gap25,0.25,7,0.25,48,504,22.51632461696863,21.65,32,0,0,0.239671429547216,24.25,27.25,21.644788323992696,2.2467301454431308,1.064597703598187,0.10924727096959164,
40,robust,gap25,0.25,7,0.25,49,504,25.435798658058047,24.75,30.25,0,0,0.20836108083442073,24.75,30.25,24.783244546247396,1.4719956125317064,0.6689988018019828,0.001988478994317422,
40,robust,gap25,0.25,7,0.25,50,504,24.169145971536636,24.75,32,0,0,0.09398505566173954,20,20,24.774079764448828,1.5810323245710922,1.573973127961312,0.0037692821999669723,
40,robust,gap25,0.25,7,0.25,51,504,21.7531565874815,26.200000000000003,27.25,0,0,0.012694533407980435,27.25,27.5,26.185635480463826,42.687872763419485,0.9105228651420921,0.006205284247096099,
40,robust,gap25,0.25,7,0.25,52,504,20.211892435327172,19.25,31.75,0,0,0.1156259978728934,25.5,28.25,19.25219487359515,1.6262046767016949,1.6281429421089673,0.025311316912459247,
40,robust,gap25,0.25,7,0.25,53,504,22.70497303456068,23.05,32,0,0,0.04166115526065306,27,32,23.038194563855274,1.3444999295565194,31.76771926580055,0.00036393028256120896,
40,robust,gap25,0.25,7,0.25,54,504,26.263601578772068,22.25,28.5,0,0,0.001294110129538839,28.5,23.75,22.275528378495412,0.9486193947426553,30.87032606620166,0.0027182311651369195,
40,robust,gap25,0.25,7,0.25,55,504,26.38251595199108,25.9,26,0,0,0.0013985576985784398,26,25.5,25.908568706983132,42.687872763419485,39.028912240840675,7.695428894116674e-8,
40,robust,gap25,0.25,7,0.25,56,504,24.543018773198128,24.3,30.5,0,0,0.08075006168256882,24,27.75,24.308248971409487,34.15029821073559,35.025946882805734,0.0002992958999105122,
40,robust,gap25,0.25,7,0.25,57,504,22.863146459683776,22.8,30.5,0,0,0.23011000520065195,20,23.75,22.777996179907586,34.15029821073559,31.76771926580055,0.000003548124850594192,
40,robust,gap25,0.25,7,0.25,58,504,22.09958060272038,22.15,28,0,0,0.09026789294307114,22,23.25,22.141533055861835,28.45858184227966,30.525406221886563,0.0000015084745907945063,
40,robust,gap25,0.25,7,0.25,59,504,26.427606977522373,26.6,26.5,0,0,0.002259768672915774,26.5,27.25,26.585547266352094,42.687872763419485,42.19341863874667,4.0595066197468554e-8,
40,robust,gap25,0.25,7,0.25,60,504,20.62501565925777,20.65,31.75,0,0,0.06066662892737673,20.25,31.75,20.657025458436813,28.45858184227966,27.388710344449596,0.00024224125282035214,
40,robust,gap25,0.25,7,0.25,61,504,27.759330242872238,28.4,29.5,0,0,0.03997216726500863,29,27.5,28.386999704498148,0.7941929816450137,2.316746963628448,0.0000013063041585104074,
40,robust,gap25,0.25,7,0.25,62,504,22.4208008274436,22.25,27.25,0,0,0.0596796781645923,22.75,23.75,22.247877028658007,28.45858184227966,30.610911561443668,0.0000011554907093369593,
40,robust,gap25,0.25,7,0.25,63,504,27.62485220655799,28.05,32,0,0,0.2430411661259959,26.75,20.5,28.0160508924472,42.687872763419485,44.971586121133285,0.000004512921460309016,
40,robust,gap25,0.25,7,0.25,64,504,20.485048338770866,20.45,30.75,0,0,0.043093246371560645,20.25,20.5,20.470157291278213,28.45858184227966,27.116862102817343,0.000018043145152080164,
40,robust,gap25,0.25,7,0.25,65,504,20.754340892657638,20.95,31.5,0,1,0.10262110052657958,21,21,20.935231018987405,28.45858184227966,27.877794457743338,2.4562400557925912e-8,
40,robust,gap25,0.25,7,0.25,66,504,24.309442626312375,24.75,31,0,0,0.20317678301289988,24.25,27.75,24.73352590635515,0.832934102700868,0.8330610937212524,0.0008074083648133001,
40,robust,gap25,0.25,7,0.25,67,504,26.569361558184028,26.200000000000003,32,0,0,0.07895727012568254,26.5,27,26.2178524275113,42.687872763419485,39.883559954143756,2.8132769092081844e-7,
40,robust,gap25,0.25,7,0.25,68,504,26.64651340059936,32,31.25,0,0,0.04711102706630943,31.25,27.75,32,1.2648258596568738,1.261759084105229,0.026461609142514164,
40,robust,gap25,0.25,7,0.25,69,504,27.191029474139214,28,31.5,0,0,0.09499349543946067,29,23.75,28.014692083446644,42.687872763419485,7.982538661384506,0.00006478335893522758,
40,robust,gap25,0.25,7,0.25,70,504,22.701324163004756,22.75,32,0,0,0.3098298381494644,22.5,22.5,22.75645435662396,3.1620646491421844,31.58409083073812,0.0000017012310666864039,
40,robust,gap25,0.25,7,0.25,71,504,21.896347787231207,21.85,32,0,0,0.05336229367125134,22.5,22.5,21.862271338296296,2.845858184227966,0.7709958676051495,0.012655399455089977,
40,robust,gap25,0.25,7,0.25,72,504,25.83535721153021,21.6,31,0,0,0.15598412412245377,26.5,23.5,26.950636783165525,5.174287607687211,1.2589971690593766,0.10104640919334418,
40,robust,gap25,0.25,7,0.25,73,504,26.132274739444256,25.55,27.25,0,0,0.10330685546697971,24.75,26,25.57625980292026,42.687872763419485,38.89001931471669,0.00007516818911934564,
40,robust,gap25,0.25,7,0.25,74,504,26.331928664818406,26.4,26.75,0,0,0.029417332587643896,26.75,26.75,26.381086618542444,3.1045725646123263,2.4177202273087146,0.0017656682993280048,
40,robust,gap25,0.25,7,0.25,75,504,27.689802650362253,27.3,30.75,0,0,0.0971069830267215,26.5,26.75,27.30019051751444,0.7359978062658532,0.7361961349660058,0.000011303397690731742,
40,robust,gap25,0.25,7,0.25,76,504,21.257837440818548,21.2,31.5,0,0,0.13615706269176675,18.5,20.75,21.180178257098007,28.45858184227966,28.16519440060667,6.715657691058752e-7,
40,robust,gap25,0.25,7,0.25,77,504,20.10134365223348,21.05,28,0,0,0.01080214356600584,24.75,27.75,21.0696535595187,28.45858184227966,27.949093164796388,0.004298919430500758,
40,robust,gap25,0.25,7,0.25,78,504,22.450240656733513,22.55,32,0,0,0.2226018934394427,23.5,27.75,22.53602436191398,0.6802848249150515,0.6806661742407591,0.001349997543370951,
40,robust,gap25,0.25,7,0.25,79,504,24.404253674671054,24.25,29.75,0,0,0.06930138407168407,24.25,21,24.257801389944,34.15029821073559,1.0373132821485893,0.00003368468569375782,
40,robust,gap25,0.25,7,0.25,80,504,24.518609700724483,25.15,31.5,0,0,0.11292970583949868,26.25,25.75,25.17069940411209,0.8939868641553819,0.6792699793284056,0.009891495578979281,
40,robust,gap25,0.25,7,0.25,81,504,27.910256387665868,27.65,28.75,0,0,0.001153626179275391,28.75,27.25,27.672719733380582,42.687872763419485,43.02399774580862,1.5309520873252325e-8,
40,robust,gap25,0.25,7,0.25,82,504,25.833819452673197,26.200000000000003,29,0,0,0.09795310223319675,26,27.75,26.209207612797073,56.91716368455932,66.63472821606945,0.0003364551958607853,
40,robust,gap25,0.25,7,0.25,83,504,22.032136119902134,22.35,26.5,0,0,0.006894595753831223,26.5,32,22.35639611850321,28.45858184227966,30.696897268076935,0.000008374764884688801,
40,robust,gap25,0.25,7,0.25,84,504,22.436335783451796,26.5,25.75,0,1,0.0037159879170141075,22.25,22.25,26.501938060319663,3.1620646491421844,30.35582063176497,0.00004739310380330597,
40,robust,gap25,0.25,7,0.25,85,504,24.966602502390742,24.45,31,0,0,0.013028141207709898,24.25,20.75,24.459404503975474,34.15029821073559,2.960741107405957,0.00040747183214751015,
40,robust,gap25,0.25,7,0.25,86,504,21.109798515215516,21.4,31.25,0,0,0.17578071870865108,22.25,31.25,21.407772044010667,28.45858184227966,28.910305363585685,0.0014515214868812132,
40,robust,gap25,0.25,7,0.25,87,504,22.844631927087903,23.85,31.75,0,0,0.18244629004576018,26.5,29,23.861897842520758,34.15029821073559,33.419252071667856,0.0025348334387798044,
40,robust,gap25,0.25,7,0.25,88,504,20.593081818893552,20.4,28.75,0,0,0.029282054542768443,20.75,20.75,20.39540555777107,2.754056307317386,0.8347155077478909,0.041149834403528596,
40,robust,gap25,0.25,7,0.25,89,504,26.716338550671935,25.8,31.25,0,0,0.22858099924042674,21,23.5,25.818461167846763,1.7423621536089586,38.75211144480634,0.004546316211826218,
40,robust,gap25,0.25,7,0.25,90,504,23.589330730959773,22.9,30.75,0,0,0.04875001641882892,24,27,22.912735745330142,1.524566884407839,1.528618747717917,0.0070078542902385355,
40,robust,gap25,0.25,7,0.25,91,504,22.42361527122557,22.25,29.5,0,0,0.04531731404688677,29.5,29.5,22.261958756974643,1.9185560792548084,30.610911561443668,0.0018117851464742873,
40,robust,gap25,0.25,7,0.25,92,504,26.96799774467945,26.450000000000003,30.25,0,0,0.017753080720458225,22.25,26.5,26.41617535877112,3.6330104479505945,3.641484647595931,0.0020791851023863606,
40,robust,gap25,0.25,7,0.25,93,504,21.583238067105412,21.6,31.25,0,0,0.06435640381579999,22.5,26.25,21.5789327103364,0.7297072267251195,29.14158780649437,0.0009341121062963476,
40,robust,gap25,0.25,7,0.25,94,504,20.591051978990436,20.7,25,0,0,0.006848148461886527,21,23.75,20.693444846874662,28.45858184227966,27.59620057433179,0.000006054419182222048,
40,robust,gap25,0.25,7,0.25,95,504,22.58406807295978,21.95,30.5,1,1,0.00037656262565244347,30.5,30.5,21.947892034411698,1.399602385685885,1.404098089096157,0.008520898715309588,
40,robust,gap25,0.25,7,0.25,96,504,23.15157870389521,22.8,32,0,0,0.18888244011019417,22.5,23.5,22.82081937204761,42.687872763419485,0.667038724741219,0.001393971852918785,
40,robust,gap25,0.25,7,0.25,97,504,26.45371979288757,26.5,31,0,0,0.19986058733841583,25,26.5,26.52540915104801,42.687872763419485,40.92919635743591,0.0000011561682372596138,
40,robust,gap25,0.25,7,0.25,98,504,26.993640460073948,26.05,26.5,0,0,0.0013931409475550494,26.5,27.5,26.04753260363302,6.324129298284369,36.91924130890334,3.5175613666282857e-7,
40,robust,gap25,0.25,7,0.25,99,504,21.515105064958334,21.35,30.75,0,0,0.07180782167322375,20.75,27.5,21.370910269359285,28.45858184227966,28.910305363585685,3.4358686684665685e-7,
40,robust,gap25,0.25,7,0.25,100,504,27.33318774960935,27.35,28.5,0,0,0.04903952627924568,22,23,27.349514539918278,2.0088410712197406,2.0084718668324553,0.0016084031126187837,
40,robust,gap25,0.25,7,0.25,101,504,20.853267719969153,21,31.75,0,0,0.0858441049174874,22,22,21.019001581241213,28.45858184227966,28.16519440060667,0.00005288080403098583,
40,robust,gap25,0.25,7,0.25,102,504,25.995089216157794,25.6,25.75,0,0,0.0016731166967089983,25.75,20.75,25.612655293123517,28.45858184227966,28.68266516387241,8.836748222051938e-9,
40,robust,gap25,0.25,7,0.25,103,504,26.24391412548721,26.450000000000003,27.5,0,0,0.007914427263414847,26.5,27.5,26.44660942160046,42.687872763419485,39.59454865012822,1.244673697442522e-9,
40,robust,gap25,0.25,7,0.25,104,504,22.328086771070957,22.05,22,0,0,0.0009948219026768568,22,22,22.0682317435359,28.45858184227966,30.022240185262056,9.290764357849923e-8,
40,robust,gap25,0.25,7,0.25,105,504,22.563073521479964,22.3,31.5,0,0,0.08275319296389361,22.25,20.75,22.301960307787535,0.9034470426120527,31.045725646123266,0.002169765962510728,
40,robust,gap25,0.25,7,0.25,106,504,21.195140935480595,21.75,31.5,0,0,0.08533872437597667,28.25,27.75,21.72791745118462,9.486193947426552,8.84866026512987,0.010595873782187515,
40,robust,gap25,0.25,7,0.25,107,504,23.734988985583186,28.55,30.75,0,0,0.09375602805985639,23.75,23.5,28.556862513459254,34.15029821073559,45.34479430471115,0.0018762900163323826,
40,robust,gap25,0.25,7,0.25,108,504,22.905638677999377,22.75,30.75,0,0,0.22191476738840565,19,27.25,22.756744885400316,0.7868732306621105,1.687736745549867,0.0005963227785604763,
40,robust,gap25,0.25,7,0.25,109,504,22.24358107149601,22.25,29.75,0,0,0.0687460138010565,21.5,23,22.23592569462414,7.423977871899041,30.35582063176497,0.00008637015145174232,
40,robust,gap25,0.25,7,0.25,110,504,25.32648010738194,25.65,30.25,0,0,0.08962381427908606,23.75,23.75,25.648013333458326,4.1646705135043405,38.75211144480634,0.000468814939493134,
40,robust,gap25,0.25,7,0.25,111,504,27.96955258399248,28.55,27.75,0,0,0.013395408371955742,27.75,20.5,28.537481082305327,42.687872763419485,45.724248650357275,0.000019842735964448188,
40,robust,gap25,0.25,7,0.25,112,504,26.71753427013755,26.9,31.25,0,0,0.09849336911586204,26,21.5,26.88283977281067,0.9082526119876486,14.493495261850649,0.001123796446885983,
40,robust,gap25,0.25,7,0.25,113,504,20.882705258205533,20.7,29.5,0,0,0.25560913891197823,25.25,25.25,20.671348964934783,170.75149105367794,160.70728569757924,0.00219925213676464,
40,robust,gap25,0.25,7,0.25,114,504,23.66107169725001,24.1,30.25,0,0,0.1364791452852705,24.75,23.75,24.092366820824143,34.15029821073559,35.251920733662544,0.00006404104909407682,
40,robust,gap25,0.25,7,0.25,115,504,27.982228748500347,23.75,32,0,0,0.11573522079651466,24.75,27.75,23.76295395536899,1.6418412601315187,1.641348066601891,0.038552584647787325,
40,robust,gap25,0.25,7,0.25,116,504,21.271145813167095,20.6,29.75,0,0,0.13914132387907907,20.25,18.5,20.615291611965432,1.1308045765144235,1.1305706008106133,0.0014777166156428878,
40,robust,gap25,0.25,7,0.25,117,504,25.634665455669165,26.15,31.5,0,0,0.08355593266062966,24,25.5,26.149290475562815,1.8972387894853107,1.8939506806647122,0.0008773832617708921,
40,robust,gap25,0.25,7,0.25,118,504,26.53863742016256,20.6,31,0,0,0.055798795672066026,22,18.25,20.605546472305896,1.0540215497140615,1.0536150624214606,0.060313514589302675,
40,robust,gap25,0.25,7,0.25,119,504,22.655229968950152,22.25,28.5,0,0,0.009470865921494265,28.5,28.5,22.267834469562963,0.7328390173977595,0.733035647131432,0.014389911167699498,
40,robust,gap25,0.25,7,0.25,120,504,27.15875610522926,20.1,28.25,0,0,0.02560791053104916,28.25,27.5,20.084988000071004,1.185774243428319,26.396365766752147,0.031903463028175594,
40,robust,gap25,0.25,7,0.25,121,504,20.111062293872237,19.65,31.75,0,0,0.16466844057957997,20.25,24,19.633485589160827,1.1459831614340803,1.1441833763412614,0.057379656139291746,
40,robust,gap25,0.25,7,0.25,122,504,25.38978933915496,26.05,30.5,0,0,0.022228443123768704,30.5,26.75,26.063079615279015,3.2217262462958103,3.2302971999513415,0.00007905736537483499,
40,robust,gap25,0.25,7,0.25,123,504,27.03839728049934,26.6,26.25,0,0,0.01163499950302982,26.25,27,26.582682959756603,42.687872763419485,41.55169364043874,0.00022138693678630528,
40,robust,gap25,0.25,7,0.25,124,504,25.406053885817528,25.4,26,0,0,0.0030691049614669508,26,26,25.407055751327672,1.399602385685885,37.29725401855082,0.0000012928783912347086,
40,robust,gap25,0.25,7,0.25,125,504,26.75429017841816,25.9,28,0,0,0.03252026101952765,26.25,26.25,25.878771270045103,2.667992047713718,5.961863299200976,0.007938610458972595,
40,robust,gap25,0.25,7,0.25,126,504,21.919086162000895,21.8,29.75,0,0,0.024300449492255627,27,29.75,21.788045782031165,28.45858184227966,29.858184227965545,0.0001375404923527057,
40,robust,gap25,0.25,7,0.25,127,504,20.063006564974785,20.35,30,0,0,0.04923834513030112,19,30,20.36218884619357,1.836037538211591,1.8317290357752916,0.002284158790271662,
40,robust,gap25,0.25,7,0.25,128,504,24.78581561334431,24.9,30,0,0,0.03268398277746709,24.75,27.75,24.92367625775449,1.8972387894853107,1.8932944260976072,0.0035774505190807604,
40,robust,gap25,0.25,7,0.25,129,504,23.046089285984635,22.8,31.5,0,0,0.040820465569069264,30.75,31.5,22.780546453093713,1.6577814665405626,31.493070396067402,0.00016702068505447532,
40,robust,gap25,0.25,7,0.25,130,504,20.668859815225005,20.55,32,0,0,0.09081477061802545,20.5,32,20.539478488120206,4.4934602908862615,0.782030587336152,0.03338089839695124,
40,robust,gap25,0.25,7,0.25,131,504,23.718707552179694,23.55,30.75,0,0,0.009800577326926296,23.75,23.75,23.561287592971908,34.15029821073559,33.52176511483248,0.00005732005871594836,
40,robust,gap25,0.25,7,0.25,132,504,23.11209338530898,22.4,29.5,0,0,0.020879742812582647,29.5,23.75,22.392493033644527,0.8667588378359288,0.8662092127009661,0.004583566539937078,
40,robust,gap25,0.25,7,0.25,133,504,22.61887065321207,22.5,30.75,0,0,0.007264625152557103,30.75,30.75,22.520728872726902,5.174287607687211,31.223129792672538,0.000002024990077620359,
40,robust,gap25,0.25,7,0.25,134,504,27.473344335332513,26.9,32,0,0,0.34034237242529564,27.5,26.5,26.872480027961547,24.393070150525425,30.957777414831128,0.000831253022668843,
40,robust,gap25,0.25,7,0.25,135,504,27.551794169470668,27.65,31.25,0,0,0.029948847501100273,22.25,22.75,27.652790419901358,1.3551705639180789,1.3568531695350619,0.04029297928031628,
40,robust,gap25,0.25,7,0.25,136,504,21.828141083940864,21.8,27,0,0,0.056359028229307384,21.5,22.5,21.801769038417703,28.45858184227966,29.53539304712267,2.7462271678935224e-8,
40,robust,gap25,0.25,7,0.25,137,504,24.768809229135513,30.05,32,0,0,0.024951294732060036,32,27.75,30.04226520589644,34.15029821073559,35.251920733662544,0.004598646269780016,
40,robust,gap25,0.25,7,0.25,138,504,27.508844319730997,27.4,28,0,0,0.04114392133180811,28,27.25,27.37941388870025,0.9539189444339551,0.9532532647797792,0.0000684498915393128,
40,robust,gap25,0.25,7,0.25,139,504,24.218172296881676,24.6,31,0,0,0.025886768771759217,31,30.5,24.596426537481527,3.2836825202630373,1.110465951370327,0.005829039323654195,
40,robust,gap25,0.25,7,0.25,140,504,24.342522621154785,30.15,31.25,0,0,0.05792518221394094,31.25,23.75,30.149650682540326,1.0807056395802401,1.0791049103816914,0.03999661037147495,
40,robust,gap25,0.25,7,0.25,141,504,23.948502864688635,24.2,32,0,0,0.1345654368947654,24.75,20.25,24.227149603253437,34.15029821073559,26.7190597247809,0.00008686297851168145,
40,robust,gap25,0.25,7,0.25,142,504,22.53068327717483,22.35,29,0,0,0.027755852760316557,22,29,22.333005427882878,28.45858184227966,30.525406221886563,0.00003090282203521699,
40,robust,gap25,0.25,7,0.25,143,504,21.842057885602117,21.9,32,0,0,0.07024845826482895,23,27.5,21.88590999424133,28.45858184227966,29.776826777753104,0.000001961585036180935,
40,robust,gap25,0.25,7,0.25,144,504,21.166603120043874,21,30.5,0,0,0.09375794436546414,20.5,32,21.02437419967186,4.614905163612917,4.63644269301459,0.0027403032628682267,
40,robust,gap25,0.25,7,0.25,145,504,20.616218706592917,20.05,31.5,0,0,0.2973366259106711,19.5,23.25,20.02428664160801,2.0572468801647945,26.206463854761125,0.00022071223942421447,
40,robust,gap25,0.25,7,0.25,146,504,24.327335326001048,23.9,26,0,0,0.0030228207858072897,26,23.5,23.87267418301507,34.15029821073559,0.667038724741219,0.0016618068448956969,
40,robust,gap25,0.25,7,0.25,147,504,22.501136539503932,22.25,30,0,0,0.02657308941619596,22,22,22.252963680686694,1.7247625358957368,1.6163430598188713,0.002217974128241651,
40,robust,gap25,0.25,7,0.25,148,504,23.4234850499779,23.45,23.5,1,1,0.00003621676055276524,23.5,23.5,23.45966960160489,34.15029821073559,33.317364108034724,0.0000014672943208227096,
40,robust,gap25,0.25,7,0.25,149,504,27.08001214452088,26.75,30.5,0,0,0.10300147346742239,25.25,22.75,26.76131397861526,0.6885140768293465,0.6886008460891865,0.0018908847209668789,
40,robust,gap25,0.25,7,0.25,150,504,26.987701347097754,26,29.75,0,0,0.05789933507514544,21.25,21.25,26.01071692504219,1.690608822313643,1.6945410803900431,0.00019427548790929006,
40,robust,gap25,0.25,7,0.25,151,504,22.293572198599577,22.45,30.5,0,0,0.12544995408979076,21.75,31.75,22.462521718158882,21.343936381709742,30.696897268076935,0.00007532653346142837,
40,robust,gap25,0.25,7,0.25,152,504,27.54007043503225,27.75,30.25,0,0,0.017098194278312273,28.5,28.5,27.744836202870367,42.687872763419485,44.06490091707818,0.000027347350271322846,
40,robust,gap25,0.25,7,0.25,153,504,21.409473361447453,21.2,32,0,1,0.16203656901438068,21,21,21.217814571575104,28.45858184227966,28.532886233512766,9.027386616011768e-10,
40,robust,gap25,0.25,7,0.25,154,504,26.622752770781517,25.7,30.5,0,0,0.0927155924663311,23.75,24,25.697449746969376,1.1160228173443003,1.115908856064065,0.02802980019759649,
40,robust,gap25,0.25,7,0.25,155,504,20.57460788451135,21.2,30.25,0,0,0.055648295935150194,21,27.75,21.210413196819122,28.45858184227966,28.31112805035075,0.0007990794411790736,
40,robust,gap25,0.25,7,0.25,156,504,22.2880867049098,22.25,27,0,0,0.018834731219366185,22,22,22.26721402947963,0.8801623250189584,30.525406221886563,0.00008522339535010914,
40,robust,gap25,0.25,7,0.25,157,504,23.60113450139761,23.65,31.5,0,0,0.18609302748940926,23.75,27.25,23.645439194038868,34.15029821073559,33.62490900749351,3.958577354801207e-9,
40,robust,gap25,0.25,7,0.25,158,504,27.798919336870313,27.5,30.75,0,0,0.024231137491749988,30.75,27.5,27.47854995215447,42.687872763419485,43.19405307286715,0.00015698236573713498,
40,robust,gap25,0.25,7,0.25,159,504,23.638084029778838,23,31.75,0,0,0.24571278903876081,22.5,23.75,23.00731378409548,34.15029821073559,31.860336523135246,0.00006706214758123163,
40,robust,gap25,0.25,7,0.25,160,504,20.85102636925876,20.7,30.25,0,0,0.13363692849473696,21.5,23.5,20.678765005390176,28.45858184227966,27.457526199586404,0.00001055646149850098,
40,robust,gap25,0.25,7,0.25,161,504,24.07562472112477,24.4,31.25,0,0,0.023442327417759423,31.25,25.75,24.412891392069707,1.0286234400823973,4.996842902348143,0.00012929984018961171,
40,robust,gap25,0.25,7,0.25,162,504,21.757848946377635,21.8,32,0,0,0.022742505192909657,24,24,21.82743935403929,28.45858184227966,0.667038724741219,0.00022319504280399194,
40,robust,gap25,0.25,7,0.25,163,504,25.508492911234498,24.85,31.25,0,0,0.02791910375587925,21.5,23.75,24.87009315707797,1.5110751420679465,1.5091969931550047,0.008949976935226034,
40,robust,gap25,0.25,7,0.25,164,504,25.36319763958454,25.8,32,0,0,0.08910142535033239,24.75,27.75,25.786950324948744,21.343936381709742,21.096709319373335,0.0006722968816973429,
40,robust,gap25,0.25,7,0.25,165,504,22.560245404019952,22.5,29,0,0,0.031438387130682144,26,26.5,22.50938120602381,1.333996023856859,31.134175006938428,0.00001390300534021005,
40,robust,gap25,0.25,7,0.25,166,504,23.74190784059465,23.3,29.75,0,0,0.07581852252501964,23.5,27.75,23.283020593805656,2.0823352567521702,11.675315627601911,0.00786428269313244,
40,robust,gap25,0.25,7,0.25,167,504,24.503673147410154,24.65,31.5,0,0,0.15505101257110843,23.5,27.75,24.644689398086598,34.15029821073559,36.06632154269105,0.000024726168185496,
40,robust,gap25,0.25,7,0.25,168,504,25.555214812979102,25.6,31.25,0,0,0.015765123943081605,31.25,27.75,25.579810663221085,42.687872763419485,38.75211144480634,0.000008356728990355222,
40,robust,gap25,0.25,7,0.25,169,504,20.7518520206213,20.65,31.25,0,0,0.13978054708564558,25,20.75,20.641877304974436,28.45858184227966,27.320238568588476,0.0006083573667685638,
40,robust,gap25,0.25,7,0.25,170,504,22.458617247641087,22.35,30.5,0,0,0.1072393081452323,22.5,27,22.33580316757382,1.6740342260164502,1.6694310154957819,0.002937442586961825,
40,robust,gap25,0.25,7,0.25,171,504,22.277760442346334,22.3,31.25,0,0,0.21675561468206972,22.75,18.25,22.294107534447154,0.7726311812383617,30.440377235196067,0.0009162669842485149,
40,robust,gap25,0.25,7,0.25,172,504,22.23640084452927,22.55,32,0,0,0.281307713508941,19,27.25,22.5335581139978,1.0411676283760851,3.197219259050728,0.0010028283473878519,
40,robust,gap25,0.25,7,0.25,173,504,23.909118292853236,24.3,30.75,0,0,0.019390675770619037,26.5,27.75,24.31505649134439,34.15029821073559,35.71273015501761,0.0001403592781318297,
40,robust,gap25,0.25,7,0.25,174,504,22.382332853972912,23.1,31.25,0,0,0.11585238726947222,27.75,27.75,23.07440327714346,0.7144413851618324,1.3204561898786116,0.007934084922914475,
40,robust,gap25,0.25,7,0.25,175,504,20.081918980926275,20.5,31.75,0,0,0.21832993343572826,19.75,23.75,20.50574556240865,28.45858184227966,26.98295167267997,0.00038935914226279067,
40,robust,gap25,0.25,7,0.25,176,504,24.40109710395336,25.25,31.75,0,0,0.03523257257423207,25.25,25.25,25.231665390338186,34.15029821073559,36.91924130890334,0.000005637002295388882,
40,robust,gap25,0.25,7,0.25,177,504,22.228268176317215,22.6,29.5,0,0,0.07166287794465509,23,23.75,22.59990734437509,1.1459831614340803,1.1483917010755977,0.00007499537455335492,
40,robust,gap25,0.25,7,0.25,178,504,27.578811667859554,26.9,31.25,0,0,0.21006716695989236,26.25,27.5,26.88567785827612,0.7456396989243579,0.8745974731841046,0.0007476759208219219,
40,robust,gap25,0.25,7,0.25,179,504,24.542189326137304,24.1,23.75,1,1,0.00018439670313685763,23.75,24.5,24.102670051886996,34.15029821073559,34.914042899154595,0.000003167335585141373,
40,robust,gap25,0.25,7,0.25,180,504,22.72622556053102,20.25,28.5,0,0,0.11944932574548517,21.25,23.75,20.256447638139193,28.45858184227966,27.25210829784386,0.00006481899027210858,
40,robust,gap25,0.25,7,0.25,181,504,23.200964463874698,23.25,30.25,0,0,0.07622143781270319,24,27.75,23.227648924482942,34.15029821073559,32.718848585135895,0.00022871445506311705,
40,robust,gap25,0.25,7,0.25,182,504,22.570289758965373,18.75,29.5,0,0,0.05580318199088863,20.25,22.5,18.761214543890816,1.2463612485669924,1.9253163191394271,0.017865789309651325,
40,robust,gap25,0.25,7,0.25,183,504,21.02284011244774,20.8,30,0,0,0.17817838145271025,22.25,27.75,20.81441587738156,28.45858184227966,3.693171824074143,0.0011428609803271206,
40,robust,gap25,0.25,7,0.25,184,504,25.487583892419934,25.85,26.75,0,0,0.0053602684150136914,26.75,20.75,25.82818851365703,0.8756486720701433,2.2597385085681116,0.008741239593966887,
40,robust,gap25,0.25,7,0.25,185,504,26.056427808478475,25.5,29.75,0,0,0.08308997929061301,19,25.25,25.50762984405865,28.45858184227966,37.68308768081169,0.00008013269423368108,
40,robust,gap25,0.25,7,0.25,186,504,21.09700872376561,21.25,31.25,0,0,0.2122208417658119,21.5,23.75,21.22927108413065,28.45858184227966,28.532886233512766,8.456636328979528e-7,
40,robust,gap25,0.25,7,0.25,187,504,27.474888620898128,27.15,28,0,0,0.0165102419678943,26.25,27.5,27.142311649861256,1.1233650727215654,1.122326735897647,0.000003533993876203567,
40,robust,gap25,0.25,7,0.25,188,504,27.821019250899553,22.85,31.25,0,0,0.1812231079525629,23.25,27.75,22.856098871310635,1.1233650727215654,31.860336523135246,0.0016438801064185826,
40,robust,gap25,0.25,7,0.25,189,504,22.64086907170713,22.15,31.75,0,0,0.10049424940458185,22.75,31.75,22.138135729241675,1.9403578528827041,30.18810891556737,0.0002212219440116403,
40,robust,gap25,0.25,7,0.25,190,504,20.824052672833204,21.4,31,0,0,0.10470858563786045,20.5,27.75,21.408638191992235,6.830059642147119,1.1287022750914468,0.016404605250879167,
40,robust,gap25,0.25,7,0.25,191,504,24.110302595421672,24.05,31.5,0,0,0.10090325007877066,25,23.75,24.058370592075484,34.15029821073559,34.47348715279303,9.385255539395843e-8,
40,robust,gap25,0.25,7,0.25,192,504,27.29867704771459,27.4,30.5,0,0,0.012310320145902387,30.5,27.75,27.354292158025256,42.687872763419485,41.55169364043874,0.00004477372594335893,
40,robust,gap25,0.25,7,0.25,193,504,27.537881957367063,28.3,30,0,0,0.021168818733123707,30,27.75,28.307549412060524,1.1383432736911863,2.1385705337446947,0.0003007660942000445,
40,robust,gap25,0.25,7,0.25,194,504,26.778226029127836,27.450000000000003,28.5,0,0,0.005652477505312836,28.5,27.75,27.469973027331132,42.687872763419485,31.045725646123266,0.000005505927668125743,
40,robust,gap25,0.25,7,0.25,195,504,21.44800998829305,20.8,28.25,0,0,0.06252098702313935,28.25,31.5,20.78238489944931,28.45858184227966,27.25210829784386,0.004212284763600693,
40,robust,gap25,0.25,7,0.25,196,504,25.237823970615864,25.8,31.5,0,0,0.06374092265736264,25.75,26.75,25.777131827964055,1.2742648586095369,38.21012387215171,0.0000012905953533648429,
40,robust,gap25,0.25,7,0.25,197,504,25.947798563167453,20.7,31.5,0,0,0.20497611813320749,21,31.25,20.713266095649317,28.45858184227966,27.388710344449596,0.0024992669578981497,
40,robust,gap25,0.25,7,0.25,198,504,22.49041729234159,22.05,31.5,0,0,0.09398196287302185,23.25,26.5,22.049090178741547,28.45858184227966,30.022240185262056,0.000018409219481818617,
40,robust,gap25,0.25,7,0.25,199,504,23.807416908442974,23.5,30,0,0,0.07620848645726519,22.75,20.5,23.50258813778238,34.15029821073559,33.317364108034724,5.318129492337675e-9,
