cell,block,cond,dt,days,snr,rep,n,tau,LS,CHI,CHI_sigPeak,CHI_sigAny,CHI_pPeak,CHI_rel,ENR,COS,FFTauto,FFTfine,COSfixTrue_p,SURR_p
1,main,cosine,0.25,3,0.5,0,288,27.35806521959603,26.6,29.25,0,0,0.029794018673442668,27.25,22.25,26.731100391889203,25.6,26.72756933115824,1.9228588721276196e-9,
1,main,cosine,0.25,3,0.5,1,288,21.063296023756266,20.4,30.25,0,0,0.29055856021044146,20.5,21,20.419683448044534,21.333333333333332,20.20221948212084,2.5986832374869095e-7,
1,main,cosine,0.25,3,0.5,2,288,25.219164077192545,26.3,28.75,0,0,0.034708635617810124,27.5,27.5,26.346990729743386,25.6,26.340836012861736,1.079987436147789e-7,
1,main,cosine,0.25,3,0.5,3,288,23.579233180731535,24.55,26.5,0,1,0.003276413563584213,24.5,23.25,24.578938856570513,25.6,24.563718140929534,1.0443867992648848e-11,
1,main,cosine,0.25,3,0.5,4,288,21.854111032560468,22.25,31.75,0,0,0.10749963928766149,19,23.25,22.24358150060468,21.333333333333332,22.26086956521739,0.00002443401012319768,
1,main,cosine,0.25,3,0.5,5,288,21.867797177284956,22.25,22,0,0,0.0015226851475872438,22,22.25,22.221755603382928,21.333333333333332,22.26086956521739,6.9147780834555306e-9,
1,main,cosine,0.25,3,0.5,6,288,27.653793485835195,27.950000000000003,31,0,0,0.010525912180885721,25.5,25.5,28.01319594854036,25.6,28.29706390328152,1.2968404128343991e-11,
1,main,cosine,0.25,3,0.5,7,288,26.736317910254,26.75,29.25,0,0,0.014338767508549677,26.75,23.75,26.781497474547322,25.6,26.684039087947884,8.396680017952463e-10,
1,main,cosine,0.25,3,0.5,8,288,26.542211484164,25.2,25.75,0,0,0.0013801006581661834,25.75,25.75,25.216382537601184,25.6,25.480559875583204,2.7631189558618985e-9,
1,main,cosine,0.25,3,0.5,9,288,24.51310034096241,25.15,26.5,0,0,0.003398389760346454,25,26.5,25.206415073760407,25.6,25.051987767584098,1.920258174692435e-9,
1,main,cosine,0.25,3,0.5,10,288,22.54241259023547,22.65,29.5,0,0,0.14691628305122306,22.5,23,22.643148264954238,21.333333333333332,22.850767085076708,0.0000027358189642612274,
1,main,cosine,0.25,3,0.5,11,288,21.84048320353031,21.9,22.25,0,0,0.0031232715370415054,20.75,23.75,21.911896501374727,21.333333333333332,21.81624500665779,8.521482408596626e-10,
1,main,cosine,0.25,3,0.5,12,288,20.027336971834302,20.95,21.75,1,1,0.0007325475234162271,21.75,19,20.929211188852726,21.333333333333332,20.634760705289672,6.1660037076194385e-9,
1,main,cosine,0.25,3,0.5,13,288,27.641065295785666,25.9,27.5,0,0,0.0020547795214100883,27.5,23.75,25.999856168272675,25.6,25.88309636650869,1.6921097856226197e-10,
1,main,cosine,0.25,3,0.5,14,288,25.309547932818532,23.7,29.25,0,0,0.012922438177072948,24,24,23.684336792175394,25.6,23.43919885550787,2.9311126081843497e-8,
1,main,cosine,0.25,3,0.5,15,288,24.41850447282195,23.7,25,0,0,0.007178735966971939,23,23,23.651892330274567,25.6,23.305832147937412,2.879489979790151e-10,
1,main,cosine,0.25,3,0.5,16,288,21.178256595507264,21.6,31.75,0,0,0.4019397482037246,21.75,22.25,21.549005373850147,21.333333333333332,21.70066225165563,3.093746964166755e-7,
1,main,cosine,0.25,3,0.5,17,288,25.259647158905864,24.45,30.5,0,0,0.05242542346431045,24.25,23.75,24.47458281668954,25.6,23.88338192419825,6.906126717165506e-7,
1,main,cosine,0.25,3,0.5,18,288,22.513611586764455,21.25,20.75,1,1,0.00019564879077316188,20.75,20.75,21.19708527785337,21.333333333333332,21.47313237221494,1.1964398360930772e-9,
1,main,cosine,0.25,3,0.5,19,288,21.54893579892814,21.4,29.75,0,0,0.03560021729627583,21.5,21.5,21.368261095617843,21.333333333333332,21.557894736842105,2.3614761213153201e-7,
1,main,cosine,0.25,3,0.5,20,288,27.104512199759483,27.950000000000003,32,0,0,0.04557103253633943,28.75,28.75,27.974547452089826,25.6,27.816638370118845,6.383299366863326e-8,
1,main,cosine,0.25,3,0.5,21,288,20.030972994863987,20.2,22.5,0,0,0.008500956997830933,20.5,23.75,20.217832122673023,21.333333333333332,20.327543424317618,5.2701620845141406e-11,
1,main,cosine,0.25,3,0.5,22,288,21.694612814113498,22.5,29.25,0,0,0.05552822935736834,22.25,23,22.438819055979643,21.333333333333332,22.443835616438356,0.0000203803010805359,
1,main,cosine,0.25,3,0.5,23,288,24.62144347652793,24.45,29.5,0,0,0.0865841972480772,25.5,23.75,24.448398609403824,25.6,24.20088626292467,6.953384090735426e-9,
1,main,cosine,0.25,3,0.5,24,288,20.853921379894018,21,31.25,0,0,0.3506852795785076,20.5,23.75,20.972651984466186,128,95.25581395348837,0.007699277854711362,
1,main,cosine,0.25,3,0.5,25,288,23.230223521590233,23.85,29.5,0,0,0.08684605714885418,21.75,23.5,23.82338530042693,25.6,23.472779369627506,9.60456554288669e-7,
1,main,cosine,0.25,3,0.5,26,288,25.56723740324378,24.15,25,1,1,0.0004997722560871054,25,23.75,24.18692210582081,25.6,23.848617176128094,3.647127044814624e-11,
1,main,cosine,0.25,3,0.5,27,288,22.64790158905089,23.4,30.25,0,0,0.14155163205772214,24,23.75,23.39118107426249,21.333333333333332,23.272727272727273,7.611221652936706e-10,
1,main,cosine,0.25,3,0.5,28,288,27.988662481307983,27.4,30,0,0,0.030077562215805154,24.5,23.75,27.502409636472436,25.6,27.769491525423728,1.5694758948026077e-7,
1,main,cosine,0.25,3,0.5,29,288,25.705839654430747,27.1,28.75,0,0,0.027974198705753794,25.5,23.75,27.276759725358716,25.6,27.675675675675677,4.015484795782953e-7,
1,main,cosine,0.25,3,0.5,30,288,25.803276505321264,25.25,29.75,0,0,0.03644438738717293,25.25,23.75,25.3645008195655,25.6,24.93759512937595,2.0692266777810886e-7,
1,main,cosine,0.25,3,0.5,31,288,21.019531451165676,20.55,32,0,0,0.509295080077536,22,23.75,20.575502289089215,21.333333333333332,20.557089084065243,1.2641102609123323e-8,
1,main,cosine,0.25,3,0.5,32,288,24.416900128126144,24.25,27.25,0,0,0.00491719806027624,24.25,24.25,24.234520899700396,25.6,24.6006006006006,4.683427246021665e-8,
1,main,cosine,0.25,3,0.5,33,288,21.85402489081025,20.5,32,0,0,0.3069030034438165,21.25,21.25,20.517308022081224,21.333333333333332,20.505632040050063,0.00012360931866028935,
1,main,cosine,0.25,3,0.5,34,288,20.912274869158864,20.3,20,1,1,0.000730426464396694,19,20.25,20.313603389371423,21.333333333333332,20.127764127764127,6.694644838489694e-14,
1,main,cosine,0.25,3,0.5,35,288,24.870277747511864,24.9,30.5,0,0,0.08377021615239721,24,26,24.884849161059954,25.6,25.167434715821813,0.00000836785782520888,
1,main,cosine,0.25,3,0.5,36,288,25.306756779551506,25.85,26.75,0,0,0.028476250840705486,24.5,27.25,25.88879210006137,25.6,25.88309636650869,1.3174208834954015e-8,
1,main,cosine,0.25,3,0.5,37,288,21.175000876188278,22.15,32,0,0,0.3219982703522053,22,22,22.112752142367526,21.333333333333332,22.170500676589988,9.343367298741967e-7,
1,main,cosine,0.25,3,0.5,38,288,25.965810328722,25.6,31.25,0,0,0.07966735005484171,24,27.25,25.61112889540757,25.6,25.72056514913658,0.00008399060399633118,
1,main,cosine,0.25,3,0.5,39,288,21.245459243655205,21.05,31.5,0,0,0.46010842732641766,21,20.75,21.041888524214524,21.333333333333332,20.844783715012724,4.944735731982064e-10,
1,main,cosine,0.25,3,0.5,40,288,22.270777037367225,22.55,22.5,1,1,0.00008497023174625085,22.5,22.5,22.478366035498166,21.333333333333332,22.474622770919066,1.7719159473017498e-13,
1,main,cosine,0.25,3,0.5,41,288,23.395904168486595,22.4,31.25,0,0,0.40027869640876057,20,20,22.403337300441542,21.333333333333332,22.474622770919066,0.00012145662110396582,
1,main,cosine,0.25,3,0.5,42,288,27.476370617747307,29,28.5,1,1,0.00035340133714056865,28.5,28.5,28.983541523904854,25.6,28.395147313691506,8.405273854705797e-8,
1,main,cosine,0.25,3,0.5,43,288,25.670737273991108,27.700000000000003,30,0,0,0.024312275976013265,26.75,30,27.706374662098444,25.6,27.39799331103679,0.000024004626236084903,
1,main,cosine,0.25,3,0.5,44,288,22.261078314855695,22.25,21.25,1,1,0.00035067321297854726,21.25,22.25,22.1742694323071,21.333333333333332,22.170500676589988,1.0413891970983968e-13,
1,main,cosine,0.25,3,0.5,45,288,21.3531424831599,21.65,31.5,0,0,0.12134077493373985,22.75,21.5,21.631837993691697,21.333333333333332,21.78723404255319,0.0000017321640883860567,
1,main,cosine,0.25,3,0.5,46,288,25.32535262592137,24.75,30.25,0,0,0.05026712197382166,26.25,22.75,24.780033673337222,25.6,24.975609756097562,3.1565890012963393e-8,
1,main,cosine,0.25,3,0.5,47,288,23.737104600295424,24.75,25.75,1,1,0.00041110504561636674,24.75,24.75,24.759432416039328,25.6,25.013740458015267,8.537615059367454e-14,
1,main,cosine,0.25,3,0.5,48,288,22.21503708139062,22.2,23.25,0,0,0.009813798176116717,20.5,21.5,22.143105670118107,21.333333333333332,22.110661268556004,1.9848759136298355e-7,
1,main,cosine,0.25,3,0.5,49,288,22.166152089834213,22.35,23.25,0,0,0.007045927227138815,23.25,23.25,22.349027921486265,21.333333333333332,22.382513661202186,1.191743370654308e-10,
1,main,cosine,0.25,3,0.5,50,288,22.318945340812206,22.9,29.25,0,0,0.09785973598400521,23.25,22.5,22.889815100979032,21.333333333333332,23.141242937853107,5.576586525890548e-9,
1,main,cosine,0.25,3,0.5,51,288,22.008597360923886,22.45,24.5,0,0,0.0035275485929472383,24.5,24.5,22.436835387051364,21.333333333333332,22.474622770919066,1.807996419245228e-9,
1,main,cosine,0.25,3,0.5,52,288,25.04770207591355,24.2,25.5,0,0,0.005057879223948847,22.75,22.75,24.21765835518592,25.6,24.6006006006006,7.353490039108124e-10,
1,main,cosine,0.25,3,0.5,53,288,27.574421344324946,29,27.5,0,0,0.004333995136994617,27.5,27.5,29.01810623907386,32,28.845070422535212,0.00004431909085456098,
1,main,cosine,0.25,3,0.5,54,288,22.614831306040287,22.4,26.75,0,0,0.03857570102952046,20.75,23.75,22.343347491105124,21.333333333333332,22.351978171896317,9.371914146960592e-7,
1,main,cosine,0.25,3,0.5,55,288,26.817638909444213,25.3,26.75,0,0,0.0040693369540942825,26.75,23.75,25.378355569427406,25.6,25.28395061728395,1.7747718517036049e-7,
1,main,cosine,0.25,3,0.5,56,288,26.106257539242506,25.6,27.75,0,0,0.008627624986412452,23.75,26.5,25.628351759051306,25.6,25.761006289308177,7.861666873054673e-11,
1,main,cosine,0.25,3,0.5,57,288,27.6871452704072,28.700000000000003,31.25,0,0,0.10083358460457736,22.25,21.75,28.77665394476392,32,29.467625899280577,0.00002921278551437645,
1,main,cosine,0.25,3,0.5,58,288,23.588944328948855,24.05,30,0,0,0.0023087919412009272,30,30,24.04721274370906,2.1333333333333333,2.1336111472848027,0.0008378890358212709,
1,main,cosine,0.25,3,0.5,59,288,25.200756089761853,25.8,31,0,0,0.026921189000973067,31,23.25,25.906086773799167,25.6,25.6,4.798925602456094e-7,
1,main,cosine,0.25,3,0.5,60,288,20.123597126454115,19.6,31.75,0,0,0.1960999580376923,18.25,18.25,19.577156367375377,18.285714285714285,19.504761904761907,0.0000031545453461623296,
1,main,cosine,0.25,3,0.5,61,288,27.667920794337988,27.85,27.25,0,0,0.002164462567638359,27.25,27.25,27.846161356435815,25.6,27.58249158249158,8.483214131160821e-13,
1,main,cosine,0.25,3,0.5,62,288,23.885736122727394,23.45,24.75,0,0,0.0014370010382813714,24.75,24.75,23.42902023023962,25.6,23.372325249643367,1.4475722842632877e-9,
1,main,cosine,0.25,3,0.5,63,288,21.4954680968076,21.3,22.75,0,0,0.0022860115584961704,22.75,22.75,21.279769482283697,21.333333333333332,21.140645161290323,4.743139214724579e-11,
1,main,cosine,0.25,3,0.5,64,288,20.61921874806285,21.1,30.25,0,0,0.3838329942274151,19,19,21.097423396840533,21.333333333333332,21.140645161290323,0.0000014022475950392632,
1,main,cosine,0.25,3,0.5,65,288,26.69311817921698,26.6,29,0,0,0.030429106817728813,26,26,26.612575648083503,25.6,26.554294975688816,2.3810603488882975e-9,
1,main,cosine,0.25,3,0.5,66,288,20.509891955181956,20.85,32,0,0,0.09576323636120221,19.5,32,20.84369073339798,21.333333333333332,20.739240506329114,0.0000015691116905802716,
1,main,cosine,0.25,3,0.5,67,288,20.870212389156222,20.4,25.25,0,0,0.015114264257336196,20.25,20.25,20.396754693440666,21.333333333333332,20.454431960049938,2.7361836130168626e-9,
1,main,cosine,0.25,3,0.5,68,288,26.382452927529812,25.9,26.75,1,1,0.0002216735975510975,26.75,26.75,25.932250418508552,25.6,26.006349206349206,3.552713678800501e-13,
1,main,cosine,0.25,3,0.5,69,288,23.400196420028806,23.95,26.75,0,0,0.015742072826712472,24,24.75,23.929902596550956,25.6,23.506456241033,3.887633326371542e-9,
1,main,cosine,0.25,3,0.5,70,288,25.438173193484545,26.75,27,0,0,0.0023620180040285765,27,27,26.736507636033615,25.6,26.640650406504065,3.102476620053807e-8,
1,main,cosine,0.25,3,0.5,71,288,21.637972056865692,21.2,31.25,0,0,0.19326441256398885,20,20,21.205929229527246,21.333333333333332,21.005128205128205,0.00004545253353449574,
1,main,cosine,0.25,3,0.5,72,288,23.749434553086758,23.35,25.5,0,0,0.02964953583964669,22,25.5,23.36241486153049,25.6,23.710564399421127,5.881182407740937e-8,
1,main,cosine,0.25,3,0.5,73,288,23.07988427579403,24.3,26.75,0,0,0.00852238336228861,22.25,24.25,24.306432589124153,25.6,24.12960235640648,6.804079522026996e-9,
1,main,cosine,0.25,3,0.5,74,288,24.13723411411047,23.3,30.5,0,0,0.1906292763298002,23,21.75,23.267489214834203,25.6,23.43919885550787,0.00006049479643366329,
1,main,cosine,0.25,3,0.5,75,288,27.733751071617007,29.1,28,0,0,0.002815618193864111,28,28,29.101597246055253,32,29.101243339253998,2.162045986686678e-9,
1,main,cosine,0.25,3,0.5,76,288,20.281515968963504,20.25,31.5,0,0,0.2835648448542474,22.5,22,20.26357167684184,21.333333333333332,20.454431960049938,7.964469883603442e-8,
1,main,cosine,0.25,3,0.5,77,288,22.135397477075458,22.5,31,0,0,0.2262261043888243,21.25,22.25,22.44982803183375,21.333333333333332,22.443835616438356,2.690061540189248e-8,
1,main,cosine,0.25,3,0.5,78,288,24.81858658976853,25.35,29.25,0,0,0.05525308032450993,25.5,25.75,25.345779858087592,25.6,25.640062597809077,1.3265968201725542e-7,
1,main,cosine,0.25,3,0.5,79,288,27.596362808719277,28.200000000000003,32,0,0,0.029694955849013938,25.75,25.75,28.175169139246055,25.6,27.48993288590604,1.2198943211139124e-7,
1,main,cosine,0.25,3,0.5,80,288,23.499667957425117,22.95,24.25,0,0,0.004762240304001408,21.75,22.75,22.96642591621364,21.333333333333332,23.206798866855525,4.981998364961271e-7,
1,main,cosine,0.25,3,0.5,81,288,21.34165481477976,21.7,23.25,0,0,0.0030527369388777537,23.25,21.75,21.682332501770688,21.333333333333332,21.70066225165563,2.0788253562997738e-8,
1,main,cosine,0.25,3,0.5,82,288,24.239013323560357,24.4,24,1,1,0.0005443158556818206,24,24,24.379885174161,25.6,24.674698795180724,4.239719686438548e-12,
1,main,cosine,0.25,3,0.5,83,288,21.38973008096218,19.95,29.5,0,0,0.18777551652408175,22.75,23.5,19.955882683439665,18.285714285714285,19.668667466986793,0.0003066261353658062,
1,main,cosine,0.25,3,0.5,84,288,26.607032300904393,26.55,26.5,1,1,0.00032383377055034135,26.5,26.5,26.6172256472299,25.6,26.554294975688816,1.3410383914447266e-12,
1,main,cosine,0.25,3,0.5,85,288,22.613523047417402,22.15,28.75,0,0,0.06486483258677556,21,22.75,22.091007493361463,21.333333333333332,22.110661268556004,0.00009893104040736844,
1,main,cosine,0.25,3,0.5,86,288,24.44930361583829,25.2,24,0,0,0.0016829822963528862,24,24,25.239721094566576,25.6,25.051987767584098,2.3469404764053792e-7,
1,main,cosine,0.25,3,0.5,87,288,20.362228678539395,19.35,31.25,0,0,0.36745462106797644,18.5,18.5,19.369889204303327,18.285714285714285,19.36643026004728,2.5375389423043515e-7,
1,main,cosine,0.25,3,0.5,88,288,20.50944215990603,21.4,31.5,0,0,0.4612658157627827,18.75,22.5,21.382405313467725,21.333333333333332,21.250324254215304,1.7500998428232606e-9,
1,main,cosine,0.25,3,0.5,89,288,23.666483411565423,23.6,25.5,0,0,0.017931551166859072,25.5,23.75,23.57730178958566,25.6,23.642135642135642,1.3379219843123735e-8,
1,main,cosine,0.25,3,0.5,90,288,27.997030947357416,28.25,26.25,0,0,0.003025551944972227,26.25,26.25,28.246233364211193,25.6,27.769491525423728,0.000003051334833359398,
1,main,cosine,0.25,3,0.5,91,288,20.49912091344595,20.35,31.5,0,0,0.6021848798680997,18.25,21,20.378597445494613,21.333333333333332,20.127764127764127,1.8398076429004817e-7,
1,main,cosine,0.25,3,0.5,92,288,22.021658839657903,22.55,28.75,0,0,0.17592287384106342,22,23.75,22.529326676273886,21.333333333333332,22.661134163208853,0.000010185112750638048,
1,main,cosine,0.25,3,0.5,93,288,22.718685757368803,23.95,26.25,0,0,0.006412046915181602,24,26.25,23.957832910496705,25.6,24.27259259259259,2.4982971247311525e-10,
1,main,cosine,0.25,3,0.5,94,288,25.03919516503811,26.05,30.75,0,0,0.06552212926052858,24.75,24.75,26.0797959197615,25.6,26.17252396166134,5.440564576630891e-8,
1,main,cosine,0.25,3,0.5,95,288,25.451522033661604,25.4,25.25,0,0,0.0010525981239937199,25.25,23.5,25.458677766892777,25.6,25.28395061728395,1.0599532362931541e-10,
1,main,cosine,0.25,3,0.5,96,288,20.762924030423164,20.55,28.25,0,0,0.0908567320458451,20.5,23.75,20.548316102613338,21.333333333333332,20.277227722772277,0.0000692798718541221,
1,main,cosine,0.25,3,0.5,97,288,26.02978815510869,27.6,30,0,0,0.03595399767104346,30,28,27.611596431996634,25.6,27.536134453781514,0.0000018589427159820815,
1,main,cosine,0.25,3,0.5,98,288,24.089350940659642,23.9,24,0,0,0.001154940115606795,24,23.5,23.920014819279043,25.6,24.058737151248163,2.3860580178336477e-11,
1,main,cosine,0.25,3,0.5,99,288,20.743149746209383,20.75,21.75,0,0,0.003740601526846854,21.75,23.5,20.73275172499627,21.333333333333332,21.03209242618742,1.0207358291935975e-9,
1,main,cosine,0.25,3,0.5,100,288,23.59446094557643,22.15,23.75,0,0,0.007840134831941459,22,21,22.09472483527722,21.333333333333332,22.170500676589988,8.91510321121558e-9,
1,main,cosine,0.25,3,0.5,101,288,20.58676701411605,21.5,30.75,0,0,0.35936530012776435,21.75,22,21.468351687422302,21.333333333333332,21.557894736842105,0.000009822035549111874,
1,main,cosine,0.25,3,0.5,102,288,22.005498241633177,22.1,22.5,1,1,0.0004181771586201366,21,22.5,22.103209032343127,21.333333333333332,22.080862533692724,3.4416913763379853e-15,
1,main,cosine,0.25,3,0.5,103,288,20.11307642608881,21.35,22.75,0,0,0.0070526817237579476,20.75,20.75,21.316792655495888,21.333333333333332,21.47313237221494,7.597437545747709e-7,
1,main,cosine,0.25,3,0.5,104,288,25.726356860250235,25.05,31.5,0,0,0.12598196987548127,24.25,23.5,25.08392096467318,25.6,24.93759512937595,9.731548789027045e-9,
1,main,cosine,0.25,3,0.5,105,288,25.768112525343895,25.55,30.75,0,0,0.09518108227253763,24,25.25,25.604358500848463,25.6,25.68025078369906,1.8119677758221542e-8,
1,main,cosine,0.25,3,0.5,106,288,21.92104869708419,22,23.5,0,0,0.010087017664734743,20.5,21.25,21.93971448857487,21.333333333333332,22.05114401076716,1.6644242095686934e-8,
1,main,cosine,0.25,3,0.5,107,288,23.184869142249227,23.05,30.25,0,0,0.05609148426134847,30.25,24.75,23.050185677681462,25.6,23.33903133903134,0.0004742108250130883,
1,main,cosine,0.25,3,0.5,108,288,26.703138733282685,25.5,28.25,0,0,0.010208423217342832,26,26,25.51183117602337,25.6,25.72056514913658,1.6627265120305879e-9,
1,main,cosine,0.25,3,0.5,109,288,26.70948356948793,27.3,29.5,0,0,0.023459717753392395,24.75,29.5,27.408285003935017,25.6,27.44388609715243,1.8306434590442677e-8,
1,main,cosine,0.25,3,0.5,110,288,27.925173170864582,26.65,31.25,0,0,0.14417237461687327,25.25,25.25,26.686598961410468,25.6,26.5974025974026,4.6309223544760414e-7,
1,main,cosine,0.25,3,0.5,111,288,22.815724356099963,25.15,30.5,0,0,0.21463240503827097,24,22.5,25.281346346834464,25.6,24.637593984962407,5.686043432762133e-7,
1,main,cosine,0.25,3,0.5,112,288,24.54360454902053,24.15,31.5,0,0,0.1585852757278834,26,23.5,24.161492143009784,25.6,24.344725111441306,0.0002494041186861251,
1,main,cosine,0.25,3,0.5,113,288,25.980651719495654,27.25,27,0,0,0.011022266439153383,27,26.5,27.262371594158356,25.6,27.170812603648425,2.3159928419502762e-9,
1,main,cosine,0.25,3,0.5,114,288,24.8096826672554,24.25,30.25,0,0,0.2620593262479469,24.5,23.5,24.273584379919107,25.6,24.023460410557185,0.000020807330758154663,
1,main,cosine,0.25,3,0.5,115,288,27.51423081383109,27.4,27.25,1,1,0.00039141912843854154,27.25,27.5,27.49763801645474,25.6,27.722504230118442,2.2444712755032015e-11,
1,main,cosine,0.25,3,0.5,116,288,21.241094443947077,20.65,31,0,0,0.4407089594066873,21.5,22.75,20.671150854488,21.333333333333332,20.871337579617833,1.9036190956889243e-8,
1,main,cosine,0.25,3,0.5,117,288,25.872628020122647,27.75,27,0,0,0.0039215840328876705,27,23.75,27.76486945876866,25.6,27.21594684385382,0.000007360306599646371,
1,main,cosine,0.25,3,0.5,118,288,20.477671531960368,20.2,21,0,0,0.0015648503541852987,19.75,21,20.198018926877843,21.333333333333332,20.302354399008674,2.3576696150939824e-10,
1,main,cosine,0.25,3,0.5,119,288,21.32229996100068,21.3,21,1,1,0.0005160084548855304,21,21,21.25997916379398,21.333333333333332,21.30559167750325,3.538502824085299e-11,
1,main,cosine,0.25,3,0.5,120,288,21.630401650443673,22.25,30.75,0,0,0.19646811395431674,23.5,23,22.204034111284507,21.333333333333332,22.291156462585032,0.000005893215461849621,
1,main,cosine,0.25,3,0.5,121,288,22.115872733294964,22.25,29.5,0,0,0.1471716466502846,22.5,22,22.27300966037757,21.333333333333332,22.291156462585032,1.8207131358138895e-9,
1,main,cosine,0.25,3,0.5,122,288,27.657109959051013,28.25,32,0,0,0.009709253913996019,32,30.5,28.33411744788308,32,29.04964539007092,1.4631291733735452e-9,
1,main,cosine,0.25,3,0.5,123,288,23.151380840688944,22.75,24.5,0,0,0.0076961233066831225,22,23.25,22.716138528397305,21.333333333333332,22.69252077562327,1.6046930451096841e-10,
1,main,cosine,0.25,3,0.5,124,288,24.00814437493682,23.4,30,0,0,0.022451151378851897,22,26.5,23.402906377145214,25.6,23.710564399421127,0.000002486402316148606,
1,main,cosine,0.25,3,0.5,125,288,20.6950092446059,21.2,31.75,0,0,0.2811313803820452,21.25,23.25,21.192682880662325,21.333333333333332,21.36114732724902,0.0000010949742396126894,
1,main,cosine,0.25,3,0.5,126,288,22.378878239542246,22.95,22.75,1,1,0.0004942737885438309,22.75,23.5,22.9436106945984,21.333333333333332,22.946778711484594,6.345923786454932e-12,
1,main,cosine,0.25,3,0.5,127,288,26.231562418863177,26.5,29.5,0,0,0.04304387794987996,24,31.75,26.538629035604295,25.6,26.468497576736674,9.826745650531876e-7,
1,main,cosine,0.25,3,0.5,128,288,24.94046259485185,25,27,0,0,0.03399009924752616,25.5,27,25.06870862216842,25.6,24.749244712990937,1.958447473082714e-7,
1,main,cosine,0.25,3,0.5,129,288,20.173558574169874,20.3,31,0,0,0.2883754655274202,18.5,23.5,20.289732150562465,21.333333333333332,20.327543424317618,1.5594100777338582e-7,
1,main,cosine,0.25,3,0.5,130,288,24.495592387393117,25.3,29,0,0,0.04661760085957056,24.75,24.5,25.341588758530918,25.6,25.6,1.2608060062646587e-7,
1,main,cosine,0.25,3,0.5,131,288,25.023156261071563,25.7,26.5,1,1,0.0008607582287196713,26.5,26.25,25.69365690032792,25.6,25.842271293375394,1.6825429938194247e-12,
1,main,cosine,0.25,3,0.5,132,288,27.55715494044125,26,30,0,0,0.03759614597139105,26,26,26.13673254952426,25.6,25.924050632911392,6.167556465541679e-10,
1,main,cosine,0.25,3,0.5,133,288,26.18179995752871,26,26.25,0,0,0.0030675067197212247,26.25,26.75,26.01280640779823,25.6,26.089171974522294,1.5093704064383928e-11,
1,main,cosine,0.25,3,0.5,134,288,24.116159968078136,24.95,31.75,0,0,0.20908432143557576,24.75,23.75,24.95463905246034,25.6,25.051987767584098,0.00000418816246372522,
1,main,cosine,0.25,3,0.5,135,288,21.44261820986867,21.5,21.5,0,0,0.001709548733595967,21.5,21,21.4859248737124,21.333333333333332,21.586297760210805,1.898243784381748e-10,
1,main,cosine,0.25,3,0.5,136,288,23.830976093187928,25.5,30,0,0,0.027187301198558278,24.5,27.25,25.502419158084326,25.6,25.72056514913658,6.544885579051751e-7,
1,main,cosine,0.25,3,0.5,137,288,26.85988314449787,25.1,28.25,0,0,0.021518350894866756,24.5,23.5,25.119851640869555,25.6,25.362229102167184,5.2837691555396304e-8,
1,main,cosine,0.25,3,0.5,138,288,21.65848027728498,22.4,23.5,1,1,0.0003021668424223467,23.25,23.25,22.32334048901891,21.333333333333332,22.321525885558582,6.45860032122414e-11,
1,main,cosine,0.25,3,0.5,139,288,27.017702858895063,26.25,31,0,0,0.020854533629560135,24.5,24.5,26.293518451682072,25.6,26.256410256410255,3.142507531972427e-8,
1,main,cosine,0.25,3,0.5,140,288,21.282872354611754,20.65,24.75,0,0,0.06485649634773805,19.75,20.5,20.6736218833929,21.333333333333332,20.505632040050063,1.2297252105497591e-9,
1,main,cosine,0.25,3,0.5,141,288,20.45100545324385,20.55,31.5,0,0,0.3349961418789351,20,20,20.550956257030506,21.333333333333332,20.739240506329114,7.384783229369418e-9,
1,main,cosine,0.25,3,0.5,142,288,25.14392304047942,25.25,26,1,1,0.0001709537044706222,26,26,25.343423837845137,25.6,25.051987767584098,4.354883120782915e-11,
1,main,cosine,0.25,3,0.5,143,288,21.499695686623454,22.25,25.5,0,0,0.017896811784656186,25.5,23.25,22.153075274672688,21.333333333333332,22.230664857530527,2.827371070601714e-7,
1,main,cosine,0.25,3,0.5,144,288,20.182508792728186,19.9,20.5,1,1,0.000014328707067856605,20.5,20.75,19.948720535848217,21.333333333333332,20.103067484662578,1.1102230246251565e-16,
1,main,cosine,0.25,3,0.5,145,288,27.914668070152402,25.75,27.75,0,0,0.012160735793398048,24,24,25.812130762623436,25.6,25.801574803149606,0.0000067341454954572555,
1,main,cosine,0.25,3,0.5,146,288,24.2860106844455,25.05,25.25,0,0,0.005870796812468715,24,23.5,25.10284380753204,25.6,24.749244712990937,1.0683742779349359e-10,
1,main,cosine,0.25,3,0.5,147,288,23.91103558987379,23.05,30.75,0,0,0.18227810709875358,21.25,23.75,23.0036942327893,21.333333333333332,22.88268156424581,8.323234310658734e-7,
1,main,cosine,0.25,3,0.5,148,288,20.16963496617973,20.25,30.25,0,0,0.18690704203831232,20.75,20.75,20.25544751296667,21.333333333333332,20.252163164400493,2.49571832311446e-7,
1,main,cosine,0.25,3,0.5,149,288,26.411486331373453,26.450000000000003,30.5,0,0,0.06809332648965039,26,23.75,26.525230758994233,25.6,26.425806451612903,0.0000020558556572680686,
1,main,cosine,0.25,3,0.5,150,288,27.71520048379898,28.25,31.25,0,0,0.1286935000230155,26.25,26.25,28.275454959232277,25.6,27.675675675675677,5.579514562592536e-7,
1,main,cosine,0.25,3,0.5,151,288,24.35920246131718,24.25,30,0,0,0.057024613973738925,25,23,24.25807686409215,25.6,23.848617176128094,3.927551092131054e-7,
1,main,cosine,0.25,3,0.5,152,288,26.079193664714694,27.35,32,0,1,0.04014014848595604,26,26,27.47001253607352,25.6,27.86394557823129,0.0000012430013653919048,
1,main,cosine,0.25,3,0.5,153,288,25.687700221315026,26,30.25,0,0,0.16424112867751872,21.5,25.5,26.1038043840857,25.6,25.88309636650869,0.00016834784105401734,
1,main,cosine,0.25,3,0.5,154,288,27.19010811857879,26.65,31.5,0,0,0.025282508943728854,27.5,29.5,26.778318630448897,25.6,26.81505728314239,4.3310810493579766e-10,
1,main,cosine,0.25,3,0.5,155,288,22.257664198055863,23.7,30,0,0,0.18214279998071226,23.25,22,23.67963447649388,25.6,23.642135642135642,0.00003646869128104413,
1,main,cosine,0.25,3,0.5,156,288,26.702597685158253,27.25,26.5,0,0,0.0019189830754203774,26.5,26.5,27.263202123618775,25.6,27.036303630363037,1.5919077445136764e-7,
1,main,cosine,0.25,3,0.5,157,288,20.959297949448228,20.45,22.25,0,1,0.007292985518376871,19,19,20.44890577355038,21.333333333333332,20.177339901477833,8.989131661252259e-11,
1,main,cosine,0.25,3,0.5,158,288,25.371875232085586,25.85,28.25,0,0,0.003198536749939751,28.25,23.75,25.955438938097124,25.6,25.801574803149606,1.5849197509965052e-9,
1,main,cosine,0.25,3,0.5,159,288,27.046953082084656,25.95,27.5,1,1,0.0007815700479499865,27.5,26.25,25.967756693395433,25.6,26.006349206349206,3.885780586188048e-15,
1,main,cosine,0.25,3,0.5,160,288,21.831164341419935,21.8,23,0,0,0.0033562688906140226,21.25,23,21.734303993014876,21.333333333333332,21.90374331550802,3.757811839477654e-10,
1,main,cosine,0.25,3,0.5,161,288,20.974028630182147,22.3,30,0,1,0.11851384392547248,21.75,23,22.210420537258702,21.333333333333332,22.230664857530527,3.034328927009611e-7,
1,main,cosine,0.25,3,0.5,162,288,20.967487359419465,20.9,31,0,0,0.17388173041786303,20.25,31,20.880875264441247,21.333333333333332,20.68686868686869,7.612155572545021e-8,
1,main,cosine,0.25,3,0.5,163,288,24.591176219284534,25.05,24.5,1,1,0.00014764454621374323,24.5,23.75,25.067608183679635,25.6,25.4015503875969,4.489741911584133e-13,
1,main,cosine,0.25,3,0.5,164,288,24.706137474626303,24.5,29,0,0,0.010704135920267532,23.25,23.75,24.524442797005268,25.6,24.20088626292467,5.785846246553206e-10,
1,main,cosine,0.25,3,0.5,165,288,23.777985448017716,23.5,27.25,0,1,0.0036591886880271707,24.5,24.5,23.49786375739238,25.6,23.779390420899855,6.59472476627343e-14,
1,main,cosine,0.25,3,0.5,166,288,24.822798443958163,24.15,24.5,0,0,0.0020290221027878808,24,23.75,24.175270824188555,25.6,24.30860534124629,8.368071791053922e-9,
1,main,cosine,0.25,3,0.5,167,288,22.71413269266486,22.1,24,0,0,0.014156933623421852,21.5,23.75,22.027240132763826,21.333333333333332,22.14054054054054,1.925662185264798e-9,
1,main,cosine,0.25,3,0.5,168,288,20.078960774466395,20.2,31.25,0,0,0.26461945378947194,20.25,23.75,20.21791566056756,21.333333333333332,20.07843137254902,0.0000013091686125177304,
1,main,cosine,0.25,3,0.5,169,288,20.0641637891531,20.6,31,0,0,0.44693518273654775,21.25,23.5,20.620969211766763,21.333333333333332,20.95140664961637,0.000020335228133494532,
1,main,cosine,0.25,3,0.5,170,288,26.9276276063174,27.05,31.5,0,0,0.07625032515298147,29.5,31.5,27.153097401116383,25.6,27.30666666666667,0.000039910149871258405,
1,main,cosine,0.25,3,0.5,171,288,23.997756201773882,24.85,25.75,0,0,0.0013424800985522012,25.75,25.75,24.90798160066291,25.6,24.71191553544495,8.304457121965925e-11,
1,main,cosine,0.25,3,0.5,172,288,22.3129956535995,21.55,30.75,0,0,0.20891076228193362,22.25,22.25,21.521688656373875,21.333333333333332,21.47313237221494,0.000006894379648514359,
1,main,cosine,0.25,3,0.5,173,288,26.88469129614532,27.35,27.25,0,0,0.002697018226980874,25.25,25.25,27.41411701580992,25.6,27.44388609715243,3.86424225951032e-12,
1,main,cosine,0.25,3,0.5,174,288,21.853619309142232,21.65,30.75,0,1,0.10634257908654954,21.25,21.25,21.59937150803673,21.333333333333332,21.78723404255319,5.728596130794017e-8,
1,main,cosine,0.25,3,0.5,175,288,20.092953205108643,20.75,22.75,0,0,0.017581287740803364,21.75,21.75,20.75675306070077,21.333333333333332,20.505632040050063,1.4147290783306232e-8,
1,main,cosine,0.25,3,0.5,176,288,21.496177034452558,23.25,23.75,0,0,0.0017192406042176867,23.75,23.75,23.189730376928434,21.333333333333332,23.01123595505618,3.219429599576884e-7,
1,main,cosine,0.25,3,0.5,177,288,20.339266534894705,20.05,21.25,0,0,0.0010222782178094247,21.25,21.25,20.076281242158046,21.333333333333332,20.252163164400493,1.0033732733560896e-9,
1,main,cosine,0.25,3,0.5,178,288,22.786993777379394,22.8,22.25,1,1,0.0006439236742317167,22.25,23.75,22.738254673252012,21.333333333333332,22.723994452149793,5.420997650773529e-9,
1,main,cosine,0.25,3,0.5,179,288,20.593650069087744,19.55,28,0,0,0.08324167012094941,19.25,23.5,19.592366435030662,18.285714285714285,19.645083932853716,0.00003046647750604148,
1,main,cosine,0.25,3,0.5,180,288,25.50072750635445,25.95,25.25,0,0,0.0020255681302905337,25.25,25.25,26.005775343968118,25.6,26.006349206349206,1.6028733895723235e-10,
1,main,cosine,0.25,3,0.5,181,288,25.94183369539678,26.700000000000003,30.5,0,0,0.05671926766812807,25.75,25.75,26.807120951136262,25.6,26.77124183006536,3.876598475560655e-8,
1,main,cosine,0.25,3,0.5,182,288,24.36140798777342,23.7,29.5,0,0,0.10963116716067023,23.25,23.25,23.679790051798115,25.6,23.43919885550787,0.000008796627736007423,
1,main,cosine,0.25,3,0.5,183,288,22.47950409539044,23.15,31.5,0,0,0.14893186700111882,23.25,23.25,23.113642209416547,21.333333333333332,23.07605633802817,0.0000014665678612635347,
1,main,cosine,0.25,3,0.5,184,288,24.48983332142234,24.15,25.25,0,0,0.002823423675093917,22.5,23.5,24.143909015548193,25.6,23.813953488372093,2.8976820942716586e-14,
1,main,cosine,0.25,3,0.5,185,288,23.99880209751427,24.05,30.5,0,0,0.16928032389115977,24.25,23.25,24.044184499713804,0.5765765765765766,23.608069164265128,0.0003836251699446125,
1,main,cosine,0.25,3,0.5,186,288,25.577780848369002,26.35,28.5,0,0,0.021459694729275225,25.5,28.5,26.453764624018984,25.6,26.383252818035427,0.0000023528494854652138,
1,main,cosine,0.25,3,0.5,187,288,22.030549766495824,21.15,28.75,0,0,0.22618768907991726,21.25,21.25,21.114965530782815,21.333333333333332,21.250324254215304,0.000006204844681167998,
1,main,cosine,0.25,3,0.5,188,288,20.987513553351164,20.95,29.5,0,0,0.18768938680971892,21.5,21.5,20.94987347878041,21.333333333333332,21.11340206185567,0.0000010377810417683264,
1,main,cosine,0.25,3,0.5,189,288,21.406838838011026,21.4,30.5,0,0,0.21120893655762063,21.25,21.5,21.36701596288231,21.333333333333332,21.529566360052563,0.000004636598613938503,
1,main,cosine,0.25,3,0.5,190,288,25.31754489801824,25.35,25.75,0,0,0.005530547030855537,25.75,25.75,25.405513149727913,25.6,25.4015503875969,7.1711840909927105e-9,
1,main,cosine,0.25,3,0.5,191,288,24.596028739586473,24.45,28,0,0,0.01583274227431919,25.25,23.5,24.490329787641027,25.6,24.023460410557185,1.3173107049624377e-10,
1,main,cosine,0.25,3,0.5,192,288,27.75959966517985,27.5,26.75,0,0,0.0010063631448905541,26.75,26.75,27.59289731556066,25.6,27.816638370118845,1.5773914396888244e-9,
1,main,cosine,0.25,3,0.5,193,288,24.02716274559498,25.55,25.5,0,0,0.0029503001732577028,25.5,25.5,25.59626255285124,25.6,25.5202492211838,0.0000012958931576712018,
1,main,cosine,0.25,3,0.5,194,288,26.71923204138875,26.450000000000003,29,0,0,0.008541816253340273,27.25,28.5,26.58769028723538,25.6,26.554294975688816,3.099742684753437e-13,
1,main,cosine,0.25,3,0.5,195,288,24.00932416319847,23.1,24.5,0,0,0.0028785665453667786,24.5,23.75,23.058370851295816,21.333333333333332,23.108603667136812,0.0001392804393952618,
1,main,cosine,0.25,3,0.5,196,288,20.260086780413985,19.75,20,1,1,0.0003611663868656745,20,20,19.7766551814507,18.285714285714285,19.692307692307693,5.666176416951885e-10,
1,main,cosine,0.25,3,0.5,197,288,25.046882413327694,23.2,29.5,0,0,0.036441405238562874,23.25,23.5,23.197100985115,0.5161290322580645,0.5165195460277427,0.001739064787676603,
1,main,cosine,0.25,3,0.5,198,288,23.201135212555528,23.4,25.5,0,0,0.013797044969183103,24,23.25,23.380520091532514,25.6,23.642135642135642,9.040055370945765e-9,
1,main,cosine,0.25,3,0.5,199,288,25.644646305590868,25.75,28.75,0,0,0.006939111992941727,25.5,25.5,25.78310245267168,25.6,25.924050632911392,4.316668367199128e-8,
7,main,cosine,0.25,7,2,0,672,21.703382210806012,21.75,21.75,1,1,0,21.75,21.75,21.75581711434135,21.333333333333332,21.758300132802123,0,0.005
7,main,cosine,0.25,7,2,1,672,21.733343873173,21.8,21.75,1,1,0,21.75,21.75,21.787208269359216,21.333333333333332,21.78723404255319,0,0.005
7,main,cosine,0.25,7,2,2,672,20.09696481563151,20.1,20,1,1,0,20,20,20.103151228893722,19.692307692307693,20.103067484662578,0,0.155
7,main,cosine,0.25,7,2,3,672,26.934574957937002,27,27,1,1,0,27,27.25,26.972626710581956,28.444444444444443,26.99176276771005,0,0.01
7,main,cosine,0.25,7,2,4,672,22.33340530656278,22.4,22.25,1,1,0,22.25,22.25,22.39367803050687,23.272727272727273,22.351978171896317,0,0.01
7,main,cosine,0.25,7,2,5,672,26.086205150932074,26.1,26,1,1,0,26,26.5,26.114373990797237,25.6,26.2144,0,0.005
7,main,cosine,0.25,7,2,6,672,26.311333818361163,26.25,26.25,1,1,0,26.25,26.5,26.252568287308833,25.6,26.340836012861736,0,0.005
7,main,cosine,0.25,7,2,7,672,23.041477896273136,23.05,23,1,1,0,23,23.25,23.061686850583026,23.272727272727273,23.07605633802817,0,0.005
7,main,cosine,0.25,7,2,8,672,20.45202632062137,20.4,20.5,1,1,0,20.5,20.5,20.40932071203001,19.692307692307693,20.40348692403487,0,0.01
7,main,cosine,0.25,7,2,9,672,20.78686281107366,20.8,20.75,1,1,0,20.75,21,20.79303271194996,21.333333333333332,20.818297331639137,0,0.005
7,main,cosine,0.25,7,2,10,672,21.93549794703722,21.95,22,1,1,0,22,22,21.94174011853416,21.333333333333332,21.962466487935657,0,0.01
7,main,cosine,0.25,7,2,11,672,26.34400886297226,26.25,26.25,1,1,0,26.25,26,26.271027294867817,25.6,26.2144,0,0.01
7,main,cosine,0.25,7,2,12,672,26.852705309167504,26.9,27,1,1,0,27,27.25,26.909665349204506,25.6,26.90311986863711,0,0.015
7,main,cosine,0.25,7,2,13,672,24.554310455918312,24.45,24.5,1,1,0,24.5,24.5,24.446715407415034,25.6,24.490284005979074,0,0.01
7,main,cosine,0.25,7,2,14,672,26.515869423747063,26.5,26.5,1,1,0,26.5,26.75,26.50353388090838,25.6,26.554294975688816,0,0.005
7,main,cosine,0.25,7,2,15,672,22.218020666390657,22.25,22.25,1,1,0,22.25,22.25,22.254070889192786,21.333333333333332,22.200542005420054,0,0.01
7,main,cosine,0.25,7,2,16,672,23.71045427583158,23.75,23.75,1,1,0,23.75,23.75,23.738366389626037,23.272727272727273,23.710564399421127,0,0.005
7,main,cosine,0.25,7,2,17,672,24.976340375840664,24.95,24.75,1,1,0,24.75,25,24.958255118881517,25.6,24.93759512937595,0,0.01
7,main,cosine,0.25,7,2,18,672,21.548412010073662,21.55,21.5,1,1,0,21.5,21.5,21.53545349123985,21.333333333333332,21.557894736842105,0,0.005
7,main,cosine,0.25,7,2,19,672,25.42062548175454,25.55,25.25,1,1,0,25.25,25.25,25.525585097220937,25.6,25.480559875583204,0,0.005
7,main,cosine,0.25,7,2,20,672,26.792049439623952,26.75,26.75,1,1,0,26.75,27,26.755478803329776,25.6,26.77124183006536,0,0.005
7,main,cosine,0.25,7,2,21,672,20.319823505356908,20.25,20.25,1,1,0,20.25,20.5,20.250149048381967,19.692307692307693,20.277227722772277,0,0.035
7,main,cosine,0.25,7,2,22,672,24.396308669820428,24.4,24.5,1,1,0,24.5,24.5,24.40777315991445,23.272727272727273,24.38095238095238,0,0.015
7,main,cosine,0.25,7,2,23,672,27.73293598368764,27.75,27.75,1,1,0,27.5,28,27.737955106156765,28.444444444444443,27.769491525423728,0,0.155
7,main,cosine,0.25,7,2,24,672,25.225775400176644,25.15,25.25,1,1,0,25,25,25.17388902819277,25.6,25.206153846153846,0,0.005
7,main,cosine,0.25,7,2,25,672,24.797226710245013,24.75,24.75,1,1,0,24.5,24.75,24.747443037591314,25.6,24.749244712990937,0,0.005
7,main,cosine,0.25,7,2,26,672,20.632363745942712,20.6,20.75,1,1,0,20.5,20.5,20.583175723122505,21.333333333333332,20.557089084065243,0,0.005
7,main,cosine,0.25,7,2,27,672,20.548013277351856,20.55,20.5,1,1,0,20.5,20.5,20.552220897231088,21.333333333333332,20.557089084065243,0,0.015
7,main,cosine,0.25,7,2,28,672,23.684198888018727,23.7,23.75,1,1,0,23.75,24,23.680042617046812,23.272727272727273,23.744927536231884,0,0.005
7,main,cosine,0.25,7,2,29,672,22.496982224285603,22.45,22.5,1,1,0,22.25,22.5,22.447935332740382,23.272727272727273,22.474622770919066,0,0.005
7,main,cosine,0.25,7,2,30,672,22.678098706528544,22.75,22.75,1,1,0,22.75,22.75,22.743689829030156,23.272727272727273,22.69252077562327,0,0.005
7,main,cosine,0.25,7,2,31,672,22.828101260587573,22.8,22.75,1,1,0,22.75,22.75,22.815948014396756,23.272727272727273,22.818941504178273,0,0.005
7,main,cosine,0.25,7,2,32,672,26.924751004204154,26.9,27,1,1,0,27,27,26.907069155540427,25.6,26.90311986863711,0,0.02
7,main,cosine,0.25,7,2,33,672,22.547000478953123,22.55,22.5,1,1,0,22.5,22.5,22.539135189682966,23.272727272727273,22.474622770919066,0,0.005
7,main,cosine,0.25,7,2,34,672,25.97246683202684,26,26,1,1,0,26,26,25.998735646744365,25.6,25.96513470681458,0,0.005
7,main,cosine,0.25,7,2,35,672,23.352381778880954,23.35,23.5,1,1,0,23.5,23.25,23.3675449388784,23.272727272727273,23.372325249643367,0,0.005
7,main,cosine,0.25,7,2,36,672,20.217514906078577,20.3,20.5,1,1,0,20.25,20.25,20.307941815826556,19.692307692307693,20.302354399008674,0,0.025
7,main,cosine,0.25,7,2,37,672,22.871227636933327,22.95,23,1,1,0,23,23,22.944894755324807,23.272727272727273,22.946778711484594,0,0.005
7,main,cosine,0.25,7,2,38,672,26.550661861896515,26.5,26.5,1,1,0,26.5,26.5,26.49764769332883,25.6,26.468497576736674,0,0.005
7,main,cosine,0.25,7,2,39,672,23.86736456491053,23.85,23.75,1,1,0,23.75,24,23.86519151496839,23.272727272727273,23.953216374269005,0,0.005
7,main,cosine,0.25,7,2,40,672,26.70715898089111,26.700000000000003,26.75,1,1,0,26.75,26.75,26.71312672839648,25.6,26.72756933115824,0,0.01
7,main,cosine,0.25,7,2,41,672,27.99641472660005,28,28,1,1,0,28,28.25,27.987721636344766,28.444444444444443,28.102915951972555,0,0.325
7,main,cosine,0.25,7,2,42,672,24.715867094695568,24.7,24.75,1,1,0,24.5,24.75,24.703663031077024,25.6,24.71191553544495,0,0.005
7,main,cosine,0.25,7,2,43,672,23.982276571914554,23.95,24,1,1,0,24,24,23.939750610123518,23.272727272727273,23.953216374269005,0,0.005
7,main,cosine,0.25,7,2,44,672,20.52752723172307,20.5,20.5,1,1,0,20.5,20.5,20.522747619955624,21.333333333333332,20.531328320802004,0,0.005
7,main,cosine,0.25,7,2,45,672,23.78517895936966,23.75,23.75,1,1,0,23.5,23.75,23.736879848226188,23.272727272727273,23.67630057803468,0,0.005
7,main,cosine,0.25,7,2,46,672,20.450536098331213,20.45,20.5,1,1,0,20.5,20.5,20.46753428762233,19.692307692307693,20.48,0,0.025
7,main,cosine,0.25,7,2,47,672,24.751734636723995,24.85,24.75,1,1,0,24.75,25,24.83614734824553,25.6,24.824242424242424,0,0.005
7,main,cosine,0.25,7,2,48,672,21.49978005513549,21.45,21.5,1,1,0,21.5,21.5,21.468398660125253,21.333333333333332,21.47313237221494,0,0.005
7,main,cosine,0.25,7,2,49,672,20.859424887225032,20.85,21,1,1,0,21,21,20.858257492784958,21.333333333333332,20.844783715012724,0,0.005
7,main,cosine,0.25,7,2,50,672,25.455047696828842,25.45,25.5,1,1,0,25.5,25.5,25.439769560156318,25.6,25.5202492211838,0,0.005
7,main,cosine,0.25,7,2,51,672,25.02170679718256,24.95,25,1,1,0,25,25,24.963760283040383,25.6,24.975609756097562,0,0.01
7,main,cosine,0.25,7,2,52,672,22.85607747733593,22.8,22.75,1,1,0,22.75,22.75,22.786364261476137,23.272727272727273,22.755555555555556,0,0.005
7,main,cosine,0.25,7,2,53,672,21.397979712113738,21.4,21.25,1,1,0,21.25,21.5,21.418616265764665,21.333333333333332,21.445026178010473,0,0.005
7,main,cosine,0.25,7,2,54,672,26.842126738280058,26.85,26.5,1,1,0,26.5,26.5,26.844134952233464,25.6,26.859016393442623,0,0.005
7,main,cosine,0.25,7,2,55,672,27.31013833731413,27.4,27.5,1,1,0,27,27.5,27.38663668312188,28.444444444444443,27.39799331103679,0,0.035
7,main,cosine,0.25,7,2,56,672,26.406730011105537,26.4,26.5,1,1,0,26.5,26.5,26.414758906902136,25.6,26.425806451612903,0,0.005
7,main,cosine,0.25,7,2,57,672,27.460360744968057,27.6,27.5,1,1,0,27.5,27.5,27.581212547871743,28.444444444444443,27.58249158249158,0,0.075
7,main,cosine,0.25,7,2,58,672,22.583961060270667,22.6,22.75,1,1,0,22.5,22.75,22.583331207358288,23.272727272727273,22.59862068965517,0,0.005
7,main,cosine,0.25,7,2,59,672,25.789693996310234,25.7,25.75,1,1,0,25.75,25.75,25.709910417926785,25.6,25.801574803149606,0,0.005
7,main,cosine,0.25,7,2,60,672,27.52456663735211,27.5,27.5,1,1,0,27.25,27.25,27.503331044736168,28.444444444444443,27.536134453781514,0,0.095
7,main,cosine,0.25,7,2,61,672,27.090133788064122,27.1,27,1,1,0,27,27,27.09789084447563,28.444444444444443,27.08099173553719,0,0.015
7,main,cosine,0.25,7,2,62,672,24.654827492311597,24.65,24.5,1,1,0,24.5,24.5,24.67093351544778,25.6,24.674698795180724,0,0.005
7,main,cosine,0.25,7,2,63,672,20.88279360719025,20.95,21,1,1,0,21,20.75,20.97164971019337,21.333333333333332,20.95140664961637,0,0.005
7,main,cosine,0.25,7,2,64,672,21.84167344495654,21.8,22,1,1,0,21.75,21.75,21.82192915391376,21.333333333333332,21.845333333333333,0,0.005
7,main,cosine,0.25,7,2,65,672,24.612679248675704,24.65,24.75,1,1,0,24.75,24.75,24.664988933684352,25.6,24.637593984962407,0,0.015
7,main,cosine,0.25,7,2,66,672,24.612232595682144,24.7,24.75,1,1,0,24.75,24.75,24.694986503388066,25.6,24.71191553544495,0,0.005
7,main,cosine,0.25,7,2,67,672,27.275949895381927,27.25,27,1,1,0,27,27.25,27.24181822983098,28.444444444444443,27.261231281198004,0,0.03
7,main,cosine,0.25,7,2,68,672,26.32794546149671,26.35,26.5,1,1,0,26.5,26.25,26.34508319987451,25.6,26.340836012861736,0,0.005
7,main,cosine,0.25,7,2,69,672,26.16805663332343,26.15,26,1,1,0,26,26.25,26.163392131419705,25.6,26.130781499202552,0,0.005
7,main,cosine,0.25,7,2,70,672,22.363358825445175,22.4,22.25,1,1,0,22.25,22.25,22.403475829139577,23.272727272727273,22.351978171896317,0,0.015
7,main,cosine,0.25,7,2,71,672,25.286494677886367,25.4,25.25,1,1,0,25.25,25.25,25.39392885032224,25.6,25.323029366306027,0,0.005
7,main,cosine,0.25,7,2,72,672,27.343240620568395,27.35,27.25,1,1,0,27,28,27.333628291225548,28.444444444444443,27.39799331103679,0,0.085
7,main,cosine,0.25,7,2,73,672,25.172918386757374,25.2,25,1,1,0,25,25.5,25.213812313154627,25.6,25.244992295839754,0,0.005
7,main,cosine,0.25,7,2,74,672,21.286944484338164,21.3,21.25,1,1,0,21.25,21.25,21.283380582839076,21.333333333333332,21.277922077922078,0,0.005
7,main,cosine,0.25,7,2,75,672,26.037352012470365,26,26,1,1,0,26,26,26.013922980696535,25.6,25.924050632911392,0,0.005
7,main,cosine,0.25,7,2,76,672,25.43907106667757,25.5,25.5,1,1,0,25.25,25.5,25.491852263822246,25.6,25.440993788819874,0,0.005
7,main,cosine,0.25,7,2,77,672,27.789967181161046,27.8,27.75,1,1,0,27.5,27.75,27.796581726122387,28.444444444444443,27.722504230118442,0,0.085
7,main,cosine,0.25,7,2,78,672,26.82381984964013,26.8,26.5,1,1,0,26.5,27,26.80493726495605,25.6,26.81505728314239,0,0.005
7,main,cosine,0.25,7,2,79,672,21.608856339007616,21.65,21.5,1,1,0,21.5,21.75,21.665481482710373,21.333333333333332,21.67195767195767,0,0.005
7,main,cosine,0.25,7,2,80,672,26.395847668871284,26.450000000000003,26.5,1,1,0,26,26,26.426211814191355,25.6,26.425806451612903,0,0.005
7,main,cosine,0.25,7,2,81,672,24.70431169681251,24.75,24.75,1,1,0,24.75,24.75,24.770863587214382,25.6,24.786686838124055,0,0.005
7,main,cosine,0.25,7,2,82,672,27.392662780359387,27.4,27.5,1,1,0,27.5,27.25,27.403215498239092,28.444444444444443,27.39799331103679,0,0.04
7,main,cosine,0.25,7,2,83,672,23.300599101930857,23.3,23.25,1,1,0,23.25,23.5,23.289089907716246,23.272727272727273,23.305832147937412,0,0.005
7,main,cosine,0.25,7,2,84,672,20.12130269780755,20.1,20.25,1,1,0,20.25,20.25,20.120868827703205,19.692307692307693,20.152521525215253,0,0.12
7,main,cosine,0.25,7,2,85,672,23.545761462301016,23.4,23.5,1,1,0,23.5,23.5,23.412118959363745,23.272727272727273,23.405714285714286,0,0.005
7,main,cosine,0.25,7,2,86,672,26.433385444805026,26.4,26.25,1,1,0,26.25,26.5,26.378065010181103,25.6,26.425806451612903,0,0.005
7,main,cosine,0.25,7,2,87,672,27.10376382060349,27.05,27,1,1,0,27,27,27.054557747152,28.444444444444443,27.08099173553719,0,0.015
7,main,cosine,0.25,7,2,88,672,26.489331072196364,26.4,26.25,1,1,0,26.25,26.75,26.37771998713837,25.6,26.468497576736674,0,0.005
7,main,cosine,0.25,7,2,89,672,24.80317142046988,24.85,25,1,1,0,25,25,24.86466596138219,25.6,24.861911987860395,0,0.005
7,main,cosine,0.25,7,2,90,672,26.784394674003124,26.8,27,1,1,0,26.5,26.5,26.79056193337038,25.6,26.81505728314239,0,0.015
7,main,cosine,0.25,7,2,91,672,25.35181788355112,25.3,25.25,1,1,0,25.25,25.25,25.29364857349629,25.6,25.323029366306027,0,0.005
7,main,cosine,0.25,7,2,92,672,22.018608659505844,22.1,22,1,1,0,22,22,22.077879586473838,21.333333333333332,22.080862533692724,0,0.005
7,main,cosine,0.25,7,2,93,672,20.922348922118545,20.95,21,1,1,0,21,20.75,20.941651409598258,21.333333333333332,20.897959183673468,0,0.005
7,main,cosine,0.25,7,2,94,672,25.603000804781914,25.65,25.75,1,1,0,25.5,25.5,25.647210767197397,25.6,25.640062597809077,0,0.005
7,main,cosine,0.25,7,2,95,672,26.604133488610387,26.6,26.5,1,1,0,26.5,26.5,26.59438804895319,25.6,26.5974025974026,0,0.005
7,main,cosine,0.25,7,2,96,672,24.926378501579165,24.9,24.75,1,1,0,24.75,24.75,24.87702340574032,25.6,24.861911987860395,0,0.005
7,main,cosine,0.25,7,2,97,672,22.29202121309936,22.3,22.25,1,1,0,22.25,22.25,22.316692919164698,23.272727272727273,22.26086956521739,0,0.015
7,main,cosine,0.25,7,2,98,672,25.282918697223067,25.35,25.5,1,1,0,25.25,25.25,25.351933502108377,25.6,25.323029366306027,0,0.005
7,main,cosine,0.25,7,2,99,672,21.4724103808403,21.45,21.5,1,1,0,21.5,21.5,21.445958457955317,21.333333333333332,21.445026178010473,0,0.005
7,main,cosine,0.25,7,2,100,672,25.554264307022095,25.6,25.75,1,1,0,25.75,25.75,25.621247597895003,25.6,25.5600624024961,0,0.005
7,main,cosine,0.25,7,2,101,672,26.72936828993261,26.85,27,1,1,0,27,27,26.84618727424805,25.6,26.859016393442623,0,0.005
7,main,cosine,0.25,7,2,102,672,20.030927596613765,20.05,20,1,1,0,20,20,20.071294093167225,19.692307692307693,20.053855569155445,0,0.125
7,main,cosine,0.25,7,2,103,672,26.99073035083711,27,27.25,1,1,0,27.25,27.25,27.014277286549127,28.444444444444443,26.99176276771005,0,0.005
7,main,cosine,0.25,7,2,104,672,27.747952088713646,27.8,27.75,1,1,0,27.75,28,27.781553341966262,28.444444444444443,27.86394557823129,0,0.18
7,main,cosine,0.25,7,2,105,672,25.07001230120659,25.1,25.25,1,1,0,25.25,25,25.11650735007338,25.6,25.090352220520675,0,0.005
7,main,cosine,0.25,7,2,106,672,21.506985548883677,21.5,21.5,1,1,0,21.5,21.5,21.49193634223696,21.333333333333332,21.501312335958005,0,0.005
7,main,cosine,0.25,7,2,107,672,26.8209838103503,26.75,26.75,1,1,0,26.75,26.75,26.7577131382866,25.6,26.72756933115824,0,0.005
7,main,cosine,0.25,7,2,108,672,21.303639356046915,21.25,21.25,1,1,0,21.25,21.25,21.244546727166448,21.333333333333332,21.195342820181114,0,0.005
7,main,cosine,0.25,7,2,109,672,23.553119966760278,23.6,23.75,1,1,0,23.5,24,23.58072199397025,23.272727272727273,23.642135642135642,0,0.005
7,main,cosine,0.25,7,2,110,672,25.142632517963648,25.1,25,1,1,0,25,25.25,25.118525592370908,25.6,25.12883435582822,0,0.005
7,main,cosine,0.25,7,2,111,672,27.894694132730365,27.950000000000003,28,1,1,0,28,28,27.97001335489627,28.444444444444443,28.006837606837607,0,0.235
7,main,cosine,0.25,7,2,112,672,20.338544715195894,20.3,20.25,1,1,0,20.25,20.25,20.32342387810568,19.692307692307693,20.327543424317618,0,0.03
7,main,cosine,0.25,7,2,113,672,22.10931273549795,22.15,22.25,1,1,0,22.25,22.25,22.150591607385987,21.333333333333332,22.110661268556004,0,0.005
7,main,cosine,0.25,7,2,114,672,27.357623871415854,27.35,27.25,1,1,0,27.25,27.75,27.321081879837596,28.444444444444443,27.261231281198004,0,0.04
7,main,cosine,0.25,7,2,115,672,24.074501492083073,24.1,24,1,1,0,24,24,24.116638190857604,23.272727272727273,24.094117647058823,0,0.005
7,main,cosine,0.25,7,2,116,672,22.130917120724916,22.25,22.25,1,1,0,22.25,22,22.23923189008725,21.333333333333332,22.170500676589988,0,0.015
7,main,cosine,0.25,7,2,117,672,23.528218099847436,23.55,23.5,1,1,0,23.5,23.75,23.56169735978601,23.272727272727273,23.54022988505747,0,0.005
7,main,cosine,0.25,7,2,118,672,26.943312047049403,26.9,27,1,1,0,26.75,27,26.91469427864566,25.6,26.90311986863711,0,0.005
7,main,cosine,0.25,7,2,119,672,25.93649523332715,25.9,26,1,1,0,26,25.75,25.888703099660585,25.6,25.924050632911392,0,0.005
7,main,cosine,0.25,7,2,120,672,22.55377003364265,22.55,22.5,1,1,0,22.5,22.5,22.528294478937887,23.272727272727273,22.474622770919066,0,0.005
7,main,cosine,0.25,7,2,121,672,23.06927576288581,23,23,1,1,0,23,23,22.992096315620373,23.272727272727273,22.978962131837307,0,0.005
7,main,cosine,0.25,7,2,122,672,23.53152840398252,23.55,23.5,1,1,0,23.5,24,23.57187970707431,23.272727272727273,23.608069164265128,0,0.005
7,main,cosine,0.25,7,2,123,672,25.20076597109437,25.25,25.5,1,1,0,25.25,25.25,25.244139000882605,25.6,25.244992295839754,0,0.005
7,main,cosine,0.25,7,2,124,672,22.84962303377688,22.85,22.75,1,1,0,22.75,22.75,22.87184651463329,23.272727272727273,22.850767085076708,0,0.005
7,main,cosine,0.25,7,2,125,672,27.05292098596692,27,27,1,1,0,27,26.75,26.993750986786797,28.444444444444443,26.99176276771005,0,0.02
7,main,cosine,0.25,7,2,126,672,24.940163178369403,24.95,25,1,1,0,25,25,24.95615181767634,25.6,24.93759512937595,0,0.005
7,main,cosine,0.25,7,2,127,672,26.209415152668953,26.200000000000003,26.25,1,1,0,26,26,26.221669749463576,25.6,26.17252396166134,0,0.005
7,main,cosine,0.25,7,2,128,672,21.672927962616086,21.7,21.75,1,1,0,21.75,21.75,21.686363939709057,21.333333333333332,21.67195767195767,0,0.005
7,main,cosine,0.25,7,2,129,672,21.13132300786674,21.15,21.25,1,1,0,21.25,21,21.15416278133422,21.333333333333332,21.11340206185567,0,0.005
7,main,cosine,0.25,7,2,130,672,21.31335456855595,21.3,21.25,1,1,0,21.25,21.25,21.28292852316183,21.333333333333332,21.250324254215304,0,0.005
7,main,cosine,0.25,7,2,131,672,21.258580835536122,21.25,21.25,1,1,0,21.25,21.25,21.24688302044271,21.333333333333332,21.250324254215304,0,0.005
7,main,cosine,0.25,7,2,132,672,22.95816688798368,23,22.75,1,1,0,22.75,23,23.015429501906894,23.272727272727273,23.01123595505618,0,0.005
7,main,cosine,0.25,7,2,133,672,27.978383691981435,27.85,27.5,1,1,0,27.5,28,27.87143102235351,28.444444444444443,27.86394557823129,0,0.145
7,main,cosine,0.25,7,2,134,672,24.480183826759458,24.55,24.5,1,1,0,24.5,24.5,24.544777305605923,25.6,24.563718140929534,0,0.005
7,main,cosine,0.25,7,2,135,672,22.432322047650814,22.5,22.5,1,1,0,22.5,22.5,22.513127458902474,23.272727272727273,22.443835616438356,0,0.01
7,main,cosine,0.25,7,2,136,672,24.4677926376462,24.5,24.5,1,1,0,24.5,24.5,24.50520452633216,25.6,24.526946107784433,0,0.01
7,main,cosine,0.25,7,2,137,672,23.75697949156165,23.7,23.75,1,1,0,23.5,23.75,23.718526621782164,23.272727272727273,23.67630057803468,0,0.005
7,main,cosine,0.25,7,2,138,672,26.279410369694233,26.25,26.5,1,1,0,25.75,26,26.237202928314165,25.6,26.17252396166134,0,0.005
7,main,cosine,0.25,7,2,139,672,23.735157039016485,23.75,23.75,1,1,0,23.5,23.75,23.74863117725738,23.272727272727273,23.710564399421127,0,0.005
7,main,cosine,0.25,7,2,140,672,24.92187308333814,24.95,25,1,1,0,24.75,25,24.951377738348572,25.6,24.93759512937595,0,0.005
7,main,cosine,0.25,7,2,141,672,24.504887206479907,24.55,24.5,1,1,0,24.5,24.5,24.54444987516263,25.6,24.6006006006006,0,0.005
7,main,cosine,0.25,7,2,142,672,21.4495996478945,21.4,21.5,1,1,0,21.5,21.5,21.384518392421928,21.333333333333332,21.416993464052286,0,0.005
7,main,cosine,0.25,7,2,143,672,27.70858296379447,27.700000000000003,27.75,1,1,0,27.75,28,27.70724850664808,28.444444444444443,27.675675675675677,0,0.075
7,main,cosine,0.25,7,2,144,672,22.375221516937017,22.35,22.25,1,1,0,22.25,22.25,22.346474581585003,23.272727272727273,22.291156462585032,0,0.005
7,main,cosine,0.25,7,2,145,672,20.782937664538622,20.8,20.75,1,1,0,20.75,21,20.79427189109008,21.333333333333332,20.79187817258883,0,0.005
7,main,cosine,0.25,7,2,146,672,26.192170068621635,26.1,26,1,1,0,26,26,26.078340177613573,25.6,26.006349206349206,0,0.005
7,main,cosine,0.25,7,2,147,672,20.942829094827175,21,21,1,1,0,21,20.75,20.990619940743148,21.333333333333332,20.95140664961637,0,0.005
7,main,cosine,0.25,7,2,148,672,22.631795896217227,22.6,22.5,1,1,0,22.5,22.5,22.619071420334983,23.272727272727273,22.59862068965517,0,0.005
7,main,cosine,0.25,7,2,149,672,24.310272462666035,24.35,24.25,1,1,0,24.25,24.25,24.337226261866903,23.272727272727273,24.344725111441306,0,0.01
7,main,cosine,0.25,7,2,150,672,24.6295326333493,24.65,24.5,1,1,0,24.5,24.5,24.659987723903118,25.6,24.6006006006006,0,0.005
7,main,cosine,0.25,7,2,151,672,22.76426202431321,22.8,22.75,1,1,0,22.75,22.75,22.81319272241971,23.272727272727273,22.755555555555556,0,0.005
7,main,cosine,0.25,7,2,152,672,25.387338899075985,25.45,25.5,1,1,0,25.5,25.25,25.462645917013838,25.6,25.4015503875969,0,0.005
7,main,cosine,0.25,7,2,153,672,21.582551136612892,21.5,21.5,1,1,0,21.5,21.5,21.517713048843603,21.333333333333332,21.501312335958005,0,0.005
7,main,cosine,0.25,7,2,154,672,27.586404617875814,27.5,27.25,1,1,0,27.25,27.5,27.485475368367876,28.444444444444443,27.39799331103679,0,0.065
7,main,cosine,0.25,7,2,155,672,27.05862488411367,27.1,27,1,1,0,27,27,27.092228869276862,28.444444444444443,27.125827814569536,0,0.03
7,main,cosine,0.25,7,2,156,672,22.40042076073587,22.35,22.5,1,1,0,22.25,22.5,22.366900254213018,23.272727272727273,22.41313269493844,0,0.01
7,main,cosine,0.25,7,2,157,672,23.039396312087774,23,23,1,1,0,23,22.75,22.98026546035341,23.272727272727273,22.946778711484594,0,0.005
7,main,cosine,0.25,7,2,158,672,22.080426370725036,22.1,22,1,1,0,22,22,22.095710170476686,21.333333333333332,22.080862533692724,0,0.005
7,main,cosine,0.25,7,2,159,672,24.764645524322987,24.7,24.5,1,1,0,24.5,24.5,24.705776279806777,25.6,24.674698795180724,0,0.01
7,main,cosine,0.25,7,2,160,672,22.74148464947939,22.75,22.75,1,1,0,22.5,22.75,22.76166927172043,23.272727272727273,22.787204450625868,0,0.005
7,main,cosine,0.25,7,2,161,672,24.502743599936366,24.55,24.5,1,1,0,24.5,24.5,24.553610334631525,25.6,24.563718140929534,0,0.005
7,main,cosine,0.25,7,2,162,672,23.121129788458347,23.15,23.25,1,1,0,23,23.25,23.138884382832526,23.272727272727273,23.141242937853107,0,0.005
7,main,cosine,0.25,7,2,163,672,22.288490429520607,22.25,22.25,1,1,0,22.25,22.25,22.227003562233158,21.333333333333332,22.200542005420054,0,0.01
7,main,cosine,0.25,7,2,164,672,21.839969735592604,21.8,21.75,1,1,0,21.75,21.75,21.79452089681385,21.333333333333332,21.78723404255319,0,0.005
7,main,cosine,0.25,7,2,165,672,27.982850736007094,28.05,28,1,1,0,28,28.25,28.040283416463122,28.444444444444443,28.102915951972555,0,0.265
7,main,cosine,0.25,7,2,166,672,24.781849194318056,24.7,25,1,1,0,24.75,24.75,24.724185559514584,25.6,24.71191553544495,0,0.01
7,main,cosine,0.25,7,2,167,672,20.82779174670577,20.85,20.75,1,1,0,20.75,20.75,20.83895029600904,21.333333333333332,20.818297331639137,0,0.005
7,main,cosine,0.25,7,2,168,672,26.840891513973475,26.75,26.75,1,1,0,26.75,26.75,26.728586316213526,25.6,26.77124183006536,0,0.01
7,main,cosine,0.25,7,2,169,672,20.818246517330408,20.85,21,1,1,0,20.75,21,20.8439084654435,21.333333333333332,20.871337579617833,0,0.005
7,main,cosine,0.25,7,2,170,672,21.455135866999626,21.5,21.5,1,1,0,21.5,21.5,21.48832483222524,21.333333333333332,21.47313237221494,0,0.005
7,main,cosine,0.25,7,2,171,672,22.171282835304737,22.1,22,1,1,0,22,22,22.091495480525356,21.333333333333332,22.110661268556004,0,0.015
7,main,cosine,0.25,7,2,172,672,20.31745403818786,20.3,20.25,1,1,0,20.25,20.25,20.27577740140795,19.692307692307693,20.277227722772277,0,0.045
7,main,cosine,0.25,7,2,173,672,25.3556834962219,25.4,25.5,1,1,0,25.25,25.5,25.389307098546855,25.6,25.4015503875969,0,0.005
7,main,cosine,0.25,7,2,174,672,27.84674004651606,27.85,28,1,1,0,28,28,27.841980161187074,28.444444444444443,27.816638370118845,0,0.175
7,main,cosine,0.25,7,2,175,672,24.59915191307664,24.6,24.5,1,1,0,24.5,24.5,24.596702901364186,25.6,24.563718140929534,0,0.005
7,main,cosine,0.25,7,2,176,672,25.433515654876828,25.45,25.5,1,1,0,25.25,25.5,25.441366816237693,25.6,25.5202492211838,0,0.005
7,main,cosine,0.25,7,2,177,672,26.9314336348325,26.9,27,1,1,0,26.5,27,26.89560652358522,25.6,26.90311986863711,0,0.01
7,main,cosine,0.25,7,2,178,672,25.422233073040843,25.5,25.5,1,1,0,25.25,25.5,25.495402134359963,25.6,25.480559875583204,0,0.005
7,main,cosine,0.25,7,2,179,672,23.946132434532046,24,24.25,1,1,0,24,24,23.982088165424756,23.272727272727273,24.023460410557185,0,0.005
7,main,cosine,0.25,7,2,180,672,24.65183837339282,24.6,24.5,1,1,0,24.5,24.5,24.58426857249379,25.6,24.6006006006006,0,0.005
7,main,cosine,0.25,7,2,181,672,21.410589372739196,21.4,21.5,1,1,0,21.25,21.5,21.418311080394155,21.333333333333332,21.445026178010473,0,0.005
7,main,cosine,0.25,7,2,182,672,23.129706259816885,23.2,23.25,1,1,0,23.25,23.25,23.203779891695703,23.272727272727273,23.206798866855525,0,0.005
7,main,cosine,0.25,7,2,183,672,22.18773754313588,22.25,22.25,1,1,0,22.25,22.25,22.24533388998411,21.333333333333332,22.26086956521739,0,0.03
7,main,cosine,0.25,7,2,184,672,27.999279893934727,28.05,28,1,1,0,28,28,28.030285997364693,28.444444444444443,28.102915951972555,0,0.305
7,main,cosine,0.25,7,2,185,672,26.90085892006755,26.9,26.5,1,1,0,26.5,26.5,26.87981196477593,25.6,26.859016393442623,0,0.005
7,main,cosine,0.25,7,2,186,672,25.86660429276526,25.9,25.75,1,1,0,25.75,26,25.90131787623337,25.6,26.006349206349206,0,0.005
7,main,cosine,0.25,7,2,187,672,22.316179387271404,22.3,22.25,1,1,0,22.25,22.25,22.299548163030664,23.272727272727273,22.321525885558582,0,0.01
7,main,cosine,0.25,7,2,188,672,25.455888528376818,25.4,25.25,1,1,0,25.25,25.25,25.418159932422654,25.6,25.440993788819874,0,0.005
7,main,cosine,0.25,7,2,189,672,21.946020858362317,21.9,22,1,1,0,22,22,21.898133096853986,21.333333333333332,21.90374331550802,0,0.005
7,main,cosine,0.25,7,2,190,672,23.81131936609745,23.8,23.75,1,1,0,23.75,23.75,23.819011134734836,23.272727272727273,23.779390420899855,0,0.005
7,main,cosine,0.25,7,2,191,672,24.667922507971525,24.55,24.5,1,1,0,24.5,24.5,24.53464313271609,25.6,24.490284005979074,0,0.005
7,main,cosine,0.25,7,2,192,672,21.323285995051265,21.3,21.25,1,1,0,21.25,21.25,21.287526430666087,21.333333333333332,21.250324254215304,0,0.005
7,main,cosine,0.25,7,2,193,672,27.753730619326234,27.75,27.75,1,1,0,27.75,27.75,27.746399848391327,28.444444444444443,27.675675675675677,0,0.1
7,main,cosine,0.25,7,2,194,672,23.88572507724166,23.85,23.75,1,1,0,23.5,24,23.843207552073185,23.272727272727273,23.91824817518248,0,0.005
7,main,cosine,0.25,7,2,195,672,25.30380586348474,25.25,25.5,1,1,0,25.25,25.5,25.27739063512535,25.6,25.323029366306027,0,0.005
7,main,cosine,0.25,7,2,196,672,27.02196427434683,27,27,1,1,0,26.75,27.25,26.998643320323897,28.444444444444443,26.99176276771005,0,0.01
7,main,cosine,0.25,7,2,197,672,23.90092820674181,23.85,23.75,1,1,0,23.75,24,23.847908614667674,23.272727272727273,23.91824817518248,0,0.005
7,main,cosine,0.25,7,2,198,672,26.11423971131444,26.05,26,1,1,0,26,25.75,26.046118931762557,25.6,25.96513470681458,0,0.005
7,main,cosine,0.25,7,2,199,672,22.53030749410391,22.65,22.5,1,1,0,22.5,22.75,22.62648580500954,23.272727272727273,22.59862068965517,0,0.005
13,main,cosine,1,3,0.5,0,72,21.817398158833385,25.5,29,0,0,0.07218530541111012,24,23,25.599338470627963,25.6,25.323029366306027,0.01644516908364657,
13,main,cosine,1,3,0.5,1,72,26.417779598385096,28.4,26,0,0,0.006375328858181373,26,26,28.422393479154287,32,28.54355400696864,0.00206695533295731,
13,main,cosine,1,3,0.5,2,72,21.55808381550014,20.4,29,0,0,0.06565708430823347,29,29,20.406735732195656,14.222222222222221,14.46072374227714,0.05157045259134452,
13,main,cosine,1,3,0.5,3,72,25.45861724950373,24.9,32,0,0,0.15670079224188382,24,24,24.883981171687353,25.6,25.28395061728395,0.0020365295492106306,
13,main,cosine,1,3,0.5,4,72,22.900013959035277,24.45,31,0,0,0.17261379771434016,26,23,24.46155691276085,3.4594594594594597,3.4675132275132277,0.04853474903133648,
13,main,cosine,1,3,0.5,5,72,24.993361618369818,25.4,32,0,0,0.10247614241918379,29,25,25.483837236238756,25.6,25.167434715821813,0.0011891991139311164,
13,main,cosine,1,3,0.5,6,72,22.57426225952804,23.75,23,0,0,0.041368132591489304,23,22,23.76066471858829,25.6,23.744927536231884,0.0015726579527651774,
13,main,cosine,1,3,0.5,7,72,26.79351851157844,27.35,32,0,0,0.10454771113728611,32,32,27.440797605535504,16,15.485822306238186,0.09163074035911034,
13,main,cosine,1,3,0.5,8,72,23.247210379689932,22.85,23,0,0,0.029044072643446772,23,21,22.83986858077245,2.098360655737705,22.850767085076708,0.0023358855343073026,
13,main,cosine,1,3,0.5,9,72,22.287212135270238,21.05,27,0,0,0.10216676772235822,27,27,21.03617170605197,5.565217391304348,5.455877455877456,0.09148190923155808,
13,main,cosine,1,3,0.5,10,72,22.184412825852633,21.95,30,0,0,0.2149142184690236,22,21,21.959863949418533,21.333333333333332,21.90374331550802,0.00048396193972854995,
13,main,cosine,1,3,0.5,11,72,22.992822567000985,23.85,29,0,0,0.11539313995071543,29,23,23.849364502468163,25.6,24.12960235640648,0.012522986472720321,
13,main,cosine,1,3,0.5,12,72,22.487406104803085,19.75,31,0,0,0.19798967301773585,20,20,19.770683664282785,8,7.9073359073359075,0.20233279305517327,
13,main,cosine,1,3,0.5,13,72,21.43283869512379,21.15,29,0,0,0.05740162323835629,29,31,21.146995579005004,14.222222222222221,14.908098271155596,0.19356868977083264,
13,main,cosine,1,3,0.5,14,72,26.127422131597996,27.200000000000003,31,0,0,0.08194229468311409,25,25,27.285146747872915,4.571428571428571,3.151981531358215,0.0621561480558227,
13,main,cosine,1,3,0.5,15,72,25.092058608308434,25.95,30,0,0,0.024054398982681358,30,30,25.983728715374806,4.266666666666667,4.252270957695302,0.10615483885789123,
13,main,cosine,1,3,0.5,16,72,23.394668152555823,21.4,25,0,0,0.08642634254254711,24,25,21.335067055121804,21.333333333333332,21.586297760210805,0.009737546621208404,
13,main,cosine,1,3,0.5,17,72,20.78601625189185,19.3,20,0,0,0.01082563062941333,20,20,19.330823069276537,2.5098039215686274,2.5090352220520673,0.24881373549574692,
13,main,cosine,1,3,0.5,18,72,21.830238798633218,24.5,24,0,0,0.0068958811477546345,24,24,24.540588314229947,25.6,24.38095238095238,0.04796321401882553,
13,main,cosine,1,3,0.5,19,72,23.298170873895288,25.85,32,0,0,0.20549702056773034,25,25,25.900678128128238,25.6,5.004276114844227,0.07691705658124215,
13,main,cosine,1,3,0.5,20,72,25.940015349537134,25.45,26,0,0,0.05745249747911885,26,26,25.467293516352644,2.6122448979591835,2.6047694753577106,0.16006136735577792,
13,main,cosine,1,3,0.5,21,72,27.940676433965564,26.05,28,0,0,0.06540867870851663,26,27,26.051358180053366,25.6,26.089171974522294,0.000400726901767845,
13,main,cosine,1,3,0.5,22,72,26.103606497868896,26,32,0,0,0.1036484650127697,32,23,26.09280055888011,6.4,6.47844998022934,0.12394315226447905,
13,main,cosine,1,3,0.5,23,72,23.00629453919828,25.45,31,0,0,0.05853413221853676,24,24,25.460470002632526,25.6,25.72056514913658,0.0001249082215210029,
13,main,cosine,1,3,0.5,24,72,25.607305373996496,23.75,31,0,0,0.23557367865095213,24,31,23.70988542829064,3.0476190476190474,3.0607136185316643,0.09584231091132556,
13,main,cosine,1,3,0.5,25,72,22.607036972418427,23.15,27,0,0,0.05335222753686608,27,23,23.072637930232464,2.064516129032258,2.078132927447996,0.018545545065160263,
13,main,cosine,1,3,0.5,26,72,21.418039221316576,20.65,31,0,0,0.22497612840986125,24,31,20.627941192625954,21.333333333333332,20.871337579617833,0.0022412256440488276,
13,main,cosine,1,3,0.5,27,72,23.21454249508679,23.25,31,0,0,0.1761208274561391,31,31,23.250744098571033,5.565217391304348,5.60328317373461,0.06330519139487045,
13,main,cosine,1,3,0.5,28,72,22.886542592197657,20.3,22,0,0,0.019179406469108318,22,22,20.33122234048222,3.1219512195121952,3.1453253983490113,0.08573076408344649,
13,main,cosine,1,3,0.5,29,72,25.882145030424,23.55,25,0,0,0.09793595290750523,22,25,23.534068315210224,25.6,23.953216374269005,0.027522668983700038,
13,main,cosine,1,3,0.5,30,72,20.668379429727793,20.65,21,0,0,0.04171740257682521,21,21,20.637626280779838,21.333333333333332,20.428927680798004,0.0008734633857462315,
13,main,cosine,1,3,0.5,31,72,24.171415565535426,24.95,26,0,0,0.06818327752366904,26,26,24.968600475613695,25.6,25.013740458015267,0.0037217302268588437,
13,main,cosine,1,3,0.5,32,72,27.515059931203723,23.1,24,0,0,0.0585819121418667,24,31,23.099293919090904,25.6,2.9467625899280576,0.05176831836139606,
13,main,cosine,1,3,0.5,33,72,24.123437985777855,22.65,32,0,0,0.2855210115371888,24,32,22.600679468709885,21.333333333333332,22.59862068965517,0.0025126194871926133,
13,main,cosine,1,3,0.5,34,72,26.570376401767135,28.25,30,0,0,0.03578108228691479,30,30,28.24684646261813,4.571428571428571,4.585502378953261,0.0066598382513235466,
13,main,cosine,1,3,0.5,35,72,22.9587083440274,22,32,0,0,0.2221269961160186,24,32,21.970625526112816,21.333333333333332,21.962466487935657,0.00487659214575098,
13,main,cosine,1,3,0.5,36,72,25.188215360045433,25.2,28,0,0,0.06348117867578063,26,28,25.213695420959816,25.6,25.4015503875969,0.0001290639702266061,
13,main,cosine,1,3,0.5,37,72,23.729445923119783,23,26,0,0,0.09910451248005814,26,26,23.020456806664026,21.333333333333332,23.305832147937412,0.004958320468268829,
13,main,cosine,1,3,0.5,38,72,23.0848373696208,23.5,25,0,0,0.004858900986709824,25,25,23.472682282880033,25.6,23.33903133903134,0.0003837155048438401,
13,main,cosine,1,3,0.5,39,72,24.96301380172372,18,31,0,0,0.22019066135121323,23,30,18,4.266666666666667,4.316122233930453,0.4954227380145102,
13,main,cosine,1,3,0.5,40,72,20.2951218187809,21.45,32,0,0,0.12819939317091988,32,32,21.412716700032764,8,7.861804222648752,0.06423879477256467,
13,main,cosine,1,3,0.5,41,72,22.65313952229917,24.85,27,0,0,0.01791069665284062,27,27,24.927341250452333,25.6,24.786686838124055,0.001963319549550535,
13,main,cosine,1,3,0.5,42,72,26.77462418563664,25.55,27,0,0,0.06579676754296304,26,26,25.589836947944434,25.6,25.4015503875969,0.0005090119998758524,
13,main,cosine,1,3,0.5,43,72,26.996841369196773,25,29,0,0,0.1265367564294948,22,22,25.07349600736441,25.6,24.6006006006006,0.00009692010835771203,
13,main,cosine,1,3,0.5,44,72,22.011556638404727,24.45,27,0,0,0.055421924904420106,27,27,24.442252353003706,25.6,2.9462326919618773,0.07126862051816829,
13,main,cosine,1,3,0.5,45,72,23.514517176896334,24.1,23,0,0,0.029001017527853334,23,23,24.124624830034698,4.266666666666667,23.91824817518248,0.010388992246954554,
13,main,cosine,1,3,0.5,46,72,25.384435188025236,26.55,30,0,0,0.05241954011365502,23,30,26.696759389995286,25.6,26.340836012861736,0.00002483341953563034,
13,main,cosine,1,3,0.5,47,72,27.01064212806523,30.200000000000003,28,0,0,0.16128486272672293,28,28,30.21628728105851,18.285714285714285,17.88646288209607,0.030247636994310656,
13,main,cosine,1,3,0.5,48,72,22.013653742149472,23.55,31,0,0,0.14839744798051036,31,23,23.543366064833766,7.529411764705882,7.616922361692236,0.21346582708903705,
13,main,cosine,1,3,0.5,49,72,20.48354009538889,20.7,21,0,0,0.03317309348915287,21,21,20.717280246720506,5.333333333333333,5.391247120763409,0.13936333406099788,
13,main,cosine,1,3,0.5,50,72,27.310200786218047,28.55,29,0,0,0.03825940635352021,28,26,28.577836899479827,32,29.36200716845878,0.00027310627418197786,
13,main,cosine,1,3,0.5,51,72,21.946393510326743,21.3,31,0,0,0.2600871475284885,24,31,21.310657602197715,21.333333333333332,15.24093023255814,0.003030335169896703,
13,main,cosine,1,3,0.5,52,72,27.687210652977228,21.7,27,0,0,0.17145923124321794,25,20,21.625997451388578,21.333333333333332,21.90374331550802,0.12471466979615897,
13,main,cosine,1,3,0.5,53,72,22.63707092963159,20.05,27,0,0,0.25073384909448737,18,18,20.07502053601176,9.142857142857142,8.837108953613807,0.19857934221125306,
13,main,cosine,1,3,0.5,54,72,25.15520896948874,18,27,0,0,0.1467522044663072,27,27,18,9.142857142857142,8.875406283856988,0.12355394950826737,
13,main,cosine,1,3,0.5,55,72,22.22970685362816,21.6,24,0,0,0.054510094350745164,21,21,21.591991183538777,21.333333333333332,21.529566360052563,0.000966004674372134,
13,main,cosine,1,3,0.5,56,72,25.00306831113994,18.8,31,0,0,0.2232567347995822,31,21,18.796589867684098,2.169491525423729,2.1772757475083058,0.4846717790296353,
13,main,cosine,1,3,0.5,57,72,24.107421804219484,24.3,32,0,0,0.19695275977278381,30,32,24.346315173345182,25.6,23.88338192419825,0.0030004896025210837,
13,main,cosine,1,3,0.5,58,72,27.921584667637944,28.05,28,0,0,0.012712527808531715,28,29,28.117780754771065,32,28.69352014010508,8.171470148310434e-7,
13,main,cosine,1,3,0.5,59,72,24.12384813837707,23.9,25,0,0,0.04621510365775128,25,25,23.90019256179858,21.333333333333332,23.33903133903134,0.0038750064704113907,
13,main,cosine,1,3,0.5,60,72,20.55429121106863,23.4,29,0,0,0.19154996371188038,22,22,23.383637470181757,7.529411764705882,23.272727272727273,0.03305767123113312,
13,main,cosine,1,3,0.5,61,72,25.549718832597136,25.8,28,0,0,0.04869540082753898,26,25,25.896091908390854,25.6,25.761006289308177,0.0000016987708704174764,
13,main,cosine,1,3,0.5,62,72,20.751691669225693,19.4,28,0,0,0.2535260705186102,20,28,19.415906800439974,18.285714285714285,19.43534994068802,0.004741143115692625,
13,main,cosine,1,3,0.5,63,72,24.627813789993525,27.05,32,0,0,0.1199681207148171,25,32,27.15994656726762,25.6,27.352253756260435,0.0017494079121864736,
13,main,cosine,1,3,0.5,64,72,22.854716589674354,21.55,32,0,0,0.13094830376878563,32,32,21.571536012211894,21.333333333333332,37.406392694063925,0.013847724178718379,
13,main,cosine,1,3,0.5,65,72,21.35909755527973,21.95,21,0,0,0.035648971026017606,21,21,21.87636099766548,21.333333333333332,22.021505376344088,0.0007386990207444155,
13,main,cosine,1,3,0.5,66,72,21.051414081826806,22.95,25,0,0,0.06442863178818614,23,25,22.877634837410074,21.333333333333332,22.755555555555556,0.004875448022726991,
13,main,cosine,1,3,0.5,67,72,22.71284343674779,32,31,0,0,0.21058252308378722,19,23,32,4.129032258064516,4.107295061418902,0.456007627376405,
13,main,cosine,1,3,0.5,68,72,22.13982871361077,25.35,31,0,0,0.3425918846442033,31,31,25.42202814362633,64,59.148014440433215,0.6895899160148744,
13,main,cosine,1,3,0.5,69,72,20.76743507012725,32,32,0,0,0.16487080608040694,32,20,32,3.5555555555555554,3.585905012037645,0.08368788844585462,
13,main,cosine,1,3,0.5,70,72,23.453758465126157,32,31,0,0,0.06926058741346486,31,31,20.639269854449584,2.3703703703703702,2.377593963140328,0.2824994150310334,
13,main,cosine,1,3,0.5,71,72,24.514731127768755,24.95,29,0,0,0.24059963858929367,19,26,24.96575900713685,25.6,25.12883435582822,0.0027475878694697142,
13,main,cosine,1,3,0.5,72,72,21.155996434390545,21.95,23,0,0,0.009079830624130092,23,23,21.904103037182406,21.333333333333332,21.81624500665779,0.0009553961893362661,
13,main,cosine,1,3,0.5,73,72,23.891462923958898,22.75,32,0,0,0.2609380167056775,32,32,22.71912002311005,16,22.661134163208853,0.022120274356262737,
13,main,cosine,1,3,0.5,74,72,20.75725788064301,21.75,28,0,0,0.1157233193667605,24,28,21.755072593654738,4.7407407407407405,4.675799086757991,0.1294195816919136,
13,main,cosine,1,3,0.5,75,72,23.997884903103113,25.45,27,0,0,0.045788969735992335,27,27,25.4745054393156,25.6,25.640062597809077,0.00174023567251691,
13,main,cosine,1,3,0.5,76,72,25.55408437177539,26.700000000000003,25,0,0,0.03561285176468809,25,27,26.778768867075172,25.6,26.77124183006536,0.000285070934672782,
13,main,cosine,1,3,0.5,77,72,21.980031851679087,24.05,31,0,0,0.15307748795229092,26,26,24.0323115995776,25.6,23.67630057803468,0.008303919027710105,
13,main,cosine,1,3,0.5,78,72,25.97170079872012,25.55,26,0,0,0.015393022440417292,26,26,25.623571902804606,25.6,25.640062597809077,0.0031166289179359596,
13,main,cosine,1,3,0.5,79,72,20.069932812824845,18.95,31,0,0,0.4029652299246149,22,29,19.028929590054762,18.285714285714285,18.85385500575374,0.030917208856199307,
13,main,cosine,1,3,0.5,80,72,23.34246039763093,24,26,0,0,0.03064782990701187,26,23,24.024760423518114,2.56,2.579751220280271,0.004823096273478544,
13,main,cosine,1,3,0.5,81,72,22.265366941690445,24.8,27,0,0,0.13603145347138013,23,23,24.8386136359438,25.6,24.71191553544495,0.016729441882568752,
13,main,cosine,1,3,0.5,82,72,22.6029568426311,22.45,29,0,0,0.05562604889846401,29,27,22.445050480679825,4.923076923076923,4.895129967134747,0.06862700517945342,
13,main,cosine,1,3,0.5,83,72,26.76633433625102,28.4,31,0,0,0.09879369612056899,31,29,28.39538005751167,25.6,27.675675675675677,0.010070850557360456,
13,main,cosine,1,3,0.5,84,72,22.72670168057084,22.4,32,0,0,0.331842453905965,23,22,22.42401864276885,21.333333333333332,22.505494505494507,0.0032739727922826978,
13,main,cosine,1,3,0.5,85,72,22.35091352276504,22.7,24,1,1,0.0020886141168862116,24,24,22.700418118653968,21.333333333333332,22.787204450625868,0.000005299217896603814,
13,main,cosine,1,3,0.5,86,72,25.080193823203444,25.45,25,0,0,0.006066459806389646,25,25,25.4505296103909,25.6,25.761006289308177,0.00015472923465897903,
13,main,cosine,1,3,0.5,87,72,25.852694425731897,24.55,26,0,0,0.03820164239216961,19,22,24.553327183554586,2.3703703703703702,2.354699626329405,0.015081812517798387,
13,main,cosine,1,3,0.5,88,72,20.70808911882341,20.8,32,0,0,0.3327834909594668,20,23,20.78380893525583,6.7368421052631575,6.801162308011623,0.14296799398754678,
13,main,cosine,1,3,0.5,89,72,26.07672813348472,25.65,24,0,0,0.07182633593597765,24,29,25.75176751004561,2.4150943396226414,2.4076414401175605,0.016648207268270654,
13,main,cosine,1,3,0.5,90,72,20.974554348737,20.3,31,0,0,0.5765997179891661,21,20,20.33448062684191,64,20.531328320802004,0.01862362636498549,
13,main,cosine,1,3,0.5,91,72,21.973170889541507,22.95,31,0,0,0.3054530956691526,20,23,22.90028210839973,21.333333333333332,22.755555555555556,0.0005804828377643512,
13,main,cosine,1,3,0.5,92,72,25.887147894129157,26.1,27,0,0,0.019927956796501833,23,27,26.244118613414116,25.6,26.047694753577108,0.000012930586327675186,
13,main,cosine,1,3,0.5,93,72,21.355442682281137,20,21,0,0,0.015045746978192387,21,20,20.032796114318618,21.333333333333332,20.252163164400493,0.0000754493041654758,
13,main,cosine,1,3,0.5,94,72,20.012756308540702,19.15,32,0,0,0.292103620384474,18,18,19.1950981275946,18.285714285714285,19.14018691588785,0.00348979153755824,
13,main,cosine,1,3,0.5,95,72,26.254256321117282,29.75,24,0,0,0.010791539490904278,24,24,29.664007857166638,2.206896551724138,2.19330655957162,0.011596563170679586,
13,main,cosine,1,3,0.5,96,72,21.845639465376735,23.25,32,0,0,0.2562866505295408,26,22,23.206449741502304,21.333333333333332,23.23971631205674,0.004317424342128451,
13,main,cosine,1,3,0.5,97,72,26.731080247089267,27.6,27,0,0,0.08997866171449243,27,27,27.59334545940957,3.764705882352941,3.775115207373272,0.0821934324778173,
13,main,cosine,1,3,0.5,98,72,25.30827066488564,27.1,26,0,0,0.025306331979738195,26,26,27.13552845187922,25.6,26.77124183006536,0.004130519420629142,
13,main,cosine,1,3,0.5,99,72,27.762849656865,27.950000000000003,32,0,0,0.10115624517960731,28,28,27.999265695454547,25.6,27.959044368600683,0.00000763131445369325,
13,main,cosine,1,3,0.5,100,72,22.57465752027929,20.6,31,0,0,0.25425073367225093,20,31,20.60093241275269,21.333333333333332,20.897959183673468,0.0023283650965706393,
13,main,cosine,1,3,0.5,101,72,26.228080436587334,25.3,32,0,0,0.1789706952756982,25,25,25.37205378909504,25.6,25.013740458015267,0.0000340758023608112,
13,main,cosine,1,3,0.5,102,72,27.48863940872252,26.9,29,0,0,0.09887223250567245,26,29,26.89556504095485,25.6,26.684039087947884,0.019638215192104513,
13,main,cosine,1,3,0.5,103,72,21.826188649982214,19.45,18,0,0,0.004328047456992334,18,18,19.454582547224753,18.285714285714285,19.458432304038006,0.02212696422289595,
13,main,cosine,1,3,0.5,104,72,21.56655102595687,22.05,32,0,0,0.165767205264839,22,32,21.993700291508976,2.4615384615384617,2.4670983285649752,0.004424902951379317,
13,main,cosine,1,3,0.5,105,72,25.138333721086383,26.75,29,0,0,0.08505504349829451,29,29,26.81778050885195,25.6,26.99176276771005,0.01304201305501218,
13,main,cosine,1,3,0.5,106,72,20.321159336715937,21.95,26,0,0,0.12606130925584846,21,21,21.827371008204743,2.206896551724138,2.1944816501473348,0.02337270232668387,
13,main,cosine,1,3,0.5,107,72,24.154674353078008,23.65,31,0,0,0.22801338796616544,24,25,23.65355417249014,25.6,23.988286969253295,0.0012217079480673076,
13,main,cosine,1,3,0.5,108,72,21.60409315302968,23.5,22,0,0,0.010736054857825028,22,22,23.491344521243455,25.6,23.405714285714286,0.002564269309715206,
13,main,cosine,1,3,0.5,109,72,23.428433848544955,22.45,30,0,0,0.1300841520192768,21,23,22.430863180064208,9.846153846153847,10.088669950738916,0.006012287311982667,
13,main,cosine,1,3,0.5,110,72,20.526872573420405,19.9,25,0,0,0.05629587961485982,20,18,19.90694574746631,21.333333333333332,20.07843137254902,0.00007799759353854796,
13,main,cosine,1,3,0.5,111,72,26.638378489762545,25.8,28,0,0,0.08309957073690255,27,23,25.919996775536198,25.6,25.6,0.002122689741676842,
13,main,cosine,1,3,0.5,112,72,27.06548155657947,27.05,27,0,0,0.01966440225972632,27,27,27.13553951542219,25.6,27.036303630363037,0.0012651209172465094,
13,main,cosine,1,3,0.5,113,72,26.61920907907188,25.9,25,0,0,0.09689949542860377,25,25,25.959631096425273,25.6,25.924050632911392,0.01159592553559785,
13,main,cosine,1,3,0.5,114,72,24.186390973627567,24.35,23,0,0,0.02555782396763706,23,24,24.37270582350899,3.764705882352941,3.773376324274528,0.011013486357512203,
13,main,cosine,1,3,0.5,115,72,21.150858722627163,20.8,28,0,0,0.0867887556421566,22,28,20.81487057932735,21.333333333333332,20.531328320802004,0.0012690927904478455,
13,main,cosine,1,3,0.5,116,72,26.886242140084505,25.9,29,0,0,0.24167368156088442,23,23,25.963542082668397,2.0317460317460316,2.0362913248819288,0.02132961482596807,
13,main,cosine,1,3,0.5,117,72,27.42541453242302,26,31,0,0,0.08141794451586737,31,31,26.093207528886513,25.6,26.047694753577108,0.002642610236980092,
13,main,cosine,1,3,0.5,118,72,27.385885257273912,28.3,29,0,0,0.026292163481118402,29,29,28.28851034235979,25.6,28.006837606837607,0.0002614972913289604,
13,main,cosine,1,3,0.5,119,72,23.811235109344125,22.5,21,0,0,0.01534082292735739,21,22,22.48611866932153,21.333333333333332,22.474622770919066,0.0007563515558995926,
13,main,cosine,1,3,0.5,120,72,27.195679193362594,25.8,28,0,0,0.04015359040667199,28,28,25.90367117062092,2.782608695652174,2.7830813657210802,0.15131491767542005,
13,main,cosine,1,3,0.5,121,72,20.209454149007797,18.35,32,0,0,0.2388480373976264,27,31,18.343835590610116,2.245614035087719,2.2297223734349485,0.42297197730022906,
13,main,cosine,1,3,0.5,122,72,27.466366559267044,27.9,27,0,0,0.046235342323621365,27,22,27.92644446557393,25.6,27.675675675675677,0.011258555028508144,
13,main,cosine,1,3,0.5,123,72,26.33907015249133,26.25,31,0,0,0.06373391253338223,28,31,26.31895589256567,25.6,26.340836012861736,0.0013678858654543324,
13,main,cosine,1,3,0.5,124,72,25.204550681635737,28.4,32,0,0,0.11128957542084295,24,24,28.48769563928985,8,8.262228946041352,0.07744674689993503,
13,main,cosine,1,3,0.5,125,72,27.406943256035447,26.65,32,0,0,0.05942683514453295,32,25,26.701586134777273,6.4,6.316114109483423,0.009629950838353829,
13,main,cosine,1,3,0.5,126,72,26.827371276915073,25.85,32,0,0,0.319709382721014,22,20,25.988088134252312,25.6,2.9409441751929637,0.016241872829228066,
13,main,cosine,1,3,0.5,127,72,26.517817337065935,27.55,29,0,0,0.04201583095260575,23,29,27.543380587857996,5.565217391304348,5.653554175293306,0.124351121373804,
13,main,cosine,1,3,0.5,128,72,24.44785257615149,23.9,24,1,1,0.0033547206246753447,24,24,23.907934446019034,25.6,23.813953488372093,0.00004493748654399443,
13,main,cosine,1,3,0.5,129,72,26.835907133296132,26.25,27,0,0,0.09271620390668467,27,27,26.332982045475887,25.6,26.256410256410255,0.0031198563152035064,
13,main,cosine,1,3,0.5,130,72,27.631477219983935,27.75,27,0,0,0.027481431050114247,27,32,27.853177468791802,25.6,28.151202749140893,0.0031792205844829446,
13,main,cosine,1,3,0.5,131,72,26.776805268600583,27.3,30,0,0,0.10816599033014807,30,30,27.432478236452447,2.064516129032258,2.061658487479552,0.01954473321015049,
13,main,cosine,1,3,0.5,132,72,22.831535406410694,32,30,0,0,0.11017174465752333,26,26,32,3.764705882352941,3.7423481041571494,0.4249415326795053,
13,main,cosine,1,3,0.5,133,72,23.90863085538149,23,28,0,0,0.1058810539168954,21,21,22.89830044838945,2.327272727272727,2.335899629312803,0.03662515222215734,
13,main,cosine,1,3,0.5,134,72,20.619975563138723,20.2,25,0,0,0.0982263789443959,25,26,20.226060322127744,21.333333333333332,20.428927680798004,0.0037291970741966107,
13,main,cosine,1,3,0.5,135,72,26.84286803007126,28.3,31,0,0,0.1245660131042372,25,30,28.32989065831499,25.6,28.29706390328152,0.0006725374390864625,
13,main,cosine,1,3,0.5,136,72,21.63536399230361,22.5,22,0,0,0.030665806332385248,22,22,22.51099027594636,21.333333333333332,22.56749311294766,0.0009509999362641297,
13,main,cosine,1,3,0.5,137,72,23.006208879873157,24.45,23,0,0,0.02605360004654156,23,23,24.450193696293844,25.6,24.453731343283582,0.0005083859217420716,
13,main,cosine,1,3,0.5,138,72,25.52336860448122,28,30,0,0,0.1596774250259605,26,30,28.07355116634374,32,28.794376098418276,0.0035384995634005767,
13,main,cosine,1,3,0.5,139,72,21.08525201305747,19.45,30,0,0,0.22994340226301213,24,18,19.49897958140243,18.285714285714285,2.392872791003359,0.047735650970223586,
13,main,cosine,1,3,0.5,140,72,25.673870157450438,24.9,29,0,0,0.11364733320087583,27,27,24.9301426585876,25.6,25.206153846153846,0.000008230134722508886,
13,main,cosine,1,3,0.5,141,72,24.49317398108542,25.35,27,0,0,0.09765987496879092,27,27,25.336567297264484,25.6,25.480559875583204,0.002113510312548472,
13,main,cosine,1,3,0.5,142,72,24.718480242416263,26.25,24,0,0,0.01526829507102856,24,24,26.374752177499275,25.6,26.17252396166134,0.0028399071804000586,
13,main,cosine,1,3,0.5,143,72,27.829241966828704,24.05,31,0,0,0.275347723741605,23,23,24.06321519300467,7.111111111111111,7.004702864471996,0.20140672920497804,
13,main,cosine,1,3,0.5,144,72,27.001025788486004,18.3,30,0,0,0.09463307159957479,30,29,18.299309368083755,18.285714285714285,18.143964562569213,0.05608544755928235,
13,main,cosine,1,3,0.5,145,72,23.347072837874293,22.8,24,0,0,0.10649515809930743,21,23,22.75392330553956,21.333333333333332,22.69252077562327,0.0008748266784550651,
13,main,cosine,1,3,0.5,146,72,22.445825854316354,22.25,24,0,0,0.045371915369110005,24,24,22.011754770527446,21.333333333333332,22.200542005420054,0.0003663435694855055,
13,main,cosine,1,3,0.5,147,72,27.68377003259957,19.45,31,0,0,0.2784225922215746,19,26,19.50783184212146,3.0476190476190474,3.06357516828721,0.908930335808311,
13,main,cosine,1,3,0.5,148,72,23.580607345327735,23.5,32,0,0,0.16277420368277684,24,32,23.511703551606846,8,8.074913750616068,0.055918418791322644,
13,main,cosine,1,3,0.5,149,72,26.676337523385882,24.15,32,0,0,0.1824668465647079,24,32,24.158838896804625,25.6,24.094117647058823,0.03053495135479589,
13,main,cosine,1,3,0.5,150,72,27.573031648993492,29.3,29,0,0,0.047071479682956774,28,31,29.303395358874138,25.6,28.493913043478262,0.00010814952629423225,
13,main,cosine,1,3,0.5,151,72,25.738649727776647,28.85,26,0,0,0.031313954555377665,26,32,28.87531093183346,32,29.78909090909091,0.018038141213644776,
13,main,cosine,1,3,0.5,152,72,27.943480594083667,29.65,32,0,0,0.017659867049183542,32,32,29.63518472791597,32,29.04964539007092,0.004527700085720898,
13,main,cosine,1,3,0.5,153,72,22.94820118509233,26.4,32,0,0,0.1263554677144929,21,26,26.53776681417616,25.6,26.468497576736674,0.04505087374772265,
13,main,cosine,1,3,0.5,154,72,25.30948069319129,25.3,27,0,0,0.08958875773828379,27,24,25.363889658583222,2.206896551724138,2.1889111556446226,0.03864419689547549,
13,main,cosine,1,3,0.5,155,72,23.836967784911394,22.2,25,0,0,0.069740781804142,25,21,22.200061233442224,4.129032258064516,4.1668362156663274,0.0397478563540532,
13,main,cosine,1,3,0.5,156,72,23.860511358827353,21.2,29,0,0,0.0632887886853476,19,29,21.219070760939918,2.4150943396226414,2.3984775289123115,0.2464608811283826,
13,main,cosine,1,3,0.5,157,72,21.112563779577613,21.5,22,0,0,0.03082880827639345,21,21,21.463383795296814,21.333333333333332,21.501312335958005,0.000005243649100594716,
13,main,cosine,1,3,0.5,158,72,20.65260316617787,20.7,24,0,0,0.07283629490539112,24,24,20.663310302260378,2.4150943396226414,2.4115395937591995,0.05127759882387539,
13,main,cosine,1,3,0.5,159,72,27.721241261810064,24.5,24,0,0,0.02012272297053308,24,26,24.525473792983536,25.6,24.861911987860395,0.007538453441505721,
13,main,cosine,1,3,0.5,160,72,22.77689030393958,25.15,32,0,0,0.07580137997309544,24,24,25.17089105868705,25.6,25.362229102167184,0.03043796373253016,
13,main,cosine,1,3,0.5,161,72,25.506952250376344,27.3,28,0,0,0.034486310830974976,28,27,27.29468871820542,25.6,26.94736842105263,0.00003187197649023865,
13,main,cosine,1,3,0.5,162,72,27.281064154580235,25.7,25,0,0,0.011079740354890899,25,25,25.766018122384022,25.6,25.924050632911392,0.00006338398321892313,
13,main,cosine,1,3,0.5,163,72,21.15818354859948,20.7,22,0,0,0.06484392114071735,22,21,20.68389762607558,21.333333333333332,20.924648786717754,0.0009745683060113919,
13,main,cosine,1,3,0.5,164,72,26.536841308698058,30.450000000000003,32,0,0,0.15586078339127252,32,32,30.408947388883963,4.7407407407407405,3.509102591561362,0.24286287345160984,
13,main,cosine,1,3,0.5,165,72,20.282903358340263,20.85,18,0,0,0.015697355694452964,18,18,20.82975937304697,21.333333333333332,20.739240506329114,0.00041848948075706716,
13,main,cosine,1,3,0.5,166,72,21.312340142205358,23.85,27,0,0,0.10877366257607635,19,23,23.825610836552762,4.7407407407407405,4.687839771101574,0.10845484044711395,
13,main,cosine,1,3,0.5,167,72,25.025608798488975,30.4,26,0,0,0.0381863031506946,26,32,30.403563251786068,2.3703703703703702,2.35605406960023,0.07791108059930463,
13,main,cosine,1,3,0.5,168,72,21.98710952140391,21.75,30,0,0,0.1889327451011883,23,20,21.692765809484005,21.333333333333332,21.758300132802123,0.0002986400797178046,
13,main,cosine,1,3,0.5,169,72,23.53697668015957,23.25,24,0,0,0.005585360245156212,24,24,23.22491244232769,21.333333333333332,23.23971631205674,0.0007307674744525539,
13,main,cosine,1,3,0.5,170,72,26.459462577477098,24.7,26,0,0,0.03887343864207593,26,26,24.68725974421068,2.3703703703703702,2.3563929239177335,0.021399484453475615,
13,main,cosine,1,3,0.5,171,72,27.768965527415276,27.200000000000003,29,0,0,0.024576670143584223,27,29,27.22242206464153,25.6,26.99176276771005,0.0000042019878890853235,
13,main,cosine,1,3,0.5,172,72,20.02462973818183,19.1,31,0,0,0.19891565384309495,31,30,19.087988235374112,18.285714285714285,19.095571095571096,0.021397513461092643,
13,main,cosine,1,3,0.5,173,72,20.43325007148087,19.9,21,0,0,0.01402306564829714,21,23,19.925913723347783,2.6666666666666665,2.0844783715012722,0.010951696666650301,
13,main,cosine,1,3,0.5,174,72,24.72781565785408,26,24,0,0,0.011982268093222781,24,24,26.008647954544834,25.6,26.089171974522294,0.0012282521389442858,
13,main,cosine,1,3,0.5,175,72,20.603339567780495,21.35,22,0,0,0.02590947176471836,22,21,21.342473149505118,21.333333333333332,21.333333333333332,0.0012783206954868342,
13,main,cosine,1,3,0.5,176,72,22.59795168787241,22.2,31,0,0,0.21370101874647318,22,22,22.208348431029922,3.4594594594594597,3.4815129621759455,0.0012744414715045727,
13,main,cosine,1,3,0.5,177,72,25.71427615918219,23.9,27,0,0,0.09119402221150352,18,18,23.883875048214254,4.571428571428571,4.497392259127093,0.01884267399577544,
13,main,cosine,1,3,0.5,178,72,24.665234880521894,25.2,30,0,0,0.11866459006273766,21,23,25.26613035042268,25.6,25.090352220520675,0.0009631053427426872,
13,main,cosine,1,3,0.5,179,72,20.94137641787529,21.55,25,0,0,0.05851071776597405,25,23,21.52899535938735,2.064516129032258,2.078132927447996,0.023307143704249356,
13,main,cosine,1,3,0.5,180,72,27.271623665466905,28.05,32,0,0,0.12340867503573638,29,30,28.134463702777147,2.1333333333333333,2.145625982189628,0.017185852673785917,
13,main,cosine,1,3,0.5,181,72,20.34734896197915,19.65,21,0,0,0.0429333883945181,19,19,19.707571853840665,21.333333333333332,19.81136638452237,0.0004600728979331503,
13,main,cosine,1,3,0.5,182,72,20.423187375068665,19.9,32,0,0,0.16517961064172038,29,32,19.90514591086005,9.846153846153847,3.231558185404339,0.10354013748545299,
13,main,cosine,1,3,0.5,183,72,25.67466197349131,25,31,0,0,0.26589293968691086,21,21,25.11846986548714,3.0476190476190474,3.0346360437117985,0.08544055844886767,
13,main,cosine,1,3,0.5,184,72,22.69144876860082,23.65,22,0,0,0.015905532982345316,22,23,23.64260380367899,25.6,23.779390420899855,0.0024685219839211126,
13,main,cosine,1,3,0.5,185,72,23.844520619139075,26.700000000000003,26,0,0,0.03835443604416422,26,26,26.694421948970785,25.6,26.554294975688816,0.040048021212842344,
13,main,cosine,1,3,0.5,186,72,26.419279906898737,24.15,22,0,0,0.0038330149707149763,22,22,24.139622421937748,5.565217391304348,5.5220761712167175,0.01862454125840174,
13,main,cosine,1,3,0.5,187,72,25.09754699282348,23.55,28,0,0,0.198035997757827,27,28,23.561654177458333,25.6,23.744927536231884,0.01622189771978333,
13,main,cosine,1,3,0.5,188,72,21.744667563587427,24.6,31,0,0,0.1796359228116332,31,25,24.602609964659337,2.169491525423729,2.175541096799894,0.21907889722488016,
13,main,cosine,1,3,0.5,189,72,21.06930933147669,23.1,23,0,0,0.061396678999567245,23,23,23.089722573569855,21.333333333333332,23.07605633802817,0.002282057145140959,
13,main,cosine,1,3,0.5,190,72,21.375129571184516,19.95,27,0,0,0.18510828551256564,20,20,19.936545177480888,21.333333333333332,19.883495145631066,0.013601934655047554,
13,main,cosine,1,3,0.5,191,72,25.98837749660015,24.3,24,0,0,0.011049017230596925,24,24,24.382606808234684,2.169491525423729,2.168056106920736,0.005010986861722855,
13,main,cosine,1,3,0.5,192,72,24.824165802448988,27.8,31,0,0,0.03724912311840389,31,31,27.846683784374434,25.6,27.48993288590604,0.0006963456371987808,
13,main,cosine,1,3,0.5,193,72,21.6167661678046,22.95,32,0,0,0.4094604359614543,22,22,22.897918345789705,21.333333333333332,22.787204450625868,0.006872951570104924,
13,main,cosine,1,3,0.5,194,72,23.182063909247518,20.15,26,0,0,0.048934249745296254,26,26,20.145754895809564,4.266666666666667,4.335538502249272,0.2987766919839179,
13,main,cosine,1,3,0.5,195,72,22.88749199360609,25.25,28,0,0,0.07885781524313229,24,24,25.232387311173632,25.6,25.640062597809077,0.00878412741951684,
13,main,cosine,1,3,0.5,196,72,22.658042035996914,23.2,32,0,0,0.286192563639468,24,23,23.166919949032586,3.4594594594594597,3.4904132935662546,0.09062091391805782,
13,main,cosine,1,3,0.5,197,72,21.802354726940393,23.3,27,0,0,0.16186695346967517,27,32,23.267799020529157,12.8,12.70077519379845,0.0679615386255914,
13,main,cosine,1,3,0.5,198,72,26.36691470630467,26.8,28,0,0,0.056169655602273605,28,29,26.92090455229713,14.222222222222221,14.667860340196956,0.03521408666951231,
13,main,cosine,1,3,0.5,199,72,23.70735608972609,24,25,0,0,0.011450112088629671,25,25,24.003306300358023,2.5098039215686274,2.491484184914842,0.003334290886735869,
19,main,cosine,1,7,2,0,168,20.421183083206415,20.55,21,1,1,1.545430450278218e-13,21,21,20.533974247932967,21.333333333333332,20.557089084065243,0,0.005
19,main,cosine,1,7,2,1,168,22.663411958143115,22.65,23,1,1,6.161737786669619e-14,23,23,22.646466666594893,23.272727272727273,22.629834254143645,0,0.005
19,main,cosine,1,7,2,2,168,20.456145096570253,20.45,20,1,1,1.5654144647214707e-13,20,20,20.448011092717525,19.692307692307693,20.454431960049938,0,0.01
19,main,cosine,1,7,2,3,168,26.060030790045857,25.9,26,1,1,8.970602038971265e-14,26,26,25.876841341696547,25.6,25.924050632911392,0,0.005
19,main,cosine,1,7,2,4,168,24.8834644574672,24.75,25,1,1,4.440892098500626e-16,25,25,24.753185439696104,25.6,24.749244712990937,0,0.005
19,main,cosine,1,7,2,5,168,20.46203411370516,20.4,20,1,1,1.2212453270876722e-15,20,20,20.397841005546802,19.692307692307693,20.40348692403487,0,0.02
19,main,cosine,1,7,2,6,168,24.442506529390812,24.45,25,1,1,3.3306690738754696e-14,24,25,24.47212948721745,25.6,24.526946107784433,0,0.01
19,main,cosine,1,7,2,7,168,27.38249626196921,27.55,27,1,1,6.477596237175476e-12,27,28,27.54082323010856,28.444444444444443,27.58249158249158,0,0.11
19,main,cosine,1,7,2,8,168,25.761218378320336,25.75,26,1,1,1.234123914173324e-12,26,26,25.75900301428163,25.6,25.842271293375394,0,0.005
19,main,cosine,1,7,2,9,168,22.06164613366127,22.1,22,1,1,3.3306690738754696e-16,22,22,22.103804283249975,21.333333333333332,22.14054054054054,0,0.005
19,main,cosine,1,7,2,10,168,20.64482462219894,20.9,21,1,1,1.0658141036401503e-14,21,21,20.894450655677005,21.333333333333332,20.95140664961637,0,0.005
19,main,cosine,1,7,2,11,168,27.95034086331725,28.15,28,1,1,3.0464519795714295e-13,28,28,28.15126024469741,28.444444444444443,28.248275862068965,0,0.44
19,main,cosine,1,7,2,12,168,20.23295182734728,20.2,20,1,1,2.220446049250313e-16,20,20,20.209294102195855,19.692307692307693,20.22716049382716,0,0.075
19,main,cosine,1,7,2,13,168,26.057404957711697,26.15,26,1,1,3.6637359812630166e-15,26,26,26.170455312777488,25.6,26.2144,0,0.005
19,main,cosine,1,7,2,14,168,20.723008872941136,20.6,21,1,1,1.1102230246251565e-16,21,21,20.615914564739892,21.333333333333332,20.634760705289672,0,0.005
19,main,cosine,1,7,2,15,168,23.56618468463421,23.75,24,1,1,5.440092820663267e-15,24,24,23.743532692151984,23.272727272727273,23.744927536231884,0,0.005
19,main,cosine,1,7,2,16,168,27.432297157123685,27.35,27,1,1,2.1616042289451798e-13,27,27,27.342764853266946,28.444444444444443,27.39799331103679,0,0.085
19,main,cosine,1,7,2,17,168,27.618317047134042,27.35,27,1,1,2.80109269112927e-13,27,27,27.354137376617764,28.444444444444443,27.30666666666667,0,0.045
19,main,cosine,1,7,2,18,168,20.46654999256134,20.55,21,1,1,4.9960036108132044e-15,21,21,20.569083209701425,21.333333333333332,20.582914572864322,0,0.015
19,main,cosine,1,7,2,19,168,27.48700042627752,27.450000000000003,27,1,1,8.43769498715119e-15,27,27,27.448408569614283,28.444444444444443,27.48993288590604,0,0.045
19,main,cosine,1,7,2,20,168,20.216584173962474,20.15,20,1,1,0,20,20,20.13858997628053,19.692307692307693,20.152521525215253,0,0.065
19,main,cosine,1,7,2,21,168,21.781416231766343,21.75,22,1,1,8.093525849517391e-14,22,22,21.745079065083008,21.333333333333332,21.72944297082228,0,0.005
19,main,cosine,1,7,2,22,168,27.04979421570897,27,27,1,1,7.80486786311485e-14,27,27,26.98974064128419,28.444444444444443,26.99176276771005,0,0.015
19,main,cosine,1,7,2,23,168,23.368516566231847,23.4,23,1,1,1.1102230246251565e-16,23,23,23.383340815312422,23.272727272727273,23.372325249643367,0,0.005
19,main,cosine,1,7,2,24,168,22.32079447619617,22.25,22,1,1,0,22,22,22.273918995649574,21.333333333333332,22.230664857530527,0,0.02
19,main,cosine,1,7,2,25,168,24.531213926151395,24.5,25,1,1,6.661338147750939e-15,24,24,24.50417286564492,25.6,24.526946107784433,0,0.005
19,main,cosine,1,7,2,26,168,20.59986913949251,20.7,21,1,1,2.3425705819590803e-14,21,21,20.68048270389551,21.333333333333332,20.68686868686869,0,0.005
19,main,cosine,1,7,2,27,168,20.14378242008388,20.1,20,1,1,0,20,20,20.07817299267476,19.692307692307693,20.053855569155445,0,0.095
19,main,cosine,1,7,2,28,168,24.68853548541665,24.75,25,1,1,3.3306690738754696e-16,25,25,24.753452983133506,25.6,24.749244712990937,0,0.005
19,main,cosine,1,7,2,29,168,23.47823901474476,23.5,24,1,1,5.684341886080802e-14,23,23,23.508632106114366,23.272727272727273,23.506456241033,0,0.005
19,main,cosine,1,7,2,30,168,22.7789737097919,22.8,23,1,1,1.1546319456101628e-14,23,23,22.804517258729497,23.272727272727273,22.818941504178273,0,0.005
19,main,cosine,1,7,2,31,168,27.630860501900315,27.700000000000003,28,1,1,2.55351295663786e-14,28,28,27.671803432712537,28.444444444444443,27.58249158249158,0,0.115
19,main,cosine,1,7,2,32,168,25.256910068914294,25.4,25,1,1,1.1735057370287905e-13,25,25,25.40031073736782,25.6,25.323029366306027,0,0.005
19,main,cosine,1,7,2,33,168,24.952909998595715,24.95,25,1,1,5.595524044110789e-14,25,25,24.934967867803046,25.6,24.93759512937595,0,0.01
19,main,cosine,1,7,2,34,168,22.314655013382435,22.3,22,1,1,3.3306690738754696e-16,22,22,22.306757257858795,23.272727272727273,22.382513661202186,0,0.01
19,main,cosine,1,7,2,35,168,22.364187421277165,22.4,22,1,1,9.992007221626409e-16,22,22,22.385523039346396,23.272727272727273,22.41313269493844,0,0.005
19,main,cosine,1,7,2,36,168,20.103338163346052,20.15,20,1,1,1.4099832412739488e-14,20,20,20.133885881844172,19.692307692307693,20.152521525215253,0,0.065
19,main,cosine,1,7,2,37,168,22.127911921590567,22.25,22,1,1,7.993605777301127e-15,22,22,22.242000496373503,23.272727272727273,22.291156462585032,0,0.02
19,main,cosine,1,7,2,38,168,24.76074235327542,24.95,25,1,1,3.241851231905457e-14,25,25,24.960785644431393,25.6,24.93759512937595,0,0.005
19,main,cosine,1,7,2,39,168,20.15141334757209,20.35,20,1,1,3.552713678800501e-15,20,20,20.34532816218078,19.692307692307693,20.3527950310559,0,0.03
19,main,cosine,1,7,2,40,168,21.183671418577433,21.15,21,1,1,2.220446049250313e-16,21,21,21.159559022119232,21.333333333333332,21.11340206185567,0,0.005
19,main,cosine,1,7,2,41,168,20.40389054082334,20.5,21,1,1,2.4213964167074664e-13,20,21,20.4891004464544,21.333333333333332,20.505632040050063,0,0.015
19,main,cosine,1,7,2,42,168,25.621852418407798,25.55,26,1,1,5.448974604860268e-13,25,26,25.536071719332035,25.6,25.6,0,0.005
19,main,cosine,1,7,2,43,168,26.00989612750709,25.95,26,1,1,1.8063328610651297e-13,26,26,25.957089924911486,25.6,26.047694753577108,0,0.01
19,main,cosine,1,7,2,44,168,22.301494708284736,22.3,22,1,1,1.0180745135812685e-13,22,22,22.30798537909369,23.272727272727273,22.291156462585032,0,0.015
19,main,cosine,1,7,2,45,168,22.440191514790058,22.35,22,1,1,2.142730437526552e-14,22,22,22.366304829962846,23.272727272727273,22.382513661202186,0,0.03
19,main,cosine,1,7,2,46,168,25.142551632598042,25.45,25,1,1,5.662137425588298e-15,25,25,25.432149961490936,25.6,25.480559875583204,0,0.01
19,main,cosine,1,7,2,47,168,26.28769549354911,26.15,26,1,1,9.967582315084655e-13,26,26,26.151222708791252,25.6,26.130781499202552,0,0.005
19,main,cosine,1,7,2,48,168,25.110142029821873,25.15,25,1,1,4.440892098500626e-15,25,25,25.143952781019724,25.6,25.12883435582822,0,0.005
19,main,cosine,1,7,2,49,168,25.944241121411324,25.95,26,1,1,4.440892098500626e-15,26,26,25.93066338387485,25.6,25.96513470681458,0,0.005
19,main,cosine,1,7,2,50,168,24.48072507791221,24.6,25,1,1,4.107825191113079e-14,24,24,24.608328544493517,25.6,24.6006006006006,0,0.005
19,main,cosine,1,7,2,51,168,20.13433630205691,20.1,20,1,1,4.440892098500626e-15,20,20,20.098548298204296,19.692307692307693,20.127764127764127,0,0.09
19,main,cosine,1,7,2,52,168,27.4506441000849,27.4,27,1,1,5.206945985491984e-14,27,28,27.38356422710494,28.444444444444443,27.44388609715243,0,0.07
19,main,cosine,1,7,2,53,168,25.23315425403416,25.05,25,1,1,4.451994328746878e-14,25,25,25.065972669505157,25.6,25.090352220520675,0,0.005
19,main,cosine,1,7,2,54,168,23.304858902469277,23.05,23,1,1,7.771561172376096e-16,23,23,23.040841875357483,23.272727272727273,23.043600562587905,0,0.005
19,main,cosine,1,7,2,55,168,26.909533139318228,26.950000000000003,27,1,1,3.597122599785507e-14,27,27,26.933288281994734,25.6,26.94736842105263,0,0.02
19,main,cosine,1,7,2,56,168,22.19118913449347,22.05,22,1,1,1.1102230246251565e-15,22,22,22.0322427328498,21.333333333333332,22.05114401076716,0,0.015
19,main,cosine,1,7,2,57,168,21.9935519117862,22,22,1,1,0,22,22,22.021128438775786,21.333333333333332,22.05114401076716,0,0.005
19,main,cosine,1,7,2,58,168,23.55591592937708,23.6,24,1,1,1.3766765505351941e-14,24,24,23.579034310846282,23.272727272727273,23.54022988505747,0,0.005
19,main,cosine,1,7,2,59,168,25.731000727042556,25.9,26,1,1,7.993605777301127e-15,26,26,25.9104349007308,25.6,25.842271293375394,0,0.005
19,main,cosine,1,7,2,60,168,23.921872792765498,23.9,24,1,1,1.3988810110276972e-14,24,24,23.89054035693434,23.272727272727273,23.848617176128094,0,0.005
19,main,cosine,1,7,2,61,168,22.536996824666858,22.6,23,1,1,1.2212453270876722e-14,23,23,22.581608762610085,23.272727272727273,22.629834254143645,0,0.005
19,main,cosine,1,7,2,62,168,20.99040257744491,20.95,21,1,1,2.4424906541753444e-15,21,21,20.96960105090982,21.333333333333332,20.978233034571062,0,0.005
19,main,cosine,1,7,2,63,168,24.66187667287886,24.6,25,1,1,2.0317081350640365e-14,24,25,24.599592997934323,25.6,24.563718140929534,0,0.015
19,main,cosine,1,7,2,64,168,20.005193138495088,20,20,1,1,1.4432899320127035e-15,20,20,19.99840785923584,19.692307692307693,20.029339853300733,0,0.215
19,main,cosine,1,7,2,65,168,25.189619110897183,25.2,25,1,1,9.947598300641403e-14,25,25,25.21437693646183,25.6,25.167434715821813,0,0.005
19,main,cosine,1,7,2,66,168,25.090166917070746,25.05,25,1,1,1.1102230246251565e-16,25,25,25.034253238532195,25.6,25.013740458015267,0,0.005
19,main,cosine,1,7,2,67,168,24.66991305910051,24.55,25,1,1,1.2234657731369225e-13,24,25,24.572930974347667,25.6,24.563718140929534,0,0.005
19,main,cosine,1,7,2,68,168,23.553595077246428,23.65,24,1,1,9.2148511043888e-15,24,24,23.635252541107125,23.272727272727273,23.608069164265128,0,0.01
19,main,cosine,1,7,2,69,168,23.08070839755237,23,23,1,1,7.771561172376096e-16,23,23,22.976872755815844,23.272727272727273,23.01123595505618,0,0.005
19,main,cosine,1,7,2,70,168,24.232512136921287,24,24,1,1,4.6629367034256575e-15,24,24,23.99834474850672,23.272727272727273,23.953216374269005,0,0.01
19,main,cosine,1,7,2,71,168,27.495241217315197,27.4,27,1,1,8.304468224196171e-14,27,27,27.37511039334559,28.444444444444443,27.39799331103679,0,0.055
19,main,cosine,1,7,2,72,168,26.955403495579958,27.05,27,1,1,3.774758283725532e-15,27,27,27.050132250099622,28.444444444444443,27.036303630363037,0,0.005
19,main,cosine,1,7,2,73,168,24.128580765798688,24.1,24,1,1,1.7541523789077473e-14,24,24,24.07979158265139,23.272727272727273,24.023460410557185,0,0.005
19,main,cosine,1,7,2,74,168,20.056689258664846,19.85,20,1,1,0,20,20,19.865668272571913,19.692307692307693,19.907654921020654,0,0.28
19,main,cosine,1,7,2,75,168,27.819168865680695,27.700000000000003,27,1,1,3.2300828678444304e-12,27,28,27.71158627603976,28.444444444444443,27.816638370118845,0,0.145
19,main,cosine,1,7,2,76,168,27.43201812542975,27.3,27,1,1,1.554312234475219e-14,27,27,27.312691629283915,28.444444444444443,27.261231281198004,0,0.035
19,main,cosine,1,7,2,77,168,21.39642956480384,21.4,21,1,1,3.923528169025303e-13,21,21,21.424411520763012,21.333333333333332,21.389033942558747,0,0.005
19,main,cosine,1,7,2,78,168,26.001454224810004,25.95,26,1,1,2.1094237467877974e-15,26,26,25.962104825737153,25.6,26.047694753577108,0,0.005
19,main,cosine,1,7,2,79,168,21.13376517407596,21.2,21,1,1,7.771561172376096e-16,21,21,21.184773533528194,21.333333333333332,21.16795865633075,0,0.005
19,main,cosine,1,7,2,80,168,23.962218226864934,24.15,24,1,1,4.440892098500626e-16,24,24,24.148611274557368,23.272727272727273,24.16519174041298,0,0.01
19,main,cosine,1,7,2,81,168,23.26498905941844,23.2,23,1,1,1.2989609388114332e-14,23,23,23.207995791129477,23.272727272727273,23.206798866855525,0,0.005
19,main,cosine,1,7,2,82,168,20.27572825551033,20.3,20,1,1,2.886579864025407e-15,20,20,20.313581084580274,19.692307692307693,20.302354399008674,0,0.04
19,main,cosine,1,7,2,83,168,22.668913654983044,22.7,23,1,1,2.3780977187470853e-13,23,23,22.715033465606496,23.272727272727273,22.661134163208853,0,0.01
19,main,cosine,1,7,2,84,168,21.870566288009286,21.8,22,1,1,6.661338147750939e-16,22,22,21.805521445212683,21.333333333333332,21.78723404255319,0,0.005
19,main,cosine,1,7,2,85,168,21.773707382380962,21.9,22,1,1,2.3314683517128287e-15,22,22,21.88524795782838,21.333333333333332,21.874499332443257,0,0.005
19,main,cosine,1,7,2,86,168,22.44872678257525,22.55,23,1,1,1.0580425424677742e-13,22,23,22.528026748888472,23.272727272727273,22.536451169188446,0,0.01
19,main,cosine,1,7,2,87,168,24.024094169959426,24,24,1,1,1.687538997430238e-14,24,24,24.011592862922537,23.272727272727273,24.023460410557185,0,0.015
19,main,cosine,1,7,2,88,168,26.152014380320907,26.15,26,1,1,4.574118861455645e-14,26,26,26.129000438131637,25.6,26.130781499202552,0,0.005
19,main,cosine,1,7,2,89,168,25.237346682697535,25.15,25,1,1,1.0758061108617767e-13,25,25,25.165319393742827,25.6,25.206153846153846,0,0.005
19,main,cosine,1,7,2,90,168,26.080735674127936,26,26,1,1,3.4416913763379853e-15,26,26,26.0196662705233,25.6,26.089171974522294,0,0.005
19,main,cosine,1,7,2,91,168,21.23863693140447,21.35,21,1,1,1.6653345369377348e-15,21,21,21.330045165089807,21.333333333333332,21.277922077922078,0,0.005
19,main,cosine,1,7,2,92,168,20.664806907996535,20.7,21,1,1,2.220446049250313e-16,21,21,20.692277092300692,21.333333333333332,20.68686868686869,0,0.01
19,main,cosine,1,7,2,93,168,26.538268584758043,26.55,27,1,1,2.9243274468626623e-13,27,26,26.535232276211133,25.6,26.468497576736674,0,0.005
19,main,cosine,1,7,2,94,168,24.42160290852189,24.5,25,1,1,3.111955138024314e-13,24,25,24.51924926253144,25.6,24.563718140929534,0,0.005
19,main,cosine,1,7,2,95,168,21.321211090311408,21.45,22,1,1,1.800781745942004e-13,21,21,21.443423984701536,21.333333333333332,21.416993464052286,0,0.01
19,main,cosine,1,7,2,96,168,20.79420674033463,20.65,21,1,1,3.6637359812630166e-15,21,21,20.639651333296847,21.333333333333332,20.634760705289672,0,0.015
19,main,cosine,1,7,2,97,168,25.99646893516183,25.8,26,1,1,4.551914400963142e-15,26,26,25.806975920749057,25.6,25.761006289308177,0,0.005
19,main,cosine,1,7,2,98,168,21.274464588612318,21.35,21,1,1,3.774758283725532e-15,21,21,21.337519239621507,21.333333333333332,21.30559167750325,0,0.005
19,main,cosine,1,7,2,99,168,27.43122191540897,27.450000000000003,28,1,1,1.6353585152728556e-13,27,28,27.452660702452743,28.444444444444443,27.44388609715243,0,0.03
19,main,cosine,1,7,2,100,168,26.306282702833414,26.35,26,1,1,6.5503158452884236e-15,26,27,26.324624603876572,25.6,26.383252818035427,0,0.005
19,main,cosine,1,7,2,101,168,20.084976820275187,20.05,20,1,1,1.1102230246251565e-16,20,20,20.069740659778695,19.692307692307693,20.029339853300733,0,0.12
19,main,cosine,1,7,2,102,168,23.464471174404025,23.4,23,1,1,6.494804694057166e-14,23,23,23.386640762290583,23.272727272727273,23.372325249643367,0,0.005
19,main,cosine,1,7,2,103,168,24.848849510774016,24.9,25,1,1,8.659739592076221e-15,25,25,24.921672312019833,25.6,24.89969604863222,0,0.005
19,main,cosine,1,7,2,104,168,24.91350961662829,25.1,25,1,1,3.3306690738754696e-15,25,25,25.091542773088086,25.6,25.12883435582822,0,0.01
19,main,cosine,1,7,2,105,168,21.928855130448937,21.8,22,1,1,2.8976820942716586e-14,22,22,21.79073131185053,21.333333333333332,21.78723404255319,0,0.005
19,main,cosine,1,7,2,106,168,22.427073948085308,22.55,22,1,1,8.215650382226158e-15,22,23,22.531131867616757,23.272727272727273,22.56749311294766,0,0.005
19,main,cosine,1,7,2,107,168,22.5372029915452,22.5,23,1,1,1.1601830607332886e-13,23,22,22.479481873203987,23.272727272727273,22.443835616438356,0,0.01
19,main,cosine,1,7,2,108,168,24.966545313596725,25,25,1,1,2.220446049250313e-16,25,25,25.001373598890492,25.6,25.013740458015267,0,0.005
19,main,cosine,1,7,2,109,168,26.60803228057921,26.700000000000003,27,1,1,3.7192471324942744e-14,27,26,26.697700974472298,25.6,26.684039087947884,0,0.005
19,main,cosine,1,7,2,110,168,24.647281508892775,24.75,25,1,1,7.216449660063518e-14,25,25,24.762012794794337,25.6,24.749244712990937,0,0.005
19,main,cosine,1,7,2,111,168,27.539607042446733,27.25,27,1,1,8.815170815523743e-14,27,28,27.237840017421593,28.444444444444443,27.30666666666667,0,0.04
19,main,cosine,1,7,2,112,168,24.123130977153778,23.95,24,1,1,7.549516567451064e-15,24,24,23.951388651218874,23.272727272727273,24.023460410557185,0,0.01
19,main,cosine,1,7,2,113,168,24.47146967984736,24.4,24,1,1,1.504352198367087e-13,24,24,24.382457371833127,23.272727272727273,24.30860534124629,0,0.02
19,main,cosine,1,7,2,114,168,22.736505262553692,22.8,23,1,1,2.1094237467877974e-15,23,23,22.78362682187349,23.272727272727273,22.787204450625868,0,0.005
19,main,cosine,1,7,2,115,168,21.923405000939965,22,22,1,1,1.1102230246251565e-16,22,22,22.006948484413485,21.333333333333332,21.99194630872483,0,0.01
19,main,cosine,1,7,2,116,168,27.633982634171844,27.55,27,1,1,3.470446152675777e-12,27,27,27.52390416947249,28.444444444444443,27.48993288590604,0,0.065
19,main,cosine,1,7,2,117,168,23.994676154106855,24,24,1,1,1.2401191185062999e-13,24,24,23.977588635753943,23.272727272727273,24.023460410557185,0,0.005
19,main,cosine,1,7,2,118,168,26.400645222514868,26.4,26,1,1,2.55351295663786e-14,26,26,26.38180048071133,25.6,26.425806451612903,0,0.005
19,main,cosine,1,7,2,119,168,23.26991163752973,23.3,23,1,1,1.7763568394002505e-14,23,23,23.294905415484,23.272727272727273,23.272727272727273,0,0.005
19,main,cosine,1,7,2,120,168,25.609255338087678,25.45,25,1,1,1.9562129693895258e-13,25,25,25.439748426147002,25.6,25.4015503875969,0,0.005
19,main,cosine,1,7,2,121,168,23.77824872545898,23.85,24,1,1,1.4432899320127035e-15,24,24,23.8401085364781,23.272727272727273,23.813953488372093,0,0.005
19,main,cosine,1,7,2,122,168,22.267407858744264,22.35,22,1,1,3.3306690738754696e-15,22,22,22.333310300547392,23.272727272727273,22.351978171896317,0,0.015
19,main,cosine,1,7,2,123,168,22.70595272630453,22.7,23,1,1,5.395683899678261e-14,23,23,22.695943761220477,23.272727272727273,22.661134163208853,0,0.005
19,main,cosine,1,7,2,124,168,25.882052136585116,25.9,26,1,1,1.454392162258955e-14,26,26,25.907382454227193,25.6,25.96513470681458,0,0.005
19,main,cosine,1,7,2,125,168,27.171795865520835,27.15,27,1,1,5.551115123125783e-16,27,27,27.131452261157705,28.444444444444443,27.125827814569536,0,0.025
19,main,cosine,1,7,2,126,168,25.882451666519046,25.8,26,1,1,3.885780586188048e-14,26,26,25.810514714091305,25.6,25.842271293375394,0,0.005
19,main,cosine,1,7,2,127,168,24.04893478564918,24.2,24,1,1,1.9984014443252818e-15,24,24,24.225291673573686,23.272727272727273,24.236686390532544,0,0.025
19,main,cosine,1,7,2,128,168,21.379882274195552,21.4,21,1,1,4.1966430330830917e-13,21,21,21.401738190109604,21.333333333333332,21.389033942558747,0,0.005
19,main,cosine,1,7,2,129,168,26.851308723911643,26.65,27,1,1,1.624256285026604e-13,27,27,26.639497633125554,25.6,26.684039087947884,0,0.01
19,main,cosine,1,7,2,130,168,25.32873453758657,25.15,25,1,1,3.552713678800501e-15,25,25,25.129920232086675,25.6,25.12883435582822,0,0.005
19,main,cosine,1,7,2,131,168,26.78280896693468,26.55,27,1,1,5.46229728115577e-14,27,27,26.551330970625322,25.6,26.511326860841425,0,0.005
19,main,cosine,1,7,2,132,168,20.321211606264114,20.3,20,1,1,4.440892098500626e-16,20,20,20.28023534836681,19.692307692307693,20.277227722772277,0,0.04
19,main,cosine,1,7,2,133,168,21.963156886398792,21.85,22,1,1,0,22,22,21.873555956826998,21.333333333333332,21.90374331550802,0,0.005
19,main,cosine,1,7,2,134,168,23.603386422619224,23.55,24,1,1,1.0835776720341528e-13,23,24,23.525340838394836,23.272727272727273,23.54022988505747,0,0.005
19,main,cosine,1,7,2,135,168,22.512530302628875,22.7,23,1,1,7.549516567451064e-15,23,23,22.705648722623053,23.272727272727273,22.661134163208853,0,0.005
19,main,cosine,1,7,2,136,168,26.885819528251886,26.950000000000003,27,1,1,7.327471962526033e-15,27,27,26.958684788520863,28.444444444444443,26.94736842105263,0,0.015
19,main,cosine,1,7,2,137,168,20.400008387863636,20.35,20,1,1,4.218847493575595e-15,20,20,20.32636206216901,19.692307692307693,20.327543424317618,0,0.025
19,main,cosine,1,7,2,138,168,21.295711487531662,21.25,21,1,1,2.90878432451791e-14,21,21,21.246833300073817,21.333333333333332,21.277922077922078,0,0.005
19,main,cosine,1,7,2,139,168,23.812146993353963,23.85,24,1,1,8.326672684688674e-15,24,24,23.858258098333998,23.272727272727273,23.779390420899855,0,0.005
19,main,cosine,1,7,2,140,168,24.699409518390894,24.65,25,1,1,1.254552017826427e-13,25,25,24.65952572164858,25.6,24.674698795180724,0,0.015
19,main,cosine,1,7,2,141,168,24.344668816775084,24.35,24,1,1,6.8833827526759706e-15,24,24,24.35517274793222,23.272727272727273,24.30860534124629,0,0.01
19,main,cosine,1,7,2,142,168,24.86153701506555,25.05,25,1,1,9.126033262418787e-14,25,25,25.036898215070615,25.6,25.013740458015267,0,0.005
19,main,cosine,1,7,2,143,168,23.17910011857748,23.3,23,1,1,4.892863891825527e-12,23,23,23.31382080336125,23.272727272727273,23.305832147937412,0,0.005
19,main,cosine,1,7,2,144,168,25.083744635805488,25,25,1,1,1.687538997430238e-14,25,25,24.981283451949224,25.6,24.975609756097562,0,0.005
19,main,cosine,1,7,2,145,168,20.536565948277712,20.55,21,1,1,3.6415315207705135e-14,21,21,20.545838919906345,21.333333333333332,20.531328320802004,0,0.01
19,main,cosine,1,7,2,146,168,21.955875139683485,21.8,22,1,1,3.3306690738754696e-16,22,22,21.804148912436222,21.333333333333332,21.81624500665779,0,0.01
19,main,cosine,1,7,2,147,168,20.392425514757633,20.4,20,1,1,8.770761894538737e-15,20,20,20.40072135434164,19.692307692307693,20.40348692403487,0,0.03
19,main,cosine,1,7,2,148,168,22.55820053629577,22.55,23,1,1,4.207745263329343e-14,22,23,22.558357028118767,23.272727272727273,22.56749311294766,0,0.005
19,main,cosine,1,7,2,149,168,20.332419376820326,20.4,20,1,1,1.6142642778049776e-13,20,20,20.39751280578585,19.692307692307693,20.40348692403487,0,0.025
19,main,cosine,1,7,2,150,168,21.53158339858055,21.45,21,1,1,4.440892098500626e-15,21,21,21.436369042443417,21.333333333333332,21.445026178010473,0,0.005
19,main,cosine,1,7,2,151,168,25.275228388607502,25.05,25,1,1,1.2656542480726785e-14,25,25,25.04499017437089,25.6,25.051987767584098,0,0.005
19,main,cosine,1,7,2,152,168,25.95515943132341,26,26,1,1,3.2862601528904634e-14,26,26,26.022723854369204,25.6,25.924050632911392,0,0.005
19,main,cosine,1,7,2,153,168,24.946858629584312,24.75,25,1,1,4.085620730620576e-14,25,25,24.77789102205591,25.6,24.749244712990937,0,0.015
19,main,cosine,1,7,2,154,168,20.506149969995022,20.55,21,1,1,7.837730464643755e-12,21,21,20.524710555336764,21.333333333333332,20.531328320802004,0,0.01
19,main,cosine,1,7,2,155,168,26.364528002217412,26.35,26,1,1,4.2743586448068527e-14,26,26,26.365743863188367,25.6,26.383252818035427,0,0.005
19,main,cosine,1,7,2,156,168,22.085438592359424,21.95,22,1,1,1.2867484855405564e-13,22,22,21.960184194259128,21.333333333333332,21.962466487935657,0,0.01
19,main,cosine,1,7,2,157,168,22.998450743034482,22.95,23,1,1,4.440892098500626e-16,23,23,22.961745454964706,23.272727272727273,22.978962131837307,0,0.005
19,main,cosine,1,7,2,158,168,20.804595604538918,20.85,21,1,1,4.440892098500626e-16,21,21,20.8416360411571,21.333333333333332,20.818297331639137,0,0.005
19,main,cosine,1,7,2,159,168,26.619469454512,26.6,27,1,1,1.0590417431899368e-12,26,26,26.57838361888901,25.6,26.554294975688816,0,0.005
19,main,cosine,1,7,2,160,168,26.432310990989208,26.6,27,1,1,5.040412531798211e-14,26,26,26.60434467484851,25.6,26.554294975688816,0,0.005
19,main,cosine,1,7,2,161,168,20.87773578427732,21,21,1,1,1.1102230246251565e-16,21,21,20.97491002634288,21.333333333333332,20.978233034571062,0,0.005
19,main,cosine,1,7,2,162,168,21.58207601867616,21.65,22,1,1,1.6653345369377348e-15,22,22,21.642070494562176,21.333333333333332,21.64332892998679,0,0.005
19,main,cosine,1,7,2,163,168,23.33363376557827,23.35,23,1,1,6.505906924303417e-14,23,23,23.34243896292027,23.272727272727273,23.33903133903134,0,0.005
19,main,cosine,1,7,2,164,168,25.888174267485738,25.7,26,1,1,1.454392162258955e-14,26,26,25.72050272846792,25.6,25.640062597809077,0,0.005
19,main,cosine,1,7,2,165,168,20.7821574639529,20.7,21,1,1,5.329070518200751e-15,21,21,20.70840945402208,21.333333333333332,20.739240506329114,0,0.005
19,main,cosine,1,7,2,166,168,21.819914150983095,21.75,22,1,1,3.68594044175552e-14,22,22,21.731083438442564,21.333333333333332,21.72944297082228,0,0.005
19,main,cosine,1,7,2,167,168,25.885100673884153,26.05,26,1,1,1.5543122344752192e-15,26,26,26.03355518470028,25.6,25.96513470681458,0,0.005
19,main,cosine,1,7,2,168,168,22.412984343245625,22.45,23,1,1,7.072120666862247e-14,23,22,22.467759527330703,23.272727272727273,22.41313269493844,0,0.005
19,main,cosine,1,7,2,169,168,24.484501430764794,24.65,25,1,1,1.5522028107284314e-12,24,25,24.6541152167372,25.6,24.674698795180724,0,0.015
19,main,cosine,1,7,2,170,168,20.143614310771227,20.25,20,1,1,0,20,20,20.226734911733896,19.692307692307693,20.22716049382716,0,0.035
19,main,cosine,1,7,2,171,168,24.457890141755342,24.45,24,1,1,4.218847493575595e-15,24,24,24.46592441941783,25.6,24.453731343283582,0,0.02
19,main,cosine,1,7,2,172,168,27.599895175546408,27.65,28,1,1,6.309397448944765e-13,28,28,27.669376379925865,28.444444444444443,27.722504230118442,0,0.12
19,main,cosine,1,7,2,173,168,21.455360366031528,21.5,22,1,1,7.982503547054876e-14,22,22,21.51888485364726,21.333333333333332,21.529566360052563,0,0.005
19,main,cosine,1,7,2,174,168,26.075846891850233,26,26,1,1,2.015665412358203e-11,26,26,25.98223197908911,25.6,25.96513470681458,0,0.005
19,main,cosine,1,7,2,175,168,22.940254481509328,22.95,23,1,1,1.1102230246251565e-16,23,23,22.928319328647692,23.272727272727273,22.88268156424581,0,0.005
19,main,cosine,1,7,2,176,168,23.277902198955417,23.25,23,1,1,2.90878432451791e-14,23,23,23.22563322511845,23.272727272727273,23.23971631205674,0,0.005
19,main,cosine,1,7,2,177,168,26.630185287445784,26.5,26,1,1,2.1815882433884326e-13,26,27,26.508860449780705,25.6,26.554294975688816,0,0.005
19,main,cosine,1,7,2,178,168,25.688577350229025,25.9,26,1,1,2.3203661214665772e-14,26,26,25.885028720563973,25.6,25.96513470681458,0,0.005
19,main,cosine,1,7,2,179,168,23.251450242474675,23.35,23,1,1,1.1868284133242923e-13,23,23,23.36621873472843,23.272727272727273,23.372325249643367,0,0.005
19,main,cosine,1,7,2,180,168,22.18448406085372,22.25,22,1,1,2.220446049250313e-16,22,22,22.230426781660757,23.272727272727273,22.26086956521739,0,0.02
19,main,cosine,1,7,2,181,168,25.92118071578443,25.95,26,1,1,4.8183679268731794e-14,26,26,25.940992956210405,25.6,25.842271293375394,0,0.005
19,main,cosine,1,7,2,182,168,22.85639850795269,22.95,23,1,1,3.885780586188048e-15,23,23,22.937151510637275,23.272727272727273,22.978962131837307,0,0.005
19,main,cosine,1,7,2,183,168,26.055286990478635,26.05,26,1,1,1.1102230246251565e-16,26,26,26.03191640631169,25.6,25.96513470681458,0,0.005
19,main,cosine,1,7,2,184,168,27.618270931765437,27.700000000000003,28,1,1,9.392486788328824e-14,28,28,27.680030205655317,28.444444444444443,27.675675675675677,0,0.09
19,main,cosine,1,7,2,185,168,20.764434929937124,20.9,21,1,1,8.881784197001252e-16,21,21,20.90919298144835,21.333333333333332,20.95140664961637,0,0.005
19,main,cosine,1,7,2,186,168,22.749895568937063,22.75,23,1,1,2.220446049250313e-16,23,23,22.737917612996092,23.272727272727273,22.755555555555556,0,0.005
19,main,cosine,1,7,2,187,168,22.152032582089305,22.3,22,1,1,5.340172748447003e-14,22,22,22.3167792750244,23.272727272727273,22.26086956521739,0,0.025
19,main,cosine,1,7,2,188,168,21.999631917104125,21.9,22,1,1,1.199040866595169e-14,22,22,21.92517432374666,21.333333333333332,21.90374331550802,0,0.005
19,main,cosine,1,7,2,189,168,24.76485764980316,25.2,25,1,1,2.886579864025407e-14,25,25,25.178121598547552,25.6,25.167434715821813,0,0.005
19,main,cosine,1,7,2,190,168,27.11943477205932,27,27,1,1,2.5413005033669833e-13,27,27,26.99244676869008,28.444444444444443,26.99176276771005,0,0.01
19,main,cosine,1,7,2,191,168,25.316089563071728,25.2,25,1,1,1.2212453270876722e-15,25,25,25.1988987310047,25.6,25.167434715821813,0,0.005
19,main,cosine,1,7,2,192,168,22.07165215164423,21.9,22,1,1,6.661338147750939e-16,22,22,21.922767860434867,21.333333333333332,21.933065595716197,0,0.005
19,main,cosine,1,7,2,193,168,23.711756205186248,23.75,24,1,1,1.3322676295501878e-14,24,24,23.759503715444886,23.272727272727273,23.744927536231884,0,0.005
19,main,cosine,1,7,2,194,168,21.17592927441001,21.05,21,1,1,1.1102230246251565e-16,21,21,21.066164311693612,21.333333333333332,21.11340206185567,0,0.005
19,main,cosine,1,7,2,195,168,21.841669188812375,21.7,22,1,1,9.43689570931383e-15,22,22,21.697808759555375,21.333333333333332,21.70066225165563,0,0.005
19,main,cosine,1,7,2,196,168,20.240384636446834,20.2,20,1,1,3.6637359812630166e-15,20,20,20.22447174659755,19.692307692307693,20.20221948212084,0,0.05
19,main,cosine,1,7,2,197,168,26.207928001880646,26.25,26,1,1,6.605826996519681e-13,26,26,26.23862439779048,25.6,26.298555377207062,0,0.005
19,main,cosine,1,7,2,198,168,21.539712684229016,21.6,22,1,1,0,22,22,21.61725462256934,21.333333333333332,21.614775725593667,0,0.005
19,main,cosine,1,7,2,199,168,26.24627680145204,26.3,26,1,1,4.829470157119431e-14,26,26,26.308595185124805,25.6,26.298555377207062,0,0.005
25,robust,circatidal,0.25,7,0.5,0,672,12.42,12.4,12.5,1,1,3.3191174253488498e-9,12.5,12.5,12.422650571251513,12.19047619047619,12.42153146322972,0,
25,robust,circatidal,0.25,7,0.5,1,672,12.42,12.45,12.5,1,1,0.0000024158235414351026,12.5,12.25,12.455765071520204,12.19047619047619,12.44984802431611,6.589173651150304e-13,
25,robust,circatidal,0.25,7,0.5,2,672,12.42,12.45,12.5,1,1,0.00003547818019677962,12.5,15.5,12.447711900775836,12.19047619047619,12.459315589353611,4.068301251436424e-12,
25,robust,circatidal,0.25,7,0.5,3,672,12.42,12.45,12.5,1,1,2.197897419620176e-9,12.5,12.5,12.448922524383875,12.19047619047619,12.44039483675019,0,
25,robust,circatidal,0.25,7,0.5,4,672,12.42,12.45,12.5,1,1,1.74822925025353e-8,12.5,12.5,12.437954288670317,12.19047619047619,12.44984802431611,0,
25,robust,circatidal,0.25,7,0.5,5,672,12.42,12.45,12.5,1,1,4.276687937121437e-8,12.5,12.5,12.449708837891643,12.19047619047619,12.44039483675019,1.1102230246251565e-16,
25,robust,circatidal,0.25,7,0.5,6,672,12.42,12.35,12.5,1,1,2.5695428329530756e-7,12.25,12.5,12.3477858654572,12.19047619047619,12.337349397590362,0,
25,robust,circatidal,0.25,7,0.5,7,672,12.42,12.35,12.25,1,1,1.8806386004044384e-8,12.25,12.25,12.345063236342432,12.19047619047619,12.346646571213263,0,
25,robust,circatidal,0.25,7,0.5,8,672,12.42,12.25,12.25,1,1,5.225168888678411e-7,12.25,12.25,12.256592164767598,12.19047619047619,12.25430067314884,9.71445146547012e-14,
25,robust,circatidal,0.25,7,0.5,9,672,12.42,12.5,12.5,1,1,3.901743628187404e-8,12.5,12.5,12.490554823210445,12.19047619047619,12.487804878048781,1.0769163338864018e-14,
25,robust,circatidal,0.25,7,0.5,10,672,12.42,12.35,12.25,1,1,0.000002332139518390619,12.25,12.25,12.370482925109082,12.19047619047619,12.365283018867924,3.3306690738754696e-16,
25,robust,circatidal,0.25,7,0.5,11,672,12.42,12.4,12.5,1,1,5.380604850557802e-10,12.5,15.25,12.392819400411494,12.19047619047619,12.393343419062028,0,
25,robust,circatidal,0.25,7,0.5,12,672,12.42,12.45,12.5,1,1,5.564652960643457e-9,12.5,12.5,12.448289274648268,12.19047619047619,12.44039483675019,0,
25,robust,circatidal,0.25,7,0.5,13,672,12.42,12.55,12.5,1,1,9.736185191400182e-10,12.5,12.5,12.546033890491374,12.8,12.545176110260337,0,
25,robust,circatidal,0.25,7,0.5,14,672,12.42,12.35,12.5,1,1,6.352995911562687e-7,12.5,12.5,12.350278826005729,12.19047619047619,12.355957767722474,0,
25,robust,circatidal,0.25,7,0.5,15,672,12.42,12.45,12.5,1,1,0.000002598076486282075,12.5,12.5,12.46330626444391,12.19047619047619,12.459315589353611,1.1102230246251565e-16,
25,robust,circatidal,0.25,7,0.5,16,672,12.42,12.4,12.25,1,1,5.767111954657622e-8,12.25,12.25,12.409388773283741,12.19047619047619,12.412121212121212,0,
25,robust,circatidal,0.25,7,0.5,17,672,12.42,12.45,12.5,1,1,2.2853081649287788e-9,12.5,12.5,12.465214211541626,12.19047619047619,12.468797564687975,0,
25,robust,circatidal,0.25,7,0.5,18,672,12.42,12.45,12.5,1,1,3.762212763547268e-11,12.5,12.5,12.433384050793459,12.19047619047619,12.430955993930198,0,
25,robust,circatidal,0.25,7,0.5,19,672,12.42,12.4,12.5,1,1,7.215557151774021e-9,12.5,12.5,12.380014339693076,12.19047619047619,12.374622356495468,0,
25,robust,circatidal,0.25,7,0.5,20,672,12.42,12.45,12.5,1,1,0.000009124053245157526,12.5,12.5,12.425760787211312,12.19047619047619,12.430955993930198,4.418687638008123e-14,
25,robust,circatidal,0.25,7,0.5,21,672,12.42,12.4,12.25,1,1,7.351372288688651e-9,12.25,12.25,12.400271001837943,12.19047619047619,12.393343419062028,0,
25,robust,circatidal,0.25,7,0.5,22,672,12.42,12.45,12.5,1,1,1.1658598597641401e-7,12.5,12.5,12.455817129029683,12.19047619047619,12.468797564687975,0,
25,robust,circatidal,0.25,7,0.5,23,672,12.42,12.35,12.25,1,1,0.00035016699116863226,12.25,12.25,12.375049857075904,12.19047619047619,12.374622356495468,1.5143564180419844e-10,
25,robust,circatidal,0.25,7,0.5,24,672,12.42,12.45,12.5,1,1,6.855612491030172e-7,12.25,15.25,12.442631288879344,12.19047619047619,12.44984802431611,0,
25,robust,circatidal,0.25,7,0.5,25,672,12.42,12.4,12.5,1,1,4.08558664677372e-9,12.5,12.5,12.38510091258183,12.19047619047619,12.383975812547241,0,
25,robust,circatidal,0.25,7,0.5,26,672,12.42,12.4,12.5,1,1,3.7281033926639395e-8,12.5,12.5,12.391088818754262,12.19047619047619,12.383975812547241,0,
25,robust,circatidal,0.25,7,0.5,27,672,12.42,12.4,12.25,1,1,7.72497377177217e-8,12.25,12.25,12.40027961111371,12.19047619047619,12.393343419062028,0,
25,robust,circatidal,0.25,7,0.5,28,672,12.42,12.45,12.5,1,1,4.639821860052962e-11,12.5,12.5,12.469503243688026,12.19047619047619,12.478293983244479,0,
25,robust,circatidal,0.25,7,0.5,29,672,12.42,12.45,12.5,1,1,8.729961198383762e-11,12.5,12.5,12.463505222202127,12.19047619047619,12.468797564687975,0,
25,robust,circatidal,0.25,7,0.5,30,672,12.42,12.35,12.25,1,1,5.438098882315501e-8,12.25,12.5,12.364991493868384,12.19047619047619,12.374622356495468,0,
25,robust,circatidal,0.25,7,0.5,31,672,12.42,12.4,12.25,1,1,8.951244367949585e-8,12.25,12.25,12.412685692852047,12.19047619047619,12.412121212121212,0,
25,robust,circatidal,0.25,7,0.5,32,672,12.42,12.4,12.5,1,1,1.0971120767422349e-7,12.25,12.25,12.398577259947166,12.19047619047619,12.383975812547241,0,
25,robust,circatidal,0.25,7,0.5,33,672,12.42,12.4,12.25,1,1,1.4350409749397386e-11,12.25,12.5,12.376026659859676,12.19047619047619,12.383975812547241,0,
25,robust,circatidal,0.25,7,0.5,34,672,12.42,12.35,12.25,1,1,5.307645453145327e-7,12.25,12.25,12.338111916452014,12.19047619047619,12.337349397590362,0,
25,robust,circatidal,0.25,7,0.5,35,672,12.42,12.4,12.5,1,1,4.643063711284867e-12,12.5,12.25,12.386681312415115,12.19047619047619,12.383975812547241,0,
25,robust,circatidal,0.25,7,0.5,36,672,12.42,12.35,12.25,1,1,4.905595929471929e-10,12.25,15.25,12.363853717812592,12.19047619047619,12.365283018867924,0,
25,robust,circatidal,0.25,7,0.5,37,672,12.42,12.5,12.5,1,1,0.000009670413274043277,12.5,15.25,12.52380016648934,12.8,12.51642475171887,3.3306690738754696e-16,
25,robust,circatidal,0.25,7,0.5,38,672,12.42,12.4,12.25,1,1,0.0008746937511866504,12.25,12.5,12.397715802641471,12.19047619047619,12.393343419062028,5.733769015137113e-10,
25,robust,circatidal,0.25,7,0.5,39,672,12.42,12.45,12.5,1,1,1.8432368964482748e-9,12.5,12.5,12.474789864242645,12.19047619047619,12.468797564687975,0,
25,robust,circatidal,0.25,7,0.5,40,672,12.42,12.45,12.25,1,1,3.183000529816127e-10,12.25,12.5,12.428415650775026,12.19047619047619,12.430955993930198,0,
25,robust,circatidal,0.25,7,0.5,41,672,12.42,12.45,12.5,1,1,0.000098755713869636,12.5,12.25,12.430967206197861,12.19047619047619,12.42153146322972,9.325873406851315e-15,
25,robust,circatidal,0.25,7,0.5,42,672,12.42,12.35,12.5,1,1,4.709290681859102e-7,12.5,12.25,12.337418179575272,12.19047619047619,12.346646571213263,7.549516567451064e-15,
25,robust,circatidal,0.25,7,0.5,43,672,12.42,12.45,12.5,1,1,6.055213108702162e-9,12.5,12.25,12.428304907017845,12.19047619047619,12.42153146322972,0,
25,robust,circatidal,0.25,7,0.5,44,672,12.42,12.5,12.5,1,1,2.3424749251432786e-7,12.5,12.5,12.499819514287996,12.8,12.497330282227308,0,
25,robust,circatidal,0.25,7,0.5,45,672,12.42,12.4,12.25,1,1,1.7429013565717355e-7,12.25,12.5,12.406168721209674,12.19047619047619,12.412121212121212,0,
25,robust,circatidal,0.25,7,0.5,46,672,12.42,12.35,12.25,1,1,3.0123604721765673e-9,12.25,12.25,12.372074926370754,12.19047619047619,12.365283018867924,0,
25,robust,circatidal,0.25,7,0.5,47,672,12.42,12.45,12.5,1,1,9.832412661836543e-10,12.5,12.5,12.459629071561357,12.19047619047619,12.44984802431611,0,
25,robust,circatidal,0.25,7,0.5,48,672,12.42,12.4,12.5,1,1,3.4123151859688505e-8,12.5,12.5,12.383953633622557,12.19047619047619,12.383975812547241,0,
25,robust,circatidal,0.25,7,0.5,49,672,12.42,12.5,12.25,1,1,0.00001662802754143211,12.25,12.5,12.499569563894383,12.8,12.506870229007633,1.6853185513809876e-13,
25,robust,circatidal,0.25,7,0.5,50,672,12.42,12.5,12.5,1,1,3.9260436857091463e-7,12.5,12.5,12.48049921573058,12.19047619047619,12.478293983244479,0,
25,robust,circatidal,0.25,7,0.5,51,672,12.42,12.4,12.5,1,1,1.9123964745126898e-8,12.5,12.5,12.408499670495855,12.19047619047619,12.402725208175625,0,
25,robust,circatidal,0.25,7,0.5,52,672,12.42,12.45,12.5,1,1,2.0035757830605405e-8,12.5,12.5,12.474463020470198,12.19047619047619,12.478293983244479,0,
25,robust,circatidal,0.25,7,0.5,53,672,12.42,12.45,12.5,0,0,0.013171625842491985,12.5,12.5,12.443930683428222,12.19047619047619,12.44039483675019,5.450677686980043e-10,
25,robust,circatidal,0.25,7,0.5,54,672,12.42,12.45,12.5,1,1,2.8037940169589604e-7,12.5,12.5,12.465986015495561,12.19047619047619,12.468797564687975,0,
25,robust,circatidal,0.25,7,0.5,55,672,12.42,12.4,12.5,1,1,1.357054690842574e-9,12.5,12.5,12.424838819012724,12.19047619047619,12.430955993930198,0,
25,robust,circatidal,0.25,7,0.5,56,672,12.42,12.4,12.25,1,1,0.000002305861180773583,12.25,12.25,12.407321497111049,12.19047619047619,12.412121212121212,1.1102230246251565e-16,
25,robust,circatidal,0.25,7,0.5,57,672,12.42,12.45,12.5,1,1,9.454822315069222e-7,12.5,12.5,12.439301995629553,12.19047619047619,12.430955993930198,3.219646771412954e-15,
25,robust,circatidal,0.25,7,0.5,58,672,12.42,12.45,12.5,1,1,2.3564405982057224e-9,12.5,12.5,12.42559034741845,12.19047619047619,12.42153146322972,0,
25,robust,circatidal,0.25,7,0.5,59,672,12.42,12.5,12.5,1,1,1.0339252787261444e-9,12.5,12.5,12.485596587083242,12.8,12.497330282227308,2.3514523661560816e-13,
25,robust,circatidal,0.25,7,0.5,60,672,12.42,12.4,12.5,1,1,5.1537414336166876e-9,12.5,12.5,12.400179705683037,12.19047619047619,12.393343419062028,0,
25,robust,circatidal,0.25,7,0.5,61,672,12.42,12.45,12.25,1,1,0.00004368931512743757,12.25,12.5,12.43685564213426,12.19047619047619,12.44039483675019,9.114931032172535e-14,
25,robust,circatidal,0.25,7,0.5,62,672,12.42,12.45,12.5,1,1,1.6653345369377348e-15,12.5,12.5,12.44727619340503,12.19047619047619,12.459315589353611,0,
25,robust,circatidal,0.25,7,0.5,63,672,12.42,12.45,12.5,1,1,9.408097634278079e-10,12.5,12.5,12.466500601744107,12.19047619047619,12.478293983244479,0,
25,robust,circatidal,0.25,7,0.5,64,672,12.42,12.45,12.25,1,1,5.271332192968714e-8,12.25,12.25,12.452463066130395,12.19047619047619,12.459315589353611,1.4432899320127035e-15,
25,robust,circatidal,0.25,7,0.5,65,672,12.42,12.45,12.5,1,1,4.4536791921068186e-8,12.5,12.5,12.425149528031737,12.19047619047619,12.44039483675019,0,
25,robust,circatidal,0.25,7,0.5,66,672,12.42,12.3,12.5,1,1,0.00002279873752220052,12.5,12.25,12.294778783117662,12.19047619047619,12.291072768192048,2.7724822437846797e-11,
25,robust,circatidal,0.25,7,0.5,67,672,12.42,12.5,12.5,1,1,6.987793343959936e-9,12.5,15.25,12.499391977422773,12.8,12.506870229007633,0,
25,robust,circatidal,0.25,7,0.5,68,672,12.42,12.45,12.5,1,1,1.9329462475070613e-8,12.5,12.5,12.450259339741324,12.19047619047619,12.459315589353611,0,
25,robust,circatidal,0.25,7,0.5,69,672,12.42,12.5,12.5,1,1,6.465289981161249e-7,12.5,12.5,12.502957286620399,12.8,12.497330282227308,0,
25,robust,circatidal,0.25,7,0.5,70,672,12.42,12.5,12.5,1,1,5.533620140996121e-7,12.5,15.25,12.509802105855751,12.8,12.51642475171887,8.548717289613705e-15,
25,robust,circatidal,0.25,7,0.5,71,672,12.42,12.45,12.5,1,1,0.0000016596326030127173,12.5,12.5,12.469290423860505,12.19047619047619,12.478293983244479,6.661338147750939e-16,
25,robust,circatidal,0.25,7,0.5,72,672,12.42,12.4,12.5,1,1,3.484657007390979e-12,12.5,12.5,12.418466898785965,12.19047619047619,12.412121212121212,0,
25,robust,circatidal,0.25,7,0.5,73,672,12.42,12.4,12.25,1,1,0.00014750639048266567,12.25,12.5,12.393931091644978,12.19047619047619,12.402725208175625,5.0959236830294685e-14,
25,robust,circatidal,0.25,7,0.5,74,672,12.42,12.35,12.25,1,1,0.000011838594194513163,12.25,12.25,12.351709128515843,12.19047619047619,12.355957767722474,2.7755575615628914e-15,
25,robust,circatidal,0.25,7,0.5,75,672,12.42,12.55,12.5,1,1,7.048396866160545e-8,12.5,12.5,12.56867031603868,12.8,12.56441717791411,0,
25,robust,circatidal,0.25,7,0.5,76,672,12.42,12.4,12.25,1,1,8.11152367496959e-10,12.25,12.25,12.390533003833912,12.19047619047619,12.402725208175625,0,
25,robust,circatidal,0.25,7,0.5,77,672,12.42,12.55,12.5,1,1,0.0000143840647949256,12.5,12.5,12.555397383540535,12.8,12.545176110260337,3.502309553482519e-12,
25,robust,circatidal,0.25,7,0.5,78,672,12.42,12.35,12.5,1,1,5.645129352860323e-8,12.5,15.25,12.346888801543214,12.19047619047619,12.355957767722474,0,
25,robust,circatidal,0.25,7,0.5,79,672,12.42,12.5,12.5,1,1,2.4626523043025372e-11,12.5,12.5,12.490846748921257,12.8,12.497330282227308,0,
25,robust,circatidal,0.25,7,0.5,80,672,12.42,12.4,12.25,1,1,0.000001424082665790749,12.25,12.25,12.402618949252172,12.19047619047619,12.393343419062028,7.482903185973555e-14,
25,robust,circatidal,0.25,7,0.5,81,672,12.42,12.45,12.5,1,1,0.0000019005467788435482,12.5,12.5,12.442357597312713,12.19047619047619,12.44984802431611,2.220446049250313e-16,
25,robust,circatidal,0.25,7,0.5,82,672,12.42,12.45,12.25,1,1,0.000005973370829082114,12.25,12.5,12.441092113027423,12.19047619047619,12.430955993930198,0,
25,robust,circatidal,0.25,7,0.5,83,672,12.42,12.35,12.25,1,1,6.343710360345867e-7,12.25,12.25,12.36361095530032,12.19047619047619,12.365283018867924,2.7755575615628914e-15,
25,robust,circatidal,0.25,7,0.5,84,672,12.42,12.4,12.5,1,1,2.0304313785857175e-10,12.5,12.5,12.413780628057491,12.19047619047619,12.412121212121212,0,
25,robust,circatidal,0.25,7,0.5,85,672,12.42,12.45,12.25,1,1,0.000006705273773333076,12.25,12.5,12.45655167608734,12.19047619047619,12.44984802431611,1.1102230246251565e-16,
25,robust,circatidal,0.25,7,0.5,86,672,12.42,12.5,12.5,1,1,0.0000021734050855704012,12.5,12.5,12.51995942028152,12.8,12.51642475171887,3.3306690738754696e-16,
25,robust,circatidal,0.25,7,0.5,87,672,12.42,12.45,12.5,1,1,5.225347377013634e-8,12.5,12.5,12.446492833625067,12.19047619047619,12.44039483675019,0,
25,robust,circatidal,0.25,7,0.5,88,672,12.42,12.5,12.75,1,1,6.192160705298377e-7,12.75,12.5,12.484737597156013,12.19047619047619,12.478293983244479,0,
25,robust,circatidal,0.25,7,0.5,89,672,12.42,12.5,12.5,1,1,3.932124625904976e-10,12.5,12.5,12.490522930527817,12.19047619047619,12.487804878048781,0,
25,robust,circatidal,0.25,7,0.5,90,672,12.42,12.45,12.5,1,1,9.83921089048323e-9,12.5,12.5,12.430487584835042,12.19047619047619,12.430955993930198,0,
25,robust,circatidal,0.25,7,0.5,91,672,12.42,12.6,12.5,1,1,1.2972597551730303e-8,12.5,12.75,12.588766634900992,12.8,12.593389700230592,0,
25,robust,circatidal,0.25,7,0.5,92,672,12.42,12.5,12.75,1,1,0.00000582226112821882,12.75,12.5,12.51671037622116,12.8,12.51642475171887,9.992007221626409e-16,
25,robust,circatidal,0.25,7,0.5,93,672,12.42,12.4,12.5,1,1,1.4756328181597667e-7,12.5,15.25,12.413538657349383,12.19047619047619,12.42153146322972,0,
25,robust,circatidal,0.25,7,0.5,94,672,12.42,12.5,12.5,1,1,0.00000578371174664305,12.5,12.5,12.483074385415431,12.8,12.487804878048781,0,
25,robust,circatidal,0.25,7,0.5,95,672,12.42,12.5,12.75,1,1,0.00021508945871806517,12.25,12.75,12.495093671806966,12.8,12.487804878048781,4.1089354141377044e-13,
25,robust,circatidal,0.25,7,0.5,96,672,12.42,12.4,12.5,1,1,2.629867646986028e-7,12.5,12.5,12.420396788529557,12.19047619047619,12.412121212121212,0,
25,robust,circatidal,0.25,7,0.5,97,672,12.42,12.5,12.5,1,1,3.0550574281473786e-7,12.5,12.5,12.495194220836131,12.19047619047619,12.487804878048781,1.1102230246251565e-16,
25,robust,circatidal,0.25,7,0.5,98,672,12.42,12.5,12.5,1,1,0.0000011718228140056297,12.5,12.5,12.482356198690978,12.19047619047619,12.478293983244479,0,
25,robust,circatidal,0.25,7,0.5,99,672,12.42,12.4,12.25,1,1,0.00011387174062371663,12.25,15.25,12.393384348770246,12.19047619047619,12.393343419062028,9.197531625204647e-12,
25,robust,circatidal,0.25,7,0.5,100,672,12.42,12.35,12.5,1,1,5.028289129516139e-8,12.5,12.25,12.332340096388684,12.19047619047619,12.328066215199398,0,
25,robust,circatidal,0.25,7,0.5,101,672,12.42,12.4,12.25,1,1,8.674606588598976e-10,12.25,12.5,12.412968407717267,12.19047619047619,12.402725208175625,0,
25,robust,circatidal,0.25,7,0.5,102,672,12.42,12.25,12.25,1,1,3.007594173709549e-13,12.25,12.25,12.254479968341414,12.19047619047619,12.25430067314884,0,
25,robust,circatidal,0.25,7,0.5,103,672,12.42,12.4,12.5,1,1,6.066261604154022e-9,12.5,12.5,12.416348112838465,12.19047619047619,12.42153146322972,0,
25,robust,circatidal,0.25,7,0.5,104,672,12.42,12.4,12.5,1,1,5.919114945962534e-7,12.5,12.5,12.404871817711573,12.19047619047619,12.393343419062028,0,
25,robust,circatidal,0.25,7,0.5,105,672,12.42,12.35,12.5,1,1,6.1205617241100185e-9,12.25,12.25,12.363709789146728,12.19047619047619,12.365283018867924,0,
25,robust,circatidal,0.25,7,0.5,106,672,12.42,12.3,12.25,1,1,0.000011399570000070192,12,12.25,12.289467439260987,12.19047619047619,12.281859070464767,2.6645352591003757e-15,
25,robust,circatidal,0.25,7,0.5,107,672,12.42,12.35,12.25,1,1,1.616533462645009e-9,12.25,12.25,12.348594884094714,12.19047619047619,12.337349397590362,0,
25,robust,circatidal,0.25,7,0.5,108,672,12.42,12.4,12.5,1,1,1.4692802530191784e-11,12.5,12.5,12.391873987589882,12.19047619047619,12.393343419062028,0,
25,robust,circatidal,0.25,7,0.5,109,672,12.42,12.35,12.5,1,1,2.260571577705761e-7,12.5,15.25,12.372250624873633,12.19047619047619,12.374622356495468,2.9976021664879227e-15,
25,robust,circatidal,0.25,7,0.5,110,672,12.42,12.5,12.5,1,1,5.436021917049061e-7,12.5,12.25,12.486694213064998,12.8,12.497330282227308,0,
25,robust,circatidal,0.25,7,0.5,111,672,12.42,12.55,12.5,1,1,0.00011645628502610084,12.5,12.5,12.528214973039193,12.8,12.51642475171887,1.0380585280245214e-13,
25,robust,circatidal,0.25,7,0.5,112,672,12.42,12.45,12.5,1,1,5.473399511402022e-14,12.5,12.5,12.43267665143692,12.19047619047619,12.430955993930198,0,
25,robust,circatidal,0.25,7,0.5,113,672,12.42,12.45,12.5,1,1,4.229438799185914e-8,12.5,12.25,12.44324124637648,12.19047619047619,12.44039483675019,0,
25,robust,circatidal,0.25,7,0.5,114,672,12.42,12.35,12.25,1,1,1.0040251530174515e-7,12.25,12.25,12.360843180371184,12.19047619047619,12.365283018867924,4.440892098500626e-16,
25,robust,circatidal,0.25,7,0.5,115,672,12.42,12.4,12.25,1,1,1.8248211830496075e-9,12.25,12.25,12.398240916683557,12.19047619047619,12.402725208175625,0,
25,robust,circatidal,0.25,7,0.5,116,672,12.42,12.4,12.5,1,1,2.953515314541022e-7,12.5,12.5,12.382762112150195,12.19047619047619,12.383975812547241,1.7763568394002505e-15,
25,robust,circatidal,0.25,7,0.5,117,672,12.42,12.4,12.5,1,1,1.3922510921915432e-9,12.5,12.5,12.415838090345881,12.19047619047619,12.402725208175625,0,
25,robust,circatidal,0.25,7,0.5,118,672,12.42,12.5,12.5,1,1,0.0000026378736566190497,12.5,15.25,12.476031659192282,12.19047619047619,12.478293983244479,2.220446049250313e-16,
25,robust,circatidal,0.25,7,0.5,119,672,12.42,12.4,12.5,1,1,3.5562829947544117e-7,12.25,12.25,12.413625916488417,12.19047619047619,12.412121212121212,0,
25,robust,circatidal,0.25,7,0.5,120,672,12.42,12.45,12.5,1,1,1.0574191189327564e-8,12.5,12.5,12.437095530247394,12.19047619047619,12.430955993930198,2.220446049250313e-16,
25,robust,circatidal,0.25,7,0.5,121,672,12.42,12.4,12.5,1,1,1.72599110559446e-8,12.5,12.5,12.405333978455044,12.19047619047619,12.402725208175625,0,
25,robust,circatidal,0.25,7,0.5,122,672,12.42,12.45,12.75,1,1,0.000009030264528031573,12.75,12.5,12.429353464682755,12.19047619047619,12.430955993930198,1.1102230246251565e-16,
25,robust,circatidal,0.25,7,0.5,123,672,12.42,12.45,12.5,1,1,0.000005021633245116952,12.5,12.5,12.4307706530733,12.19047619047619,12.42153146322972,0,
25,robust,circatidal,0.25,7,0.5,124,672,12.42,12.5,12.5,1,1,6.414179187785862e-10,12.5,12.5,12.49804026637688,12.8,12.497330282227308,0,
25,robust,circatidal,0.25,7,0.5,125,672,12.42,12.45,12.5,1,1,3.4299230122769586e-12,12.5,12.5,12.45235932734962,12.19047619047619,12.44984802431611,0,
25,robust,circatidal,0.25,7,0.5,126,672,12.42,12.4,12.25,1,1,0.00001195854349800296,12.25,12.25,12.391039697183757,12.19047619047619,12.393343419062028,2.220446049250313e-15,
25,robust,circatidal,0.25,7,0.5,127,672,12.42,12.45,12.5,1,1,4.6163135869470295e-8,12.5,12.5,12.446864085181177,12.19047619047619,12.459315589353611,0,
25,robust,circatidal,0.25,7,0.5,128,672,12.42,12.45,12.25,1,1,6.681768105476493e-8,12.25,12.5,12.438232058774235,12.19047619047619,12.44039483675019,0,
25,robust,circatidal,0.25,7,0.5,129,672,12.42,12.55,12.5,1,1,1.6275892045225504e-7,12.5,12.5,12.538881134394243,12.8,12.545176110260337,9.992007221626409e-16,
25,robust,circatidal,0.25,7,0.5,130,672,12.42,12.5,12.5,1,1,0.000010531746360786798,12.5,12.5,12.477283902829893,12.19047619047619,12.468797564687975,8.43769498715119e-15,
25,robust,circatidal,0.25,7,0.5,131,672,12.42,12.35,12.25,1,1,0.0002225495514575071,12.25,15.25,12.341492830192045,12.19047619047619,12.337349397590362,4.038880341283857e-12,
25,robust,circatidal,0.25,7,0.5,132,672,12.42,12.45,12.5,1,1,0.000051077824488876544,12.5,12.75,12.457224679577196,12.19047619047619,12.44984802431611,6.661338147750939e-16,
25,robust,circatidal,0.25,7,0.5,133,672,12.42,12.5,12.5,1,1,1.7595120915814277e-8,12.5,12.5,12.513928715675066,12.8,12.51642475171887,0,
25,robust,circatidal,0.25,7,0.5,134,672,12.42,12.4,12.5,1,1,8.704460956465709e-7,12.25,12.5,12.41782246900314,12.19047619047619,12.412121212121212,0,
25,robust,circatidal,0.25,7,0.5,135,672,12.42,12.5,12.5,1,1,0.0000064765482302719946,12.5,12.5,12.515672608215732,12.8,12.51642475171887,5.085931675807842e-12,
25,robust,circatidal,0.25,7,0.5,136,672,12.42,12.4,12.5,1,1,8.243139504315877e-11,12.5,12.25,12.393800792218254,12.19047619047619,12.383975812547241,0,
25,robust,circatidal,0.25,7,0.5,137,672,12.42,12.45,12.25,1,1,0.000005943192935120578,12.25,12.5,12.429702559254261,12.19047619047619,12.430955993930198,4.440892098500626e-16,
25,robust,circatidal,0.25,7,0.5,138,672,12.42,12.4,12.5,1,1,1.5767866234916994e-8,12.5,12.5,12.4164351414324,12.19047619047619,12.412121212121212,0,
25,robust,circatidal,0.25,7,0.5,139,672,12.42,12.4,12.5,1,1,0.00000396308883954255,12.25,12.5,12.418487458190095,12.19047619047619,12.412121212121212,4.440892098500626e-16,
25,robust,circatidal,0.25,7,0.5,140,672,12.42,12.35,12.25,1,1,9.912581866444725e-11,12.25,12.25,12.325713075989787,12.19047619047619,12.328066215199398,0,
25,robust,circatidal,0.25,7,0.5,141,672,12.42,12.25,12.5,1,1,0.000031128541916336516,12.5,12.25,12.262328325249731,12.19047619047619,12.263473053892216,2.207449778524051e-10,
25,robust,circatidal,0.25,7,0.5,142,672,12.42,12.4,12.5,1,1,3.263635275363441e-7,12.5,12.5,12.422321306202607,12.19047619047619,12.430955993930198,0,
25,robust,circatidal,0.25,7,0.5,143,672,12.42,12.4,12.5,1,1,1.0628136248858056e-7,12.5,12.5,12.405379515271006,12.19047619047619,12.402725208175625,0,
25,robust,circatidal,0.25,7,0.5,144,672,12.42,12.4,12.5,1,1,4.4605169802203193e-7,12.5,12.5,12.398251109048283,12.19047619047619,12.393343419062028,5.551115123125783e-16,
25,robust,circatidal,0.25,7,0.5,145,672,12.42,12.45,12.5,1,1,4.109981333044743e-7,12.5,12.5,12.437095560779413,12.19047619047619,12.430955993930198,1.1102230246251565e-16,
25,robust,circatidal,0.25,7,0.5,146,672,12.42,12.4,12.5,1,1,0.000010200918393099556,12.25,12.5,12.37683442391093,12.19047619047619,12.383975812547241,0,
25,robust,circatidal,0.25,7,0.5,147,672,12.42,12.45,12.5,1,1,3.051762365036126e-8,12.5,12.5,12.439026054570311,12.19047619047619,12.430955993930198,0,
25,robust,circatidal,0.25,7,0.5,148,672,12.42,12.45,12.5,1,1,0.000001841325368290292,12.5,12.5,12.457035086454733,12.19047619047619,12.459315589353611,0,
25,robust,circatidal,0.25,7,0.5,149,672,12.42,12.35,12.5,1,1,0.0000016204378369133465,12.5,12.5,12.34242101012376,12.19047619047619,12.346646571213263,2.220446049250313e-16,
25,robust,circatidal,0.25,7,0.5,150,672,12.42,12.35,12.25,1,1,0.0000027374761273346593,12.25,12.25,12.338902208301487,12.19047619047619,12.328066215199398,1.8784973576657649e-13,
25,robust,circatidal,0.25,7,0.5,151,672,12.42,12.3,12.5,1,1,0.0006694509647491298,12.5,13.5,12.285727551055281,12.19047619047619,12.281859070464767,3.921440949739008e-11,
25,robust,circatidal,0.25,7,0.5,152,672,12.42,12.5,12.5,1,1,0.000026198704101254577,12.5,12.25,12.483367284035687,12.19047619047619,12.478293983244479,4.718447854656915e-14,
25,robust,circatidal,0.25,7,0.5,153,672,12.42,12.4,12.5,1,1,3.296054470469656e-7,12.5,12.5,12.377924280003372,12.19047619047619,12.374622356495468,0,
25,robust,circatidal,0.25,7,0.5,154,672,12.42,12.5,12.5,1,1,0.000009221823662364237,12.5,12.5,12.477419612028916,12.19047619047619,12.478293983244479,3.552713678800501e-15,
25,robust,circatidal,0.25,7,0.5,155,672,12.42,12.5,12.5,1,1,1.8086692143981509e-9,12.5,12.5,12.500628677318236,12.8,12.497330282227308,0,
25,robust,circatidal,0.25,7,0.5,156,672,12.42,12.45,12.5,1,1,7.077272101696508e-11,12.5,12.5,12.472899619922279,12.19047619047619,12.468797564687975,0,
25,robust,circatidal,0.25,7,0.5,157,672,12.42,12.45,12.25,1,1,3.0347020807397485e-7,12.25,12.25,12.459188254490558,12.19047619047619,12.468797564687975,5.10702591327572e-15,
25,robust,circatidal,0.25,7,0.5,158,672,12.42,12.35,12.5,1,1,0.000015437919072103234,12.5,15.25,12.365414694339341,12.19047619047619,12.374622356495468,5.995204332975845e-15,
25,robust,circatidal,0.25,7,0.5,159,672,12.42,12.45,12.5,1,1,0.00012905924910444622,12.5,12.5,12.474039095844624,12.19047619047619,12.478293983244479,7.194245199571014e-14,
25,robust,circatidal,0.25,7,0.5,160,672,12.42,12.45,12.25,1,1,1.5986878487694867e-11,12.25,12.25,12.429494751764306,12.19047619047619,12.430955993930198,0,
25,robust,circatidal,0.25,7,0.5,161,672,12.42,12.45,12.25,1,1,8.687003396623538e-7,12.25,12.5,12.431900086331872,12.19047619047619,12.42153146322972,0,
25,robust,circatidal,0.25,7,0.5,162,672,12.42,12.5,12.5,1,1,1.9196819689426547e-9,12.5,12.5,12.500540954882512,12.8,12.497330282227308,0,
25,robust,circatidal,0.25,7,0.5,163,672,12.42,12.55,12.5,1,1,1.4888001720336774e-8,12.5,15.25,12.571666509496843,12.8,12.574059861857252,0,
25,robust,circatidal,0.25,7,0.5,164,672,12.42,12.35,12.25,1,1,2.2426505097428162e-13,12.25,12.25,12.357868820888788,12.19047619047619,12.365283018867924,0,
25,robust,circatidal,0.25,7,0.5,165,672,12.42,12.3,12.25,1,1,0.0000021009246894410083,12.25,12.25,12.32055979321853,12.19047619047619,12.328066215199398,5.551115123125783e-16,
25,robust,circatidal,0.25,7,0.5,166,672,12.42,12.4,12.25,1,1,4.688623378434897e-9,12.25,12.25,12.402627142847027,12.19047619047619,12.402725208175625,0,
25,robust,circatidal,0.25,7,0.5,167,672,12.42,12.4,12.25,1,1,3.7690487331154543e-7,12.25,12.25,12.390839690794863,12.19047619047619,12.383975812547241,0,
25,robust,circatidal,0.25,7,0.5,168,672,12.42,12.4,12.5,1,1,3.384484914548125e-10,12.5,12.5,12.413267603583733,12.19047619047619,12.42153146322972,0,
25,robust,circatidal,0.25,7,0.5,169,672,12.42,12.3,12.5,1,1,0.000007792040278564727,12.5,15.25,12.31085026466607,12.19047619047619,12.30954169797145,5.551115123125783e-16,
25,robust,circatidal,0.25,7,0.5,170,672,12.42,12.35,12.25,1,1,5.644342704336225e-8,12.25,12.25,12.374481127436349,12.19047619047619,12.365283018867924,0,
25,robust,circatidal,0.25,7,0.5,171,672,12.42,12.45,12.5,1,1,0.0000038839984840555175,12.5,12.5,12.439739450499712,12.19047619047619,12.44984802431611,0,
25,robust,circatidal,0.25,7,0.5,172,672,12.42,12.45,12.5,1,1,1.668648652586313e-8,12.5,12.5,12.462352907900538,12.19047619047619,12.468797564687975,0,
25,robust,circatidal,0.25,7,0.5,173,672,12.42,12.3,12.5,1,1,1.2747349908970307e-7,12.5,12.5,12.307967928974332,12.19047619047619,12.30954169797145,1.4210854715202004e-14,
25,robust,circatidal,0.25,7,0.5,174,672,12.42,12.5,12.5,1,1,0.00002404592911431358,12.5,15,12.478206532961845,12.19047619047619,12.468797564687975,3.5371705564557487e-13,
25,robust,circatidal,0.25,7,0.5,175,672,12.42,12.45,12.25,1,1,3.5176573431883185e-7,12.25,12.5,12.445433954863342,12.19047619047619,12.44984802431611,0,
25,robust,circatidal,0.25,7,0.5,176,672,12.42,12.4,12.5,1,1,1.0827649221667457e-8,12.5,15.25,12.40316001921109,12.19047619047619,12.393343419062028,0,
25,robust,circatidal,0.25,7,0.5,177,672,12.42,12.45,12.5,1,1,2.302778129292804e-7,12.5,12.5,12.4500677235365,12.19047619047619,12.44039483675019,0,
25,robust,circatidal,0.25,7,0.5,178,672,12.42,12.45,12.5,1,1,1.3534154907901552e-9,12.5,12.5,12.451063871732451,12.19047619047619,12.459315589353611,0,
25,robust,circatidal,0.25,7,0.5,179,672,12.42,12.4,12.25,1,1,7.109019461992716e-8,12.25,12.25,12.400894937359224,12.19047619047619,12.393343419062028,0,
25,robust,circatidal,0.25,7,0.5,180,672,12.42,12.45,12.75,1,1,0.000011937194916322724,12.75,12.75,12.471613634892572,12.19047619047619,12.487804878048781,1.1102230246251565e-16,
25,robust,circatidal,0.25,7,0.5,181,672,12.42,12.4,12.5,1,1,0.000003351182905619865,12.5,12.5,12.423698647770955,12.19047619047619,12.42153146322972,0,
25,robust,circatidal,0.25,7,0.5,182,672,12.42,12.45,12.5,1,1,9.811096046696832e-7,12.5,12.5,12.459263983465673,12.19047619047619,12.468797564687975,1.1102230246251565e-16,
25,robust,circatidal,0.25,7,0.5,183,672,12.42,12.5,12.5,1,1,0.000007759353570779837,12.5,12.75,12.494777116571619,12.8,12.497330282227308,1.1102230246251565e-16,
25,robust,circatidal,0.25,7,0.5,184,672,12.42,12.4,12.25,1,1,3.159919540474121e-7,12.25,12.25,12.376087759628081,12.19047619047619,12.383975812547241,6.661338147750939e-16,
25,robust,circatidal,0.25,7,0.5,185,672,12.42,12.45,12.5,1,1,0.000008704526912706179,12.5,12.5,12.467663753172758,12.19047619047619,12.468797564687975,2.220446049250313e-16,
25,robust,circatidal,0.25,7,0.5,186,672,12.42,12.35,12.25,1,1,1.6212064357645772e-8,12.25,12.25,12.331507615807569,12.19047619047619,12.328066215199398,0,
25,robust,circatidal,0.25,7,0.5,187,672,12.42,12.45,12.75,1,1,0.000033700906501565875,12.75,12.75,12.462370879771274,12.19047619047619,12.459315589353611,1.5535350783579815e-12,
25,robust,circatidal,0.25,7,0.5,188,672,12.42,12.45,12.5,1,1,2.5312985674208477e-7,12.5,12.5,12.438307994577709,12.19047619047619,12.430955993930198,0,
25,robust,circatidal,0.25,7,0.5,189,672,12.42,12.45,12.5,1,1,3.0156771879674693e-7,12.5,12.5,12.446502449628287,12.19047619047619,12.44039483675019,0,
25,robust,circatidal,0.25,7,0.5,190,672,12.42,12.35,12.5,1,1,3.740309417743504e-8,12.5,12.5,12.335928207332168,12.19047619047619,12.337349397590362,0,
25,robust,circatidal,0.25,7,0.5,191,672,12.42,12.5,12.25,1,1,0.000005794728530683635,12.25,12.25,12.522455415065256,12.8,12.51642475171887,2.815525590449397e-13,
25,robust,circatidal,0.25,7,0.5,192,672,12.42,12.4,12.25,1,1,3.752638089160598e-9,12.25,12.25,12.406262535617042,12.19047619047619,12.402725208175625,0,
25,robust,circatidal,0.25,7,0.5,193,672,12.42,12.45,12.25,1,1,0.0006607455089608916,12.25,12.25,12.438002268085276,12.19047619047619,12.430955993930198,6.876342828476822e-10,
25,robust,circatidal,0.25,7,0.5,194,672,12.42,12.4,12.5,1,1,9.471863404719727e-9,12.5,12.5,12.421494795893352,12.19047619047619,12.42153146322972,0,
25,robust,circatidal,0.25,7,0.5,195,672,12.42,12.35,12.25,1,1,9.537250272861897e-7,12.25,12.5,12.360240368204154,12.19047619047619,12.355957767722474,0,
25,robust,circatidal,0.25,7,0.5,196,672,12.42,12.45,12.5,1,1,3.663870318248996e-10,12.5,12.5,12.45312984073625,12.19047619047619,12.459315589353611,0,
25,robust,circatidal,0.25,7,0.5,197,672,12.42,12.35,12.5,1,1,0.000004895075148225736,12.5,12.25,12.372538461751375,12.19047619047619,12.365283018867924,1.1102230246251565e-16,
25,robust,circatidal,0.25,7,0.5,198,672,12.42,12.55,12.5,0,0,0.010872730451578105,12.5,12.5,12.534513702030784,12.8,12.545176110260337,7.541681390499377e-9,
25,robust,circatidal,0.25,7,0.5,199,672,12.42,12.3,12.25,1,1,4.541669262891901e-10,12.25,15.25,12.305652779164758,12.19047619047619,12.3003003003003,0,
31,robust,square,0.25,7,2,0,672,26.286383287981153,26.3,26.25,1,1,0,26.25,26.25,26.319299256209188,25.6,26.340836012861736,0,
31,robust,square,0.25,7,2,1,672,23.61531045101583,23.65,23.5,1,1,0,23.5,23.5,23.62686784636045,23.272727272727273,23.57410071942446,0,
31,robust,square,0.25,7,2,2,672,21.27963133715093,21.25,21.25,1,1,0,21.25,21.25,21.263200123097093,21.333333333333332,21.22279792746114,0,
31,robust,square,0.25,7,2,3,672,24.9661479704082,25.05,25,1,1,0,25,25,25.053543249861868,25.6,25.051987767584098,0,
31,robust,square,0.25,7,2,4,672,25.15970587171614,25.2,25.25,1,1,0,25.25,25.25,25.192706221445427,25.6,25.244992295839754,0,
31,robust,square,0.25,7,2,5,672,21.388872565701604,21.4,21.5,1,1,0,21.25,21.5,21.381688801752656,21.333333333333332,21.416993464052286,0,
31,robust,square,0.25,7,2,6,672,23.78628409281373,23.9,23.75,1,1,0,23.75,23.75,23.895855542448135,23.272727272727273,23.813953488372093,0,
31,robust,square,0.25,7,2,7,672,21.773467898368835,21.8,21.75,1,1,0,21.75,21.75,21.791833561714803,21.333333333333332,21.78723404255319,0,
31,robust,square,0.25,7,2,8,672,25.431408362463117,25.45,25.5,1,1,0,25.5,25.5,25.4421092339279,25.6,25.440993788819874,0,
31,robust,square,0.25,7,2,9,672,27.2194990683347,27.200000000000003,27.25,1,1,0,27.25,27.25,27.204055603519187,28.444444444444443,27.170812603648425,0,
31,robust,square,0.25,7,2,10,672,27.409687435254455,27.3,27.5,1,1,0,27.25,27.25,27.278395329152904,28.444444444444443,27.261231281198004,0,
31,robust,square,0.25,7,2,11,672,24.000541172921658,23.9,24,1,1,0,24,24,23.91058242200726,23.272727272727273,23.88338192419825,0,
31,robust,square,0.25,7,2,12,672,21.244059909135103,21.2,21.25,1,1,0,21.25,21.25,21.219691162503395,21.333333333333332,21.16795865633075,0,
31,robust,square,0.25,7,2,13,672,22.029678599908948,22.05,22,1,1,0,22,22,22.050633785538512,21.333333333333332,22.021505376344088,0,
31,robust,square,0.25,7,2,14,672,21.2024446465075,21.2,21.25,1,1,0,21.25,21.25,21.188321327122985,21.333333333333332,21.22279792746114,0,
31,robust,square,0.25,7,2,15,672,23.800374859943986,23.8,23.75,1,1,0,23.75,23.75,23.815698721194412,23.272727272727273,23.88338192419825,0,
31,robust,square,0.25,7,2,16,672,21.716155594214797,21.7,21.75,1,1,0,21.75,21.75,21.698711842934564,21.333333333333332,21.70066225165563,0,
31,robust,square,0.25,7,2,17,672,24.929666079580784,24.95,25,1,1,0,25,25,24.947725578191843,25.6,24.93759512937595,0,
31,robust,square,0.25,7,2,18,672,26.09092210046947,26.05,26,1,1,0,26,26,26.065018021516664,25.6,25.96513470681458,0,
31,robust,square,0.25,7,2,19,672,23.72423469647765,23.75,23.75,1,1,0,23.75,23.75,23.769591808743368,23.272727272727273,23.813953488372093,0,
31,robust,square,0.25,7,2,20,672,27.145524330437183,27.15,27,1,1,0,27,27,27.14527058205905,28.444444444444443,27.170812603648425,0,
31,robust,square,0.25,7,2,21,672,20.34249671921134,20.35,20.25,1,1,0,20.25,20.25,20.367312939407057,19.692307692307693,20.378109452736318,0,
31,robust,square,0.25,7,2,22,672,20.680597450584173,20.7,20.75,1,1,0,20.75,20.75,20.695865713434536,21.333333333333332,20.66078184110971,0,
31,robust,square,0.25,7,2,23,672,27.636780709028244,27.75,27.75,1,1,0,27.75,27.75,27.721110017729615,28.444444444444443,27.62900505902192,0,
31,robust,square,0.25,7,2,24,672,21.80033208988607,21.75,21.75,1,1,0,21.75,21.75,21.76867588979457,21.333333333333332,21.758300132802123,0,
31,robust,square,0.25,7,2,25,672,21.28305690921843,21.25,21.25,1,1,0,21.25,21.25,21.246552882039417,21.333333333333332,21.250324254215304,0,
31,robust,square,0.25,7,2,26,672,27.476434025913477,27.55,27.5,1,1,0,27.5,27.5,27.55758125448105,28.444444444444443,27.536134453781514,0,
31,robust,square,0.25,7,2,27,672,22.990913277491927,22.9,23,1,1,0,23,23,22.92033832443039,23.272727272727273,22.914685314685315,0,
31,robust,square,0.25,7,2,28,672,22.220445029437542,22.25,22.25,1,1,0,22.25,22.25,22.262308259562413,21.333333333333332,22.26086956521739,0,
31,robust,square,0.25,7,2,29,672,23.447362679988146,23.45,23.5,1,1,0,23.5,23.5,23.457439352929168,23.272727272727273,23.43919885550787,0,
31,robust,square,0.25,7,2,30,672,25.535989733412862,25.6,25.5,1,1,0,25.5,25.5,25.609248445219396,25.6,25.6,0,
31,robust,square,0.25,7,2,31,672,25.03340970724821,25.05,25,1,1,0,25,25,25.044554671377963,25.6,25.051987767584098,0,
31,robust,square,0.25,7,2,32,672,23.08439271338284,23.05,23,1,1,0,23,23,23.046380285093065,23.272727272727273,23.043600562587905,0,
31,robust,square,0.25,7,2,33,672,24.03501488082111,24.05,24,1,1,0,24,24,24.066523246215183,23.272727272727273,23.988286969253295,0,
31,robust,square,0.25,7,2,34,672,23.04363696090877,23.1,23,1,1,0,23,23,23.096470162194137,23.272727272727273,23.108603667136812,0,
31,robust,square,0.25,7,2,35,672,23.24300156161189,23.25,23.25,1,1,0,23.25,23.25,23.220079289540028,23.272727272727273,23.206798866855525,0,
31,robust,square,0.25,7,2,36,672,20.818503938615322,20.8,20.75,1,1,0,20.75,20.75,20.779241403299903,21.333333333333332,20.76552598225602,0,
31,robust,square,0.25,7,2,37,672,23.44462592713535,23.4,23.5,1,1,0,23.5,23.5,23.37675584107166,23.272727272727273,23.372325249643367,0,
31,robust,square,0.25,7,2,38,672,24.70874810963869,24.65,24.75,1,1,0,24.75,24.75,24.671410585005937,25.6,24.637593984962407,0,
31,robust,square,0.25,7,2,39,672,24.945447588339448,24.95,25,1,1,0,25,25,24.943184900643462,25.6,24.93759512937595,0,
31,robust,square,0.25,7,2,40,672,23.3384868837893,23.35,23.25,1,1,0,23.25,23.25,23.333320900161958,23.272727272727273,23.305832147937412,0,
31,robust,square,0.25,7,2,41,672,26.607594767585397,26.700000000000003,26.5,1,1,0,26.5,26.5,26.6763149612652,25.6,26.72756933115824,0,
31,robust,square,0.25,7,2,42,672,23.165733447298408,23.1,23.25,1,1,0,23.25,23.25,23.12070839233559,23.272727272727273,23.108603667136812,0,
31,robust,square,0.25,7,2,43,672,23.970758771523833,23.95,24,1,1,0,24,24,23.95868041419864,23.272727272727273,23.91824817518248,0,
31,robust,square,0.25,7,2,44,672,22.0927330609411,22.05,22,1,1,0,22,22,22.072211881331828,21.333333333333332,22.021505376344088,0,
31,robust,square,0.25,7,2,45,672,20.0891120582819,20.1,20,1,1,0,20,20,20.09753995753036,19.692307692307693,20.103067484662578,0,
31,robust,square,0.25,7,2,46,672,26.536936240270734,26.55,26.5,1,1,0,26.5,26.5,26.566064771186028,25.6,26.554294975688816,0,
31,robust,square,0.25,7,2,47,672,23.38530446216464,23.35,23.5,1,1,0,23.25,23.5,23.35464159091637,23.272727272727273,23.372325249643367,0,
31,robust,square,0.25,7,2,48,672,25.24989296682179,25.25,25.25,1,1,0,25.25,25.25,25.250201124477297,25.6,25.206153846153846,0,
31,robust,square,0.25,7,2,49,672,21.13670525327325,21.15,21,1,1,0,21,21,21.149894685771,21.333333333333332,21.11340206185567,0,
31,robust,square,0.25,7,2,50,672,20.297103889286518,20.3,20.25,1,1,0,20.25,20.25,20.27805367989738,19.692307692307693,20.277227722772277,0,
31,robust,square,0.25,7,2,51,672,24.372300144284964,24.35,24.5,1,1,0,24.25,24.5,24.359974495639815,25.6,24.38095238095238,0,
31,robust,square,0.25,7,2,52,672,25.693127691745758,25.6,25.75,1,1,0,25.75,25.75,25.618348841653326,25.6,25.5600624024961,0,
31,robust,square,0.25,7,2,53,672,27.33573693037033,27.3,27.25,1,1,0,27.25,27.25,27.268697164646063,28.444444444444443,27.261231281198004,0,
31,robust,square,0.25,7,2,54,672,24.703531846404076,24.8,24.75,1,1,0,24.75,24.75,24.78607837184309,25.6,24.786686838124055,0,
31,robust,square,0.25,7,2,55,672,23.096230532974005,23.1,23,1,1,0,23,23,23.080265245753694,23.272727272727273,23.07605633802817,0,
31,robust,square,0.25,7,2,56,672,26.965866096317768,27,27,1,1,0,27,27,26.99251983586531,28.444444444444443,26.99176276771005,0,
31,robust,square,0.25,7,2,57,672,25.58453456684947,25.55,25.5,1,1,0,25.5,25.5,25.558986988734116,25.6,25.480559875583204,0,
31,robust,square,0.25,7,2,58,672,24.890010902658105,24.9,25,1,1,0,25,25,24.920534350476775,25.6,24.89969604863222,0,
31,robust,square,0.25,7,2,59,672,23.767474073916674,23.8,23.75,1,1,0,23.75,23.75,23.799692953730975,23.272727272727273,23.744927536231884,0,
31,robust,square,0.25,7,2,60,672,21.098398813977838,21.15,21,1,1,0,21,21,21.13346050343373,21.333333333333332,21.086229086229086,0,
31,robust,square,0.25,7,2,61,672,24.627818148583174,24.65,24.5,1,1,0,24.5,24.5,24.636670603411027,25.6,24.674698795180724,0,
31,robust,square,0.25,7,2,62,672,26.57389914058149,26.55,26.5,1,1,0,26.5,26.5,26.56082620263898,25.6,26.511326860841425,0,
31,robust,square,0.25,7,2,63,672,27.01708390377462,27.05,27,1,1,0,27,27,27.070967375912716,28.444444444444443,27.08099173553719,0,
31,robust,square,0.25,7,2,64,672,21.722458252683282,21.7,21.75,1,1,0,21.75,21.75,21.691562947402723,21.333333333333332,21.70066225165563,0,
31,robust,square,0.25,7,2,65,672,26.884799495339394,26.9,26.75,1,1,0,26.75,27,26.914686705951862,25.6,26.90311986863711,0,
31,robust,square,0.25,7,2,66,672,23.45191521756351,23.5,23.5,1,1,0,23.5,23.5,23.487344057727707,23.272727272727273,23.506456241033,0,
31,robust,square,0.25,7,2,67,672,21.47070217318833,21.45,21.5,1,1,0,21.5,21.5,21.460988414991615,21.333333333333332,21.416993464052286,0,
31,robust,square,0.25,7,2,68,672,26.111974947154522,26.1,26,1,1,0,26,26,26.11841010300618,25.6,26.047694753577108,0,
31,robust,square,0.25,7,2,69,672,22.483074948191643,22.5,22.5,1,1,0,22.5,22.5,22.50905118519401,23.272727272727273,22.505494505494507,0,
31,robust,square,0.25,7,2,70,672,26.54102168790996,26.6,26.5,1,1,0,26.5,26.5,26.611779828718472,25.6,26.554294975688816,0,
31,robust,square,0.25,7,2,71,672,23.59543826803565,23.6,23.5,1,1,0,23.5,23.5,23.60772393950775,23.272727272727273,23.57410071942446,0,
31,robust,square,0.25,7,2,72,672,24.321300644427538,24.3,24.25,1,1,0,24.25,24.25,24.29805184063941,23.272727272727273,24.236686390532544,0,
31,robust,square,0.25,7,2,73,672,21.547893583774567,21.5,21.5,1,1,0,21.5,21.5,21.513894879922972,21.333333333333332,21.501312335958005,0,
31,robust,square,0.25,7,2,74,672,24.265195893123746,24.3,24.25,1,1,0,24.25,24.25,24.31291678408714,23.272727272727273,24.344725111441306,0,
31,robust,square,0.25,7,2,75,672,26.67074927315116,26.700000000000003,26.75,1,1,0,26.75,26.75,26.68104234271852,25.6,26.72756933115824,0,
31,robust,square,0.25,7,2,76,672,20.876824628561735,20.85,21,1,1,0,20.75,21,20.854774507601498,21.333333333333332,20.818297331639137,0,
31,robust,square,0.25,7,2,77,672,26.52147711440921,26.6,26.5,1,1,0,26.5,26.5,26.59639479780958,25.6,26.5974025974026,0,
31,robust,square,0.25,7,2,78,672,26.37737089395523,26.4,26.25,1,1,0,26.25,26.25,26.389296161426554,25.6,26.340836012861736,0,
31,robust,square,0.25,7,2,79,672,26.871118200942874,26.85,26.75,1,1,0,26.75,27,26.84560608369974,25.6,26.859016393442623,0,
31,robust,square,0.25,7,2,80,672,21.947242276743054,21.9,22,1,1,0,22,22,21.89497272231888,21.333333333333332,21.90374331550802,0,
31,robust,square,0.25,7,2,81,672,24.89852575212717,24.85,25,1,1,0,24.75,24.75,24.8374356799344,25.6,24.861911987860395,0,
31,robust,square,0.25,7,2,82,672,24.472477031871676,24.5,24.5,1,1,0,24.5,24.5,24.501467628686235,25.6,24.453731343283582,0,
31,robust,square,0.25,7,2,83,672,23.87486012838781,23.9,24,1,1,0,23.75,24,23.90090236576465,23.272727272727273,23.953216374269005,0,
31,robust,square,0.25,7,2,84,672,24.348011219874024,24.3,24.25,1,1,0,24.25,24.25,24.291363123771575,23.272727272727273,24.236686390532544,0,
31,robust,square,0.25,7,2,85,672,26.48540103249252,26.55,26.5,1,1,0,26.5,26.5,26.548048525805115,25.6,26.511326860841425,0,
31,robust,square,0.25,7,2,86,672,24.806016055867076,24.85,24.75,1,1,0,24.75,24.75,24.836357096106926,25.6,24.824242424242424,0,
31,robust,square,0.25,7,2,87,672,23.83590109460056,23.75,23.75,1,1,0,23.75,23.75,23.76688812622901,23.272727272727273,23.710564399421127,0,
31,robust,square,0.25,7,2,88,672,20.36895981989801,20.35,20.25,1,1,0,20.25,20.25,20.32630585849774,19.692307692307693,20.327543424317618,0,
31,robust,square,0.25,7,2,89,672,26.784637819975615,26.8,26.75,1,1,0,26.75,26.75,26.794131830532336,25.6,26.81505728314239,0,
31,robust,square,0.25,7,2,90,672,21.858376298099756,21.85,21.75,1,1,0,21.75,21.75,21.840001752840738,21.333333333333332,21.845333333333333,0,
31,robust,square,0.25,7,2,91,672,25.55381616577506,25.6,25.5,1,1,0,25.5,25.5,25.588552210810423,25.6,25.5202492211838,0,
31,robust,square,0.25,7,2,92,672,23.88993601128459,23.85,24,1,1,0,24,24,23.84262679741451,23.272727272727273,23.813953488372093,0,
31,robust,square,0.25,7,2,93,672,26.198509201407433,26.200000000000003,26.25,1,1,0,26.25,26.25,26.17938844950416,25.6,26.17252396166134,0,
31,robust,square,0.25,7,2,94,672,22.206376576796174,22.2,22.25,1,1,0,22.25,22.25,22.193374256887235,21.333333333333332,22.230664857530527,0,
31,robust,square,0.25,7,2,95,672,26.815136013552547,26.8,26.75,1,1,0,26.75,26.75,26.795051407741205,25.6,26.81505728314239,0,
31,robust,square,0.25,7,2,96,672,27.92077144049108,27.9,28,1,1,0,28,27.75,27.907807229038237,28.444444444444443,27.816638370118845,0,
31,robust,square,0.25,7,2,97,672,27.014764616265893,27.1,27,1,1,0,27,27,27.11477795054551,28.444444444444443,27.125827814569536,0,
31,robust,square,0.25,7,2,98,672,25.030842874199152,25.05,25,1,1,0,25,25,25.04740997335068,25.6,25.051987767584098,0,
31,robust,square,0.25,7,2,99,672,25.79974002018571,25.75,25.75,1,1,0,25.75,25.75,25.72917490519023,25.6,25.72056514913658,0,
31,robust,square,0.25,7,2,100,672,22.094265868887305,22.15,22,1,1,0,22,22,22.146800975940288,21.333333333333332,22.170500676589988,0,
31,robust,square,0.25,7,2,101,672,25.87488431110978,25.8,25.75,1,1,0,25.75,25.75,25.786717101331888,25.6,25.842271293375394,0,
31,robust,square,0.25,7,2,102,672,23.48792922310531,23.5,23.5,1,1,0,23.5,23.5,23.481321245629314,23.272727272727273,23.472779369627506,0,
31,robust,square,0.25,7,2,103,672,27.66929536871612,27.65,27.75,1,1,0,27.75,27.75,27.65340416324549,28.444444444444443,27.769491525423728,0,
31,robust,square,0.25,7,2,104,672,26.345171930268407,26.450000000000003,26.25,1,1,0,26.25,26.25,26.456073582415332,25.6,26.511326860841425,0,
31,robust,square,0.25,7,2,105,672,20.16015967912972,20.2,20.25,1,1,0,20.25,20.25,20.20747137221299,19.692307692307693,20.177339901477833,0,
31,robust,square,0.25,7,2,106,672,26.41572818532586,26.4,26.5,1,1,0,26.5,26.5,26.40420810698785,25.6,26.340836012861736,0,
31,robust,square,0.25,7,2,107,672,25.7373500559479,25.7,25.75,1,1,0,25.75,25.75,25.715271034415004,25.6,25.72056514913658,0,
31,robust,square,0.25,7,2,108,672,21.46052883565426,21.45,21.5,1,1,0,21.5,21.5,21.435761513906684,21.333333333333332,21.416993464052286,0,
31,robust,square,0.25,7,2,109,672,25.96322918124497,25.95,26,1,1,0,26,26,25.953877498560807,25.6,25.924050632911392,0,
31,robust,square,0.25,7,2,110,672,25.411906108260155,25.45,25.5,1,1,0,25.5,25.5,25.430774802436495,25.6,25.4015503875969,0,
31,robust,square,0.25,7,2,111,672,22.6874558031559,22.7,22.75,1,1,0,22.75,22.75,22.707746536591902,23.272727272727273,22.661134163208853,0,
31,robust,square,0.25,7,2,112,672,26.32517563737929,26.3,26.25,1,1,0,26.25,26.25,26.323759826369518,25.6,26.256410256410255,0,
31,robust,square,0.25,7,2,113,672,20.574765684083104,20.55,20.5,1,1,0,20.5,20.5,20.56081331162154,21.333333333333332,20.557089084065243,0,
31,robust,square,0.25,7,2,114,672,22.721644842997193,22.7,22.75,1,1,0,22.75,22.75,22.707049263257574,23.272727272727273,22.69252077562327,0,
31,robust,square,0.25,7,2,115,672,23.06657911464572,23.15,23,1,1,0,23,23,23.126402408051966,23.272727272727273,23.141242937853107,0,
31,robust,square,0.25,7,2,116,672,24.987227711826563,25.05,25,1,1,0,25,25,25.03640037304714,25.6,25.013740458015267,0,
31,robust,square,0.25,7,2,117,672,21.47503479383886,21.5,21.5,1,1,0,21.5,21.5,21.480282949858506,21.333333333333332,21.501312335958005,0,
31,robust,square,0.25,7,2,118,672,20.833655040711164,20.8,20.75,1,1,0,20.75,20.75,20.822260743346238,21.333333333333332,20.844783715012724,0,
31,robust,square,0.25,7,2,119,672,24.2480282317847,24.25,24.25,1,1,0,24.25,24.25,24.23277551735483,23.272727272727273,24.20088626292467,0,
31,robust,square,0.25,7,2,120,672,22.975202741101384,23.05,23,1,1,0,23,23,23.06364692181677,23.272727272727273,23.07605633802817,0,
31,robust,square,0.25,7,2,121,672,22.424511360004544,22.45,22.5,1,1,0,22.5,22.5,22.454901684196756,23.272727272727273,22.474622770919066,0,
31,robust,square,0.25,7,2,122,672,27.350939908996224,27.25,27.25,1,1,0,27.25,27.25,27.26385198571989,28.444444444444443,27.21594684385382,0,
31,robust,square,0.25,7,2,123,672,25.16978113539517,25.15,25.25,1,1,0,25.25,25.25,25.179589172134023,25.6,25.206153846153846,0,
31,robust,square,0.25,7,2,124,672,20.27536420710385,20.25,20.25,1,1,0,20.25,20.25,20.267295035180833,19.692307692307693,20.252163164400493,0,
31,robust,square,0.25,7,2,125,672,26.01056249625981,25.95,26,1,1,0,26,26,25.970523087045795,25.6,26.006349206349206,0,
31,robust,square,0.25,7,2,126,672,24.836770717054605,24.9,24.75,1,1,0,24.75,25,24.905094882314227,25.6,24.89969604863222,0,
31,robust,square,0.25,7,2,127,672,22.170283660292625,22.15,22.25,1,1,0,22.25,22.25,22.164954816019577,21.333333333333332,22.200542005420054,0,
31,robust,square,0.25,7,2,128,672,23.837112240493298,23.8,23.75,1,1,0,23.75,23.75,23.791258026637884,23.272727272727273,23.779390420899855,0,
31,robust,square,0.25,7,2,129,672,22.924196241423488,22.95,23,1,1,0,23,23,22.970611690392058,23.272727272727273,22.978962131837307,0,
31,robust,square,0.25,7,2,130,672,25.30011462420225,25.3,25.25,1,1,0,25.25,25.25,25.290993417712304,25.6,25.244992295839754,0,
31,robust,square,0.25,7,2,131,672,27.291018463671207,27.3,27.25,1,1,0,27.25,27.25,27.308823344399816,28.444444444444443,27.352253756260435,0,
31,robust,square,0.25,7,2,132,672,27.921256225556135,27.9,28,1,1,0,28,27.75,27.920020158322842,28.444444444444443,27.816638370118845,0,
31,robust,square,0.25,7,2,133,672,27.43110826611519,27.450000000000003,27.5,1,1,0,27.5,27.5,27.42726666222157,28.444444444444443,27.352253756260435,0,
31,robust,square,0.25,7,2,134,672,22.63370554894209,22.6,22.75,1,1,0,22.75,22.75,22.61860855882763,23.272727272727273,22.59862068965517,0,
31,robust,square,0.25,7,2,135,672,26.13970390893519,26.15,26.25,1,1,0,26.25,26.25,26.146054503906274,25.6,26.256410256410255,0,
31,robust,square,0.25,7,2,136,672,27.64916269108653,27.65,27.75,1,1,0,27.75,27.5,27.66750989243344,28.444444444444443,27.62900505902192,0,
31,robust,square,0.25,7,2,137,672,25.20340844616294,25.2,25.25,1,1,0,25.25,25.25,25.196233649886704,25.6,25.244992295839754,0,
31,robust,square,0.25,7,2,138,672,21.06607621908188,21.1,21,1,1,0,21,21,21.090077783542103,21.333333333333332,21.11340206185567,0,
31,robust,square,0.25,7,2,139,672,27.504029290750623,27.6,27.5,1,1,0,27.5,27.5,27.59264360285563,28.444444444444443,27.675675675675677,0,
31,robust,square,0.25,7,2,140,672,25.183008331805468,25.2,25.25,1,1,0,25.25,25.25,25.203146831930535,25.6,25.244992295839754,0,
31,robust,square,0.25,7,2,141,672,22.689193850383162,22.75,22.75,1,1,0,22.75,22.75,22.727929713664913,23.272727272727273,22.755555555555556,0,
31,robust,square,0.25,7,2,142,672,26.179532185196877,26.15,26.25,1,1,0,26.25,26.25,26.172617715773686,25.6,26.130781499202552,0,
31,robust,square,0.25,7,2,143,672,26.1210703458637,26.200000000000003,26.25,1,1,0,26.25,26.25,26.190396399703616,25.6,26.256410256410255,0,
31,robust,square,0.25,7,2,144,672,24.66723170131445,24.75,24.75,1,1,0,24.75,24.75,24.73544678060635,25.6,24.749244712990937,0,
31,robust,square,0.25,7,2,145,672,23.995237957686186,24.05,24,1,1,0,24,24,24.047719559822532,23.272727272727273,23.988286969253295,0,
31,robust,square,0.25,7,2,146,672,27.73668490536511,27.8,27.75,1,1,0,27.75,27.75,27.810742404262513,28.444444444444443,27.86394557823129,0,
31,robust,square,0.25,7,2,147,672,22.616683308035135,22.6,22.5,1,1,0,22.5,22.5,22.618997737540198,23.272727272727273,22.56749311294766,0,
31,robust,square,0.25,7,2,148,672,20.099407643079758,20.1,20,1,1,0,20,20,20.08144097476488,19.692307692307693,20.07843137254902,0,
31,robust,square,0.25,7,2,149,672,20.78145259618759,20.75,20.75,1,1,0,20.75,20.75,20.763846286442643,21.333333333333332,20.739240506329114,0,
31,robust,square,0.25,7,2,150,672,24.06332916766405,24.05,24,1,1,0,24,24,24.0742070282533,23.272727272727273,24.12960235640648,0,
31,robust,square,0.25,7,2,151,672,27.423709014430642,27.4,27.5,1,1,0,27.5,27.5,27.415269121527135,28.444444444444443,27.39799331103679,0,
31,robust,square,0.25,7,2,152,672,25.86679578386247,25.85,25.75,1,1,0,25.75,25.75,25.829624173106556,25.6,25.924050632911392,0,
31,robust,square,0.25,7,2,153,672,21.04761629551649,21.05,21,1,1,0,21,21,21.029685048823307,21.333333333333332,21.03209242618742,0,
31,robust,square,0.25,7,2,154,672,27.24953200109303,27.25,27.25,1,1,0,27.25,27.25,27.23642762257684,28.444444444444443,27.261231281198004,0,
31,robust,square,0.25,7,2,155,672,22.809212397783995,22.8,22.75,1,1,0,22.75,22.75,22.812999790091368,23.272727272727273,22.818941504178273,0,
31,robust,square,0.25,7,2,156,672,26.468136608600616,26.450000000000003,26.5,1,1,0,26.5,26.5,26.42640576577293,25.6,26.340836012861736,0,
31,robust,square,0.25,7,2,157,672,26.81410906650126,26.8,26.75,1,1,0,26.75,26.75,26.80516413912287,25.6,26.81505728314239,0,
31,robust,square,0.25,7,2,158,672,21.76042304560542,21.75,21.75,1,1,0,21.75,21.75,21.765630264682787,21.333333333333332,21.758300132802123,0,
31,robust,square,0.25,7,2,159,672,22.66444261185825,22.7,22.75,1,1,0,22.75,22.75,22.68899797358637,23.272727272727273,22.629834254143645,0,
31,robust,square,0.25,7,2,160,672,23.93344538845122,23.9,24,1,1,0,24,24,23.91972412839399,23.272727272727273,23.91824817518248,0,
31,robust,square,0.25,7,2,161,672,26.432304011657834,26.450000000000003,26.5,1,1,0,26.5,26.5,26.441082750662154,25.6,26.468497576736674,0,
31,robust,square,0.25,7,2,162,672,23.342999102547765,23.3,23.25,1,1,0,23.25,23.25,23.275261428163635,23.272727272727273,23.272727272727273,0,
31,robust,square,0.25,7,2,163,672,27.254768274724483,27.4,27.25,1,1,0,27.25,27.25,27.410764140003124,28.444444444444443,27.39799331103679,0,
31,robust,square,0.25,7,2,164,672,24.660021821036935,24.65,24.75,1,1,0,24.75,24.75,24.669139601117937,25.6,24.637593984962407,0,
31,robust,square,0.25,7,2,165,672,23.065309828147292,23.1,23,1,1,0,23,23,23.111095368305232,23.272727272727273,23.108603667136812,0,
31,robust,square,0.25,7,2,166,672,26.050805289298296,26.05,26,1,1,0,26,26,26.050648034586345,25.6,26.047694753577108,0,
31,robust,square,0.25,7,2,167,672,24.396442530676723,24.3,24.5,1,1,0,24.25,24.5,24.316545905686375,23.272727272727273,24.38095238095238,0,
31,robust,square,0.25,7,2,168,672,27.662015236914158,27.75,27.75,1,1,0,27.75,28,27.752375164357186,28.444444444444443,27.86394557823129,0,
31,robust,square,0.25,7,2,169,672,21.3174182549119,21.35,21.25,1,1,0,21.25,21.25,21.36146848470942,21.333333333333332,21.389033942558747,0,
31,robust,square,0.25,7,2,170,672,21.760812802240252,21.85,21.75,1,1,0,21.75,21.75,21.82819262634343,21.333333333333332,21.81624500665779,0,
31,robust,square,0.25,7,2,171,672,25.988170636817813,26.05,26,1,1,0,26,26,26.02685729766712,25.6,26.130781499202552,0,
31,robust,square,0.25,7,2,172,672,26.109934628009796,26.1,26,1,1,0,26,26,26.082565384152346,25.6,26.089171974522294,0,
31,robust,square,0.25,7,2,173,672,26.993223221972585,26.950000000000003,27,1,1,0,27,27,26.962501259180815,28.444444444444443,26.99176276771005,0,
31,robust,square,0.25,7,2,174,672,24.87199368327856,24.85,24.75,1,1,0,24.75,24.75,24.865244467734335,25.6,24.861911987860395,0,
31,robust,square,0.25,7,2,175,672,26.140853276476264,26.35,26.25,1,1,0,26.25,26.25,26.33192159037426,25.6,26.425806451612903,0,
31,robust,square,0.25,7,2,176,672,23.49809712357819,23.45,23.5,1,1,0,23.5,23.5,23.44924748298822,23.272727272727273,23.472779369627506,0,
31,robust,square,0.25,7,2,177,672,27.23348098434508,27.3,27.25,1,1,0,27.25,27.25,27.283402488333458,28.444444444444443,27.30666666666667,0,
31,robust,square,0.25,7,2,178,672,27.678445799276233,27.6,27.75,1,1,0,27.75,27.75,27.602117288932863,28.444444444444443,27.536134453781514,0,
31,robust,square,0.25,7,2,179,672,22.779779573902488,22.85,22.75,1,1,0,22.75,22.75,22.867362503488025,23.272727272727273,22.914685314685315,0,
31,robust,square,0.25,7,2,180,672,22.499376840889454,22.45,22.5,1,1,0,22.5,22.5,22.434653956534373,23.272727272727273,22.443835616438356,0,
31,robust,square,0.25,7,2,181,672,27.386297149583697,27.4,27.5,1,1,0,27.5,27.25,27.404709134013896,28.444444444444443,27.48993288590604,0,
31,robust,square,0.25,7,2,182,672,20.18885643593967,20.2,20.25,1,1,0,20.25,20.25,20.192749014912938,19.692307692307693,20.177339901477833,0,
31,robust,square,0.25,7,2,183,672,26.066780861467123,26.1,26,1,1,0,26,26,26.11582823429313,25.6,26.2144,0,
31,robust,square,0.25,7,2,184,672,25.088380582630634,25,25,1,1,0,25,25,25.004645635057706,25.6,24.975609756097562,0,
31,robust,square,0.25,7,2,185,672,23.57396161556244,23.55,23.5,1,1,0,23.5,23.75,23.550579825127357,23.272727272727273,23.608069164265128,0,
31,robust,square,0.25,7,2,186,672,22.604693669825792,22.6,22.5,1,1,0,22.5,22.75,22.578706362346445,23.272727272727273,22.629834254143645,0,
31,robust,square,0.25,7,2,187,672,25.65755531564355,25.6,25.75,1,1,0,25.75,25.75,25.60868367201654,25.6,25.5600624024961,0,
31,robust,square,0.25,7,2,188,672,26.11437699571252,26.1,26.25,1,1,0,26.25,26,26.099259346618627,25.6,26.006349206349206,0,
31,robust,square,0.25,7,2,189,672,27.45126816444099,27.4,27.5,1,1,0,27.5,27.5,27.411300160186087,28.444444444444443,27.39799331103679,0,
31,robust,square,0.25,7,2,190,672,22.397590570151806,22.4,22.5,1,1,0,22.5,22.5,22.41074178810169,23.272727272727273,22.382513661202186,0,
31,robust,square,0.25,7,2,191,672,26.01411889307201,26.1,26,1,1,0,26,26,26.099370056210404,25.6,26.17252396166134,0,
31,robust,square,0.25,7,2,192,672,26.4331531021744,26.4,26.5,1,1,0,26.5,26.5,26.412255983712292,25.6,26.340836012861736,0,
31,robust,square,0.25,7,2,193,672,22.56210651062429,22.5,22.5,1,1,0,22.5,22.5,22.520812784176982,23.272727272727273,22.56749311294766,0,
31,robust,square,0.25,7,2,194,672,26.172171372920275,26.200000000000003,26.25,1,1,0,26.25,26.25,26.186522264002537,25.6,26.17252396166134,0,
31,robust,square,0.25,7,2,195,672,23.402281887829304,23.4,23.5,1,1,0,23.5,23.5,23.419391379456094,23.272727272727273,23.405714285714286,0,
31,robust,square,0.25,7,2,196,672,21.37460285425186,21.4,21.5,1,1,0,21.25,21.5,21.376831107888613,21.333333333333332,21.416993464052286,0,
31,robust,square,0.25,7,2,197,672,21.187916815280914,21.2,21.25,1,1,0,21.25,21.25,21.22260823613551,21.333333333333332,21.250324254215304,0,
31,robust,square,0.25,7,2,198,672,27.705450056120753,27.700000000000003,27.75,1,1,0,27.75,27.75,27.697460732012253,28.444444444444443,27.769491525423728,0,
31,robust,square,0.25,7,2,199,672,24.747895009815693,24.7,24.75,1,1,0,24.75,24.75,24.7186992200037,25.6,24.749244712990937,0,
37,robust,random20,0.25,7,0.5,0,535,27.60419826582074,27.75,28.25,1,1,0.000047574090345836595,28.25,28.25,27.73979233071174,29.156281920326865,28.117839002616595,0,
37,robust,random20,0.25,7,0.5,1,534,23.694603150710464,23.8,23.75,1,1,0.00008766392648618115,23.75,23.75,23.78842648273021,24.790878914706305,23.983734019808892,1.1102230246251565e-16,
37,robust,random20,0.25,7,0.5,2,543,23.514400338754058,23.95,24.25,0,0,0.002764692756797471,23.75,23.25,23.948504121778292,24.379222253760997,24.14703918467756,1.1186608306346102e-9,
37,robust,random20,0.25,7,0.5,3,554,21.60994990170002,21.65,21.75,1,1,3.0830140373971915e-7,21.75,21.75,21.659713006444548,22.15448204598295,21.45990909535213,0,
37,robust,random20,0.25,7,0.5,4,535,26.448596470057964,26.05,27,0,1,0.0027157128818351417,25.25,25.25,26.049866213092198,26.806491885143576,25.79872903231863,6.805240815310754e-10,
37,robust,random20,0.25,7,0.5,5,536,26.240256667137146,25.9,25.75,1,1,0.0007323734984452379,25,27.25,25.890488594496354,26.75638629283489,25.880232585512843,1.2094769630266455e-12,
37,robust,random20,0.25,7,0.5,6,555,26.870020426809788,26.950000000000003,27.25,1,1,0.0001988840395151792,27.25,27.5,26.944535034127227,28.145717098785692,27.482087153321952,3.3295588508508445e-13,
37,robust,random20,0.25,7,0.5,7,558,25.460937939584255,25,25.5,1,1,0.000001483811369329402,25.5,25.5,25.01141668032442,25.69958108916816,24.702475940527094,6.661338147750939e-16,
37,robust,random20,0.25,7,0.5,8,545,22.819938104599714,22.75,23,1,1,0.000013869579273628752,23,23,22.768096167964217,22.487394957983195,23.159432048681545,0,
37,robust,random20,0.25,7,0.5,9,549,25.88883695192635,26.15,26.75,1,1,0.000019353966769997122,26.25,26.75,26.145363206164234,26.121654501216543,26.32733682012376,0,
37,robust,random20,0.25,7,0.5,10,517,25.997829608619213,25.7,25.75,1,1,0.000013608507864026897,25.75,25.75,25.697375484004827,25.607632677400122,25.66933781638181,0,
37,robust,random20,0.25,7,0.5,11,542,21.402298294007778,21.45,21.25,1,1,1.5612427817224273e-7,21.25,21.5,21.441254456857493,21.16771410967344,21.300844387092774,0,
37,robust,random20,0.25,7,0.5,12,540,24.46505399607122,24.5,26.5,1,1,0.00047499942005646556,24,24,24.528240821246136,24.5149136577708,24.5149136577708,1.9984014443252818e-15,
37,robust,random20,0.25,7,0.5,13,562,23.736448792740703,23.55,24.25,1,1,0.00021884196420629554,24.25,24.25,23.544357768793198,23.553544494720967,23.667329733825895,9.658940314238862e-15,
37,robust,random20,0.25,7,0.5,14,563,26.550107195973396,26.700000000000003,26.25,1,1,0.00021618554859226258,26.25,25.75,26.675734998371247,27.786476868327405,26.98162719352068,4.0211167728898545e-12,
37,robust,random20,0.25,7,0.5,15,549,25.888415340334177,26.25,27,1,1,0.00017013236626151063,27,26.5,26.261350275817037,26.121654501216543,26.18985725448343,2.821043398881784e-11,
37,robust,random20,0.25,7,0.5,16,537,27.54134662076831,27.85,27.25,1,1,0.00003000495789395874,27.25,28.75,27.831418088155935,26.70646766169154,27.6422738061713,0,
37,robust,random20,0.25,7,0.5,17,543,20.218601366505027,20.3,20.75,1,1,0.00007037298842649253,20.75,27.75,20.29866689087213,19.77859778597786,20.253284132841326,2.9976021664879227e-15,
37,robust,random20,0.25,7,0.5,18,519,20.97796087898314,20.7,20.75,1,1,0.00000768241195958641,20.75,20.75,20.690820553208574,20.725868725868725,20.685467422309525,3.15636405900932e-13,
37,robust,random20,0.25,7,0.5,19,541,26.314832381904125,25.85,25.75,1,1,0.0000051266029170715655,25.75,26.25,25.85417530864336,26.508641975308645,25.4482962962963,0,
37,robust,random20,0.25,7,0.5,20,547,24.02104326710105,24.15,25.25,1,1,0.00006929502181240998,24,24,24.15765367686828,24.164553395322624,23.82098154610003,0,
37,robust,random20,0.25,7,0.5,21,537,24.471193067729473,24.35,24.5,0,0,0.0009763487903297063,23.25,24.25,24.325827567497786,24.652123995407578,24.652123995407578,5.839773109528323e-14,
37,robust,random20,0.25,7,0.5,22,532,22.242635680362582,22.15,22.5,1,1,0.000009623381862056135,22.5,22.25,22.157088352185035,21.56635279347144,22.072173434682927,1.1102230246251565e-16,
37,robust,random20,0.25,7,0.5,23,532,26.106894593685865,26.05,24.75,1,1,0.000011066835665873853,24.75,24.75,26.048769591873295,26.91776522284997,25.970909159734646,0,
37,robust,random20,0.25,7,0.5,24,533,22.81989056430757,23.1,23.5,1,1,0.00002833948724190183,22.75,23.5,23.123182109802695,23.06337271750806,22.960868838763577,9.870548822732417e-12,
37,robust,random20,0.25,7,0.5,25,541,20.830007303506136,20.55,30,0,1,0.09446235773670209,21,21,20.556406867822673,21.17530864197531,20.616933363383666,2.690181410969217e-12,
37,robust,random20,0.25,7,0.5,26,553,25.46714785322547,25.2,25.5,1,1,0.0000025492001624050076,25.5,25.25,25.20876071384702,25.855072463768117,25.262971567651288,0,
37,robust,random20,0.25,7,0.5,27,544,24.577814182266593,24.6,25.25,1,1,0.0000512790484209491,25.25,25.25,24.609636836387647,24.334324975208954,24.75080486476021,0,
37,robust,random20,0.25,7,0.5,28,556,26.19692425057292,26.5,26.25,1,1,0.00012284737515799726,26.25,26.5,26.489825242872303,25.792192192192196,26.271092312471623,5.551115123125783e-16,
37,robust,random20,0.25,7,0.5,29,541,20.85016842186451,21.2,20.75,1,1,5.898400703419071e-7,20.75,20.75,21.18061752079785,21.206913580246912,21.031649831649833,1.2212453270876722e-15,
37,robust,random20,0.25,7,0.5,30,543,22.79569266922772,23,23,1,1,0.0003938922660627897,23,23.75,22.978329151822543,22.637849235635212,23.26090930634077,1.6814771797157846e-11,
37,robust,random20,0.25,7,0.5,31,533,22.23587957955897,22.4,22,1,1,0.000029597485513011,22,23.25,22.38457453778637,23.06337271750806,22.708551598777163,1.1102230246251565e-16,
37,robust,random20,0.25,7,0.5,32,537,21.20558744110167,21.1,20.75,1,1,2.7193643159506564e-7,20.75,21.25,21.106417940263256,21.301492537313433,20.824269690245313,0,
37,robust,random20,0.25,7,0.5,33,522,27.59543852508068,27.55,27,0,0,0.002530318650154295,27,26.75,27.549942356217503,27.475367882277673,27.12221405345662,1.2111645020240758e-11,
37,robust,random20,0.25,7,0.5,34,532,22.084691332653165,22.25,22.5,1,1,0.00013435732971622816,22,22.5,22.260053181880988,21.56635279347144,22.072173434682927,2.220446049250313e-16,
37,robust,random20,0.25,7,0.5,35,526,26.48544407263398,26.25,26,1,1,0.000006458909493911591,26,26,26.228438664589905,25.16864468864469,25.85223750734862,3.219646771412954e-15,
37,robust,random20,0.25,7,0.5,36,526,22.334623612463474,22.7,22.5,1,1,0.000412910179659165,22.5,23,22.685597547379274,23.3708843537415,23.01133228676086,7.460698725481052e-14,
37,robust,random20,0.25,7,0.5,37,538,22.41688472777605,22.4,22.25,1,1,0.00003188667848230686,22.25,23,22.40541105888104,22.814578345304596,22.41432258486066,2.142730437526552e-14,
37,robust,random20,0.25,7,0.5,38,534,21.83357848227024,22.15,31.75,0,1,0.15802301689569054,21.75,27.75,22.151034918343278,21.453408380237647,22.003495774602715,1.028066520802895e-13,
37,robust,random20,0.25,7,0.5,39,552,24.87088011018932,24.85,24.75,1,1,0.000649687375513075,24.75,24.75,24.852773637584786,25.90199637023594,24.92823710819699,7.904787935331115e-14,
37,robust,random20,0.25,7,0.5,40,525,23.33047593384981,23.5,24,1,1,0.000001002425209395419,24,24,23.492446167992757,23.4154852780807,23.055247043033305,2.220446049250313e-16,
37,robust,random20,0.25,7,0.5,41,538,26.668334126472473,26.6,28.5,1,1,0.00032722181547484297,25.75,27.25,26.577297020244224,26.656734947237744,26.58749667464751,0,
37,robust,random20,0.25,7,0.5,42,538,21.40347222983837,21.35,22.5,1,1,0.00008267023482311231,21.75,21.25,21.343516186406493,21.261824953445068,21.5764819823544,4.440892098500626e-16,
37,robust,random20,0.25,7,0.5,43,536,26.36851747892797,26.4,25.75,1,1,0.0003337092272093223,25.75,23.75,26.38187438853158,26.636760124610596,26.362154350130076,1.3318235403403378e-12,
37,robust,random20,0.25,7,0.5,44,527,24.577785205096006,24.75,24.75,1,1,0.00022751524955566538,24.75,24.75,24.760511471853093,25.12079555425563,24.531105517770754,4.96713781217295e-13,
37,robust,random20,0.25,7,0.5,45,536,20.989311415702105,21,30.5,0,1,0.11865346485035144,21.25,20.75,20.99550440641099,21.405109034267912,21.054205607476632,1.5998313784848506e-13,
37,robust,random20,0.25,7,0.5,46,533,21.944282917305827,22.1,23,1,1,0.0004007805907078055,21.75,22,22.099081445346783,21.525814536340853,22.220195650416365,5.551115123125783e-16,
37,robust,random20,0.25,7,0.5,47,557,22.48098064213991,22.25,22.25,1,1,0.00002607882523308902,22.25,22.25,22.25989103642559,22.034943473792396,22.384704481312912,2.220446049250313e-16,
37,robust,random20,0.25,7,0.5,48,546,22.544704042375088,22.65,23,0,0,0.0011395594457467295,23,22.25,22.63989021206906,22.5132372214941,23.186046609722663,3.408513471470087e-10,
37,robust,random20,0.25,7,0.5,49,538,24.194714445620775,23.95,23.75,1,1,0.0003836905748239028,23.75,23.25,23.969701350023083,24.606216874373303,24.085144046445393,1.4444001550373287e-13,
37,robust,random20,0.25,7,0.5,50,543,21.84725560992956,21.7,21.75,1,1,7.208857244478395e-8,21.75,21.75,21.699119822498293,22.637849235635212,21.90444159301204,0,
37,robust,random20,0.25,7,0.5,51,541,20.305213691666722,20.55,29.5,0,0,0.10301057229199484,20.75,27.75,20.534533002583956,19.85185185185185,20.409936040458128,5.351002974052221e-10,
37,robust,random20,0.25,7,0.5,52,557,26.896122079342604,26.8,26.75,0,0,0.0025381871678935575,26.75,26.5,26.794020927042187,28.086330935251798,26.9751391247166,1.4059431396873379e-10,
37,robust,random20,0.25,7,0.5,53,548,20.275722313672304,20.25,31.5,0,1,0.03998861448734781,21,21,20.242387490022075,19.627056672760514,20.057990052801163,0.0000018885939905288751,
37,robust,random20,0.25,7,0.5,54,542,22.453734612092376,21.85,21.75,1,1,0.00007347119276834846,21.75,21.75,21.85041730050982,22.67969368893583,22.040136166254342,6.878653202591067e-11,
37,robust,random20,0.25,7,0.5,55,527,25.60791849717498,25.7,25.75,1,1,1.6395006929847966e-7,25.75,25.75,25.70748668350073,25.083357706931846,25.265561273810288,0,
37,robust,random20,0.25,7,0.5,56,537,25.048495706170797,25.15,24.75,1,1,0.0002827900304778197,24.75,24.75,25.13495337459611,24.652123995407578,25.012886785584275,2.5350832544290824e-12,
37,robust,random20,0.25,7,0.5,57,534,25.713060550391674,25.9,25.5,0,0,0.0010940144551145892,25.5,26.5,25.923088420531197,24.790878914706305,25.65424285700951,4.18332035678759e-13,
37,robust,random20,0.25,7,0.5,58,535,26.777375526726246,26.9,27,1,1,6.474508865705886e-7,27,27.25,26.903773333755876,26.7665418227216,26.97730199455405,0,
37,robust,random20,0.25,7,0.5,59,539,23.411247888579965,23.4,22.5,1,1,0.000011932094174937902,22.5,23.5,23.40111697217617,22.806160382368564,23.541842975348192,5.773159728050814e-15,
37,robust,random20,0.25,7,0.5,60,540,24.67538552172482,24.65,24.5,1,1,0.0001312075429528159,24.5,24.5,24.637469857426037,24.478378764093048,24.596631801600747,1.0336176359260207e-13,
37,robust,random20,0.25,7,0.5,61,533,27.958696991205215,28.25,29.25,0,0,0.0009139989045219288,29.25,29.25,28.263991061020857,29.35338345864662,28.307920486146873,4.7547410453319117e-11,
37,robust,random20,0.25,7,0.5,62,529,21.511034222319722,21.95,22.25,1,1,0.000021263024958639853,22.25,22.25,21.936599516540394,21.688888888888886,22.05649717514124,7.255307465925398e-13,
37,robust,random20,0.25,7,0.5,63,532,27.94047338888049,28.15,27.75,1,1,0.0003711036174599558,27.75,27.5,28.142310937737776,29.364834788563606,28.318963960477777,8.881784197001252e-16,
37,robust,random20,0.25,7,0.5,64,529,21.706123154610395,21.55,21.5,1,1,0.000009595141881035829,21.5,20.75,21.55441359218529,21.688888888888886,21.91719298245614,1.454392162258955e-14,
37,robust,random20,0.25,7,0.5,65,539,27.349751330912113,27.15,27,1,1,0.00003395825166341293,27,27,27.17293735259054,26.607187112763324,26.887262766581888,0,
37,robust,random20,0.25,7,0.5,66,541,25.424839861690998,25.1,24.5,1,1,0.00014082220009126178,24.5,25,25.09850708265624,24.46951566951567,25.25885488466134,3.0324964761518913e-11,
37,robust,random20,0.25,7,0.5,67,524,24.325969133526087,24.55,25,1,1,0.0006633305118085575,25,24,24.557976451169637,25.264891895867038,24.556530440842728,6.228717541745254e-11,
37,robust,random20,0.25,7,0.5,68,529,22.483840310946107,22.8,22.5,1,1,2.096713432875319e-7,22.5,22.5,22.77474583099582,23.16883116883117,22.71255221802268,0,
37,robust,random20,0.25,7,0.5,69,535,25.90297137387097,25.95,25.5,1,1,0.00026634736094155453,25.5,25.5,25.925186344727162,26.806491885143576,25.99417394923013,8.881784197001252e-16,
37,robust,random20,0.25,7,0.5,70,548,24.45326804742217,24.25,24.25,1,1,7.930748489037853e-7,24.25,24.25,24.26846679180629,24.120376880888763,24.354555297208073,0,
37,robust,random20,0.25,7,0.5,71,544,21.784294398501515,21.95,31.75,0,0,0.15393911941487914,22,31.75,21.935038469360364,22.562483556958693,21.92623130914858,1.4169443396383485e-11,
37,robust,random20,0.25,7,0.5,72,538,24.249086141586304,23.9,23.75,1,1,0.00006277582362768097,23.5,23.5,23.906785319224696,24.606216874373303,23.86057393878623,1.028066520802895e-13,
37,robust,random20,0.25,7,0.5,73,558,21.192118477076292,21.6,31.25,0,1,0.07364910059022411,21.75,21.75,21.582379659085962,22.02821236214414,21.64175249614161,1.6025603066793792e-10,
37,robust,random20,0.25,7,0.5,74,525,24.33461658656597,24.6,24,1,1,0.0001651806723430571,24,24.75,24.618854822164547,25.17909571344686,24.588037128624162,1.0325074129013956e-14,
37,robust,random20,0.25,7,0.5,75,547,26.218281347304583,25.95,26.75,1,1,0.0000524528346699249,25.75,25.75,25.962661624461408,26.217338217338224,26.285790797540145,7.549516567451064e-15,
37,robust,random20,0.25,7,0.5,76,524,22.000837000086904,22,21.75,1,1,0.0000022224023972228224,21.75,21.75,21.99830156188052,21.79834289356278,21.93543938974871,1.1102230246251565e-16,
37,robust,random20,0.25,7,0.5,77,548,21.04181027971208,20.75,21,1,1,0.00019901367836694384,21,21,20.768151294630258,20.935527117611215,20.592321755027424,4.639577610987544e-11,
37,robust,random20,0.25,7,0.5,78,554,21.593543268740177,21.65,21.5,1,1,0.000004058473068058177,21.5,22.25,21.678864152547494,22.187548437096353,21.703104148076786,7.062128659640621e-12,
37,robust,random20,0.25,7,0.5,79,534,22.125892324373126,22.35,22.75,1,1,0.000001018190933899099,22.75,22.75,22.337584672238357,22.985794693111767,22.386165266334935,0,
37,robust,random20,0.25,7,0.5,80,522,23.91127293743193,23.6,23.5,1,1,0.0004423635283885563,23.5,23.5,23.58940857021861,23.550315327666574,23.816120241071392,1.244004899092488e-12,
37,robust,random20,0.25,7,0.5,81,548,22.425026854500175,22.4,22.5,1,1,0.00019611241492212272,22.5,22.75,22.40142163703978,22.4309219117263,22.48110294508587,4.0178971261184415e-13,
37,robust,random20,0.25,7,0.5,82,541,24.093930492177606,24.55,24.25,1,1,0.00008702101112390004,24.25,24.25,24.57363094064755,24.3965811965812,24.6933765882671,1.1267997646058348e-10,
37,robust,random20,0.25,7,0.5,83,525,25.359203901141882,25.85,27,1,1,0.00030200027526849915,25.25,27.25,25.84518934075256,25.216676453317678,25.58570098678086,6.217248937900877e-15,
37,robust,random20,0.25,7,0.5,84,545,26.693154057487845,27.4,28,1,1,0.00028294863276057125,28,27,27.39751041481742,26.313725490196074,27.089733480523574,1.4654943925052066e-13,
37,robust,random20,0.25,7,0.5,85,535,20.03074208088219,20.1,20.25,1,1,0.0000020466722223666522,20.25,27.5,20.084708196610002,20.04494382022472,19.928177157194284,6.543654507140673e-13,
37,robust,random20,0.25,7,0.5,86,521,27.65781692788005,27.4,28,1,1,0.00004403243011041891,28,28,27.388195248460356,27.52820512820513,27.38557194101236,3.4861002973229915e-14,
37,robust,random20,0.25,7,0.5,87,537,25.82375300116837,25.55,25.5,1,1,0.000038001758907446614,25.5,25.75,25.549949203404005,24.615384615384613,25.472636815920396,4.107936213415542e-12,
37,robust,random20,0.25,7,0.5,88,543,27.306790614500642,27.35,27,1,1,0.0006487191276887128,27,26.75,27.35876963867535,28.81180811808118,27.785634130313905,3.4428460082835954e-11,
37,robust,random20,0.25,7,0.5,89,528,24.19374249689281,24,23.75,1,1,0.00005861324358003017,23.75,24.25,23.98296221223023,23.212794795337487,24.016933183166735,1.2545520178264269e-14,
37,robust,random20,0.25,7,0.5,90,557,22.588317653164268,22.5,22.25,1,1,7.720944042999278e-7,22.25,22.25,22.497747833266875,22.034943473792396,22.233456478060795,0,
37,robust,random20,0.25,7,0.5,91,532,21.425212806090713,21.4,30.25,0,1,0.05375729750852298,22.25,22.25,21.407853371474744,21.56635279347144,21.256364149622776,2.7921787104645546e-10,
37,robust,random20,0.25,7,0.5,92,553,24.45218107290566,24.45,24.25,1,1,0.000041417653427799905,24.25,23.75,24.448299560688564,23.901895206243033,24.430438343481825,1.865174681370263e-14,
37,robust,random20,0.25,7,0.5,93,556,24.237551614642143,23.8,23.75,1,1,0.000020086991313394975,23.75,23.75,23.81799390518516,23.80817740817741,23.72263904623186,3.6637359812630166e-15,
37,robust,random20,0.25,7,0.5,94,531,27.574024565517902,27.5,27.75,0,1,0.000904897576734176,27,27.75,27.516153908498506,27.008805031446542,27.730965593784685,9.954814750301466e-12,
37,robust,random20,0.25,7,0.5,95,565,24.48098188638687,24.75,25.75,1,1,0.000007805556711204531,24.25,26,24.758310017600028,25.3806146572104,24.580469176213853,0,
37,robust,random20,0.25,7,0.5,96,538,23.306715099141,23.2,23.5,1,1,0.000023263071990409223,23.5,23.5,23.17960813018032,22.84862995477521,23.370288172920763,3.3306690738754696e-15,
37,robust,random20,0.25,7,0.5,97,551,27.145293306559324,26.9,27,1,1,0.00015828630166603297,27,27.5,26.913202601484535,25.87151515151515,26.88677082051913,8.782974347809613e-13,
37,robust,random20,0.25,7,0.5,98,537,27.253150390461087,27.15,27,0,0,0.001126625276760107,27,27.75,27.144724845819614,26.70646766169154,27.567966618520302,1.6407896152870194e-9,
37,robust,random20,0.25,7,0.5,99,527,27.131671139970422,27.15,27.5,1,1,0.00001850996569197072,27.5,27.5,27.157712239519785,27.214195183776933,27.143508962520368,1.1879386363489175e-14,
37,robust,random20,0.25,7,0.5,100,537,23.973167575895786,23.7,23.75,1,1,0.0005588175279506169,23.75,23.75,23.7035719612458,24.652123995407578,23.960942948807368,3.468336728928989e-13,
37,robust,random20,0.25,7,0.5,101,543,24.37849780358374,24.2,24.5,1,1,0.000002674169833238871,24.5,24,24.188595678044987,24.379222253760997,24.204669349796124,0,
37,robust,random20,0.25,7,0.5,102,533,21.11950504593551,21.15,21.75,1,1,0.000004054393312080684,21.75,21.75,21.163898134506493,21.525814536340853,21.30389892256414,1.1102230246251565e-16,
37,robust,random20,0.25,7,0.5,103,533,25.662398923188448,26.25,26,0,0,0.0019445972595520944,26,26.25,26.2499127734499,26.907268170426065,26.291071189423942,2.875228289900278e-7,
37,robust,random20,0.25,7,0.5,104,537,21.170256046578288,21,20.75,1,1,0.0000020523443640119154,20.75,21,20.97971302359714,21.333333333333332,20.8130081300813,0,
37,robust,random20,0.25,7,0.5,105,541,27.120725486427546,26.55,27.25,1,1,0.000025723156967139005,27.25,27.5,26.53956225790846,26.508641975308645,26.37129149875264,1.8540724511240114e-14,
37,robust,random20,0.25,7,0.5,106,552,20.141767172142863,20.25,20.75,1,1,0.000009509464710788507,20.75,27.75,20.248846246297774,19.455535390199636,20.022581145290882,0,
37,robust,random20,0.25,7,0.5,107,539,24.7092597335577,24.6,24,1,1,0.000003341266525014319,24,25.25,24.596950056450893,24.487274806977407,24.967417450251475,0,
37,robust,random20,0.25,7,0.5,108,541,24.940338844433427,25.05,25.25,1,1,0.00002380205176699679,25.25,27.75,25.064671995180202,24.46951566951567,25.32168785701124,0,
37,robust,random20,0.25,7,0.5,109,553,26.502514800056815,26.9,28.5,1,1,0.0005084006698670152,28.5,27,26.88541057296646,25.893719806763286,26.586065256141985,1.981192987443592e-12,
37,robust,random20,0.25,7,0.5,110,547,23.736372139304876,24.05,24.75,1,1,0.0000158973285416808,23,24.75,24.050788521948103,24.200619892927588,23.91320160441301,1.1102230246251565e-16,
37,robust,random20,0.25,7,0.5,111,537,21.972297614440322,22.05,21.75,1,1,6.698780813385596e-7,21.75,21.75,22.040254750321314,21.365174129353235,22.007046313496893,0,
37,robust,random20,0.25,7,0.5,112,536,22.053084621205926,22.05,22,1,1,0.000007078504223212434,21.25,22,22.067258697584453,22.899866488651533,22.351067945350515,0,
37,robust,random20,0.25,7,0.5,113,526,20.122081883251667,20.05,20.25,1,1,0.00008654664659768496,20.25,20.5,20.02575361043902,20.44952380952381,20.48954244711583,8.260059303211165e-14,
37,robust,random20,0.25,7,0.5,114,528,26.19357285834849,26.5,25.75,1,1,0.0001602033666198155,25.75,25.75,26.469881580050853,27.162555344718534,26.406129752840297,9.957534796711798e-11,
37,robust,random20,0.25,7,0.5,115,547,24.62962720915675,25,25.75,1,1,0.000008959899939986471,25,25,24.996171197210398,24.200619892927588,24.79669427452679,0,
37,robust,random20,0.25,7,0.5,116,523,22.26500530540943,22.25,22.5,1,1,0.0003260771798829776,22.5,22.5,22.268229968603027,21.8727969348659,22.338175593054537,1.63202784619898e-14,
37,robust,random20,0.25,7,0.5,117,534,26.66209238767624,26.950000000000003,26.75,1,1,0.00006358476326628892,26.75,26.75,26.93043461982711,26.85678549093183,27.21109664516576,4.440892098500626e-16,
37,robust,random20,0.25,7,0.5,118,554,25.389282720163465,25.55,26,0,0,0.004704655587946416,26,26.5,25.5338821523499,25.885473176612415,25.55275501238861,9.756345953348955e-9,
37,robust,random20,0.25,7,0.5,119,533,26.537060437723994,26.950000000000003,27.25,0,0,0.0013929271583382752,26.25,26.25,26.94887027604181,26.8671679197995,26.8671679197995,2.960073053337453e-8,
37,robust,random20,0.25,7,0.5,120,547,25.065292183309793,25.1,26.25,1,1,0.0000770957160446395,24.25,25.25,25.137119208384497,24.200619892927588,25.043427550890243,1.1102230246251565e-16,
37,robust,random20,0.25,7,0.5,121,535,21.410674354061484,21.55,21,1,1,0.000007206254718172822,21,21,21.527556650748966,21.44519350811486,21.580068938983505,7.771561172376096e-16,
37,robust,random20,0.25,7,0.5,122,550,25.266586542129517,25.15,25.5,1,1,0.000003585739865363813,25.5,25.5,25.167872060657,26.07407407407408,25.156895589056393,0,
37,robust,random20,0.25,7,0.5,123,539,26.063554514199495,26.200000000000003,26.5,1,1,0.000016959454765430593,26.5,26.5,26.221840067396585,26.607187112763324,26.064183294135503,1.2989609388114332e-14,
37,robust,random20,0.25,7,0.5,124,547,27.506166093051434,28.05,28,1,1,0.000008960656165735159,28,27.75,28.039708371207976,28.515484515484516,28.116107981654203,4.551914400963142e-15,
37,robust,random20,0.25,7,0.5,125,554,20.118407843634486,20.2,20,1,1,0.00002813284119651538,20,20.75,20.2090823036044,20.677516576250753,20.17318690365927,8.881784197001252e-16,
37,robust,random20,0.25,7,0.5,126,561,21.744074316695333,21.9,22.5,1,1,0.00018966262902420095,21.75,23.75,21.893429930338375,21.91020408163265,22.182534301856336,1.0451084442308911e-11,
37,robust,random20,0.25,7,0.5,127,532,22.184402033686638,22.35,22.5,1,1,0.000011313770237331155,22.25,22.5,22.346510550313123,23.106806564433686,22.504020306231066,0,
37,robust,random20,0.25,7,0.5,128,535,26.888916498050094,27.1,27,0,0,0.0022954787535331977,26.75,27,27.06935489662077,26.806491885143576,27.160139535343355,1.6104351185930454e-10,
37,robust,random20,0.25,7,0.5,129,530,21.648498946800828,21.5,22,1,1,0.000003030245231849804,22,22,21.497971495361384,21.647889098928793,21.42471498450685,1.2212453270876722e-15,
37,robust,random20,0.25,7,0.5,130,540,21.44415624253452,21.6,21.5,1,1,0.000016776137489404874,21.5,21.25,21.61858190271964,21.21459492888064,21.52855299336725,3.3388847242576958e-12,
37,robust,random20,0.25,7,0.5,131,546,20.122787233442068,20.3,20.25,1,1,2.0733728078869973e-7,20.25,20.25,20.303909225517536,20.949724770642202,20.314884626077287,0,
37,robust,random20,0.25,7,0.5,132,533,25.536499734967947,25.3,31.75,0,1,0.07528510252188769,24.75,31.75,25.319867708759045,24.80046269519954,25.224920491938892,4.1399661476759775e-11,
37,robust,random20,0.25,7,0.5,133,549,21.340827034786344,21.5,21.5,1,1,0.0000028770715767567623,21.5,21.5,21.491127666215295,22.389989572471325,21.66461194053381,1.887379141862766e-15,
37,robust,random20,0.25,7,0.5,134,545,24.182997779920697,24.2,24.25,1,1,0.0003473037637231613,24.25,24.25,24.18266213227616,24.28959276018099,24.231344336295667,3.47499806707674e-14,
37,robust,random20,0.25,7,0.5,135,541,22.22577852755785,22.25,22.5,1,1,2.479806435751186e-7,22.5,22.5,22.25414530884337,22.72169312169312,22.0331569664903,0,
37,robust,random20,0.25,7,0.5,136,529,22.821990951895714,23,22.75,1,1,0.000014620543781762585,22.75,22.75,23.00884270631734,23.20346320346321,23.1003367003367,1.0624834345662748e-13,
37,robust,random20,0.25,7,0.5,137,548,23.95654422044754,24.2,24.75,1,1,0.0002581328388954196,24.75,24,24.201443275657077,24.15637744339756,24.390905379741223,8.182343691487404e-14,
37,robust,random20,0.25,7,0.5,138,546,21.342617454007268,21.25,21.5,1,1,3.1257534183204427e-7,21.5,20.75,21.25301463446675,21.012354740061163,21.278333913985986,0,
37,robust,random20,0.25,7,0.5,139,538,22.160883558914065,22.05,23,0,0,0.0010030124235136384,23,23.75,22.049364010087807,22.814578345304596,22.71318021932547,8.51265724577388e-11,
37,robust,random20,0.25,7,0.5,140,546,26.33665374107659,26.35,26.75,1,1,0.000004294608443422554,26.75,27,26.36725706249904,26.226299694189603,25.889200726397963,0,
37,robust,random20,0.25,7,0.5,141,527,27.992669090628624,28.35,28,1,1,0.000003899490213843393,28,28,28.344198872907217,29.68821292775665,28.630824522110526,0,
37,robust,random20,0.25,7,0.5,142,548,22.53261786699295,22.6,23,1,1,1.854871426454352e-7,22.5,23,22.59767403159962,22.4309219117263,22.48110294508587,0,
37,robust,random20,0.25,7,0.5,143,540,23.892563542351127,23.8,31.25,0,1,0.07742335703251602,23.25,23.5,23.796331795019277,22.729923138086402,23.40920819738554,1.1703416014086088e-11,
37,robust,random20,0.25,7,0.5,144,536,24.449554789811373,24.45,24.5,1,1,0.000017324166792453966,24.5,25,24.464086665413557,24.661394680086264,24.196085346499732,0,
37,robust,random20,0.25,7,0.5,145,538,23.467548882588744,23.45,24,1,1,0.00003234331905455079,24,24,23.4292669625977,22.780526735834002,23.461324086560072,1.3322676295501878e-15,
37,robust,random20,0.25,7,0.5,146,542,25.119834953919053,24.85,24.5,1,1,0.0005885563630014801,24.5,24.5,24.842742961300665,24.387885681785868,24.62466127092942,3.6774139289263985e-11,
37,robust,random20,0.25,7,0.5,147,528,22.541574655100703,22.5,31,0,0,0.2418764371083839,21.75,27.75,22.520526408134533,23.282190295473026,22.52790767250954,4.748823445588357e-9,
37,robust,random20,0.25,7,0.5,148,544,21.792808830738068,21.7,21.75,1,1,2.383582737852663e-7,21.75,21.75,21.682689158201526,22.59615890555117,22.00669389062375,3.3306690738754696e-16,
37,robust,random20,0.25,7,0.5,149,545,23.22717490978539,23,23,1,1,0.00001609075711117569,23,22.75,22.993711595988565,22.521008403361343,22.672835426305355,1.1102230246251565e-16,
37,robust,random20,0.25,7,0.5,150,522,20.782819114625454,20.85,32,0,1,0.24665151503074556,20.25,23.75,20.834210993488366,20.606525911708253,20.892160924345795,5.218048215738236e-12,
37,robust,random20,0.25,7,0.5,151,550,27.231227066367865,27.25,28,0,0,0.001087821482613438,27,28,27.238367987423857,26.07407407407408,27.060660660660663,5.6621374255882984e-14,
37,robust,random20,0.25,7,0.5,152,512,21.04559027031064,21.3,21.25,1,1,0.000020786976661746337,21.25,21.25,21.314110119660114,21.009784735812133,21.428306344095244,3.3306690738754696e-16,
37,robust,random20,0.25,7,0.5,153,548,24.029303774237633,24.3,25.25,1,1,0.000020912522981531012,25.25,23.75,24.28981405050342,24.15637744339756,24.690547951973915,0,
37,robust,random20,0.25,7,0.5,154,521,23.06225160881877,23.3,23.25,1,1,0.0000011821004879397634,23.25,23.75,23.292664070258173,23.595604395604397,23.080416526704735,0,
37,robust,random20,0.25,7,0.5,155,529,21.053870994597673,20.95,21,1,1,0.00008820806669673775,20.5,21,20.973032952113364,21.688888888888886,21.289706884798907,0,
37,robust,random20,0.25,7,0.5,156,529,22.82714414782822,23,23,1,1,0.00005065824482985981,23,22.25,22.999619080743777,23.238095238095234,23.186340014847804,4.773959005888173e-15,
37,robust,random20,0.25,7,0.5,157,534,20.93017123453319,20.65,31.25,0,1,0.0585610829105212,21.25,21,20.663277275921736,20.142589118198874,20.708846643610084,4.2787995369053533e-13,
37,robust,random20,0.25,7,0.5,158,539,23.08876822516322,22.85,23.75,1,1,0.0003356776905402148,23,27.75,22.84796247545402,22.772172065852363,23.133635114516682,1.0735856648125264e-13,
37,robust,random20,0.25,7,0.5,159,537,20.908267194405198,20.8,21.25,1,1,0.0000891195471462991,21.25,20.75,20.7878262897958,21.365174129353235,20.801792255759743,1.4210854715202004e-14,
37,robust,random20,0.25,7,0.5,160,536,26.103585924953222,26,26.5,1,1,0.000486896168392037,25.25,27,26.003400869672166,26.67663551401869,26.266225736879942,3.743672039036028e-13,
37,robust,random20,0.25,7,0.5,161,536,21.439976321533322,21.55,21.25,1,1,5.690005179248558e-7,21.25,21.25,21.555624393412163,21.37320872274143,21.73546649770315,0,
37,robust,random20,0.25,7,0.5,162,560,26.93492674641311,27.15,27.75,1,1,0.000039322943402697597,27.75,27.75,27.163306559547507,27.852333712798824,27.46224500533666,6.061817714453355e-14,
37,robust,random20,0.25,7,0.5,163,525,22.555395919829607,22.45,31.5,0,1,0.10482762504006693,22.25,22.5,22.426140829799607,21.85445292620865,22.31944128634075,1.9984014443252818e-14,
37,robust,random20,0.25,7,0.5,164,541,23.05287067592144,22.9,23,1,1,0.0003638612427373511,23,27.5,22.89728892252158,22.72169312169312,23.134814814814817,9.54014645060397e-13,
37,robust,random20,0.25,7,0.5,165,539,22.163390627130866,22.2,22.25,1,1,0.00004467959419662826,22.25,21.25,22.192167838295067,22.806160382368564,22.211217068045904,2.6423307986078726e-14,
37,robust,random20,0.25,7,0.5,166,516,20.613341152668,20.5,31.5,0,0,0.32473638232525925,20,19.75,20.518025367642053,20.784466019417476,20.386296172302195,3.298639139615034e-11,
37,robust,random20,0.25,7,0.5,167,539,25.24124870635569,25.25,25.5,1,1,0.00004689360934939657,25.5,25.75,25.260820573078444,24.487274806977407,25.277186897525066,1.255662240851052e-13,
37,robust,random20,0.25,7,0.5,168,530,21.816409783437848,22.05,22,1,1,0.00020030218344879724,22,22,22.028371078391334,23.159600324061575,22.40928929844403,1.1102230246251565e-15,
37,robust,random20,0.25,7,0.5,169,536,26.518480259925127,27.200000000000003,27.5,1,1,0.00007466925288601711,27.5,27,27.21017103851862,26.75638629283489,27.39853956386293,1.587618925213974e-14,
37,robust,random20,0.25,7,0.5,170,530,21.025349704548717,21.15,29.75,0,1,0.01664152786172879,21.25,21.25,21.138545574748107,21.647889098928793,20.991892459567314,4.141131881851834e-14,
37,robust,random20,0.25,7,0.5,171,532,24.87033491022885,24.9,24.5,1,1,0.0008766814153009506,24.5,24.75,24.91667589132029,24.88425322323628,25.310145087692643,8.515410598874951e-14,
37,robust,random20,0.25,7,0.5,172,536,20.644226210191846,20.9,20.75,1,1,4.060946975359414e-7,20.75,20.75,20.892809809116905,21.341308411214953,20.736494002799954,1.4432899320127035e-15,
37,robust,random20,0.25,7,0.5,173,539,25.483588092029095,25.5,25.75,1,1,0.00004150118230594746,24.75,25.5,25.482158956529428,24.56048041178153,25.479201624192306,2.220446049250313e-16,
37,robust,random20,0.25,7,0.5,174,542,21.95712581463158,21.6,21.25,1,1,0.00021956473500894802,21.25,27.75,21.60261602833898,21.16771410967344,21.3455940601749,1.8686741043438815e-10,
37,robust,random20,0.25,7,0.5,175,521,20.051798013970256,20.2,20.5,1,1,0.000025902814511868932,20.5,20.5,20.20839157860025,20.646153846153847,20.32852071005917,2.0569101977230275e-12,
37,robust,random20,0.25,7,0.5,176,529,20.466420866549015,20.25,20.25,1,1,0.000002062650508616315,20.25,20.25,20.263757494460556,20.333333333333332,20.136686009026434,1.1102230246251565e-16,
37,robust,random20,0.25,7,0.5,177,543,23.719442676752806,23.5,23.25,1,1,0.000007502576482409928,23.25,23.75,23.493921800358507,24.34288958274198,23.771460249813767,4.440892098500626e-16,
37,robust,random20,0.25,7,0.5,178,523,23.845371844246984,23.95,23.75,1,1,0.000051971468204126126,23.75,24,23.958438390645483,23.435139573070607,23.807125915500297,1.4432899320127035e-15,
37,robust,random20,0.25,7,0.5,179,535,22.488252917304635,22.45,22,0,0,0.0010450043486374128,22,25,22.46644636595644,22.97699304440878,22.623500843725562,3.0309088572266774e-13,
37,robust,random20,0.25,7,0.5,180,550,25.48832875303924,26.05,26.25,1,1,0.00009383979899457717,26.25,27.75,26.044635799079312,26.07407407407408,26.07407407407408,2.27027285859549e-11,
37,robust,random20,0.25,7,0.5,181,530,25.86347840167582,26.200000000000003,26.75,1,1,0.000316698011339267,26.75,25.5,26.190683284181098,27.059861373660997,26.042573352094788,1.9317880628477724e-14,
37,robust,random20,0.25,7,0.5,182,518,24.497427087277174,24.3,31.5,0,0,0.14643970400676187,25,24.75,24.28533926962102,23.661785023487152,24.368918828786764,9.20212228638917e-9,
37,robust,random20,0.25,7,0.5,183,545,24.464792475104332,24.7,25,1,1,0.00013832527047397125,25,25,24.73500957513601,24.28959276018099,24.64505021520803,1.3322676295501878e-15,
37,robust,random20,0.25,7,0.5,184,537,23.60640647262335,23.5,23,1,1,0.000004700584251504658,23,23.5,23.474376534733096,24.652123995407578,23.905089934940683,0,
37,robust,random20,0.25,7,0.5,185,529,24.508325930684805,24.25,25.5,1,1,0.00027719266317782765,25.25,25.25,24.252426926358414,24.951048951048953,24.194956558592924,2.2263302312808264e-12,
37,robust,random20,0.25,7,0.5,186,535,21.871320942416787,22.15,22.75,1,1,0.000060931657628326974,22.75,27.75,22.17440489827216,22.840021401819154,22.43931927196268,2.6778579353958776e-13,
37,robust,random20,0.25,7,0.5,187,535,27.767977574840188,27.700000000000003,27.75,1,1,0.0000690785902444091,27.75,27.75,27.699706435026634,26.7665418227216,27.854612628523284,1.6653345369377348e-15,
37,robust,random20,0.25,7,0.5,188,557,20.753567239269614,20.75,29,0,0,0.06868218250780223,21,21,20.769048260938977,20.565947242206235,20.717008764446998,7.646105970593453e-13,
37,robust,random20,0.25,7,0.5,189,539,27.175669325515628,27.55,28.25,0,0,0.0036266849038760762,26.75,27.75,27.530185923648084,26.607187112763324,27.46548347123956,5.869471575437046e-11,
37,robust,random20,0.25,7,0.5,190,537,27.48477161489427,27.450000000000003,28.5,0,0,0.002923440572800473,28.5,26.5,27.44695699516483,26.666666666666664,27.6010781671159,3.7239100691977e-12,
37,robust,random20,0.25,7,0.5,191,531,21.55174981057644,21.7,22,1,1,0.00024044012340163068,21.75,20.75,21.72208803281475,21.607044025157233,21.65215267656675,1.9984014443252818e-15,
37,robust,random20,0.25,7,0.5,192,542,21.94470627978444,22,22.75,1,1,0.0000054817851616872915,22.75,22,22.023361007239735,21.136167590881083,21.81797944865144,0,
37,robust,random20,0.25,7,0.5,193,529,22.006976762786508,21.9,21.75,1,1,0.000031279564141506455,21.75,21.5,21.908952235574358,21.688888888888886,22.009866102889355,0,
37,robust,random20,0.25,7,0.5,194,524,25.243245346471667,25.4,27.75,0,0,0.017466965438417636,25.5,25.75,25.380980977354056,25.227239299897043,25.046614674838114,5.307330130932542e-10,
37,robust,random20,0.25,7,0.5,195,549,21.932511245831847,22.15,22.5,1,1,0.00006389780612825469,22.5,23.75,22.14064999763004,22.389989572471325,22.142859444739855,1.0011991236069662e-12,
37,robust,random20,0.25,7,0.5,196,529,23.912888580933213,23.9,24.75,0,1,0.001231544198857959,23.5,24.75,23.895688754633838,23.238095238095234,23.714502657555045,1.942890293094024e-14,
37,robust,random20,0.25,7,0.5,197,535,26.6695585437119,27.200000000000003,25.5,1,1,8.822661088370154e-7,25.5,25.5,27.185561050901867,26.806491885143576,27.304225156220507,1.1102230246251565e-16,
37,robust,random20,0.25,7,0.5,198,530,26.74022524803877,26.700000000000003,27.25,0,0,0.001935158330305109,26,27.25,26.701205587283074,27.059861373660997,26.780893730633558,6.549740749761668e-10,
37,robust,random20,0.25,7,0.5,199,519,25.242266561836004,25.6,25.75,1,1,0.00012260518399820342,25.75,25.75,25.58880367708058,25.50876150876151,25.819087074561526,4.064970582362548e-12,
43,robust,gap25,0.25,7,2,0,504,25.34009862691164,25.3,25.5,1,1,0,25.5,25.25,25.341812466918025,42.687872763419485,37.813478987665704,0,
43,robust,gap25,0.25,7,2,1,504,27.23039652965963,27.15,27.25,1,1,0,27,27.5,27.182749067503714,42.687872763419485,42.19341863874667,0,
43,robust,gap25,0.25,7,2,2,504,21.016041269525886,21.1,21,1,1,0,21,21,21.093777305679822,28.45858184227966,28.16519440060667,0,
43,robust,gap25,0.25,7,2,3,504,23.958919901400805,24,24,1,1,0,24,23.75,24.011481780427193,34.15029821073559,34.25735243710153,0,
43,robust,gap25,0.25,7,2,4,504,25.27332242205739,25.3,25.25,1,1,0,25.25,25.25,25.30818610920202,28.45858184227966,37.68308768081169,0,
43,robust,gap25,0.25,7,2,5,504,22.53928198479116,22.6,22.75,1,1,0,22.75,22.75,22.594156189801406,34.15029821073559,31.312594347952405,0,
43,robust,gap25,0.25,7,2,6,504,22.45421475172043,22.5,22.5,1,1,0,22.5,22.75,22.47923212823804,34.15029821073559,31.223129792672538,0,
43,robust,gap25,0.25,7,2,7,504,23.136314241215587,23.1,23,1,1,0,23,23,23.098050537551657,34.15029821073559,32.42758287072816,0,
43,robust,gap25,0.25,7,2,8,504,21.412520738318563,21.4,21.5,1,1,0,21.5,21.5,21.394387922911427,28.45858184227966,28.758145861672077,0,
43,robust,gap25,0.25,7,2,9,504,20.69216606579721,20.75,20.75,1,1,0,20.75,21,20.764347044075976,28.45858184227966,27.666064373254148,0,
43,robust,gap25,0.25,7,2,10,504,26.421918166801333,26.450000000000003,26.5,1,1,0,26.5,26.25,26.439723119641613,42.687872763419485,40.17682142439481,0,
43,robust,gap25,0.25,7,2,11,504,20.90671364404261,20.9,21,1,1,0,20.75,20.75,20.898749173888056,28.45858184227966,27.73628281074972,0,
43,robust,gap25,0.25,7,2,12,504,23.20061692595482,23.15,23.25,1,1,0,23.25,23.25,23.165187098685486,34.15029821073559,32.62118038040415,0,
43,robust,gap25,0.25,7,2,13,504,27.40775183774531,27.4,27.75,1,1,0,27.75,27.75,27.422111328406874,42.687872763419485,42.52177209118828,0,
43,robust,gap25,0.25,7,2,14,504,25.042645866051316,25.05,24.75,1,1,0,24.75,24.75,25.02651062434766,34.15029821073559,36.91924130890334,0,
43,robust,gap25,0.25,7,2,15,504,27.05221749842167,27,27,1,1,0,27,26.75,27.023682877022697,42.687872763419485,41.71028789097476,0,
43,robust,gap25,0.25,7,2,16,504,27.67869340069592,27.75,28,1,1,0,27.5,27.75,27.762373955934287,42.687872763419485,43.365458045378524,0,
43,robust,gap25,0.25,7,2,17,504,21.26251153834164,21.25,21.25,1,1,0,21.25,21.25,21.262394161519687,28.45858184227966,28.60757965297222,0,
43,robust,gap25,0.25,7,2,18,504,26.363600097596645,26.25,26.25,1,1,0,26.25,26,26.22690863368892,42.687872763419485,39.738528827037776,0,
43,robust,gap25,0.25,7,2,19,504,24.81163906119764,24.8,24.75,1,1,0,24.75,24.75,24.815386472724793,34.15029821073559,36.30596487520063,0,
43,robust,gap25,0.25,7,2,20,504,25.425093196332455,25.45,25.5,1,1,0,25.5,25.5,25.465491390695007,28.45858184227966,38.07698755203968,0,
43,robust,gap25,0.25,7,2,21,504,25.378603130578995,25.35,25.25,1,1,0,25.25,25.25,25.341310024274346,34.15029821073559,37.55359253414223,0,
43,robust,gap25,0.25,7,2,22,504,21.732343532145023,21.7,21.75,1,1,0,21.75,21.75,21.720811225032953,28.45858184227966,29.455782823275978,0,
43,robust,gap25,0.25,7,2,23,504,22.751428553834558,22.8,22.75,1,1,0,22.75,22.75,22.804179098214444,34.15029821073559,31.76771926580055,0,
43,robust,gap25,0.25,7,2,24,504,27.423375569283962,27.35,27.5,1,1,0,27.5,27.5,27.351553180088718,42.687872763419485,42.52177209118828,0,
43,robust,gap25,0.25,7,2,25,504,27.711753146722913,27.65,27.75,1,1,0,27.75,27.75,27.634868622925953,42.687872763419485,31.675638920102575,0,
43,robust,gap25,0.25,7,2,26,504,20.25503303669393,20.3,20.25,1,1,0,20.25,20.25,20.28990144809348,28.45858184227966,26.653891286427775,0,
43,robust,gap25,0.25,7,2,27,504,23.530582712963223,23.55,23.75,1,1,0,23.75,23.5,23.555868318512253,34.15029821073559,33.419252071667856,0,
43,robust,gap25,0.25,7,2,28,504,24.387830913066864,24.45,24.5,1,1,0,24.5,24.5,24.471343508349996,34.15029821073559,35.48082930985516,0,
43,robust,gap25,0.25,7,2,29,504,21.436537247151136,21.45,21.5,1,1,0,21.5,21.25,21.4416164775497,28.45858184227966,28.834024874499704,0,
43,robust,gap25,0.25,7,2,30,504,25.734173953533173,25.85,25.75,1,1,0,25.75,25.5,25.839443967770077,42.687872763419485,38.89001931471669,0,
43,robust,gap25,0.25,7,2,31,504,27.949157500639558,27.85,28.25,1,1,0,27.75,27.75,27.89114525286152,42.687872763419485,43.887933443515614,0,
43,robust,gap25,0.25,7,2,32,504,26.317326337099075,26.35,26.5,1,1,0,26.5,26.5,26.343190123967453,42.687872763419485,40.02965358034941,0,
43,robust,gap25,0.25,7,2,33,504,23.75362103059888,23.75,23.75,1,1,0,23.75,24,23.74688886098033,34.15029821073559,33.83311277843774,0,
43,robust,gap25,0.25,7,2,34,504,22.33144187927246,22.3,22.25,1,1,0,22.25,22.25,22.314423789467543,28.45858184227966,30.610911561443668,0,
43,robust,gap25,0.25,7,2,35,504,27.73268100619316,27.55,27.5,1,1,0,27.5,27.75,27.52788988068405,42.687872763419485,43.19405307286715,0,
43,robust,gap25,0.25,7,2,36,504,26.666267674416304,26.700000000000003,27,1,1,0,26.5,27,26.707336991683654,42.687872763419485,40.77647547550518,0,
43,robust,gap25,0.25,7,2,37,504,22.919092992320657,23,23,1,1,0,23,23,22.97856813933544,34.15029821073559,32.14145713951585,0,
43,robust,gap25,0.25,7,2,38,504,20.939014479517937,20.9,21,1,1,0,21,20.75,20.9136195111462,28.45858184227966,27.806858593983176,0,
43,robust,gap25,0.25,7,2,39,504,24.934320414438844,25,25,1,1,0,25,25,25.003103890567957,34.15029821073559,37.044391279441996,0,
43,robust,gap25,0.25,7,2,40,504,25.573505733162165,25.45,25.25,1,1,0,25.25,25.5,25.456135914601802,42.687872763419485,38.07698755203968,0,
43,robust,gap25,0.25,7,2,41,504,20.74202566035092,20.75,20.75,1,1,0,20.75,20.75,20.741141114501467,28.45858184227966,27.457526199586404,0,
43,robust,gap25,0.25,7,2,42,504,25.592404613271356,25.6,25.75,1,1,0,25.75,25.5,25.61345513596111,28.45858184227966,37.813478987665704,0,
43,robust,gap25,0.25,7,2,43,504,27.861584648489952,27.85,27.75,1,1,0,27.75,27.75,27.830521766263537,42.687872763419485,32.14145713951585,0,
43,robust,gap25,0.25,7,2,44,504,22.30931966379285,22.3,22.25,1,1,0,22.25,22.25,22.2810799739947,28.45858184227966,30.525406221886563,0,
43,robust,gap25,0.25,7,2,45,504,20.831393299624324,20.9,21,1,1,0,20.75,21,20.885489900803783,28.45858184227966,27.949093164796388,0,
43,robust,gap25,0.25,7,2,46,504,27.76999767497182,27.85,28,1,1,0,27.5,27.75,27.886764420155327,42.687872763419485,31.860336523135246,0,
43,robust,gap25,0.25,7,2,47,504,27.16436218097806,27.15,27,1,1,0,27,27.25,27.104328228345548,42.687872763419485,42.52177209118828,0,
43,robust,gap25,0.25,7,2,48,504,22.993664737790823,23,23,1,1,0,23,23,22.979338616841705,34.15029821073559,32.23626969744952,0,
43,robust,gap25,0.25,7,2,49,504,25.827271480113268,25.7,25.75,1,1,0,25.75,25.75,25.6958315502128,42.687872763419485,38.479209251533064,0,
43,robust,gap25,0.25,7,2,50,504,24.450976690277457,24.4,24.5,1,1,0,24.5,24.5,24.39004718540133,34.15029821073559,35.251920733662544,0,
43,robust,gap25,0.25,7,2,51,504,21.233975460752845,21.2,21.25,1,1,0,21.25,21.25,21.19640212215894,28.45858184227966,28.31112805035075,0,
43,robust,gap25,0.25,7,2,52,504,24.789594266563654,24.8,24.75,1,1,0,24.75,24.75,24.82279857569198,34.15029821073559,36.30596487520063,0,
43,robust,gap25,0.25,7,2,53,504,22.575772197917104,22.55,22.75,1,1,0,22.5,22.75,22.558646092334033,34.15029821073559,31.312594347952405,0,
43,robust,gap25,0.25,7,2,54,504,24.961463324725628,24.95,25,1,1,0,25,25,24.963943516342496,34.15029821073559,36.91924130890334,0,
43,robust,gap25,0.25,7,2,55,504,22.833861017599702,22.75,22.75,1,1,0,22.75,22.75,22.75660342826398,34.15029821073559,31.675638920102575,0,
43,robust,gap25,0.25,7,2,56,504,22.980563405901194,23,23,1,1,0,23,23,22.983984745295764,34.15029821073559,32.14145713951585,0,
43,robust,gap25,0.25,7,2,57,504,23.50346460752189,23.6,23.5,1,1,0,23.5,24,23.605887910189946,34.15029821073559,33.72868959084997,0,
43,robust,gap25,0.25,7,2,58,504,26.43812025524676,26.4,26.5,1,1,0,26.25,26.25,26.3795100979691,42.687872763419485,40.325075377990366,0,
43,robust,gap25,0.25,7,2,59,504,20.96732996404171,20.95,21,1,1,0,21,21,20.954850010099733,28.45858184227966,27.877794457743338,0,
43,robust,gap25,0.25,7,2,60,504,26.397380063310266,26.450000000000003,26.25,1,1,0,26.25,26.5,26.41963288867515,42.687872763419485,40.47442750901996,0,
43,robust,gap25,0.25,7,2,61,504,26.159881563857198,26.1,26,1,1,0,26,26,26.086552150016704,42.687872763419485,39.30969578214168,0,
43,robust,gap25,0.25,7,2,62,504,23.09022157639265,23.15,23,1,1,0,23,23,23.140812661179766,34.15029821073559,32.33164327643606,0,
43,robust,gap25,0.25,7,2,63,504,26.453208910301328,26.5,26.5,1,1,0,26.5,26.25,26.480986241983743,42.687872763419485,40.17682142439481,0,
43,robust,gap25,0.25,7,2,64,504,27.537895895540714,27.55,27.75,1,1,0,27.5,27.5,27.566456304743504,42.687872763419485,43.71238170974156,0,
43,robust,gap25,0.25,7,2,65,504,23.877595882862806,23.95,24,1,1,0,24,23.75,23.921346463819003,34.15029821073559,34.15029821073559,0,
43,robust,gap25,0.25,7,2,66,504,20.05299680121243,20.05,20.25,1,1,0,20.25,20,20.068280279270365,24.393070150525425,26.206463854761125,0,
43,robust,gap25,0.25,7,2,67,504,27.59760214202106,27.65,27.5,1,1,0,27.5,27.75,27.67854926924239,42.687872763419485,31.860336523135246,0,
43,robust,gap25,0.25,7,2,68,504,23.537364782765508,23.6,23.5,1,1,0,23.5,23.5,23.597206342603496,34.15029821073559,33.419252071667856,0,
43,robust,gap25,0.25,7,2,69,504,21.967423118650913,21.95,22,1,1,0,21.75,22,21.948657015718137,28.45858184227966,30.022240185262056,0,
43,robust,gap25,0.25,7,2,70,504,22.066775312647223,22.05,22.25,1,1,0,22.25,22,22.057018260480643,28.45858184227966,30.104946081089228,0,
43,robust,gap25,0.25,7,2,71,504,26.494331134483218,26.5,26.5,1,1,0,26.5,26.5,26.505063541606937,42.687872763419485,40.325075377990366,0,
43,robust,gap25,0.25,7,2,72,504,23.492524173110723,23.55,23.5,1,1,0,23.5,23.75,23.54228982559445,34.15029821073559,33.317364108034724,0,
43,robust,gap25,0.25,7,2,73,504,26.61194889061153,26.55,26.5,1,1,0,26.5,26.75,26.51285790982369,42.687872763419485,40.17682142439481,0,
43,robust,gap25,0.25,7,2,74,504,20.52906757965684,20.5,20.5,1,1,0,20.5,20.5,20.48987473655321,28.45858184227966,26.98295167267997,0,
43,robust,gap25,0.25,7,2,75,504,26.933086045086384,26.950000000000003,27,1,1,0,26.75,27.25,26.96307415936759,42.687872763419485,41.23809595258637,0,
43,robust,gap25,0.25,7,2,76,504,20.394429398700595,20.35,20.25,1,1,0,20.25,20.25,20.372036537990752,28.45858184227966,26.784547616263204,0,
43,robust,gap25,0.25,7,2,77,504,20.98408610932529,21,21,1,1,0,21,20.75,21.000785298667317,28.45858184227966,27.949093164796388,0,
43,robust,gap25,0.25,7,2,78,504,24.052118999883533,24,24.25,1,1,0,24.25,23.75,24.001764367473623,34.15029821073559,34.04391098889529,0,
43,robust,gap25,0.25,7,2,79,504,24.831662530079484,24.8,24.75,1,1,0,24.75,24.75,24.798394089848518,34.15029821073559,36.30596487520063,0,
43,robust,gap25,0.25,7,2,80,504,23.432393729686737,23.4,23.5,1,1,0,23.25,23.5,23.38452154476804,34.15029821073559,32.91595008263671,0,
43,robust,gap25,0.25,7,2,81,504,24.12723163701594,24.1,24,1,1,0,24,24,24.093424793338997,34.15029821073559,34.582580466567684,0,
43,robust,gap25,0.25,7,2,82,504,22.508299119770527,22.5,22.5,1,1,0,22.5,22.5,22.482589906600037,34.15029821073559,31.223129792672538,0,
43,robust,gap25,0.25,7,2,83,504,20.640233321115375,20.65,20.75,1,1,0,20.75,21,20.629524457354716,28.45858184227966,27.388710344449596,0,
43,robust,gap25,0.25,7,2,84,504,24.90474146604538,24.9,24.75,1,1,0,24.75,24.75,24.890533608577798,34.15029821073559,36.18574644846155,0,
43,robust,gap25,0.25,7,2,85,504,27.150607449933887,27.15,27.25,1,1,0,27.25,27.25,27.16173416983175,42.687872763419485,42.03113625936688,0,
43,robust,gap25,0.25,7,2,86,504,24.018317561596632,24.05,24,1,1,0,24,23.75,24.04147298542173,34.15029821073559,34.47348715279303,0,
43,robust,gap25,0.25,7,2,87,504,25.917176632210612,26.05,26,1,1,0,26,26,26.04106963143306,42.687872763419485,39.028912240840675,0,
43,robust,gap25,0.25,7,2,88,504,22.26406827941537,22.15,22.25,1,1,0,22,22.25,22.15601431457169,28.45858184227966,30.35582063176497,0,
43,robust,gap25,0.25,7,2,89,504,27.663361992686987,27.75,27.75,1,1,0,27.5,27.75,27.730552796559582,42.687872763419485,31.58409083073812,0,
43,robust,gap25,0.25,7,2,90,504,25.671409280970693,25.6,25.5,1,1,0,25.5,25.75,25.611029724484343,28.45858184227966,38.21012387215171,0,
43,robust,gap25,0.25,7,2,91,504,26.868173833936453,26.950000000000003,27.25,1,1,0,27.25,27.25,26.962227854342192,42.687872763419485,41.23809595258637,0,
43,robust,gap25,0.25,7,2,92,504,23.973428387194872,24,24,1,1,0,24,24,24.02137607939749,34.15029821073559,34.69236643630282,0,
43,robust,gap25,0.25,7,2,93,504,27.955090088769794,28,28,1,1,0,28,28,28.017970565277665,42.687872763419485,32.33164327643606,0,
43,robust,gap25,0.25,7,2,94,504,20.91698839329183,20.9,21,1,1,0,20.75,21,20.911693137058364,28.45858184227966,27.949093164796388,0,
43,robust,gap25,0.25,7,2,95,504,24.25699339620769,24.25,24.25,1,1,0,24.25,24.25,24.255675743884392,34.15029821073559,35.025946882805734,0,
43,robust,gap25,0.25,7,2,96,504,23.80459421686828,23.85,23.75,1,1,0,23.75,23.75,23.835734390618768,34.15029821073559,33.83311277843774,0,
43,robust,gap25,0.25,7,2,97,504,21.804298859089613,21.8,22,1,1,0,21.75,21.75,21.798920699551548,28.45858184227966,29.53539304712267,0,
43,robust,gap25,0.25,7,2,98,504,27.295164270326495,27.3,27.25,1,1,0,27.25,27.25,27.301947787566835,42.687872763419485,42.3569590210674,0,
43,robust,gap25,0.25,7,2,99,504,23.53687692247331,23.55,23.5,1,1,0,23.5,23.75,23.5477156401759,34.15029821073559,33.317364108034724,0,
43,robust,gap25,0.25,7,2,100,504,22.189822029322386,22.2,22.25,1,1,0,22,22.25,22.215697137688135,28.45858184227966,30.35582063176497,0,
43,robust,gap25,0.25,7,2,101,504,27.087114825844765,27.15,27.25,1,1,0,27.25,27.25,27.159000803934287,42.687872763419485,42.3569590210674,0,
43,robust,gap25,0.25,7,2,102,504,26.65104366838932,26.55,26.5,1,1,0,26.5,26.5,26.540265238776158,42.687872763419485,40.92919635743591,0,
43,robust,gap25,0.25,7,2,103,504,22.266805147752166,22.2,22.25,1,1,0,22.25,22.25,22.21133435922113,28.45858184227966,30.525406221886563,0,
43,robust,gap25,0.25,7,2,104,504,25.75531999953091,25.8,25.75,1,1,0,25.5,25.5,25.787531814861097,42.687872763419485,38.479209251533064,0,
43,robust,gap25,0.25,7,2,105,504,20.699977856129408,20.65,20.5,1,1,0,20.5,20.75,20.630086981413818,28.45858184227966,27.320238568588476,0,
43,robust,gap25,0.25,7,2,106,504,23.630358424037695,23.6,23.5,1,1,0,23.5,23.75,23.597971133376923,34.15029821073559,33.72868959084997,0,
43,robust,gap25,0.25,7,2,107,504,21.87535177730024,21.9,21.75,1,1,0,21.75,21.75,21.883934758888437,28.45858184227966,29.858184227965545,0,
43,robust,gap25,0.25,7,2,108,504,26.930404115468264,27.05,27.25,1,1,0,26.75,27,27.05849660113213,42.687872763419485,41.55169364043874,0,
43,robust,gap25,0.25,7,2,109,504,25.273910600692034,25.15,25.25,1,1,0,25.25,25.25,25.16342131783397,34.15029821073559,37.29725401855082,0,
43,robust,gap25,0.25,7,2,110,504,22.561038741841912,22.55,22.75,1,1,0,22.75,22.5,22.531229325268207,28.45858184227966,30.957777414831128,0,
43,robust,gap25,0.25,7,2,111,504,25.014408439397812,25,25,1,1,0,24.75,25,24.989848231613518,34.15029821073559,36.42698475811796,0,
43,robust,gap25,0.25,7,2,112,504,22.702127469703555,22.75,23,1,1,0,23,22.5,22.764804876890786,34.15029821073559,31.493070396067402,0,
43,robust,gap25,0.25,7,2,113,504,25.80034140869975,25.8,25.75,1,1,0,25.75,25.5,25.816650581382998,42.687872763419485,38.61517818881763,0,
43,robust,gap25,0.25,7,2,114,504,23.19193551875651,23.15,23.25,1,1,0,23,23,23.161836577656995,34.15029821073559,32.62118038040415,0,
43,robust,gap25,0.25,7,2,115,504,25.719704186543822,25.8,25.75,1,1,0,25.5,25.75,25.789706400318384,42.687872763419485,38.89001931471669,0,
43,robust,gap25,0.25,7,2,116,504,22.085167076438665,22.1,22,1,1,0,22,22,22.0834924434873,28.45858184227966,30.022240185262056,0,
43,robust,gap25,0.25,7,2,117,504,23.54432363063097,23.65,23.5,1,1,0,23.5,23.75,23.623102552447886,34.15029821073559,33.52176511483248,0,
43,robust,gap25,0.25,7,2,118,504,23.512634182348847,23.45,23.25,1,1,0,23.25,23.5,23.4530955428002,34.15029821073559,33.115440689198145,0,
43,robust,gap25,0.25,7,2,119,504,26.393212655559182,26.4,26.5,1,1,0,26.25,26.25,26.41605413424264,42.687872763419485,40.325075377990366,0,
43,robust,gap25,0.25,7,2,120,504,26.341953495517373,26.25,26.25,1,1,0,26.25,26.25,26.228821427419742,42.687872763419485,39.883559954143756,0,
43,robust,gap25,0.25,7,2,121,504,26.354348612949252,26.4,26.5,1,1,0,26.25,26.25,26.41451636205982,42.687872763419485,40.325075377990366,0,
43,robust,gap25,0.25,7,2,122,504,23.271997781470418,23.35,23.5,1,1,0,23.25,23.5,23.354295951452535,34.15029821073559,32.91595008263671,0,
43,robust,gap25,0.25,7,2,123,504,24.91892233118415,25,25,1,1,0,25,25,25.02306481981047,34.15029821073559,37.044391279441996,0,
43,robust,gap25,0.25,7,2,124,504,22.731930699199438,22.65,22.75,1,1,0,22.75,22.5,22.6263290509954,34.15029821073559,31.134175006938428,0,
43,robust,gap25,0.25,7,2,125,504,26.490213518962264,26.450000000000003,26.5,1,1,0,26.5,26.25,26.450138037781226,42.687872763419485,40.47442750901996,0,
43,robust,gap25,0.25,7,2,126,504,25.588281953707337,25.65,25.75,1,1,0,25.75,25.75,25.64833410520252,42.687872763419485,38.34419448222943,0,
43,robust,gap25,0.25,7,2,127,504,21.550570599734783,21.55,21.5,1,1,0,21.5,21.5,21.546202641769213,28.45858184227966,29.14158780649437,0,
43,robust,gap25,0.25,7,2,128,504,20.89750074222684,20.9,20.75,1,1,0,20.75,21,20.897066345545536,28.45858184227966,27.949093164796388,0,
43,robust,gap25,0.25,7,2,129,504,22.062448671087623,22.1,22.25,1,1,0,22.25,22,22.123597219076657,28.45858184227966,30.271732485970606,0,
43,robust,gap25,0.25,7,2,130,504,20.732599817216396,20.7,20.75,1,1,0,20.75,20.75,20.70949601507608,28.45858184227966,27.457526199586404,0,
43,robust,gap25,0.25,7,2,131,504,25.72028872743249,25.95,25.75,1,1,0,25.75,26,25.92865695725999,42.687872763419485,39.028912240840675,0,
43,robust,gap25,0.25,7,2,132,504,26.07500601001084,26.1,26.25,1,1,0,26,26,26.0995219726182,42.687872763419485,39.738528827037776,0,
43,robust,gap25,0.25,7,2,133,504,21.159292209893465,21.15,21,1,1,0,21,20.75,21.16542666656322,28.45858184227966,28.2379726807116,0,
43,robust,gap25,0.25,7,2,134,504,23.226087052375078,23.25,23.25,1,1,0,23.25,23.25,23.265224016922733,34.15029821073559,32.718848585135895,0,
43,robust,gap25,0.25,7,2,135,504,22.15188799612224,22.15,22,1,1,0,22,22.25,22.142042375486366,28.45858184227966,30.440377235196067,0,
43,robust,gap25,0.25,7,2,136,504,27.308537013828754,27.3,27.25,1,1,0,27.25,27.5,27.31721814739312,42.687872763419485,42.19341863874667,0,
43,robust,gap25,0.25,7,2,137,504,24.454462816938758,24.4,24.25,1,1,0,24.25,24.25,24.381682593664795,34.15029821073559,35.251920733662544,0,
43,robust,gap25,0.25,7,2,138,504,22.14603336341679,22.15,22.25,1,1,0,22.25,22.25,22.1426220319639,28.45858184227966,30.440377235196067,0,
43,robust,gap25,0.25,7,2,139,504,24.61857715062797,24.6,24.75,1,1,0,24.5,24.75,24.624371461778757,34.15029821073559,36.06632154269105,0,
43,robust,gap25,0.25,7,2,140,504,27.199303613975644,27.35,27.5,1,1,0,27.5,27.5,27.319949419206402,42.687872763419485,43.19405307286715,0,
43,robust,gap25,0.25,7,2,141,504,25.167296739295125,25.1,25.25,1,1,0,25.25,25,25.116471838453805,34.15029821073559,37.170392610324456,0,
43,robust,gap25,0.25,7,2,142,504,23.461924124509096,23.4,23.5,1,1,0,23.5,23.5,23.402228413750006,34.15029821073559,32.91595008263671,0,
43,robust,gap25,0.25,7,2,143,504,23.550230318680406,23.5,23.5,1,1,0,23.5,23.5,23.488278388000275,34.15029821073559,33.21609552411972,0,
43,robust,gap25,0.25,7,2,144,504,24.483095010742545,24.5,24.5,1,1,0,24.25,24.5,24.520544710826847,34.15029821073559,35.71273015501761,0,
43,robust,gap25,0.25,7,2,145,504,20.776846811175346,20.8,20.75,1,1,0,20.75,20.75,20.80856509396892,28.45858184227966,27.59620057433179,0,
43,robust,gap25,0.25,7,2,146,504,23.59695009700954,23.65,23.75,1,1,0,23.5,24,23.637272390994667,34.15029821073559,33.62490900749351,0,
43,robust,gap25,0.25,7,2,147,504,23.340252524241805,23.4,23.25,1,1,0,23.25,23.25,23.397895759497224,34.15029821073559,33.0153940405903,0,
43,robust,gap25,0.25,7,2,148,504,23.917077027261257,23.9,24,1,1,0,24,24,23.928266060161388,34.15029821073559,34.15029821073559,0,
43,robust,gap25,0.25,7,2,149,504,21.20673974789679,21.25,21.25,1,1,0,21.25,21.25,21.25125011456923,28.45858184227966,28.532886233512766,0,
43,robust,gap25,0.25,7,2,150,504,21.104302916675806,21.15,21.25,1,1,0,21.25,21.25,21.147620060237276,28.45858184227966,28.384663447884126,0,
43,robust,gap25,0.25,7,2,151,504,26.788635343313217,26.8,27,1,1,0,27,26.75,26.791956346840173,42.687872763419485,41.23809595258637,0,
43,robust,gap25,0.25,7,2,152,504,20.03665847145021,20,20,1,1,0,20,20,20.019790624415144,24.393070150525425,26.206463854761125,0,
43,robust,gap25,0.25,7,2,153,504,26.071622390300035,26.1,26,1,1,0,26,26.25,26.11959613008438,42.687872763419485,39.59454865012822,0,
43,robust,gap25,0.25,7,2,154,504,20.44240514561534,20.45,20.5,1,1,0,20.5,20.5,20.45270872428718,28.45858184227966,26.916491200579777,0,
43,robust,gap25,0.25,7,2,155,504,22.45296702720225,22.45,22.5,1,1,0,22.5,22.5,22.45417690824313,28.45858184227966,30.87032606620166,0,
43,robust,gap25,0.25,7,2,156,504,26.07327352836728,25.95,25.75,1,1,0,25.75,26,25.97035042120884,42.687872763419485,38.89001931471669,0,
43,robust,gap25,0.25,7,2,157,504,26.619564101099968,26.700000000000003,26.75,1,1,0,26.75,26.75,26.711843113103466,42.687872763419485,41.55169364043874,0,
43,robust,gap25,0.25,7,2,158,504,20.03725128248334,20.1,20,1,1,0,20,20,20.084656761373886,24.393070150525425,26.2694601621043,0,
43,robust,gap25,0.25,7,2,159,504,25.497914735227823,25.45,25.5,1,1,0,25.5,25.5,25.451524679724916,34.15029821073559,37.29725401855082,0,
43,robust,gap25,0.25,7,2,160,504,26.157610030844808,26.200000000000003,26.25,1,1,0,26.25,26.25,26.191296428450066,42.687872763419485,39.738528827037776,0,
43,robust,gap25,0.25,7,2,161,504,22.050214305520058,22.05,22.25,1,1,0,22,22.25,22.060242016792014,28.45858184227966,30.18810891556737,0,
43,robust,gap25,0.25,7,2,162,504,20.634648287668824,20.65,20.75,1,1,0,20.5,20.75,20.636327706087908,28.45858184227966,27.320238568588476,0,
43,robust,gap25,0.25,7,2,163,504,22.474224029108882,22.45,22.25,1,1,0,22.25,22.25,22.456753183561528,28.45858184227966,30.957777414831128,0,
43,robust,gap25,0.25,7,2,164,504,27.66501539759338,27.6,27.5,1,1,0,27.25,27.5,27.60038015183448,42.687872763419485,42.687872763419485,0,
43,robust,gap25,0.25,7,2,165,504,25.635102374479175,25.7,25.5,1,1,0,25.5,25.5,25.70163966357469,28.45858184227966,38.21012387215171,0,
43,robust,gap25,0.25,7,2,166,504,26.817314015701413,26.9,27,1,1,0,27,27,26.90082614738062,42.687872763419485,41.71028789097476,0,
43,robust,gap25,0.25,7,2,167,504,22.996026389300823,23,23,1,1,0,23,23,23.00146425768968,34.15029821073559,32.23626969744952,0,
43,robust,gap25,0.25,7,2,168,504,23.907599033787847,23.85,23.75,1,1,0,23.75,23.75,23.877559587745125,34.15029821073559,34.04391098889529,0,
43,robust,gap25,0.25,7,2,169,504,26.80092678964138,26.9,27,1,1,0,27,27,26.89621984623907,42.687872763419485,41.23809595258637,0,
43,robust,gap25,0.25,7,2,170,504,27.345329865813255,27.3,27.25,1,1,0,27.25,27.25,27.279118997808837,42.687872763419485,42.3569590210674,0,
43,robust,gap25,0.25,7,2,171,504,22.769995177164674,22.7,22.75,1,1,0,22.75,22.75,22.676513138048747,34.15029821073559,31.58409083073812,0,
43,robust,gap25,0.25,7,2,172,504,20.114938084036112,20.1,20,1,1,0,20,20,20.110417880403663,24.393070150525425,26.2694601621043,0,
43,robust,gap25,0.25,7,2,173,504,23.40979288890958,23.55,23.5,1,1,0,23.5,23.25,23.552837855634973,34.15029821073559,33.419252071667856,0,
43,robust,gap25,0.25,7,2,174,504,24.739781042560935,24.75,24.75,1,1,0,24.75,24.75,24.74609682492509,34.15029821073559,36.18574644846155,0,
43,robust,gap25,0.25,7,2,175,504,20.047486739233136,20.05,20,1,1,0,20,20,20.032211350864515,24.393070150525425,26.143768965156433,0,
43,robust,gap25,0.25,7,2,176,504,26.439214488491416,26.450000000000003,26.5,1,1,0,26.25,26.25,26.44287077211904,42.687872763419485,40.47442750901996,0,
43,robust,gap25,0.25,7,2,177,504,21.26594727486372,21.3,21.25,1,1,0,21.25,20.75,21.282713546899256,28.45858184227966,28.45858184227966,0,
43,robust,gap25,0.25,7,2,178,504,20.613095823675394,20.6,20.75,1,1,0,20.5,20.5,20.59165359208492,28.45858184227966,27.25210829784386,0,
43,robust,gap25,0.25,7,2,179,504,22.512458585202694,22.5,22.5,1,1,0,22.25,22.5,22.487523072528276,28.45858184227966,30.957777414831128,0,
43,robust,gap25,0.25,7,2,180,504,20.749799821525812,20.7,20.75,1,1,0,20.75,20.75,20.720375309051487,28.45858184227966,27.388710344449596,0,
43,robust,gap25,0.25,7,2,181,504,22.382526131346822,22.4,22.5,1,1,0,22.25,22.5,22.42267514823531,34.15029821073559,31.045725646123266,0,
43,robust,gap25,0.25,7,2,182,504,26.866133565083146,26.950000000000003,27.25,1,1,0,27.25,26.75,26.948987070903158,42.687872763419485,42.03113625936688,0,
43,robust,gap25,0.25,7,2,183,504,26.607366593554616,26.6,26.5,1,1,0,26.5,26.5,26.59766687512023,42.687872763419485,40.92919635743591,0,
43,robust,gap25,0.25,7,2,184,504,23.525063244625926,23.5,23.5,1,1,0,23.5,23.5,23.48645330020665,34.15029821073559,33.21609552411972,0,
43,robust,gap25,0.25,7,2,185,504,27.52111360616982,27.55,27.5,1,1,0,27.5,27.5,27.564202352588516,42.687872763419485,43.71238170974156,0,
43,robust,gap25,0.25,7,2,186,504,23.02164912223816,23,23,1,1,0,23,23,23.021089937457795,34.15029821073559,32.23626969744952,0,
43,robust,gap25,0.25,7,2,187,504,26.88860864378512,26.8,27,1,1,0,26.5,27,26.80713268336301,42.687872763419485,41.083065516674395,0,
43,robust,gap25,0.25,7,2,188,504,25.86945340409875,25.85,25.75,1,1,0,25.75,25.75,25.86771225532981,42.687872763419485,38.75211144480634,0,
43,robust,gap25,0.25,7,2,189,504,25.779932122677565,25.85,26,1,1,0,25.5,25.5,25.846447788265017,42.687872763419485,38.07698755203968,0,
43,robust,gap25,0.25,7,2,190,504,25.451980598270893,25.5,25.5,1,1,0,25.5,25.25,25.51141125294187,34.15029821073559,37.42498434053215,0,
43,robust,gap25,0.25,7,2,191,504,22.099552733823657,22.15,22,1,1,0,22,22.25,22.13198874345295,28.45858184227966,30.18810891556737,0,
43,robust,gap25,0.25,7,2,192,504,24.373508118093014,24.35,24.25,1,1,0,24.25,24.25,24.35828878746515,34.15029821073559,35.48082930985516,0,
43,robust,gap25,0.25,7,2,193,504,26.818781496956944,26.8,26.75,1,1,0,26.75,26.75,26.798935379743977,42.687872763419485,40.77647547550518,0,
43,robust,gap25,0.25,7,2,194,504,21.57663301564753,21.55,21.5,1,1,0,21.5,21.5,21.533274490020094,28.45858184227966,29.064083583604756,0,
43,robust,gap25,0.25,7,2,195,504,24.083500185981393,24,24,1,1,0,24,23.75,24.02351811847435,34.15029821073559,34.47348715279303,0,
43,robust,gap25,0.25,7,2,196,504,26.314850008115172,26.4,26.5,1,1,0,26.5,26.5,26.378191410997932,42.687872763419485,40.47442750901996,0,
43,robust,gap25,0.25,7,2,197,504,21.65093817561865,21.65,21.5,1,1,0,21.5,21.5,21.659495857210686,28.45858184227966,29.29784296899568,0,
43,robust,gap25,0.25,7,2,198,504,26.90391369536519,26.950000000000003,27,1,1,0,27,27.25,26.905428461549906,42.687872763419485,41.55169364043874,0,
43,robust,gap25,0.25,7,2,199,504,22.770822124555707,22.8,22.75,1,1,0,22.75,22.75,22.798078005510895,34.15029821073559,31.58409083073812,0,
