cell,block,cond,dt,days,snr,rep,n,tau,LS,CHI,CHI_sigPeak,CHI_sigAny,CHI_pPeak,CHI_rel,ENR,COS,FFTauto,FFTfine,COSfixTrue_p,SURR_p
0,main,cosine,0.25,3,0.25,0,288,21.83979606255889,20.35,31.25,0,0,0.2770615199002201,21.25,23.5,20.375446550746275,0.5739910313901345,0.8932504634172936,0.1734946464381545,
0,main,cosine,0.25,3,0.25,1,288,27.383998656645417,27.950000000000003,31.25,0,0,0.06535515918721557,27.25,27.25,28.01391290019856,32,28.493913043478262,0.0002640472354379364,
0,main,cosine,0.25,3,0.25,2,288,25.51475333981216,20.95,29.5,0,0,0.1287119893658275,21.75,19.5,20.973751344257963,21.333333333333332,20.531328320802004,0.10381571213367435,
0,main,cosine,0.25,3,0.25,3,288,20.49672340415418,32,31.25,0,0,0.03961091762264801,22,26.25,31.99799577703901,0.5470085470085471,0.548106516793791,0.5062842599590447,
0,main,cosine,0.25,3,0.25,4,288,27.02842342108488,26.200000000000003,29.25,0,0,0.09684666584903212,25,23.75,26.310651798255492,0.8590604026845637,0.8605946002731379,0.017255555681469192,
0,main,cosine,0.25,3,0.25,5,288,25.113206181675196,31.75,31.75,0,0,0.20456321125463306,29,29,31.715186040002685,0.6772486772486772,0.6766892450024781,0.30812715351324615,
0,main,cosine,0.25,3,0.25,6,288,24.307504603639245,25.7,27.25,0,0,0.024049655295384387,27.25,28.25,25.79208543567937,9.142857142857142,9.454125793421811,0.007760996858490299,
0,main,cosine,0.25,3,0.25,7,288,25.170846862718463,23.7,24.5,0,0,0.005276901662378153,24.5,23.75,23.697868738352465,25.6,23.372325249643367,0.000018325980179811907,
0,main,cosine,0.25,3,0.25,8,288,20.804701490327716,19.7,32,0,0,0.12351084711759464,23.5,23.5,19.72785411824542,1.0666666666666667,1.235968617984309,0.22828655856586644,
0,main,cosine,0.25,3,0.25,9,288,23.393337484449148,22.2,31.75,0,0,0.03819827624745886,31.75,31.75,22.174956654377002,1.4545454545454546,0.5475203849752707,0.01570467650973062,
0,main,cosine,0.25,3,0.25,10,288,25.85653512738645,21.25,30.5,0,0,0.09513338132532467,26,31.75,21.228766603506745,0.8707482993197279,0.8695006103062145,0.36925851698481693,
0,main,cosine,0.25,3,0.25,11,288,26.054009526968002,31.75,30.75,0,0,0.02418094946806537,30.75,23.5,31.728264946894484,0.6701570680628273,0.6698556768469685,0.4963634968842463,
0,main,cosine,0.25,3,0.25,12,288,20.762590505182743,25.9,31.75,0,0,0.1288957494046037,24,24,26.07198450567967,8,1.099523521911281,0.053987760022687126,
0,main,cosine,0.25,3,0.25,13,288,23.933959675952792,24.75,31.75,0,0,0.26768087445081434,28.5,23.75,24.766134794911252,0.5589519650655022,0.5595628415300546,0.011949008073800726,
0,main,cosine,0.25,3,0.25,14,288,22.268257850781083,19.3,31.5,0,0,0.2393369461930417,27.75,32,19.308648674306248,3.2,1.2605985996768485,0.6251358815668155,
0,main,cosine,0.25,3,0.25,15,288,20.56199131347239,22.1,30.75,0,0,0.3559966299406685,23.5,23.75,22.094089568128123,11.636363636363637,11.83815028901734,0.00978750394447836,
0,main,cosine,0.25,3,0.25,16,288,23.462307767942548,22.95,25.25,0,0,0.011178530343386894,25.25,25.25,22.914943121755663,0.7441860465116279,0.7461517442390018,0.016517073164719953,
0,main,cosine,0.25,3,0.25,17,288,27.491130707785487,28.65,32,0,0,0.19052466786614541,29.5,29.5,28.67273325064713,0.5140562248995983,0.5147992207628983,0.028398899895228147,
0,main,cosine,0.25,3,0.25,18,288,27.496131006628275,32,31.75,0,0,0.05358189214555631,31.75,31.75,31.675929041543174,4,4.007827788649706,0.2768767739914064,
0,main,cosine,0.25,3,0.25,19,288,24.04496161453426,18,30.75,0,0,0.11397342260577559,28,23.75,18,0.6808510638297872,0.6798340248962655,0.07191536277117905,
0,main,cosine,0.25,3,0.25,20,288,27.86377897299826,32,32,0,0,0.031164665737564157,32,32,32,5.333333333333333,5.35249918327344,0.24553881799987898,
0,main,cosine,0.25,3,0.25,21,288,22.56133795902133,20.75,32,0,0,0.46564951164243273,20.5,20.5,20.762052414362046,21.333333333333332,21.03209242618742,0.0008962291887582019,
0,main,cosine,0.25,3,0.25,22,288,21.588354056701064,22.05,31.5,0,0,0.0899706708714143,22.25,23.75,22.063998617577326,21.333333333333332,22.021505376344088,0.0005053075194125789,
0,main,cosine,0.25,3,0.25,23,288,26.677304876968265,30.05,29.75,0,0,0.043735805109065495,29.75,29.75,29.994960637307507,0.8050314465408805,0.8043200785468827,0.03284603869692415,
0,main,cosine,0.25,3,0.25,24,288,26.294295459985733,29.8,31.25,0,0,0.057412909099527676,31.25,23.25,29.697057851469086,0.6994535519125683,0.698409991900763,0.07222693642859146,
0,main,cosine,0.25,3,0.25,25,288,24.84874320216477,23.5,25.5,0,0,0.0055145391879577454,25.5,25.5,23.493063229924037,25.6,23.848617176128094,0.0007775456458254393,
0,main,cosine,0.25,3,0.25,26,288,22.885680152103305,23.6,30.75,0,1,0.13421908843664943,21.25,21.25,23.593622017424764,25.6,23.405714285714286,7.28642246539124e-9,
0,main,cosine,0.25,3,0.25,27,288,24.600041929632425,24.7,29.5,0,0,0.023115722160278795,29.5,29.5,24.726250167276145,25.6,24.861911987860395,0.0002545555135446964,
0,main,cosine,0.25,3,0.25,28,288,22.78785224072635,22.5,30.5,0,0,0.033098991572090064,30.5,22.5,22.447482905844364,1.620253164556962,1.6205736894164193,0.03056245070757313,
0,main,cosine,0.25,3,0.25,29,288,20.477494172751904,21.7,32,0,0,0.35526807633103386,23.5,23.5,21.67056586537816,0.6153846153846154,0.6144844916175974,0.13319611711944235,
0,main,cosine,0.25,3,0.25,30,288,26.61157051473856,26.700000000000003,31.25,0,0,0.1806192590006077,21.25,31.75,26.676974387499417,1.1130434782608696,1.1160762942779292,0.05319513620452121,
0,main,cosine,0.25,3,0.25,31,288,24.994504341855645,25.05,28.5,0,0,0.013410904270296675,19.25,24.25,25.062610473463273,0.5818181818181818,0.5819008381872425,0.054650258479800984,
0,main,cosine,0.25,3,0.25,32,288,23.16115240380168,22.05,31.75,0,0,0.2936334311635288,22,23.75,22.059927790830127,21.333333333333332,22.080862533692724,0.0016990291851896044,
0,main,cosine,0.25,3,0.25,33,288,23.453063871711493,22.75,31,0,0,0.2652618651527454,23.75,22,22.727656810795075,1.7066666666666668,1.7029414821744102,0.009970102810733072,
0,main,cosine,0.25,3,0.25,34,288,26.38741664402187,26.15,32,0,0,0.09809569988737066,24.5,23,26.284900068781898,25.6,26.130781499202552,0.0017846690108452856,
0,main,cosine,0.25,3,0.25,35,288,20.262491950765252,18.45,31.25,0,0,0.27601917221930194,19,23.25,18.475153312618893,0.8888888888888888,0.8893714037563782,0.04897502348798788,
0,main,cosine,0.25,3,0.25,36,288,26.33052470162511,25.55,29.25,0,0,0.0470051835019476,19.75,29.25,25.688743263698246,4.7407407407407405,4.811747430249633,0.03160484915978612,
0,main,cosine,0.25,3,0.25,37,288,21.29012397862971,20.7,30.25,0,0,0.20839786229337176,19.5,20.5,20.6741968342115,21.333333333333332,20.844783715012724,0.000003134699172124833,
0,main,cosine,0.25,3,0.25,38,288,21.734489548951387,22.9,31.25,0,0,0.11154245623760484,24,24,22.82846656396182,21.333333333333332,22.723994452149793,0.0001369323309428072,
0,main,cosine,0.25,3,0.25,39,288,26.688801884651184,27.950000000000003,27,0,0,0.009047532951839243,27,27,27.967406110197764,25.6,27.722504230118442,0.0007722322493274314,
0,main,cosine,0.25,3,0.25,40,288,23.45158519782126,23.4,32,0,0,0.17310565099782016,23.5,23.25,23.387832503746164,21.333333333333332,23.23971631205674,0.000026860138427453606,
0,main,cosine,0.25,3,0.25,41,288,22.18893755041063,21.35,31.5,0,0,0.11125287864780042,20.75,31.5,21.30016995838978,1.7297297297297298,1.7392781316348196,0.0011203160451583871,
0,main,cosine,0.25,3,0.25,42,288,27.093483977019787,24.15,31,0,0,0.14418452105178825,27,25.75,24.129051563458844,25.6,24.6006006006006,0.00017268709750806188,
0,main,cosine,0.25,3,0.25,43,288,26.450599692761898,25.05,25.75,0,0,0.0038380239097779434,25.75,23.75,25.06104240254003,8.533333333333333,8.471561530506722,0.0032705885352629638,
0,main,cosine,0.25,3,0.25,44,288,26.609498731791973,23.7,31.25,0,0,0.0990562242303542,23,23.75,23.716379405967963,0.5541125541125541,0.5543938009677528,0.1916548598120439,
0,main,cosine,0.25,3,0.25,45,288,21.435600796714425,32,31.25,0,0,0.1481236564316989,25.75,28.5,32,0.6009389671361502,0.599773035106344,0.08695360453943579,
0,main,cosine,0.25,3,0.25,46,288,27.73650924861431,31.6,31.5,0,0,0.04051406210638253,31.5,23.5,31.405834069627538,32,31.813592233009707,0.00555548069385392,
0,main,cosine,0.25,3,0.25,47,288,23.58836790174246,26.200000000000003,31.75,0,0,0.1394629595167668,25,29.5,26.281813273664564,25.6,26.340836012861736,0.0007873437031071795,
0,main,cosine,0.25,3,0.25,48,288,24.876642767339945,27.450000000000003,28.5,0,0,0.011453792984577826,28.5,28.5,27.544428865913027,25.6,27.86394557823129,0.013400925243095219,
0,main,cosine,0.25,3,0.25,49,288,27.27431313879788,26.200000000000003,28.75,0,0,0.059141904812396895,26.75,23.75,26.213287574736874,25.6,26.2144,0.0003199843896011245,
0,main,cosine,0.25,3,0.25,50,288,22.255742570385337,23,29.5,0,0,0.046381796734829006,29.5,23.75,22.96576223286302,0.8707482993197279,0.8705169757186122,0.30719933233899877,
0,main,cosine,0.25,3,0.25,51,288,22.41377641260624,23.7,28,0,0,0.03918335930726824,26.5,23.75,23.698072033112375,0.6530612244897959,1.6472953951337221,0.031112176636156508,
0,main,cosine,0.25,3,0.25,52,288,26.90649455972016,26.15,28.75,0,0,0.051093862255415234,24.25,30.25,26.247562679131704,1.4382022471910112,0.9304861426624261,0.003137368949481467,
0,main,cosine,0.25,3,0.25,53,288,26.586416769772768,24.75,27.25,0,0,0.05542998362460283,21.5,21.5,24.77811584792974,0.7191011235955056,0.7184074366394808,0.06923048939004361,
0,main,cosine,0.25,3,0.25,54,288,20.726899664849043,20.15,31.25,0,0,0.20302991537771575,19.5,23.75,20.188001469133287,21.333333333333332,20.3527950310559,0.00045785399205933164,
0,main,cosine,0.25,3,0.25,55,288,21.02598931826651,21.4,31.75,0,0,0.07131548952967282,22,22,21.39348565611087,0.512,0.5119840004999844,0.1399253282345091,
0,main,cosine,0.25,3,0.25,56,288,23.676392586901784,23.25,29.25,0,0,0.1420664710786691,20.75,23.75,23.170602272756025,0.5614035087719298,22.850767085076708,0.0012678021983504317,
0,main,cosine,0.25,3,0.25,57,288,25.978421622887254,24.3,31.5,0,0,0.09819857325023518,30.75,23,24.339692744108497,9.142857142857142,9.240834743372815,0.006133356447821647,
0,main,cosine,0.25,3,0.25,58,288,26.96242922730744,28.4,29.25,0,0,0.050649280584561196,29.25,23.75,28.4917639673684,4.129032258064516,0.7164910132505357,0.006470579614497485,
0,main,cosine,0.25,3,0.25,59,288,21.186194295063615,20.1,32,0,0,0.11214269461647208,19.25,30.5,20.105398977415508,0.6772486772486772,20.127764127764127,0.015617986276599272,
0,main,cosine,0.25,3,0.25,60,288,26.946180790662766,30.6,31.75,0,0,0.04904293137853133,31.75,32,30.60074448079846,0.7710843373493976,0.5029315161003162,0.04869267630621399,
0,main,cosine,0.25,3,0.25,61,288,20.372614104300737,20.45,31.5,0,0,0.2140442140793728,27.5,27.5,20.496163454168457,0.6701570680628273,0.6700474398822183,0.04531200328229057,
0,main,cosine,0.25,3,0.25,62,288,22.580018816515803,21.75,32,0,0,0.20708311319266415,19.5,22.25,21.69877005722178,0.9696969696969697,0.9695821990768139,0.012181001827044846,
0,main,cosine,0.25,3,0.25,63,288,23.162283327430487,20.3,30,0,0,0.24612733571816214,21,22.5,20.302422315326215,11.636363636363637,11.33840830449827,0.062335945690336625,
0,main,cosine,0.25,3,0.25,64,288,24.50305704958737,25.45,31,0,0,0.09511744921897558,27,23,25.464766445225468,25.6,25.6,2.288455461796346e-7,
0,main,cosine,0.25,3,0.25,65,288,24.540201488882303,27.35,32,0,0,0.08914556646253646,32,23,27.47872666756615,0.5714285714285714,0.571607996371629,0.39503157035331826,
0,main,cosine,0.25,3,0.25,66,288,21.429258150979877,22.45,30.5,0,0,0.22159094419029657,20.5,22.75,22.439955845669342,1.4545454545454546,1.4527398474906899,0.008469329267136949,
0,main,cosine,0.25,3,0.25,67,288,26.011201648041606,26.4,28.5,0,0,0.016022531056980704,28.5,23.5,26.46759706106145,1.2427184466019416,0.8279347112031937,0.014859442308018389,
0,main,cosine,0.25,3,0.25,68,288,23.476465279236436,21.7,32,0,0,0.21223540257120943,22.25,23,21.654379385465777,11.636363636363637,1.8987136400509907,0.03697560788779353,
0,main,cosine,0.25,3,0.25,69,288,26.847195891663432,32,30.25,0,0,0.00819752666773177,30.25,30.25,32,0.8421052631578947,0.8402051282051282,0.12033795279387227,
0,main,cosine,0.25,3,0.25,70,288,23.70529194548726,23.75,30.25,0,0,0.07766297337098793,30.25,23.75,23.752342373246986,2.782608695652174,1.1894010889292197,0.0036600186729696116,
0,main,cosine,0.25,3,0.25,71,288,21.94497061893344,18,31.75,0,0,0.026521480303517198,31.75,23.75,18,0.7757575757575758,0.7749503358244253,0.08746726159802543,
0,main,cosine,0.25,3,0.25,72,288,23.516193313524127,24.4,30.5,0,0,0.04185541135636739,26.75,30.5,24.429566294917983,1.2673267326732673,1.2719509354863754,0.009546697173862806,
0,main,cosine,0.25,3,0.25,73,288,27.59823061339557,23.95,31.5,0,0,0.15540746912654635,22.25,23.5,23.95911472941144,0.757396449704142,0.75596364139713,0.06177748190952659,
0,main,cosine,0.25,3,0.25,74,288,26.516923373565078,26.4,31.75,0,0,0.07646462397126519,25,28.75,26.535010012763873,25.6,26.511326860841425,0.00006055073845878667,
0,main,cosine,0.25,3,0.25,75,288,23.394864415749907,24.25,32,0,0,0.168804697807035,23.5,23.5,24.291977357211447,25.6,23.953216374269005,0.00001540797686228057,
0,main,cosine,0.25,3,0.25,76,288,26.07855769433081,24.25,31.25,0,0,0.11365880966553799,21.25,23.5,24.255922646793653,1.9393939393939394,1.9373300224665957,0.08395913303549285,
0,main,cosine,0.25,3,0.25,77,288,23.44504697062075,23.2,32,0,0,0.10982989002677102,26.5,23.75,23.17016725247879,21.333333333333332,23.141242937853107,0.00027275484977318243,
0,main,cosine,0.25,3,0.25,78,288,20.639743061736226,20.9,32,0,0,0.42121047978613313,20.75,21.75,20.881437540291483,21.333333333333332,20.634760705289672,0.0000063172117429344254,
0,main,cosine,0.25,3,0.25,79,288,20.83542214334011,23.6,30.5,0,0,0.12863897691613424,26,23.75,23.604597337394424,0.8648648648648649,0.8677046922995445,0.14043255959334533,
0,main,cosine,0.25,3,0.25,80,288,27.65345198661089,25.1,30.5,0,0,0.027934569070162674,30.5,30.5,25.1103204989645,0.8533333333333334,0.85422314911366,0.05418292558524995,
0,main,cosine,0.25,3,0.25,81,288,21.009991135448217,22,29.25,0,0,0.09602821350142265,29.25,32,21.909128659253483,21.333333333333332,22.110661268556004,0.0019548416004121494,
0,main,cosine,0.25,3,0.25,82,288,23.98354870826006,26.3,31.5,0,0,0.19695590719484968,27.25,26.5,26.2970010710385,25.6,26.256410256410255,0.0025539240983463163,
0,main,cosine,0.25,3,0.25,83,288,22.028360206633806,23.7,31.75,0,0,0.067122913934349,22,23.5,23.70126401531811,0.6274509803921569,1.5114391143911439,0.030449331676114855,
0,main,cosine,0.25,3,0.25,84,288,25.80697998404503,24.35,30.5,0,0,0.13680663825012396,26.25,23.75,24.35688428382142,1.28,1.2828061384278109,0.007760896192991473,
0,main,cosine,0.25,3,0.25,85,288,27.697796991094947,28.700000000000003,31.5,0,0,0.08159877521005066,19,28.5,28.701107275023908,1.1228070175438596,1.1245024021962937,0.06257918123715422,
0,main,cosine,0.25,3,0.25,86,288,20.478713804855943,20.5,30.25,0,0,0.19247027254403726,18.75,30.25,20.50944711835535,21.333333333333332,20.302354399008674,6.522624300675517e-7,
0,main,cosine,0.25,3,0.25,87,288,23.42724702693522,22.55,26,0,0,0.041509640604211584,23.25,23.5,22.49890029847731,4.7407407407407405,4.675799086757991,0.00663270301147878,
0,main,cosine,0.25,3,0.25,88,288,26.99708329886198,24.4,30.5,0,0,0.028417081838226,30.5,23.75,24.391691492473385,0.9770992366412213,0.9772740829108262,0.030699036136217606,
0,main,cosine,0.25,3,0.25,89,288,25.367812724784017,25.95,32,0,0,0.2303968132451385,27.25,24.25,26.027745892142494,25.6,2.4304999258270286,0.004749517519524016,
0,main,cosine,0.25,3,0.25,90,288,21.467657631263137,22.05,28.25,0,0,0.05650341007561854,22,23.25,22.00552624358804,4.266666666666667,4.308177754404418,0.05637891464381106,
0,main,cosine,0.25,3,0.25,91,288,25.900322377681732,27.6,30.5,0,0,0.025800141227157458,30.5,30.5,27.687745348102446,2.782608695652174,28.102915951972555,0.0006461638939031511,
0,main,cosine,0.25,3,0.25,92,288,21.862307146191597,21.65,31,0,0,0.2828410798383394,20.75,23.25,21.66055104771993,21.333333333333332,21.501312335958005,1.3246671981548275e-7,
0,main,cosine,0.25,3,0.25,93,288,25.125154608860612,24.15,28.75,0,0,0.05243652178413427,21,22.25,24.142645307051247,0.8951048951048951,23.779390420899855,0.0019231379269488702,
0,main,cosine,0.25,3,0.25,94,288,20.683157103136182,22.35,32,0,0,0.03270991325169914,32,32,22.318119241661112,1.292929292929293,1.2889623161041617,0.10296308625243034,
0,main,cosine,0.25,3,0.25,95,288,23.461121805012226,23.75,29.75,0,0,0.2291118532123383,24,28.25,23.731364553426555,25.6,24.16519174041298,0.0011909876974762756,
0,main,cosine,0.25,3,0.25,96,288,21.50867166556418,22.9,29,0,0,0.1306473341677532,23,21.5,22.913412350607118,25.6,23.272727272727273,0.00004529520495655248,
0,main,cosine,0.25,3,0.25,97,288,23.834919165819883,24.6,30,0,0,0.09049429608307924,27.25,23.25,24.610247057243146,0.7757575757575758,1.4302924487123527,0.0865574103320137,
0,main,cosine,0.25,3,0.25,98,288,26.054673429578543,25.85,31.5,0,0,0.3570278899468715,25.75,23,25.868275173827683,1.5058823529411764,1.5119970468807677,0.23246687255943133,
0,main,cosine,0.25,3,0.25,99,288,27.605339063331485,26.55,30.25,0,0,0.0733726139721832,27.75,27.75,26.585137257061533,25.6,26.554294975688816,0.00054365691715208,
0,main,cosine,0.25,3,0.25,100,288,26.776140172034502,27.75,31.5,0,0,0.09408595059939873,25.5,25.5,27.75343662589884,25.6,27.352253756260435,0.0000628623405282136,
0,main,cosine,0.25,3,0.25,101,288,24.438158778473735,23.55,32,0,0,0.13469097223925586,25,32,23.5501743388844,0.64,0.6400500039065552,0.13786156550793516,
0,main,cosine,0.25,3,0.25,102,288,27.780778938904405,29.950000000000003,31.5,0,0,0.1346940223331523,27.5,31.5,29.938462591573963,1.3195876288659794,2.110252447192169,0.07415830946835045,
0,main,cosine,0.25,3,0.25,103,288,27.650449603796005,30.3,27.5,0,0,0.016994771887382965,27.5,23.5,30.144925477112235,0.6305418719211823,0.500015259254738,0.03915790085847315,
0,main,cosine,0.25,3,0.25,104,288,23.148045944049954,24.25,31.5,0,0,0.12247102428974099,24.5,25.25,24.250806223138813,25.6,24.637593984962407,1.7537823637781003e-8,
0,main,cosine,0.25,3,0.25,105,288,21.982658367604017,23.75,29,0,0,0.14443129514472153,25.5,23.5,23.75449378135682,25.6,23.67630057803468,0.0004409604909856313,
0,main,cosine,0.25,3,0.25,106,288,22.92061693035066,23.5,32,0,0,0.19727319139725186,30.25,20.75,23.5006170218664,1.1130434782608696,23.372325249643367,0.004313149290724572,
0,main,cosine,0.25,3,0.25,107,288,23.954784939065576,25.2,31.25,0,0,0.19760725897413112,22.75,23.25,25.20940959050324,25.6,0.7457781419272611,0.008532947378058542,
0,main,cosine,0.25,3,0.25,108,288,26.335196778178215,28.25,31.75,0,0,0.10593203237683624,29,30.25,28.24914700978536,25.6,27.816638370118845,0.000015660593054245275,
0,main,cosine,0.25,3,0.25,109,288,21.17496127448976,22.5,32,0,0,0.0969627617098574,30.25,22.75,22.470169700477605,0.6701570680628273,2.2614216701173224,0.29552647888106154,
0,main,cosine,0.25,3,0.25,110,288,21.028475595638156,20.55,32,0,0,0.1353236657470568,18.25,30.75,20.571363588001557,0.5355648535564853,0.536406495547407,0.03941343884790771,
0,main,cosine,0.25,3,0.25,111,288,25.440588984638453,26.05,28.5,0,0,0.10721991954129084,26,22.75,26.09456509880162,25.6,26.006349206349206,0.00006426555616922958,
0,main,cosine,0.25,3,0.25,112,288,21.823989491909742,24.55,32,0,0,0.2972563413013646,24,23.75,24.54810164050659,0.7664670658682635,0.7674004683840749,0.11402127906816595,
0,main,cosine,0.25,3,0.25,113,288,26.858730975538492,22.7,26.5,0,0,0.025189661366302518,22.75,23.5,22.67604781068668,0.757396449704142,0.7586590109279496,0.6257386065088172,
0,main,cosine,0.25,3,0.25,114,288,23.669633151963353,21.6,30,0,0,0.09246203446534529,20.75,23.75,21.56907798630831,21.333333333333332,21.614775725593667,0.008738078003022065,
0,main,cosine,0.25,3,0.25,115,288,24.89510783366859,26.25,30.75,0,0,0.08184424045110505,27.5,23.75,26.36895954296771,0.5589519650655022,0.5590473265772682,0.002245471982597058,
0,main,cosine,0.25,3,0.25,116,288,22.060527749359608,22.9,30,0,0,0.10053173841458563,23.75,22.25,22.833956617164294,21.333333333333332,22.755555555555556,0.0023302560346275536,
0,main,cosine,0.25,3,0.25,117,288,20.382706701755524,20.25,30.75,0,0,0.19016779372448955,20,23.5,20.28922686010063,1.6623376623376624,1.6631814029032586,0.017742568193521602,
0,main,cosine,0.25,3,0.25,118,288,24.300592340528965,22.8,31.75,0,0,0.3178421374219891,20.25,20.25,22.723851028990655,0.7950310559006211,22.629834254143645,0.0015580682069100682,
0,main,cosine,0.25,3,0.25,119,288,25.981392679736018,26.450000000000003,29,0,0,0.032369919789771884,25.75,29,26.55219094136786,2.8444444444444446,2.8533611981887845,0.010972706886434924,
0,main,cosine,0.25,3,0.25,120,288,22.90092319995165,20.75,29.25,0,0,0.027158514410937862,29.25,31,20.76246052288699,0.9770992366412213,0.9745999643090834,0.11392983835632986,
0,main,cosine,0.25,3,0.25,121,288,22.864249527454376,20.3,29,0,0,0.07197018097035168,20.25,29,20.33496857121978,21.333333333333332,0.6753782101488107,0.029227618596376237,
0,main,cosine,0.25,3,0.25,122,288,23.884381908923388,24.95,32,0,0,0.24100824849695013,22,25.75,24.959949960585764,25.6,46.67806267806268,0.0009725313833265359,
0,main,cosine,0.25,3,0.25,123,288,26.63097602687776,25.2,29.75,0,0,0.052312948935753334,25.5,22.25,25.224178003321686,25.6,25.480559875583204,0.0025994166624181414,
0,main,cosine,0.25,3,0.25,124,288,25.243263160809875,24.45,26.75,0,0,0.00918572251352312,26.75,26.75,24.466354362266532,2.206896551724138,2.211961657891184,0.0008221024861755355,
0,main,cosine,0.25,3,0.25,125,288,23.625357627868652,24.85,31.5,0,0,0.10333683477881928,23.75,30.25,24.857714605310864,0.5925925925925926,0.5934081854400579,0.2714716910982846,
0,main,cosine,0.25,3,0.25,126,288,24.305465143173933,24.75,25.5,0,0,0.006476296539124293,25.5,25.5,24.82704443248217,25.6,24.453731343283582,0.00032001959141580993,
0,main,cosine,0.25,3,0.25,127,288,27.992769053205848,29.950000000000003,31.5,0,0,0.20400473843746325,25.5,23.25,29.953794005575197,0.847682119205298,1.1594366994550986,0.03704374607437222,
0,main,cosine,0.25,3,0.25,128,288,20.96655410155654,21.3,32,0,0,0.44315849939097096,20.25,23.75,21.29428869037106,21.333333333333332,21.195342820181114,0.0007957504818241201,
0,main,cosine,0.25,3,0.25,129,288,26.617485135793686,27.05,29,0,0,0.04607077665261328,29,29,27.079253320368544,25.6,26.94736842105263,0.0021533026598162808,
0,main,cosine,0.25,3,0.25,130,288,23.739344835281372,25.7,30,0,0,0.018688417320355977,21.25,26.75,25.68169932771717,25.6,25.924050632911392,0.0003226696350367986,
0,main,cosine,0.25,3,0.25,131,288,23.540247190743685,24.55,30,0,0,0.17668590696320963,26,24.75,24.59552112493184,0.9343065693430657,0.9340402485605154,0.09756226497792309,
0,main,cosine,0.25,3,0.25,132,288,27.442196898162365,27,30.75,0,0,0.06530692286493733,25.5,22.25,27.170113909136884,2.56,0.6290167773639959,0.016580215183032432,
0,main,cosine,0.25,3,0.25,133,288,21.696566835045815,22.5,24.5,0,0,0.010441215495417988,24.5,23.75,22.51242735381042,0.7398843930635838,22.629834254143645,0.005025260573535362,
0,main,cosine,0.25,3,0.25,134,288,20.77830903045833,19.05,30.75,0,0,0.18602098693745628,26,30.75,19.034421146614967,1.0578512396694215,1.0585346944049618,0.02105985003595734,
0,main,cosine,0.25,3,0.25,135,288,24.743307381868362,28.5,29.75,0,0,0.10925292268534326,26.25,26.75,28.548477980390313,1.855072463768116,1.8609722853248523,0.09974013617078137,
0,main,cosine,0.25,3,0.25,136,288,27.30516786687076,28.3,31.25,0,0,0.06474945985560054,29,29,28.36121569214376,0.5925925925925926,0.8383564447628307,0.0034857735708732074,
0,main,cosine,0.25,3,0.25,137,288,26.80240572616458,23.4,31.75,0,0,0.05200201879404387,23.25,23.25,23.301225948194347,0.7757575757575758,7.396839729119638,0.12473427620312316,
0,main,cosine,0.25,3,0.25,138,288,23.04150783456862,24.15,31.75,0,0,0.1709466998796103,20.5,29,24.158255285674425,0.6597938144329897,0.6604054980047563,0.05567811096765651,
0,main,cosine,0.25,3,0.25,139,288,27.840511541813612,32,32,0,0,0.0905126243160369,18,32,32,0.9014084507042254,0.9009127900582866,0.07899684025415521,
0,main,cosine,0.25,3,0.25,140,288,23.242337591946125,18,30.75,0,0,0.0840090199834318,22.5,23.5,18,0.64,0.640475352800907,0.2650087171958706,
0,main,cosine,0.25,3,0.25,141,288,24.445058250799775,25.45,30.75,0,0,0.08622328800127732,27,23.25,25.51774369010414,25.6,25.244992295839754,0.00013275910374832556,
0,main,cosine,0.25,3,0.25,142,288,21.08780738711357,19.45,32,0,0,0.29582853459520697,27.25,23.5,19.49416341520424,2.723404255319149,2.739799331103679,0.11117814208620302,
0,main,cosine,0.25,3,0.25,143,288,21.378683233633637,21.2,32,0,0,0.029169506018006497,32,32,21.209237856140525,0.6666666666666666,0.6669923465233676,0.01382140354659922,
0,main,cosine,0.25,3,0.25,144,288,25.94905688241124,30.950000000000003,31.75,0,0,0.0329756349227035,28.25,31.25,30.925378855577982,32,30.45353159851301,0.018430358001150227,
0,main,cosine,0.25,3,0.25,145,288,24.9993547629565,23.75,31.5,0,0,0.3350457850616875,22.25,23.75,23.767442287696216,25.6,23.744927536231884,0.0003719009180670474,
0,main,cosine,0.25,3,0.25,146,288,22.89972879178822,24.05,29.25,0,0,0.04865100989021509,29.25,23.75,24.030088139899835,0.5019607843137255,0.5021300070489442,0.28812161972099015,
0,main,cosine,0.25,3,0.25,147,288,23.842234591022134,27.4,31.25,0,0,0.03817543446446958,31.25,23.75,27.428454425552065,0.7111111111111111,1.8971746178786475,0.24009671026162005,
0,main,cosine,0.25,3,0.25,148,288,27.304081741720438,26.8,27.75,0,0,0.0393280472005032,27.75,27.75,26.919957091725937,25.6,26.81505728314239,0.0017200272182774645,
0,main,cosine,0.25,3,0.25,149,288,20.882384477183223,19.9,32,0,0,0.1743448140932784,21.5,22.5,19.921346282734945,1.3333333333333333,1.3310585750264035,0.0055433844941684685,
0,main,cosine,0.25,3,0.25,150,288,23.179361004382372,18,31.5,0,0,0.15213772910272572,19.75,22.75,18,2.8444444444444446,2.83019519778891,0.3933831406696535,
0,main,cosine,0.25,3,0.25,151,288,23.216146010905504,22.2,27,0,0,0.03902136176974558,27,23.75,22.1257148213686,0.5099601593625498,0.5094844206729274,0.054614241415890996,
0,main,cosine,0.25,3,0.25,152,288,25.589967576786876,23,24.5,0,0,0.004944310521898254,24.5,24.5,22.99711562670169,21.333333333333332,23.173974540311175,0.000954445147307359,
0,main,cosine,0.25,3,0.25,153,288,24.75171574577689,25.6,30.75,0,0,0.16951971326086013,25.75,27.5,25.651563968414347,25.6,25.68025078369906,0.0031610914621423847,
0,main,cosine,0.25,3,0.25,154,288,24.528750436380506,25.25,29.5,0,0,0.025038356988706267,29.5,23.75,25.29512847549617,0.6844919786096256,0.6861833563680529,0.0045808214915497025,
0,main,cosine,0.25,3,0.25,155,288,22.362311935052276,22.55,32,0,0,0.3073090029477439,23.25,22.5,22.52865704460013,0.6808510638297872,0.6817009236914371,0.0019081740495402455,
0,main,cosine,0.25,3,0.25,156,288,26.44342777132988,18.9,31.25,0,0,0.15181208719627426,20.25,23.25,18.937320051937295,7.111111111111111,7.278542869835628,0.14910636444034753,
0,main,cosine,0.25,3,0.25,157,288,20.716626957058907,18.65,32,0,0,0.11634592042004321,21,32,18.697661309004758,0.8421052631578947,0.8411541225998562,0.07664507619132255,
0,main,cosine,0.25,3,0.25,158,288,27.61861810274422,26.05,31.5,0,0,0.03314259916899176,31.5,23.75,26.1379608822635,1.0847457627118644,1.0852487249122342,0.04268662756894748,
0,main,cosine,0.25,3,0.25,159,288,21.70305081643164,21.8,32,0,0,0.4142935998277013,23,24.75,21.783003705882688,0.5871559633027523,0.5881466058800302,0.0038119359317876356,
0,main,cosine,0.25,3,0.25,160,288,20.003423172980547,19.1,30.5,0,0,0.3015995911825946,20.5,19.5,19.117034987265775,18.285714285714285,19.14018691588785,0.0002242400074961015,
0,main,cosine,0.25,3,0.25,161,288,23.5348931979388,24.4,31.25,0,0,0.06763125049118313,31.25,23.75,24.416996348322304,0.8258064516129032,0.825057911169302,0.03400688390358819,
0,main,cosine,0.25,3,0.25,162,288,21.592679481953382,23.5,31,0,0,0.17390916889614005,21.75,23.5,23.502557838444464,25.6,23.848617176128094,0.00015595603379059408,
0,main,cosine,0.25,3,0.25,163,288,22.23449967056513,25.6,28.75,0,0,0.04702411643167559,28.75,31,25.717688162984057,0.9552238805970149,0.9531122745782432,0.03305087395711759,
0,main,cosine,0.25,3,0.25,164,288,26.394146911799908,23.4,31.75,0,0,0.3101106871485215,21.5,22.25,23.377197732426197,25.6,23.405714285714286,0.00846472300940948,
0,main,cosine,0.25,3,0.25,165,288,25.642829792574048,28.5,32,0,0,0.2690677048652297,25,28,28.567209911620946,0.6153846153846154,0.6140469230192639,0.03384628581556126,
0,main,cosine,0.25,3,0.25,166,288,22.597414324060082,21.95,32,0,0,0.21371512622543687,21.5,23.75,21.960445388705065,1.3473684210526315,1.3451559934318555,0.001371181308219227,
0,main,cosine,0.25,3,0.25,167,288,27.197878561913967,29,32,0,0,0.03716706442561235,28,20.25,29.013351724519524,1.3473684210526315,28.845070422535212,0.0013455669100136403,
0,main,cosine,0.25,3,0.25,168,288,21.381710320711136,20.85,32,0,0,0.25948898820119504,21,21,20.82936329528303,0.64,2.1146102219927725,0.00484333028140671,
0,main,cosine,0.25,3,0.25,169,288,21.253168113529682,20.95,31,0,0,0.07530151049889422,31,31,20.966993299332803,0.6994535519125683,0.6991550738243578,0.025862245224779867,
0,main,cosine,0.25,3,0.25,170,288,21.066730082035065,20.7,32,0,0,0.07545536774883765,22.25,23.25,20.70603159954824,0.7485380116959064,0.7468660254364772,0.01827714928288804,
0,main,cosine,0.25,3,0.25,171,288,22.20686765946448,22.85,25.25,0,0,0.004816618857969468,25.25,23.75,22.865269252247735,0.6808510638297872,0.680455187307916,0.000019584891308599417,
0,main,cosine,0.25,3,0.25,172,288,24.314812486991286,18.45,31.5,0,0,0.07442910434123085,27,27,18.43252599036727,2.5098039215686274,0.773194903256253,0.7166689025038846,
0,main,cosine,0.25,3,0.25,173,288,26.458333559334278,31.9,30.75,0,0,0.04723336284762747,28.25,27.75,27.92636646047158,0.8827586206896552,0.883091683285722,0.0007931370150531247,
0,main,cosine,0.25,3,0.25,174,288,25.980541989207268,27,30.75,0,0,0.03939109227378146,27,23.75,27.12016855820969,25.6,27.261231281198004,0.000032783311812334404,
0,main,cosine,0.25,3,0.25,175,288,23.477278104051948,23.75,31.75,0,0,0.18960649223502124,18.5,23.75,23.731536298318677,1.3195876288659794,1.315983935742972,0.013008325922460484,
0,main,cosine,0.25,3,0.25,176,288,22.278605230152607,21.05,32,0,0,0.04742049436761975,30.75,32,21.051083623127813,21.333333333333332,20.871337579617833,0.01700329142935697,
0,main,cosine,0.25,3,0.25,177,288,22.00123860500753,21.2,31,0,0,0.07279173307136066,31,31,21.218061226374743,1.1962616822429906,1.1903516419645452,0.041723032112183533,
0,main,cosine,0.25,3,0.25,178,288,23.178889732807875,23.8,31.25,0,0,0.13913026900563286,21,23.75,23.78974224745285,0.9552238805970149,23.33903133903134,0.0026038536783411503,
0,main,cosine,0.25,3,0.25,179,288,25.10788520053029,25.55,31.25,0,0,0.11652192256648675,24,31.25,25.605052936859288,25.6,25.5600624024961,0.0013323202615954655,
0,main,cosine,0.25,3,0.25,180,288,26.36380310729146,26.65,29.25,0,0,0.07019883517490122,25.75,30,26.785461932367276,25.6,26.72756933115824,0.00003111029689273348,
0,main,cosine,0.25,3,0.25,181,288,26.71676390618086,24,31.5,0,0,0.0959879743777291,21.5,32,24.021729105980853,2.6666666666666665,2.643006936602678,0.006172575032421523,
0,main,cosine,0.25,3,0.25,182,288,25.921449841931462,24.8,32,0,0,0.1387127900209878,29,29,24.795183574218992,25.6,25.167434715821813,0.005579970994683214,
0,main,cosine,0.25,3,0.25,183,288,21.122074112296104,22.05,31.25,0,0,0.09867154346116336,28,23,21.979250434560065,0.6368159203980099,0.6376585973378999,0.0060166045817923175,
0,main,cosine,0.25,3,0.25,184,288,20.976621374487877,20.9,30,0,0,0.03837948192951157,20.25,30,20.881400725837583,21.333333333333332,21.086229086229086,0.0002533577117151964,
0,main,cosine,0.25,3,0.25,185,288,27.393628399819136,26.200000000000003,32,0,0,0.15118166358134166,26.5,30,26.29597463672874,1.032258064516129,0.7139620010458427,0.024150458411082987,
0,main,cosine,0.25,3,0.25,186,288,21.649242037907243,21.05,30.5,0,0,0.21384406901411812,20.25,23.75,21.05209986818958,1.620253164556962,1.6143462410089664,0.03299644039736749,
0,main,cosine,0.25,3,0.25,187,288,22.087403133511543,23.35,29.25,0,0,0.11882558043278435,25.25,23.25,23.31022793385747,0.6432160804020101,0.6442024141862934,0.0014045106642410765,
0,main,cosine,0.25,3,0.25,188,288,27.878524029627442,30.5,31.5,0,0,0.039235028103985825,31.5,23.75,30.287707355196893,0.8888888888888888,0.9029484706530725,0.03266951870880086,
0,main,cosine,0.25,3,0.25,189,288,26.466927660629153,28.4,30.25,0,0,0.09880782490674189,30.25,30.25,28.464110015878045,32,28.845070422535212,0.00008556581353302839,
0,main,cosine,0.25,3,0.25,190,288,25.97331620194018,30.450000000000003,31,0,0,0.1360152776768382,29,23.75,30.427492711680273,0.5245901639344263,0.5247413765493386,0.13802159273097314,
0,main,cosine,0.25,3,0.25,191,288,21.28615179285407,21.7,28,0,0,0.09963343723616014,20.25,23.75,21.710865548512796,21.333333333333332,21.586297760210805,0.00001340325686449706,
0,main,cosine,0.25,3,0.25,192,288,22.677496191114187,23,31,0,0,0.22328366244752518,27.75,23.75,22.927097121722444,21.333333333333332,22.978962131837307,0.0035837045746799356,
0,main,cosine,0.25,3,0.25,193,288,22.5488541983068,24.25,31.25,0,0,0.21655382611133756,19.5,19.5,24.259320858584612,0.810126582278481,0.8122149514178069,0.006203481553837764,
0,main,cosine,0.25,3,0.25,194,288,27.909130627289414,27.200000000000003,31,0,0,0.11204197923383463,27.75,29.25,27.198427042417467,25.6,27.08099173553719,0.000003857599848999804,
0,main,cosine,0.25,3,0.25,195,288,24.812003903090954,24.7,28.5,0,0,0.07399813035550784,28.5,23.5,24.70027338984898,25.6,24.824242424242424,0.0015371315153014375,
0,main,cosine,0.25,3,0.25,196,288,25.40676130540669,24.7,30.25,0,0,0.12294518499234375,24.75,22.75,24.764855650491462,0.5614035087719298,0.5606350944429236,0.04568089689324417,
0,main,cosine,0.25,3,0.25,197,288,26.47936862334609,28,31.25,0,0,0.02258057135704694,24.5,28.5,28.034683114800625,25.6,28.006837606837607,0.0000032384498106496906,
0,main,cosine,0.25,3,0.25,198,288,21.597114887088537,20.85,31.5,0,0,0.12491953072233652,22.75,22.5,20.831601590754854,21.333333333333332,20.871337579617833,0.00020158600290365314,
0,main,cosine,0.25,3,0.25,199,288,27.14477768726647,27,30.75,0,0,0.010797063990345968,30.75,23.75,27.10867934494313,25.6,27.30666666666667,0.00021383971043897887,
6,main,cosine,0.25,7,1,0,672,23.512702783569694,23.55,24,1,1,1.1102230246251565e-16,23,23.25,23.539326153793404,23.272727272727273,23.57410071942446,0,0.005
6,main,cosine,0.25,7,1,1,672,26.739733453840017,26.5,26.5,1,1,0,26.5,26.5,26.482560077288873,25.6,26.511326860841425,0,0.005
6,main,cosine,0.25,7,1,2,672,23.757432820275426,23.9,23.75,1,1,0,23.75,23.25,23.888623617084168,23.272727272727273,23.813953488372093,0,0.01
6,main,cosine,0.25,7,1,3,672,22.473157860338688,22.4,22.25,1,1,0,22.25,22.25,22.422767374019376,23.272727272727273,22.41313269493844,0,0.015
6,main,cosine,0.25,7,1,4,672,23.480041524395347,23.55,23.5,1,1,0,23.5,23.5,23.538007679442096,23.272727272727273,23.54022988505747,0,0.005
6,main,cosine,0.25,7,1,5,672,20.292417449876666,20.25,20.25,1,1,0,20.25,20.25,20.245368513092487,19.692307692307693,20.252163164400493,0,0.035
6,main,cosine,0.25,7,1,6,672,23.34802221506834,23.45,23.25,1,1,0,23.25,23.25,23.43699194035014,23.272727272727273,23.472779369627506,0,0.005
6,main,cosine,0.25,7,1,7,672,21.32052798010409,21.25,21.25,1,1,0,21.25,21.25,21.263050034128536,21.333333333333332,21.22279792746114,0,0.01
6,main,cosine,0.25,7,1,8,672,20.90574898198247,20.95,21,1,1,0,21,21,20.950874693896107,21.333333333333332,21.005128205128205,0,0.005
6,main,cosine,0.25,7,1,9,672,20.587649112567306,20.6,20.5,1,1,0,20.25,20.25,20.57258584195756,21.333333333333332,20.557089084065243,0,0.005
6,main,cosine,0.25,7,1,10,672,21.27791833691299,21.35,21.25,1,1,0,21.25,21.25,21.364345011908746,21.333333333333332,21.389033942558747,0,0.005
6,main,cosine,0.25,7,1,11,672,22.59301333874464,22.6,22.5,1,1,0,22.5,22.5,22.613160068703795,23.272727272727273,22.661134163208853,0,0.005
6,main,cosine,0.25,7,1,12,672,20.883814577013254,20.8,21,1,1,0,20.5,20.75,20.786855198241035,21.333333333333332,20.739240506329114,0,0.005
6,main,cosine,0.25,7,1,13,672,21.874421950429678,21.95,22,1,1,0,21.75,22,21.973137046166467,21.333333333333332,21.99194630872483,0,0.01
6,main,cosine,0.25,7,1,14,672,22.629261733964086,22.5,22.5,1,1,0,22.5,22.5,22.5169946001514,23.272727272727273,22.443835616438356,0,0.005
6,main,cosine,0.25,7,1,15,672,27.551266806200147,27.65,27.75,1,1,0,27.75,28,27.65614632128351,28.444444444444443,27.722504230118442,0,0.145
6,main,cosine,0.25,7,1,16,672,24.862579649314284,24.9,24.75,1,1,0,24.75,25,24.895352026353812,25.6,24.89969604863222,0,0.005
6,main,cosine,0.25,7,1,17,672,21.177012350410223,21,21,1,1,0,21,20.75,21.01179515102795,21.333333333333332,21.03209242618742,0,0.005
6,main,cosine,0.25,7,1,18,672,24.920206252485514,24.9,25,1,1,0,25,25,24.915716619011246,25.6,24.89969604863222,0,0.005
6,main,cosine,0.25,7,1,19,672,25.545787731185555,25.55,25.25,1,1,0,25.25,25.5,25.557647884810542,25.6,25.5202492211838,0,0.005
6,main,cosine,0.25,7,1,20,672,21.141263023018837,21,21,1,1,0,21,21,21.004547474566166,21.333333333333332,21.05912596401028,0,0.005
6,main,cosine,0.25,7,1,21,672,24.541268510743976,24.55,24.25,1,1,0,24.25,24.25,24.53294579322503,25.6,24.563718140929534,0,0.01
6,main,cosine,0.25,7,1,22,672,23.18641589768231,23.25,23.25,1,1,0,23.25,23.75,23.23997332654385,23.272727272727273,23.23971631205674,0,0.005
6,main,cosine,0.25,7,1,23,672,21.25776113010943,21.35,21.5,1,1,0,21.5,21.5,21.34088597736499,21.333333333333332,21.30559167750325,0,0.005
6,main,cosine,0.25,7,1,24,672,21.108559964224696,21.15,21.25,1,1,0,21.25,21.25,21.153394694520774,21.333333333333332,21.11340206185567,0,0.005
6,main,cosine,0.25,7,1,25,672,21.23629605770111,21.2,21.25,1,1,0,21.25,21.25,21.202856411912844,21.333333333333332,21.250324254215304,0,0.005
6,main,cosine,0.25,7,1,26,672,20.16811857186258,20.15,20,1,1,0,20,20,20.142127648664907,19.692307692307693,20.127764127764127,0,0.085
6,main,cosine,0.25,7,1,27,672,20.80064888484776,20.9,21,1,1,0,21,21,20.89062126093262,21.333333333333332,20.897959183673468,0,0.005
6,main,cosine,0.25,7,1,28,672,23.27441784925759,23.35,23.25,1,1,0,23.25,23.25,23.324552235515068,23.272727272727273,23.33903133903134,0,0.005
6,main,cosine,0.25,7,1,29,672,25.698077466338873,25.75,26,1,1,0,26,26,25.754427857633804,25.6,25.68025078369906,0,0.005
6,main,cosine,0.25,7,1,30,672,22.57420101389289,22.65,22.75,1,1,0,22.75,22.75,22.66760710458526,23.272727272727273,22.723994452149793,0,0.005
6,main,cosine,0.25,7,1,31,672,27.332878859713674,27.55,27.5,1,1,0,27.5,27.5,27.53489758281847,28.444444444444443,27.44388609715243,0,0.075
6,main,cosine,0.25,7,1,32,672,23.353455839678645,23.4,23.5,1,1,0,23.25,23.25,23.413639765479072,23.272727272727273,23.405714285714286,0,0.005
6,main,cosine,0.25,7,1,33,672,27.5908873192966,27.6,28,1,1,0,27.5,28,27.58087427804104,28.444444444444443,27.675675675675677,0,0.075
6,main,cosine,0.25,7,1,34,672,24.231306305155158,24,23.75,1,1,0,23.75,23.75,24.0039351406867,23.272727272727273,23.988286969253295,0,0.005
6,main,cosine,0.25,7,1,35,672,23.264085141941905,23.4,23.25,1,1,0,23.25,23.5,23.39780647576255,23.272727272727273,23.405714285714286,0,0.005
6,main,cosine,0.25,7,1,36,672,25.514918882399797,25.65,25.75,1,1,0,25.75,25.75,25.64983325352298,25.6,25.68025078369906,0,0.005
6,main,cosine,0.25,7,1,37,672,26.6647047996521,26.65,27,1,1,0,27,27,26.663126178125015,25.6,26.684039087947884,0,0.005
6,main,cosine,0.25,7,1,38,672,25.833396090194583,25.75,25.5,1,1,0,25.5,25.5,25.736178029313372,25.6,25.72056514913658,0,0.005
6,main,cosine,0.25,7,1,39,672,27.862193316221237,27.65,28,1,1,0,27.5,27.5,27.66078549932126,28.444444444444443,27.62900505902192,0,0.085
6,main,cosine,0.25,7,1,40,672,24.815577518194914,25.05,25.25,1,1,0,25.25,25.25,25.035761193533585,25.6,25.013740458015267,0,0.005
6,main,cosine,0.25,7,1,41,672,22.685085207223892,22.5,22.5,1,1,0,22.25,22.5,22.480105516122823,23.272727272727273,22.536451169188446,0,0.005
6,main,cosine,0.25,7,1,42,672,27.032305225729942,27.15,27.5,1,1,0,27.5,27.75,27.139888544355028,28.444444444444443,27.125827814569536,0,0.05
6,main,cosine,0.25,7,1,43,672,24.099720813333988,24.2,23.75,1,1,0,23.75,23.5,24.21690087637688,23.272727272727273,24.20088626292467,0,0.03
6,main,cosine,0.25,7,1,44,672,24.515340942889452,24.5,24.25,1,1,0,24.25,24.25,24.50651980165011,25.6,24.490284005979074,0,0.015
6,main,cosine,0.25,7,1,45,672,26.175530035048723,26.200000000000003,26.5,1,1,0,26.5,26.5,26.176983894386435,25.6,26.17252396166134,0,0.005
6,main,cosine,0.25,7,1,46,672,22.69895001873374,22.8,23,1,1,0,23,23,22.77678482445896,23.272727272727273,22.818941504178273,0,0.005
6,main,cosine,0.25,7,1,47,672,21.331310557201505,21.3,21.25,1,1,0,21.25,21.5,21.310754780376424,21.333333333333332,21.36114732724902,0,0.005
6,main,cosine,0.25,7,1,48,672,23.29586362838745,23.4,23.5,1,1,0,23.5,23.5,23.38733320074275,23.272727272727273,23.372325249643367,0,0.005
6,main,cosine,0.25,7,1,49,672,26.05894816108048,26.200000000000003,26,1,1,0,26,26,26.199137027907078,25.6,26.256410256410255,0,0.005
6,main,cosine,0.25,7,1,50,672,25.85226778499782,25.45,25,1,1,0,25,25,25.43435730933727,25.6,25.480559875583204,0,0.005
6,main,cosine,0.25,7,1,51,672,25.287070421501994,25.2,25.25,1,1,0,25.25,25.25,25.190137352279052,25.6,25.206153846153846,0,0.005
6,main,cosine,0.25,7,1,52,672,21.161058459430933,21.2,21.25,1,1,0,21.25,21.25,21.197248377255494,21.333333333333332,21.140645161290323,0,0.005
6,main,cosine,0.25,7,1,53,672,26.70025441236794,26.8,27,1,1,0,26.75,26.75,26.81254050732556,25.6,26.81505728314239,0,0.01
6,main,cosine,0.25,7,1,54,672,20.128246061503887,20.2,20.5,1,1,0,20,20.5,20.215088731204265,19.692307692307693,20.22716049382716,0,0.05
6,main,cosine,0.25,7,1,55,672,21.135936504229903,21.15,21,1,1,0,21,20.75,21.126613710271595,21.333333333333332,21.086229086229086,0,0.005
6,main,cosine,0.25,7,1,56,672,27.82240698672831,27.65,28,1,1,0,28,27.25,27.652877275234044,28.444444444444443,27.58249158249158,0,0.105
6,main,cosine,0.25,7,1,57,672,21.14874275960028,21.3,21.5,1,1,0,21.5,21.5,21.28780066936567,21.333333333333332,21.333333333333332,0,0.005
6,main,cosine,0.25,7,1,58,672,23.119286697357893,23.25,23.25,1,1,0,23.25,23.75,23.220360095719208,23.272727272727273,23.206798866855525,0,0.005
6,main,cosine,0.25,7,1,59,672,26.530779544264078,26.4,26.25,1,1,0,26.25,26.25,26.412526370012493,25.6,26.425806451612903,0,0.005
6,main,cosine,0.25,7,1,60,672,21.676034508273005,21.55,21.5,1,1,0,21.5,21.5,21.562453093605875,21.333333333333332,21.557894736842105,0,0.005
6,main,cosine,0.25,7,1,61,672,27.522618843242526,27.65,27.5,1,1,0,27.5,28.25,27.642447787733154,28.444444444444443,27.722504230118442,0,0.17
6,main,cosine,0.25,7,1,62,672,23.122766928747296,23.1,23.25,1,1,0,23.25,23,23.075378339920213,23.272727272727273,23.07605633802817,0,0.005
6,main,cosine,0.25,7,1,63,672,22.543424125760794,22.4,22.25,1,1,0,22.25,22.25,22.409184179675176,23.272727272727273,22.351978171896317,0,0.015
6,main,cosine,0.25,7,1,64,672,26.19745596498251,26.05,25.75,1,1,0,25.75,25.75,26.04570183993766,25.6,25.96513470681458,0,0.005
6,main,cosine,0.25,7,1,65,672,27.69841118901968,27.700000000000003,27.75,1,1,0,27.75,27.5,27.704884603650754,28.444444444444443,27.816638370118845,0,0.15
6,main,cosine,0.25,7,1,66,672,21.320813367143273,21.4,21.25,1,1,0,21.25,21.25,21.40214368480302,21.333333333333332,21.389033942558747,0,0.005
6,main,cosine,0.25,7,1,67,672,27.622792283073068,27.6,27.25,1,1,0,27.25,27.25,27.578433263186565,28.444444444444443,27.536134453781514,0,0.04
6,main,cosine,0.25,7,1,68,672,23.626866292208433,23.65,23.5,1,1,0,23.5,24,23.646913400911387,23.272727272727273,23.642135642135642,0,0.005
6,main,cosine,0.25,7,1,69,672,22.559676071628928,22.55,22.25,1,1,0,22.25,22.25,22.549577703149737,23.272727272727273,22.505494505494507,0,0.01
6,main,cosine,0.25,7,1,70,672,27.12237762659788,27.35,27,1,1,0,27,27,27.34159649190815,28.444444444444443,27.352253756260435,0,0.06
6,main,cosine,0.25,7,1,71,672,21.30609510652721,21.25,21,1,1,0,21,21,21.2709265255961,21.333333333333332,21.277922077922078,0,0.005
6,main,cosine,0.25,7,1,72,672,27.844160806387663,27.950000000000003,27.75,1,1,0,27.5,27.75,27.937234351294503,28.444444444444443,28.054794520547944,0,0.305
6,main,cosine,0.25,7,1,73,672,26.717889899387956,26.4,26.75,1,1,0,26.25,26,26.393500510234666,25.6,26.340836012861736,0,0.005
6,main,cosine,0.25,7,1,74,672,23.064764535054564,23.05,23,1,1,0,23,23,23.06826691733081,23.272727272727273,23.07605633802817,0,0.005
6,main,cosine,0.25,7,1,75,672,21.107575844973326,21.15,21,1,1,0,21,21,21.14524554096045,21.333333333333332,21.16795865633075,0,0.005
6,main,cosine,0.25,7,1,76,672,26.472993494942784,26.3,26,1,1,0,26,26,26.286162389231972,25.6,26.340836012861736,0,0.01
6,main,cosine,0.25,7,1,77,672,26.846184346824884,26.75,26.75,1,1,0,26.75,26.75,26.74879067313292,25.6,26.77124183006536,0,0.005
6,main,cosine,0.25,7,1,78,672,25.109841788187623,25.2,25,1,1,0,25,25,25.19322896895743,25.6,25.206153846153846,0,0.005
6,main,cosine,0.25,7,1,79,672,24.52395498007536,24.55,24.75,1,1,0,24.25,24.5,24.56588195423526,25.6,24.563718140929534,0,0.005
6,main,cosine,0.25,7,1,80,672,23.107814762741327,23.1,23.25,1,1,0,23,23,23.113286039992953,23.272727272727273,23.108603667136812,0,0.005
6,main,cosine,0.25,7,1,81,672,21.252072954550385,21.25,21,1,1,0,21,21,21.237329811949827,21.333333333333332,21.195342820181114,0,0.005
6,main,cosine,0.25,7,1,82,672,22.680782107636333,22.8,22.75,1,1,0,22.5,23,22.818827029996037,23.272727272727273,22.818941504178273,0,0.005
6,main,cosine,0.25,7,1,83,672,20.19571399129927,20.2,20,1,1,0,20,20,20.200575663383447,19.692307692307693,20.20221948212084,0,0.04
6,main,cosine,0.25,7,1,84,672,26.138524174690247,26,26.25,1,1,0,26.25,26,26.01601075031162,25.6,26.089171974522294,0,0.005
6,main,cosine,0.25,7,1,85,672,23.340848840773106,23.35,23.5,1,1,0,23.5,23.5,23.33951890680275,23.272727272727273,23.33903133903134,0,0.005
6,main,cosine,0.25,7,1,86,672,22.1611146312207,22.3,22.75,1,1,0,22.75,22.25,22.315257382442255,23.272727272727273,22.321525885558582,0,0.03
6,main,cosine,0.25,7,1,87,672,21.551239231601357,21.55,21.5,1,1,0,21.5,21.5,21.528425148567297,21.333333333333332,21.529566360052563,0,0.005
6,main,cosine,0.25,7,1,88,672,25.093390710651875,25.15,25.5,1,1,0,25.5,25.5,25.13279402571394,25.6,25.12883435582822,0,0.005
6,main,cosine,0.25,7,1,89,672,27.15097787231207,27.35,27.25,1,1,0,27.25,27.25,27.36148304666368,28.444444444444443,27.44388609715243,0,0.085
6,main,cosine,0.25,7,1,90,672,27.70147805660963,27.85,27.75,1,1,0,27.75,27.75,27.86177365403033,28.444444444444443,27.86394557823129,0,0.225
6,main,cosine,0.25,7,1,91,672,27.228671342134476,27.15,27.25,1,1,0,27.25,27.25,27.119057962358998,28.444444444444443,27.08099173553719,0,0.02
6,main,cosine,0.25,7,1,92,672,22.782232305034995,22.8,22.5,1,1,0,22.5,22.5,22.777296380579337,23.272727272727273,22.818941504178273,0,0.005
6,main,cosine,0.25,7,1,93,672,24.399672277271748,24.55,24.75,1,1,0,24.25,24.25,24.53922971255809,25.6,24.490284005979074,0,0.02
6,main,cosine,0.25,7,1,94,672,22.463257897645235,22.4,22.5,1,1,0,22.5,22.5,22.389530696459644,23.272727272727273,22.443835616438356,0,0.005
6,main,cosine,0.25,7,1,95,672,23.0259278267622,22.95,22.75,1,1,0,22.75,22.75,22.934961679809206,23.272727272727273,22.914685314685315,0,0.01
6,main,cosine,0.25,7,1,96,672,25.805487686768174,25.95,26.25,1,1,0,26.25,25.75,25.94972855803956,25.6,25.842271293375394,0,0.005
6,main,cosine,0.25,7,1,97,672,25.481677394360304,25.35,25.25,1,1,0,25.25,25.25,25.357710043565397,25.6,25.4015503875969,0,0.005
6,main,cosine,0.25,7,1,98,672,21.870305625721812,21.95,22,1,1,0,22,22,21.9568486033108,21.333333333333332,21.962466487935657,0,0.005
6,main,cosine,0.25,7,1,99,672,26.514717236161232,26.35,26,1,1,0,26,26,26.358948236925627,25.6,26.383252818035427,0,0.005
6,main,cosine,0.25,7,1,100,672,22.42175853997469,22.5,22.25,1,1,0,22.25,22.25,22.497697038935907,23.272727272727273,22.474622770919066,0,0.005
6,main,cosine,0.25,7,1,101,672,20.834197286516428,20.9,20.75,1,1,0,20.75,21,20.916035389929025,21.333333333333332,20.897959183673468,0,0.005
6,main,cosine,0.25,7,1,102,672,25.787604106590152,25.8,25.75,1,1,0,25.5,25.5,25.825107716293083,25.6,25.88309636650869,0,0.005
6,main,cosine,0.25,7,1,103,672,21.126513658091426,21,21,1,1,0,21,21,20.9893946260717,21.333333333333332,20.95140664961637,0,0.005
6,main,cosine,0.25,7,1,104,672,26.860752200707793,26.700000000000003,26.75,1,1,3.184119634624949e-13,26,26.75,26.698095577101547,25.6,26.684039087947884,0,0.01
6,main,cosine,0.25,7,1,105,672,22.39684102870524,22.35,22.5,1,1,0,22.5,22.5,22.32595337948564,23.272727272727273,22.351978171896317,0,0.015
6,main,cosine,0.25,7,1,106,672,20.58613160252571,20.55,20.5,1,1,0,20.25,20.25,20.55272394522983,21.333333333333332,20.557089084065243,0,0.01
6,main,cosine,0.25,7,1,107,672,27.83280125260353,27.75,27.5,1,1,0,27.5,27.5,27.74072868404502,28.444444444444443,27.769491525423728,0,0.12
6,main,cosine,0.25,7,1,108,672,24.64409691095352,24.7,24.25,1,1,0,24.25,24.75,24.681459326309835,25.6,24.637593984962407,0,0.015
6,main,cosine,0.25,7,1,109,672,27.807234413921833,28.1,28.5,1,1,0,28.25,28,28.10473987789836,28.444444444444443,28.006837606837607,0,0.245
6,main,cosine,0.25,7,1,110,672,22.512760274112225,22.45,22.25,1,1,0,22.25,22.25,22.43531647714477,23.272727272727273,22.474622770919066,0,0.01
6,main,cosine,0.25,7,1,111,672,20.686521464958787,20.65,20.75,1,1,0,20.75,21,20.647796906623842,21.333333333333332,20.68686868686869,0,0.01
6,main,cosine,0.25,7,1,112,672,21.73295070230961,21.6,21.75,1,1,0,21.75,21.75,21.617107553822468,21.333333333333332,21.614775725593667,0,0.005
6,main,cosine,0.25,7,1,113,672,25.48131924495101,25.5,25.75,1,1,0,25.75,25.5,25.487415796125294,25.6,25.5202492211838,0,0.005
6,main,cosine,0.25,7,1,114,672,20.769005285575986,20.7,20.75,1,1,0,20.75,20.75,20.71903485585172,21.333333333333332,20.68686868686869,0,0.01
6,main,cosine,0.25,7,1,115,672,20.469998678192496,20.5,20.75,1,1,0,20.75,20.5,20.48881822512108,21.333333333333332,20.505632040050063,0,0.02
6,main,cosine,0.25,7,1,116,672,26.498009210452437,26.25,25.75,1,1,0,25.75,25.75,26.238238234035105,25.6,26.2144,0,0.005
6,main,cosine,0.25,7,1,117,672,20.5194013081491,20.55,20.75,1,1,0,20.75,20.75,20.533796485737984,21.333333333333332,20.531328320802004,0,0.005
6,main,cosine,0.25,7,1,118,672,23.323372522369027,23.3,23.25,1,1,0,23.25,23.25,23.29847091222702,23.272727272727273,23.305832147937412,0,0.005
6,main,cosine,0.25,7,1,119,672,26.49458988569677,26.55,26.75,1,1,0,26.75,26.5,26.565259560344455,25.6,26.5974025974026,0,0.005
6,main,cosine,0.25,7,1,120,672,22.965236151590943,22.95,23.25,1,1,0,23.25,23.25,22.9519028940517,23.272727272727273,22.978962131837307,0,0.005
6,main,cosine,0.25,7,1,121,672,24.139851715415716,24.1,24.25,1,1,0,24,24.25,24.12256074641066,23.272727272727273,24.058737151248163,0,0.005
6,main,cosine,0.25,7,1,122,672,22.22083200328052,22.2,22.25,1,1,0,22.25,22.25,22.212321615226447,21.333333333333332,22.200542005420054,0,0.02
6,main,cosine,0.25,7,1,123,672,23.727654753252864,23.8,24.25,1,1,0,24.25,24.25,23.82284094654146,23.272727272727273,23.88338192419825,0,0.005
6,main,cosine,0.25,7,1,124,672,22.313891852274537,22.4,22.5,1,1,0,22.5,22.5,22.41985758055601,23.272727272727273,22.41313269493844,0,0.015
6,main,cosine,0.25,7,1,125,672,27.67065374366939,27.85,27.75,1,1,0,27.75,27.75,27.825867633786647,28.444444444444443,27.769491525423728,0,0.095
6,main,cosine,0.25,7,1,126,672,21.617338333278894,21.65,22,1,1,0,22,22,21.636962940447223,21.333333333333332,21.64332892998679,0,0.01
6,main,cosine,0.25,7,1,127,672,23.66817744448781,23.7,23.5,1,1,0,23.5,23.5,23.71859739831855,23.272727272727273,23.67630057803468,0,0.005
6,main,cosine,0.25,7,1,128,672,26.501839078962803,26.55,26.5,1,1,0,26,26.75,26.553362005611696,25.6,26.5974025974026,0,0.005
6,main,cosine,0.25,7,1,129,672,26.010092861950397,26.05,26,1,1,0,26,25.75,26.048412368301875,25.6,25.96513470681458,0,0.005
6,main,cosine,0.25,7,1,130,672,21.268468722701073,21.15,21.25,1,1,0,21.25,21.25,21.15207645493972,21.333333333333332,21.16795865633075,0,0.005
6,main,cosine,0.25,7,1,131,672,20.90557882003486,21.05,21.25,1,1,0,21.25,20.75,21.02856519546454,21.333333333333332,21.005128205128205,0,0.005
6,main,cosine,0.25,7,1,132,672,26.88421055674553,27.15,27,1,1,0,27,27.5,27.1630006162526,28.444444444444443,27.170812603648425,0,0.045
6,main,cosine,0.25,7,1,133,672,23.44279975257814,23.4,23.75,1,1,0,23.5,23.75,23.392151666767912,23.272727272727273,23.372325249643367,0,0.005
6,main,cosine,0.25,7,1,134,672,24.2454932089895,24.1,24,1,1,0,24,24,24.09390440259144,23.272727272727273,24.12960235640648,0,0.01
6,main,cosine,0.25,7,1,135,672,20.419508263468742,20.55,20.25,1,1,0,20.25,20.25,20.553824976297832,21.333333333333332,20.557089084065243,0,0.025
6,main,cosine,0.25,7,1,136,672,23.417941357940435,23.6,23.25,1,1,0,23.25,23.75,23.590552259733435,23.272727272727273,23.57410071942446,0,0.005
6,main,cosine,0.25,7,1,137,672,26.055901123210788,26.200000000000003,26.25,1,1,0,26.25,26.25,26.18637693885581,25.6,26.089171974522294,0,0.005
6,main,cosine,0.25,7,1,138,672,24.150712084025145,24.35,24.25,1,1,0,24.25,23.75,24.347449047984252,23.272727272727273,24.30860534124629,0,0.015
6,main,cosine,0.25,7,1,139,672,23.464485405012965,23.45,23.75,1,1,0,23.75,23.75,23.45593906506069,23.272727272727273,23.43919885550787,0,0.005
6,main,cosine,0.25,7,1,140,672,23.839262837544084,23.95,23.5,1,1,0,23.5,23.5,23.941347425603166,23.272727272727273,23.91824817518248,0,0.005
6,main,cosine,0.25,7,1,141,672,23.03698229417205,22.95,23.25,1,1,0,23,23,22.93553014889504,23.272727272727273,22.914685314685315,0,0.005
6,main,cosine,0.25,7,1,142,672,24.734352255240083,24.9,24.75,1,1,0,24.75,24.75,24.909155421793,25.6,24.89969604863222,0,0.005
6,main,cosine,0.25,7,1,143,672,25.919259179383516,26,25.75,1,1,0,25.75,25.75,26.021636635589694,25.6,26.130781499202552,0,0.005
6,main,cosine,0.25,7,1,144,672,26.99777519889176,26.950000000000003,26.75,1,1,0,26.75,27,26.941544393983055,28.444444444444443,26.94736842105263,0,0.01
6,main,cosine,0.25,7,1,145,672,23.304847210645676,23.35,23.25,1,1,9.992007221626409e-16,23.25,23.75,23.351313005794463,23.272727272727273,23.33903133903134,0,0.005
6,main,cosine,0.25,7,1,146,672,22.51282635703683,22.5,22.75,1,1,0,22.5,22.5,22.51925229198835,23.272727272727273,22.56749311294766,0,0.005
6,main,cosine,0.25,7,1,147,672,22.953274765983224,23,23,1,1,0,23,23,22.99362649627118,23.272727272727273,23.01123595505618,0,0.005
6,main,cosine,0.25,7,1,148,672,20.489346174523234,20.5,20.5,1,1,0,20.5,20.5,20.506618905888924,21.333333333333332,20.505632040050063,0,0.02
6,main,cosine,0.25,7,1,149,672,22.113927060738206,22,22,1,1,0,22,22,22.001441611035936,21.333333333333332,22.021505376344088,0,0.005
6,main,cosine,0.25,7,1,150,672,21.85494538024068,21.85,21.75,1,1,0,21.75,21.75,21.84758173891023,21.333333333333332,21.845333333333333,0,0.01
6,main,cosine,0.25,7,1,151,672,26.358738869428635,26.5,26.5,1,1,0,26.5,26.5,26.476897574396872,25.6,26.554294975688816,0,0.01
6,main,cosine,0.25,7,1,152,672,24.71135726943612,24.75,25,1,1,0,24.75,24.75,24.74852871954444,25.6,24.749244712990937,0,0.005
6,main,cosine,0.25,7,1,153,672,25.140521112829447,25.15,25,1,1,0,25,25,25.17396734543019,25.6,25.12883435582822,0,0.005
6,main,cosine,0.25,7,1,154,672,25.634578624740243,25.65,25.75,1,1,0,25.75,25.25,25.674030751062887,25.6,25.6,0,0.005
6,main,cosine,0.25,7,1,155,672,23.651277603581548,23.7,24,1,1,0,24,23.75,23.687658131559434,23.272727272727273,23.642135642135642,0,0.005
6,main,cosine,0.25,7,1,156,672,21.42346098832786,21.4,21.5,1,1,0,21.5,21.5,21.404819902182965,21.333333333333332,21.416993464052286,0,0.005
6,main,cosine,0.25,7,1,157,672,24.344571257010102,24.35,24.25,1,1,0,24.25,24.25,24.366367660787706,23.272727272727273,24.30860534124629,0,0.02
6,main,cosine,0.25,7,1,158,672,21.467056039720774,21.35,21.25,1,1,0,21.25,21.5,21.339787052956993,21.333333333333332,21.30559167750325,0,0.005
6,main,cosine,0.25,7,1,159,672,22.26379338465631,22.35,22,1,1,0,22,22,22.356985923114326,23.272727272727273,22.41313269493844,0,0.025
6,main,cosine,0.25,7,1,160,672,24.295529454946518,24.2,24.25,1,1,0,24.25,24.25,24.19546697654664,23.272727272727273,24.27259259259259,0,0.015
6,main,cosine,0.25,7,1,161,672,20.77799236960709,20.85,20.75,1,1,0,20.75,20.75,20.84762185521065,21.333333333333332,20.897959183673468,0,0.005
6,main,cosine,0.25,7,1,162,672,21.053904915228486,20.95,21,1,1,0,21,21,20.936772619274077,21.333333333333332,20.978233034571062,0,0.005
6,main,cosine,0.25,7,1,163,672,26.54435933753848,26.25,26.5,1,1,0,26.5,26.25,26.261799991906454,25.6,26.340836012861736,0,0.005
6,main,cosine,0.25,7,1,164,672,21.23900438658893,21.25,21,1,1,0,21,21.5,21.26763092927604,21.333333333333332,21.277922077922078,0,0.005
6,main,cosine,0.25,7,1,165,672,24.29088711179793,24.35,24.25,1,1,0,24.25,24,24.346087917631042,23.272727272727273,24.344725111441306,0,0.025
6,main,cosine,0.25,7,1,166,672,27.23030506260693,27.1,27.25,1,1,0,27,27,27.11876398381705,28.444444444444443,27.125827814569536,0,0.015
6,main,cosine,0.25,7,1,167,672,22.077223600819707,22.05,21.75,1,1,0,21.75,21.75,22.061936457050408,21.333333333333332,22.021505376344088,0,0.01
6,main,cosine,0.25,7,1,168,672,22.643610686063766,22.65,22.5,1,1,0,22.5,22.5,22.667942024108648,23.272727272727273,22.723994452149793,0,0.005
6,main,cosine,0.25,7,1,169,672,27.266841618344188,27.200000000000003,27,1,1,0,27,27,27.173289779988803,28.444444444444443,27.21594684385382,0,0.015
6,main,cosine,0.25,7,1,170,672,25.186594715341926,25,25.25,1,1,0,25.25,25,25.025252014550418,25.6,25.013740458015267,0,0.005
6,main,cosine,0.25,7,1,171,672,25.439758613705635,25.45,25.5,1,1,0,25,25.5,25.451562704836917,25.6,25.4015503875969,0,0.005
6,main,cosine,0.25,7,1,172,672,20.38205866701901,20.3,20.5,1,1,0,20.25,20.25,20.294791559012726,19.692307692307693,20.277227722772277,0,0.025
6,main,cosine,0.25,7,1,173,672,21.49015325307846,21.5,21.5,1,1,0,21.5,21.5,21.514120470208464,21.333333333333332,21.501312335958005,0,0.005
6,main,cosine,0.25,7,1,174,672,21.11580336652696,21.1,21,1,1,0,21,20.75,21.122317144986642,21.333333333333332,21.086229086229086,0,0.005
6,main,cosine,0.25,7,1,175,672,23.969890585169196,24.05,24.25,1,1,0,24.25,24.25,24.05257126805986,23.272727272727273,24.058737151248163,0,0.005
6,main,cosine,0.25,7,1,176,672,20.343452589586377,20.35,20,1,1,0,20,20.75,20.33204648665432,19.692307692307693,20.327543424317618,0,0.03
6,main,cosine,0.25,7,1,177,672,27.972888305783272,27.9,28,1,1,1.1102230246251565e-16,27.5,28,27.88571681264096,28.444444444444443,28.006837606837607,0,0.245
6,main,cosine,0.25,7,1,178,672,22.305808199569583,22.25,22.25,1,1,0,22.25,22.25,22.230072360979452,21.333333333333332,22.170500676589988,0,0.02
6,main,cosine,0.25,7,1,179,672,20.222720628604293,20.2,20.5,1,1,0,20.5,20.25,20.192686448443883,19.692307692307693,20.20221948212084,0,0.065
6,main,cosine,0.25,7,1,180,672,22.673441916704178,22.7,22.5,1,1,0,22.5,23,22.713080804769756,23.272727272727273,22.661134163208853,0,0.005
6,main,cosine,0.25,7,1,181,672,23.402131529524922,23.4,23.5,1,1,0,23.25,23.5,23.42244121775542,23.272727272727273,23.43919885550787,0,0.005
6,main,cosine,0.25,7,1,182,672,21.56133058667183,21.5,21.5,1,1,0,21.5,21.5,21.50669552069194,21.333333333333332,21.47313237221494,0,0.005
6,main,cosine,0.25,7,1,183,672,25.263982962816954,25.3,25.5,1,1,0,25.5,25.5,25.31658256670968,25.6,25.28395061728395,0,0.01
6,main,cosine,0.25,7,1,184,672,22.847444087266922,22.9,22.75,1,1,0,22.75,23.25,22.885959952525926,23.272727272727273,22.88268156424581,0,0.005
6,main,cosine,0.25,7,1,185,672,27.8230624422431,27.700000000000003,27.25,1,1,0,27.25,27.25,27.67493078600643,28.444444444444443,27.58249158249158,0,0.065
6,main,cosine,0.25,7,1,186,672,20.84443973749876,20.85,21,1,1,0,21,20.75,20.873280266920602,21.333333333333332,20.897959183673468,0,0.005
6,main,cosine,0.25,7,1,187,672,20.509832479059696,20.65,20.5,1,1,0,20.5,20.5,20.629397828810614,21.333333333333332,20.634760705289672,0,0.015
6,main,cosine,0.25,7,1,188,672,20.640564996749163,20.6,20.5,1,1,0,20.5,21,20.61790554326225,21.333333333333332,20.634760705289672,0,0.005
6,main,cosine,0.25,7,1,189,672,26.08812889829278,25.85,25.5,1,1,0,25.5,26,25.85172267057882,25.6,25.761006289308177,0,0.005
6,main,cosine,0.25,7,1,190,672,22.316049978137016,22.35,22.25,1,1,0,22.25,22.25,22.32915620098913,23.272727272727273,22.351978171896317,0,0.015
6,main,cosine,0.25,7,1,191,672,22.013885272666812,22.1,22,1,1,0,22,22,22.109648589646234,21.333333333333332,22.110661268556004,0,0.005
6,main,cosine,0.25,7,1,192,672,27.0161734521389,27.15,26.75,1,1,0,26.75,27.25,27.157334798294443,28.444444444444443,27.125827814569536,0,0.015
6,main,cosine,0.25,7,1,193,672,25.279709041118622,25.25,25.5,1,1,0,25.5,25.5,25.26787977424063,25.6,25.28395061728395,0,0.005
6,main,cosine,0.25,7,1,194,672,20.82715756073594,20.95,21.25,1,1,0,21,20.75,20.92554438982893,21.333333333333332,20.871337579617833,0,0.005
6,main,cosine,0.25,7,1,195,672,22.210346523672342,22.3,22.25,1,1,0,22.25,22.25,22.29705818393302,21.333333333333332,22.26086956521739,0,0.025
6,main,cosine,0.25,7,1,196,672,21.721889281645417,21.8,21.75,1,1,0,21.75,22,21.791417210079643,21.333333333333332,21.78723404255319,0,0.005
6,main,cosine,0.25,7,1,197,672,27.64211069792509,27.6,27.75,1,1,0,27.75,27.75,27.578764104012013,28.444444444444443,27.48993288590604,0,0.055
6,main,cosine,0.25,7,1,198,672,20.28697712160647,20.3,20.5,1,1,0,20.5,20.5,20.31699647835792,19.692307692307693,20.327543424317618,0,0.04
6,main,cosine,0.25,7,1,199,672,26.5593325458467,26.5,26.5,1,1,0,26.5,26,26.4843911371882,25.6,26.425806451612903,0,0.005
12,main,cosine,1,3,0.25,0,72,27.884333411231637,19.3,32,0,0,0.4560957102997578,20,28,19.320742202831536,2.327272727272727,2.22517995382317,0.2895074353526802,
12,main,cosine,1,3,0.25,1,72,27.761355778202415,24.85,30,0,0,0.1238382223518728,23,23,24.9246833154858,7.529411764705882,7.645356976201587,0.1821125459012315,
12,main,cosine,1,3,0.25,2,72,22.610305102542043,24.7,31,0,0,0.1692731152592577,24,24,24.746856238326778,2.206896551724138,2.2045209903121634,0.4193993550075219,
12,main,cosine,1,3,0.25,3,72,20.980359610170126,19.2,32,0,0,0.3522013662206769,19,26,19.202294928014947,18.285714285714285,19.207502930832355,0.05382580235715817,
12,main,cosine,1,3,0.25,4,72,20.51492195390165,32,32,0,0,0.1160409189800996,23,31,32,2.56,2.5781274586939418,0.44323422669425017,
12,main,cosine,1,3,0.25,5,72,20.80491306260228,20.9,31,0,0,0.13037304843524933,21,30,20.88173574859593,2.723404255319149,2.707651627830111,0.09697671474695913,
12,main,cosine,1,3,0.25,6,72,20.590724926441908,32,31,0,0,0.15509362486454958,24,31,32,2.4150943396226414,2.3970738844184347,0.7533392468435561,
12,main,cosine,1,3,0.25,7,72,21.1940880715847,21.2,32,0,0,0.23545121562663873,32,22,21.15207926889339,3.4594594594594597,5.448619886930495,0.41670233062852335,
12,main,cosine,1,3,0.25,8,72,25.817122163251042,20.45,21,0,0,0.03936678969507057,21,32,20.420630440433015,7.111111111111111,6.977853492333901,0.9683955741114956,
12,main,cosine,1,3,0.25,9,72,23.52762421220541,18,32,0,0,0.09996139754789368,32,32,18,8,8.155301144848183,0.5927013955114269,
12,main,cosine,1,3,0.25,10,72,21.309973305091262,19.6,32,0,0,0.12495705364319121,32,32,19.61567770707687,8,7.839234449760766,0.3101905014623114,
12,main,cosine,1,3,0.25,11,72,22.79345517605543,19,32,0,0,0.398830563311538,20,20,19.0312577030826,18.285714285714285,19.051162790697674,0.14020243805993715,
12,main,cosine,1,3,0.25,12,72,21.152777064591646,26.450000000000003,31,0,0,0.12002337041975497,31,31,26.513889701543143,2.0317460317460316,2.000244170430961,0.975281582841405,
12,main,cosine,1,3,0.25,13,72,27.202789928764105,25.7,28,0,0,0.08037135530855832,28,29,25.761236336475985,14.222222222222221,14.027397260273972,0.010724415434102075,
12,main,cosine,1,3,0.25,14,72,24.484650997444987,32,30,0,0,0.08873313488535073,30,30,32,3.764705882352941,2.494898736104766,0.35000761400848834,
12,main,cosine,1,3,0.25,15,72,23.11345642991364,32,31,0,0,0.13622704644437433,18,25,32,2.56,2.5834121728161463,0.3993206599654646,
12,main,cosine,1,3,0.25,16,72,25.94911933876574,25.85,30,0,0,0.13196668941729206,25,30,25.875176069174685,25.6,25.96513470681458,0.0013281438005953161,
12,main,cosine,1,3,0.25,17,72,21.336825650185347,32,30,0,0,0.02207351824630477,30,25,32,2.5098039215686274,2.498322659347362,0.6356080701263768,
12,main,cosine,1,3,0.25,18,72,24.108885349705815,18,30,0,0,0.6244000559005186,24,23,18,128,98.10778443113773,0.5749166490597852,
12,main,cosine,1,3,0.25,19,72,21.677488699555397,24.7,28,0,0,0.0831663745433634,24,24,24.704072896022925,2.0317460317460316,2.000244170430961,0.10152669314067664,
12,main,cosine,1,3,0.25,20,72,25.49288104660809,23.95,31,0,0,0.05304101086831248,31,31,23.949879822222996,3.4594594594594597,3.4807733163373697,0.10178445676739423,
12,main,cosine,1,3,0.25,21,72,26.51636348478496,22.75,32,0,0,0.2512836592051395,26,32,22.73921367149538,5.333333333333333,5.343770384866275,0.5954603133570803,
12,main,cosine,1,3,0.25,22,72,22.300291826948524,18,25,0,0,0.07400130181129772,19,19,18,6.095238095238095,6.236771983250857,0.5763094983274231,
12,main,cosine,1,3,0.25,23,72,24.206195333972573,18,32,0,0,0.3382068616850944,24,23,18,3.4594594594594597,3.4859574468085106,0.5026412659195283,
12,main,cosine,1,3,0.25,24,72,22.340670723468065,23.75,32,0,0,0.15378591709037082,25,24,23.727544251443067,8,8.139095876800795,0.013321618046402084,
12,main,cosine,1,3,0.25,25,72,26.93833098374307,28.05,29,0,0,0.08519399691533058,29,29,28.139695073067298,4.923076923076923,5.872401433691756,0.16052508939771015,
12,main,cosine,1,3,0.25,26,72,27.468908289447427,21.75,32,0,0,0.0638029643805128,32,32,21.729851430007628,2.6666666666666665,2.6623334416639586,0.8180891047677027,
12,main,cosine,1,3,0.25,27,72,20.227800568565726,20.6,26,0,0,0.1920345570199361,20,21,20.624011269854208,21.333333333333332,20.897959183673468,0.003772982571998207,
12,main,cosine,1,3,0.25,28,72,27.992820743471384,25.6,32,0,0,0.09541840775520682,28,28,25.72204851840513,10.666666666666666,2.000244170430961,0.1411166422897605,
12,main,cosine,1,3,0.25,29,72,24.621447436511517,21.25,30,0,0,0.09232705327892643,30,30,21.243593415569098,3.1219512195121952,3.099508134695422,0.5506908249012834,
12,main,cosine,1,3,0.25,30,72,20.911376602947712,25.6,27,0,0,0.10307280948912945,24,24,25.658239047728987,3.0476190476190474,3.0123184408898696,0.32378255396600286,
12,main,cosine,1,3,0.25,31,72,21.34028853662312,28.5,32,0,0,0.10697107730921795,32,24,28.553145744235465,2.9767441860465116,17.246315789473684,0.5126550174714433,
12,main,cosine,1,3,0.25,32,72,21.468388374894857,28.75,26,0,0,0.16629510915114243,26,23,28.74911117446612,2.56,2.5781274586939418,0.557079676299392,
12,main,cosine,1,3,0.25,33,72,21.333375118672848,18,29,0,0,0.19835021261988095,18,22,18,7.111111111111111,7.28501556247221,0.7528501836614163,
12,main,cosine,1,3,0.25,34,72,20.18778309971094,19.35,29,0,0,0.07858885891489287,21,29,19.376172335031992,2.098360655737705,2.086602139582272,0.19529937844668233,
12,main,cosine,1,3,0.25,35,72,21.865131562575698,23.4,31,0,0,0.21883098000941392,25,23,23.36407595063594,5.12,5.035033804548248,0.009618076782765606,
12,main,cosine,1,3,0.25,36,72,25.413522198796272,29.05,28,0,0,0.0492623068977982,28,28,29.0684815518941,3.4594594594594597,7.246351172047767,0.24718125685177594,
12,main,cosine,1,3,0.25,37,72,22.582266191020608,25.75,32,0,0,0.15301284375622193,23,27,25.778981082159053,4.571428571428571,4.5739810161920715,0.22364711344604327,
12,main,cosine,1,3,0.25,38,72,26.24196639470756,24.45,27,0,0,0.06251670711289736,27,27,24.469363909655655,25.6,24.786686838124055,0.005173524582457678,
12,main,cosine,1,3,0.25,39,72,26.892553450539708,22.7,32,0,0,0.0719556237982708,20,32,22.689678240122483,2.1333333333333333,2.12448132780083,0.7310723314111065,
12,main,cosine,1,3,0.25,40,72,23.808884263038635,19.45,29,0,0,0.19329428242643987,18,18,19.47280141794829,2.245614035087719,2.7031842930209535,0.31177731833282607,
12,main,cosine,1,3,0.25,41,72,24.427053840830922,22.9,28,0,0,0.22347200723506955,23,28,22.89304199795333,3.282051282051282,3.2514387775352254,0.02449932848838221,
12,main,cosine,1,3,0.25,42,72,27.476749362424016,25.75,28,0,0,0.010037727269179064,28,27,25.857145616518782,25.6,25.5600624024961,0.0014923062985040536,
12,main,cosine,1,3,0.25,43,72,24.34984371624887,22.15,32,0,0,0.37218495085680514,20,23,22.163617768066253,8.533333333333333,8.462809917355372,0.1152970939924507,
12,main,cosine,1,3,0.25,44,72,22.01893349736929,20.9,31,0,0,0.15002291740559348,19,19,20.90852040960252,21.333333333333332,20.634760705289672,0.022479784738348108,
12,main,cosine,1,3,0.25,45,72,25.4202887006104,23.3,24,0,0,0.033098875005334594,24,23,23.283274141977834,21.333333333333332,23.173974540311175,0.031547484065487574,
12,main,cosine,1,3,0.25,46,72,24.527788415551186,32,32,0,0,0.12330664693837678,32,23,32,6.095238095238095,6.203710715638016,0.2961517754199655,
12,main,cosine,1,3,0.25,47,72,26.600924473255873,25.1,25,0,0,0.02114608500970927,25,25,25.195323707436327,3.1219512195121952,3.1525880315566672,0.17025391344302643,
12,main,cosine,1,3,0.25,48,72,25.952642902731895,32,27,0,0,0.060884497926581016,27,31,32,3.878787878787879,3.903740767214677,0.5404647629641532,
12,main,cosine,1,3,0.25,49,72,25.7645754031837,25.35,25,0,0,0.06527865005160993,25,25,25.37357784701453,8.533333333333333,8.605042016806722,0.18070501542124173,
12,main,cosine,1,3,0.25,50,72,23.933762716129422,25.95,32,0,0,0.13130275253930113,32,23,26.044121754546115,5.333333333333333,17.13807531380753,0.02738843258805379,
12,main,cosine,1,3,0.25,51,72,22.685838155448437,19.65,31,0,0,0.19000172810389604,22,30,19.636954211388822,2.0317460317460316,19.598086124401913,0.29787396353528683,
12,main,cosine,1,3,0.25,52,72,26.657243471592665,25.6,31,0,0,0.23392216557399248,23,23,25.666644299773626,25.6,11.27598072952512,0.03452074429876251,
12,main,cosine,1,3,0.25,53,72,20.55418718792498,21.55,23,0,0,0.016314952521081505,23,24,21.54401069648513,21.333333333333332,21.586297760210805,0.000574158301863692,
12,main,cosine,1,3,0.25,54,72,25.819610653445125,29.25,28,0,0,0.07913708719916157,28,28,29.201854211124758,14.222222222222221,14.65474060822898,0.08316500918062131,
12,main,cosine,1,3,0.25,55,72,27.241639444604516,18,31,0,0,0.14393732576431428,31,21,18,2.723404255319149,14.894545454545455,0.9114844372944515,
12,main,cosine,1,3,0.25,56,72,22.02725350484252,22,32,0,0,0.2573599901289505,22,32,21.938055982468125,2.6666666666666665,2.6758125102074146,0.045081119486635735,
12,main,cosine,1,3,0.25,57,72,24.956680852919817,31.1,26,0,0,0.04101895423368229,26,30,31.072161971858577,6.7368421052631575,6.676446617766911,0.6155708136475524,
12,main,cosine,1,3,0.25,58,72,27.099488275125623,23.45,25,0,0,0.048480407523255886,25,25,23.400318395109025,21.333333333333332,23.206798866855525,0.06550052003110418,
12,main,cosine,1,3,0.25,59,72,25.169752698391676,32,30,0,0,0.08884781455041413,30,32,32,5.333333333333333,5.291989664082688,0.3933601393306847,
12,main,cosine,1,3,0.25,60,72,22.91783565096557,18.65,32,0,0,0.23051180797120863,18,18,18.676219084906112,18.285714285714285,18.660592255125284,0.45564006537352264,
12,main,cosine,1,3,0.25,61,72,22.555688466876745,20.2,32,0,0,0.28460962404461854,29,23,20.232623524595283,2.6666666666666665,2.6468497576736674,0.08620537123350502,
12,main,cosine,1,3,0.25,62,72,20.530629970133305,18,28,0,0,0.1420343701845741,18,21,18,2.56,2.549245371090711,0.38992931958833665,
12,main,cosine,1,3,0.25,63,72,24.49319415166974,23.5,32,0,0,0.0947534574477451,23,23,23.508720748886592,4.413793103448276,4.47405789186237,0.0023074411774227643,
12,main,cosine,1,3,0.25,64,72,21.869086312130094,23,31,0,0,0.2045374025273039,25,22,22.999923071103815,2.064516129032258,2.070778564206269,0.14047759110717273,
12,main,cosine,1,3,0.25,65,72,23.652824569493532,24.4,28,0,0,0.1172554125008628,28,28,24.386784016822375,4.7407407407407405,15.058823529411764,0.1838621784152662,
12,main,cosine,1,3,0.25,66,72,26.023648634552956,19.6,32,0,0,0.21747026661016156,32,21,19.63991919315145,2.6666666666666665,2.65242026873887,0.16638338951748066,
12,main,cosine,1,3,0.25,67,72,27.458570647984743,26.200000000000003,29,0,0,0.06281146786419378,29,29,26.408636118445,3.1219512195121952,3.1201675871262617,0.23278395573914923,
12,main,cosine,1,3,0.25,68,72,24.0916259996593,18,31,0,0,0.3594330410819164,25,26,18,12.8,17.26448893572181,0.157604458060852,
12,main,cosine,1,3,0.25,69,72,21.552256913855672,32,31,0,0,0.3666543963334373,22,22,32,6.095238095238095,2.1894961913670987,0.2487248843657407,
12,main,cosine,1,3,0.25,70,72,25.677898993715644,32,32,0,0,0.09540532765195531,32,32,32,42.666666666666664,40.85785536159601,0.22147258279393411,
12,main,cosine,1,3,0.25,71,72,21.978013891726732,32,32,0,0,0.1565944018752773,32,32,32,2.909090909090909,2.940416367552046,0.2372983962210089,
12,main,cosine,1,3,0.25,72,72,26.209188332781196,32,30,0,0,0.05141725165476396,30,30,32,3.878787878787879,3.9121298949379177,0.6054736847496406,
12,main,cosine,1,3,0.25,73,72,22.56181312352419,18.6,31,0,0,0.3824367974459726,25,22,18.611896188600543,2.206896551724138,2.000244170430961,0.5814402388729296,
12,main,cosine,1,3,0.25,74,72,21.55733015574515,18.15,32,0,0,0.34457535285122387,20,20,18.17544149565448,18.285714285714285,18.285714285714285,0.10864279716234326,
12,main,cosine,1,3,0.25,75,72,23.895440734922886,22.45,32,0,0,0.25790188647217693,24,32,22.395562809720236,4,4.038452058171062,0.024522339129078086,
12,main,cosine,1,3,0.25,76,72,23.665218889713287,20.85,29,0,0,0.02624845643768048,29,30,20.825235460691335,14.222222222222221,14.773669972948602,0.08130979878620181,
12,main,cosine,1,3,0.25,77,72,22.426837353035808,31.5,30,0,0,0.23961727446847436,26,23,31.466870848592826,32,31.14828897338403,0.1138224230874928,
12,main,cosine,1,3,0.25,78,72,22.7453744225204,29.8,32,0,0,0.12430515659690877,32,22,29.718310272800455,2.064516129032258,2.0569993722536095,0.6013240401763856,
12,main,cosine,1,3,0.25,79,72,23.3858838416636,26,25,0,0,0.09253362776076579,25,22,26.083205497554616,2.4615384615384617,12.199553239017126,0.21659457343829824,
12,main,cosine,1,3,0.25,80,72,23.588479856029153,18.85,30,0,0,0.11066545255014293,30,30,18.89055114081489,3.764705882352941,5.997071742313324,0.9479339802747304,
12,main,cosine,1,3,0.25,81,72,26.86200070939958,25.2,31,0,0,0.2051572410687793,24,24,25.25135845338192,25.6,25.051987767584098,0.0017222520086463966,
12,main,cosine,1,3,0.25,82,72,20.760145351290703,19.45,30,0,0,0.3091331657522125,20,20,19.50682671811902,3.282051282051282,3.3152569809793606,0.09068689364126958,
12,main,cosine,1,3,0.25,83,72,21.307228373363614,22,26,0,0,0.26772870526608683,22,23,21.965215768471722,21.333333333333332,22.080862533692724,0.0033062759339537173,
12,main,cosine,1,3,0.25,84,72,25.561272570863366,26.450000000000003,32,0,0,0.2809315252425689,22,22,26.450171744206912,2.3703703703703702,8.270570418980313,0.3496186178135442,
12,main,cosine,1,3,0.25,85,72,25.09283948689699,27.9,32,0,0,0.026637342142251552,32,32,28.00205054155196,32,28.794376098418276,0.005914654740289849,
12,main,cosine,1,3,0.25,86,72,21.02359558455646,32,30,0,0,0.2184103363762422,26,30,32,4.266666666666667,4.292376211684569,0.26369341778834865,
12,main,cosine,1,3,0.25,87,72,27.839128172025084,21.7,32,0,0,0.30224805711026914,21,21,21.65905679379332,11.636363636363637,11.59518754423213,0.31802679531321587,
12,main,cosine,1,3,0.25,88,72,20.413298167288303,20.05,32,0,0,0.1670684255636843,32,25,20.108247751088896,21.333333333333332,2.000244170430961,0.00960452891842789,
12,main,cosine,1,3,0.25,89,72,27.370615106076002,28.450000000000003,27,0,0,0.054475829935640596,27,27,28.44388081034134,5.333333333333333,5.426962570387546,0.1284309885989131,
12,main,cosine,1,3,0.25,90,72,26.278307992964983,26.55,29,0,0,0.22002531777425238,29,21,26.64191340588209,3.657142857142857,3.6917530419107707,0.3730046746327591,
12,main,cosine,1,3,0.25,91,72,24.22453409060836,22.25,31,0,0,0.25700836426208085,22,23,22.1650684027833,21.333333333333332,22.230664857530527,0.002755106506898697,
12,main,cosine,1,3,0.25,92,72,24.715901482850313,22.3,32,0,0,0.41879261038127535,22,22,22.27533950899282,128,111.45578231292517,0.09598099620440204,
12,main,cosine,1,3,0.25,93,72,22.211046054959297,27.25,29,0,0,0.07496296275160852,29,27,27.368911285472425,3.5555555555555554,3.5906202060048216,0.15925494224301118,
12,main,cosine,1,3,0.25,94,72,20.47165427170694,20.25,31,0,0,0.03860546749183125,31,31,20.263687434074065,10.666666666666666,11.032996632996634,0.10182890025301916,
12,main,cosine,1,3,0.25,95,72,23.57413194514811,27.75,30,0,0,0.09193780006010799,30,30,27.879734832116608,3.0476190476190474,3.0346360437117985,0.3509835955033682,
12,main,cosine,1,3,0.25,96,72,20.635880475863814,25.35,30,0,0,0.06994646002978167,30,23,25.327645368420335,2.2857142857142856,2.288268156424581,0.9612006994723175,
12,main,cosine,1,3,0.25,97,72,26.579804865643382,28.8,32,0,0,0.09468598433201192,29,29,28.81351871293456,2.909090909090909,2.8834917282646955,0.022318888321040453,
12,main,cosine,1,3,0.25,98,72,20.987233581021428,32,27,0,0,0.10824134835105204,20,20,32,3.3684210526315788,3.333468972533062,0.7932699704737678,
12,main,cosine,1,3,0.25,99,72,20.98677596822381,32,31,0,0,0.05948079741830781,31,21,32,2.327272727272727,2.346941698897006,0.9381066252420236,
12,main,cosine,1,3,0.25,100,72,20.10008235089481,19.3,28,0,0,0.1629807372752322,28,31,19.30735194694989,4.7407407407407405,4.764175632451294,0.2555544051697941,
12,main,cosine,1,3,0.25,101,72,23.83690569922328,21.6,22,0,0,0.04019993883872164,22,27,21.59454906909211,21.333333333333332,21.47313237221494,0.00791562807251811,
12,main,cosine,1,3,0.25,102,72,20.97320150770247,22.1,22,0,0,0.026835412527805302,22,32,22.074194046116414,3.2,3.16476723971412,0.39714307879091415,
12,main,cosine,1,3,0.25,103,72,26.13254277408123,27.1,32,0,0,0.19706238083492444,32,32,27.190701585759808,2.5098039215686274,2.5113427345187,0.10764379389989731,
12,main,cosine,1,3,0.25,104,72,23.65763341076672,32,26,0,0,0.19122045134841603,21,23,32,2.327272727272727,2.345597709377237,0.7958139590525599,
12,main,cosine,1,3,0.25,105,72,24.60754262469709,19.55,25,0,0,0.07361104782414807,25,25,19.591024855894446,4.129032258064516,4.182792953791167,0.7676836507763349,
12,main,cosine,1,3,0.25,106,72,22.904015865176916,20.15,31,0,0,0.0632837961099354,31,31,20.171473283778212,2.206896551724138,2.199785177228786,0.465305812288366,
12,main,cosine,1,3,0.25,107,72,24.27119417116046,32,31,0,0,0.14777419970634553,29,23,32,3.282051282051282,3.2768,0.6955486143385193,
12,main,cosine,1,3,0.25,108,72,24.36320434883237,25.95,30,0,0,0.06869568887704702,30,30,25.998158143786313,4.571428571428571,10.163771712158809,0.06287959848954006,
12,main,cosine,1,3,0.25,109,72,24.691513024270535,28.85,32,0,0,0.0838125617790999,21,32,28.869694115993887,3.4594594594594597,3.4852159115081895,0.8551283797258132,
12,main,cosine,1,3,0.25,110,72,24.550466798245907,32,31,0,0,0.22383956473445654,20,20,32,2.206896551724138,2.2209570286024127,0.6250439199886162,
12,main,cosine,1,3,0.25,111,72,26.416084246709943,22.3,25,0,0,0.14392226545484654,25,20,22.266146699881435,42.666666666666664,38.37002341920375,0.298866730616171,
12,main,cosine,1,3,0.25,112,72,24.98845636472106,19.3,29,0,0,0.22527008639445745,26,29,19.287357960672264,12.8,12.291072768192048,0.705276353107089,
12,main,cosine,1,3,0.25,113,72,26.532920686528087,29.450000000000003,30,0,0,0.30066775140450575,23,30,29.47623733482368,2.8444444444444446,2.858837899145001,0.15981145235625105,
12,main,cosine,1,3,0.25,114,72,23.87340302579105,26.1,30,0,0,0.3922278190106081,26,26,26.196958468454735,25.6,26.006349206349206,0.011122759544479499,
12,main,cosine,1,3,0.25,115,72,21.75733889453113,21.3,30,0,0,0.08606117757486698,30,30,21.27652787357008,2.1333333333333333,2.1195342820181113,0.08803820046458977,
12,main,cosine,1,3,0.25,116,72,25.989834485575557,24.9,29,0,0,0.33624828289004915,22,22,24.89607827272893,3.2,3.1962543893874367,0.13231251710061676,
12,main,cosine,1,3,0.25,117,72,27.157904025167227,32,31,0,0,0.21036679474591602,18,18,32,32,33.64271047227926,0.1571317451973524,
12,main,cosine,1,3,0.25,118,72,23.783529434353113,24.05,30,0,0,0.11106444154315676,25,30,24.039706479043357,25.6,24.236686390532544,0.004089547265590854,
12,main,cosine,1,3,0.25,119,72,20.698604602366686,22.25,28,0,0,0.018578984698380374,28,28,22.243422134356734,3.5555555555555554,3.5279931093884582,0.2174867701646166,
12,main,cosine,1,3,0.25,120,72,24.389992212876678,32,32,0,0,0.1684741216011596,26,32,32,2.909090909090909,8.865800865800866,0.5472962082115332,
12,main,cosine,1,3,0.25,121,72,25.081772862002254,21.45,29,0,0,0.16100704021729562,29,29,21.43743081454855,21.333333333333332,21.22279792746114,0.04743735260120707,
12,main,cosine,1,3,0.25,122,72,24.173815002664924,22.35,32,0,0,0.38157937213209414,24,32,22.324643643404574,42.666666666666664,41.269521410579344,0.08977363542223693,
12,main,cosine,1,3,0.25,123,72,25.76757162436843,32,30,0,0,0.17728953679085502,26,30,31.827654332015033,2.169491525423729,2.168630046326936,0.46175527957928253,
12,main,cosine,1,3,0.25,124,72,20.391110967844725,19.8,32,0,0,0.319401379977016,21,21,19.805696253858937,2.6122448979591835,2.6134949752751635,0.05278698105838908,
12,main,cosine,1,3,0.25,125,72,22.183952113613486,28.200000000000003,32,0,0,0.10623403571929868,32,32,28.37855459316003,5.333333333333333,5.336807817589577,0.21086168992248022,
12,main,cosine,1,3,0.25,126,72,25.918032402172685,22.75,29,0,0,0.17066680567097725,26,31,22.617005707132872,2.064516129032258,2.0718259989883663,0.18837117411958082,
12,main,cosine,1,3,0.25,127,72,21.50993087142706,21.15,32,0,0,0.14340961792081175,22,32,21.109883433497654,6.4,6.402500976944119,0.04648164839789681,
12,main,cosine,1,3,0.25,128,72,27.439770333468914,30,32,0,0,0.07102193458245998,32,32,30.036234518368822,2.327272727272727,2.331578198377686,0.2566855007405584,
12,main,cosine,1,3,0.25,129,72,22.017199400812387,21.5,31,0,0,0.19320561585587936,24,31,21.47002258943279,11.636363636363637,11.33840830449827,0.07896715673711774,
12,main,cosine,1,3,0.25,130,72,25.26221638917923,25.9,29,0,0,0.08574627752279695,29,26,25.969810191093483,25.6,26.047694753577108,0.025875781361253902,
12,main,cosine,1,3,0.25,131,72,21.071174507960677,24.15,31,0,0,0.16728479425022136,31,21,24.171312815607713,42.666666666666664,40.354679802955665,0.2713776940518473,
12,main,cosine,1,3,0.25,132,72,27.807350939139724,19.65,19,0,0,0.003891412093128044,19,19,19.665669626397932,2.723404255319149,2.7229516370284195,0.8649656622228505,
12,main,cosine,1,3,0.25,133,72,25.718173997476697,28.85,30,0,0,0.14209306975140834,23,23,28.882670641394167,5.818181818181818,5.859799713876967,0.4390261177336653,
12,main,cosine,1,3,0.25,134,72,21.808037688955665,26.4,27,0,0,0.0684636339686614,27,24,26.44400538610132,3.657142857142857,3.663685152057245,0.4244845163724341,
12,main,cosine,1,3,0.25,135,72,24.451850157231092,19.65,27,0,0,0.09450769467867104,23,23,19.6440112645018,2.098360655737705,2.08474360605675,0.9993409165783573,
12,main,cosine,1,3,0.25,136,72,24.198591008782387,25.15,27,0,0,0.07525242354469974,27,23,25.225637253079107,25.6,5.732680195941217,0.03689291598953848,
12,main,cosine,1,3,0.25,137,72,24.903627309948206,20.15,22,0,0,0.030732456060960978,22,22,20.156167433619892,2.782608695652174,2.7601078167115904,0.23207393731676462,
12,main,cosine,1,3,0.25,138,72,24.505852658301592,25.8,23,0,0,0.023455848771608556,23,25,25.81633945825834,2.5098039215686274,2.506348477895059,0.2299407087427665,
12,main,cosine,1,3,0.25,139,72,20.444286581128836,19,31,0,0,0.36964610549682864,26,26,18.988896792028672,12.8,13.277147487844408,0.09634722382988603,
12,main,cosine,1,3,0.25,140,72,22.40492906793952,19.9,22,0,0,0.03905037752456786,22,22,19.929195992745306,9.142857142857142,2.4461033144222157,0.08273808605481137,
12,main,cosine,1,3,0.25,141,72,21.9810683876276,23.3,31,0,0,0.325235506118672,23,31,23.312743507818116,42.666666666666664,42.3359173126615,0.07607212449033374,
12,main,cosine,1,3,0.25,142,72,27.522598570212722,18.1,26,0,0,0.11673147497851244,26,26,18.081937921627002,18.285714285714285,17.925601750547045,0.3178262662919872,
12,main,cosine,1,3,0.25,143,72,23.126809522509575,23.95,31,0,0,0.3335053559199891,23,23,23.970541906064337,3.282051282051282,3.301894397420395,0.02589103710392726,
12,main,cosine,1,3,0.25,144,72,26.481824837625027,28.65,31,0,0,0.16487520406557699,31,29,28.648624580402313,7.111111111111111,7.08038029386344,0.03937628639302915,
12,main,cosine,1,3,0.25,145,72,25.563040582463145,24.35,28,0,0,0.01226928984930642,28,28,24.378203523033914,25.6,24.674698795180724,0.001250809013939147,
12,main,cosine,1,3,0.25,146,72,25.525482766330242,24.25,29,0,0,0.1024771400049338,26,23,24.243363165130276,2.169491525423729,2.1623333773261186,0.0207023806451333,
12,main,cosine,1,3,0.25,147,72,20.553239781409502,19.55,31,0,0,0.26188062475487806,20,20,19.60134583396275,2.5098039215686274,2.5167434715821813,0.045231335603837186,
12,main,cosine,1,3,0.25,148,72,24.157788459211588,20.1,28,0,0,0.15851463233373686,23,23,20.15592279715481,5.565217391304348,5.5708942536552195,0.16258736009494534,
12,main,cosine,1,3,0.25,149,72,25.945106187835336,25.6,28,0,0,0.09456169908421785,28,28,25.64995526572532,4.266666666666667,4.257796257796258,0.03948286230230191,
12,main,cosine,1,3,0.25,150,72,27.488007076084614,19.7,29,0,0,0.1486399282610793,29,22,19.71942652307501,3.1219512195121952,3.142911950892001,0.951893661047896,
12,main,cosine,1,3,0.25,151,72,22.02744436264038,22.1,31,0,0,0.3659252037009346,25,30,22.099933736896592,3.0476190476190474,3.051592475321289,0.11174987780595425,
12,main,cosine,1,3,0.25,152,72,22.096938751637936,18,31,0,0,0.11783382957253874,31,28,27.326984185358587,2.782608695652174,2.801641586867305,0.5333719712755811,
12,main,cosine,1,3,0.25,153,72,25.80015354976058,21.55,26,0,0,0.1551165461506333,21,22,21.540341780521008,21.333333333333332,21.140645161290323,0.051800788572882395,
12,main,cosine,1,3,0.25,154,72,21.756748154759407,24.1,32,0,0,0.32518956426958456,23,23,24.129708769284772,14.222222222222221,13.59668049792531,0.07258177213018524,
12,main,cosine,1,3,0.25,155,72,27.419659789651632,22.95,30,0,0,0.12285201525396638,30,32,22.935281337848572,2.723404255319149,2.704969456826812,0.5277279568992908,
12,main,cosine,1,3,0.25,156,72,21.607119046151638,21.85,24,0,0,0.07881938666508548,24,23,21.8324665107092,11.636363636363637,12.055923473142016,0.09308056709869483,
12,main,cosine,1,3,0.25,157,72,21.997020145878196,19.2,30,0,0,0.21967753533686452,23,23,19.232130638845646,3.878787878787879,3.8253560588372637,0.22718180005831856,
12,main,cosine,1,3,0.25,158,72,22.00400273874402,32,32,0,0,0.019771212036520103,32,32,32,16,16.367632367632368,0.24259459811046014,
12,main,cosine,1,3,0.25,159,72,21.060736622661352,32,31,0,0,0.4072644413467513,22,31,32,5.565217391304348,5.595628415300546,0.5739341323185942,
12,main,cosine,1,3,0.25,160,72,22.842962754890323,22.25,32,0,0,0.3039849018698514,24,27,22.151745171205093,2.4150943396226414,2.429058561897702,0.04873302070127383,
12,main,cosine,1,3,0.25,161,72,21.51571880467236,29.55,25,0,0,0.07323073496072552,25,22,29.558138246946392,2.327272727272727,2.313470770968653,0.8174153659505574,
12,main,cosine,1,3,0.25,162,72,25.39716505818069,23.4,23,0,0,0.013611525405505254,23,23,23.39315213097832,7.529411764705882,7.403524627202892,0.10015557870355696,
12,main,cosine,1,3,0.25,163,72,24.570745902135968,26.25,32,0,0,0.16947340438524483,25,25,26.228517565763386,2.245614035087719,15.072677092916283,0.10072259445147391,
12,main,cosine,1,3,0.25,164,72,22.40480454452336,30.15,30,0,0,0.06162458385831726,30,30,30.144219347879815,2.169491525423729,2.164332892998679,0.9930383706255059,
12,main,cosine,1,3,0.25,165,72,24.833628222346306,29.15,29,0,0,0.05948718813410181,29,32,29.135850702298374,4.266666666666667,4.268890046899426,0.11058001986419808,
12,main,cosine,1,3,0.25,166,72,26.639064306393266,25.35,32,0,0,0.1368106542943539,20,32,25.361786615916902,5.333333333333333,10.246404002501563,0.30278582856848757,
12,main,cosine,1,3,0.25,167,72,23.605567643418908,31.55,30,0,0,0.06633252996497907,30,30,31.22363930090665,2.0317460317460316,2.000244170430961,0.5077462062121341,
12,main,cosine,1,3,0.25,168,72,26.651967657729983,18,32,0,0,0.06676779620096585,32,32,18,2.4615384615384617,2.4630186410102226,0.3232301777290555,
12,main,cosine,1,3,0.25,169,72,26.38873901218176,23.25,27,0,0,0.07617828589222242,27,23,23.18895780935467,2.723404255319149,3.3977602654500205,0.1016337288222271,
12,main,cosine,1,3,0.25,170,72,23.506912807002664,23.7,32,0,0,0.23289675106355723,26,26,23.67413991642222,4,4.023575638506876,0.025707870805954047,
12,main,cosine,1,3,0.25,171,72,25.54709774442017,32,32,0,0,0.08515858614609151,32,32,32,6.4,6.405003909304144,0.2629566032606574,
12,main,cosine,1,3,0.25,172,72,23.903368569910526,23.1,23,0,0,0.02551649256790922,23,23,23.017086981832083,2.064516129032258,2.068164604897753,0.13360304983443083,
12,main,cosine,1,3,0.25,173,72,26.173774199560285,32,32,0,0,0.1532786702914739,30,22,32,5.12,5.045888512473052,0.8580741701140119,
12,main,cosine,1,3,0.25,174,72,22.549394452944398,24.8,30,0,0,0.15633611008367176,22,25,24.794464335498628,25.6,25.323029366306027,0.005749343225803782,
12,main,cosine,1,3,0.25,175,72,24.34569808281958,18,31,0,0,0.057651064221633685,31,31,18,2.8444444444444446,2.8180254557963536,0.9468766171502309,
12,main,cosine,1,3,0.25,176,72,23.262189036235213,24.25,30,0,0,0.2648628751773128,30,29,24.250231932105727,2.3703703703703702,2.350308420599627,0.43759822250111857,
12,main,cosine,1,3,0.25,177,72,21.733523404225707,25.45,27,0,0,0.02000194304809566,27,27,25.628472535561134,2.6666666666666665,2.648133182479392,0.13645758146089126,
12,main,cosine,1,3,0.25,178,72,27.423268178477883,31.200000000000003,32,0,0,0.08941386197895362,32,31,31.162651990794984,2.6122448979591835,2.6006349206349206,0.18399604717325868,
12,main,cosine,1,3,0.25,179,72,25.386008471250534,19.45,28,0,0,0.0688203661154686,28,28,19.489194686716612,9.846153846153847,9.822541966426858,0.884761901339537,
12,main,cosine,1,3,0.25,180,72,20.431716116145253,18.95,32,0,0,0.4330955802021753,23,32,18.95295371145454,2.0317460317460316,2.0411112495328267,0.047256572363966964,
12,main,cosine,1,3,0.25,181,72,27.813209721818566,29.35,27,0,0,0.06895830209915532,27,25,29.402451219744258,2.782608695652174,2.788291354663036,0.28966852994254233,
12,main,cosine,1,3,0.25,182,72,20.720267828553915,19.75,28,0,0,0.060126452696950494,20,28,19.790188155442593,3.878787878787879,2.000244170430961,0.16226886552665643,
12,main,cosine,1,3,0.25,183,72,22.366918444633484,21.55,27,0,0,0.06415244179218804,27,23,21.55109685952673,21.333333333333332,2.229418968567152,0.01903804209453752,
12,main,cosine,1,3,0.25,184,72,26.710613168776035,18.7,25,0,0,0.017066834538452258,25,25,18.719199878516815,8,8.159362549800797,0.7830289652470706,
12,main,cosine,1,3,0.25,185,72,21.600738644599915,18.9,26,0,0,0.20663441944130567,23,19,18.916429393700394,11.636363636363637,12.002930402930403,0.16109140318621362,
12,main,cosine,1,3,0.25,186,72,25.473814960569143,24.3,28,0,0,0.21731636664442056,19,19,24.313772546234972,2.6666666666666665,2.690311986863711,0.16736034432120872,
12,main,cosine,1,3,0.25,187,72,27.56863933801651,24.8,30,0,0,0.3099366099850711,26,25,24.801117671272337,64,51.2,0.2084816637052177,
12,main,cosine,1,3,0.25,188,72,23.435570856556296,18,29,0,0,0.4456211787153499,19,26,18,4.7407407407407405,4.716177317213587,0.061154429423518564,
12,main,cosine,1,3,0.25,189,72,22.691132547333837,22,32,0,0,0.25508271243827607,23,32,21.98418226271324,12.8,13.287915652879157,0.11704649965215219,
12,main,cosine,1,3,0.25,190,72,22.73631263524294,22.95,32,0,0,0.1418301010967944,32,32,22.893774408741475,2.1333333333333333,2.1358362664580888,0.38533895778580485,
12,main,cosine,1,3,0.25,191,72,20.057104140520096,22.5,31,0,0,0.045046982717998785,23,31,22.47807474537064,2.56,6.260603744745892,0.10738077041994665,
12,main,cosine,1,3,0.25,192,72,24.560562673956156,18.4,31,0,0,0.38708460608652295,20,20,18.420156296038794,18.285714285714285,18.618181818181817,0.6381832802994054,
12,main,cosine,1,3,0.25,193,72,27.54777644202113,25.85,32,0,0,0.11298217703005298,32,28,25.959749531693546,3.4594594594594597,3.500854700854701,0.01765194423367855,
12,main,cosine,1,3,0.25,194,72,22.096769530326128,22.05,30,0,0,0.07269066463330232,30,23,21.992463175836775,4.923076923076923,2.308255846717385,0.03525981768903952,
12,main,cosine,1,3,0.25,195,72,22.82593686506152,23.1,30,0,0,0.10487687459831163,21,21,23.08420268134641,2.9767441860465116,2.993604969852001,0.168945845072779,
12,main,cosine,1,3,0.25,196,72,27.2509947642684,24.95,28,0,0,0.0879544343033547,28,23,25.051820128658708,2.56,2.568025078369906,0.09064354859925305,
12,main,cosine,1,3,0.25,197,72,20.917177399620414,23.15,23,0,0,0.013610532383897644,23,23,23.121743767038776,25.6,23.272727272727273,0.03669946119180256,
12,main,cosine,1,3,0.25,198,72,24.95008890144527,23.45,31,0,0,0.14132794194187992,24,25,23.430348504708494,2.064516129032258,2.0626967140878762,0.0982683538784751,
12,main,cosine,1,3,0.25,199,72,22.65108327753842,19.75,25,0,0,0.007937984354162375,25,25,19.77547330265448,3.5555555555555554,3.5648389904264577,0.7617289492711306,
18,main,cosine,1,7,1,0,168,23.390359714627266,23.1,23,1,1,0.000006870608462605787,23,23,23.076911248505564,23.272727272727273,23.07605633802817,2.3245849689601528e-12,0.005
18,main,cosine,1,7,1,1,168,25.64953514561057,26.05,26,1,1,0.000022229577413157564,26,27,26.03417608705706,25.6,26.130781499202552,5.772049505026189e-13,0.015
18,main,cosine,1,7,1,2,168,26.944651138037443,26.700000000000003,27,1,1,1.4610410326021395e-8,27,27,26.705498657897124,25.6,26.72756933115824,0,0.01
18,main,cosine,1,7,1,3,168,27.298779375851154,27.1,27,1,1,0.000004419421791301836,27,27,27.11538330627324,28.444444444444443,27.170812603648425,9.658940314238862e-15,0.025
18,main,cosine,1,7,1,4,168,24.729242535308003,24.85,25,1,1,8.116539995661753e-9,25,25,24.860463486825378,25.6,24.861911987860395,0,0.005
18,main,cosine,1,7,1,5,168,20.90180160664022,20.7,21,1,1,2.406247368025305e-8,21,21,20.707459818258744,21.333333333333332,20.713021491782555,0,0.02
18,main,cosine,1,7,1,6,168,23.44043917581439,23.35,24,1,1,2.583392477717439e-8,23,24,23.342445141467838,23.272727272727273,23.372325249643367,0,0.005
18,main,cosine,1,7,1,7,168,24.23412466607988,24.5,25,1,1,0.0000871559684804124,24,24,24.48786380588818,25.6,24.453731343283582,2.7376989564231735e-12,0.025
18,main,cosine,1,7,1,8,168,22.15541243739426,22.1,22,1,1,0.00005363058366336659,22,22,22.07549464012288,21.333333333333332,22.021505376344088,3.9004355301131e-12,0.03
18,main,cosine,1,7,1,9,168,27.30307626351714,27.35,27,1,1,6.771502847335853e-8,27,28,27.365640404109815,28.444444444444443,27.352253756260435,0,0.04
18,main,cosine,1,7,1,10,168,26.87400731816888,26.65,27,1,1,0.00001291555108462461,27,27,26.65630202715599,25.6,26.684039087947884,4.984901380566953e-14,0.005
18,main,cosine,1,7,1,11,168,20.107567623257637,20.05,20,1,1,1.2777719438084034e-8,20,20,20.06015241981668,19.692307692307693,20.053855569155445,1.1102230246251565e-16,0.26
18,main,cosine,1,7,1,12,168,24.046581273898482,24.15,24,1,1,1.3233379159149905e-7,24,24,24.174587793270476,23.272727272727273,24.20088626292467,1.1102230246251565e-16,0.015
18,main,cosine,1,7,1,13,168,26.82266059704125,26.75,27,1,1,6.216472914211124e-8,27,27,26.75392131851406,25.6,26.77124183006536,0,0.01
18,main,cosine,1,7,1,14,168,25.880857698619366,25.45,26,1,1,2.72037897763866e-8,26,25,25.437775529055155,25.6,25.4015503875969,0,0.005
18,main,cosine,1,7,1,15,168,22.52310038730502,22.4,22,1,1,2.5250786017672056e-8,22,22,22.4198125673801,23.272727272727273,22.382513661202186,0,0.025
18,main,cosine,1,7,1,16,168,20.648825207725167,20.65,21,1,1,8.394905998132529e-7,21,21,20.628523488818196,21.333333333333332,20.60880503144654,0,0.03
18,main,cosine,1,7,1,17,168,20.318500604480505,20.2,20,1,1,4.040456740295184e-7,20,20,20.216077244633706,19.692307692307693,20.20221948212084,6.539213615042172e-14,0.095
18,main,cosine,1,7,1,18,168,26.241604244336486,26.55,26,1,1,0.000017517746146000768,26,26,26.52806726552447,25.6,26.5974025974026,1.1324274851176597e-14,0.005
18,main,cosine,1,7,1,19,168,26.184704652056098,26.200000000000003,26,1,1,0.00013166347645698906,26,26,26.218140040613704,25.6,26.130781499202552,8.17370615635582e-11,0.01
18,main,cosine,1,7,1,20,168,27.45337505079806,27.8,28,1,1,0.000013344309105489671,27,27,27.782786259071816,28.444444444444443,27.722504230118442,1.1102230246251565e-15,0.21
18,main,cosine,1,7,1,21,168,25.058481097221375,24.95,25,1,1,5.252952517409426e-9,25,25,24.961023041854027,25.6,24.93759512937595,0,0.005
18,main,cosine,1,7,1,22,168,22.39980210736394,22.5,22,1,1,1.1631078211671309e-7,22,23,22.50598691648354,23.272727272727273,22.536451169188446,7.405187574249794e-14,0.005
18,main,cosine,1,7,1,23,168,23.939251948148012,24,24,1,1,6.732568805789541e-7,24,24,23.978547290024693,23.272727272727273,23.988286969253295,8.881784197001252e-16,0.01
18,main,cosine,1,7,1,24,168,21.79525967128575,21.9,22,1,1,9.304933925591286e-7,22,22,21.90238619192868,21.333333333333332,21.933065595716197,1.3322676295501878e-14,0.02
18,main,cosine,1,7,1,25,168,26.91143056936562,27,27,1,1,2.9445922311577277e-7,27,27,26.986632256966633,28.444444444444443,26.99176276771005,2.220446049250313e-16,0.03
18,main,cosine,1,7,1,26,168,22.808038249611855,22.95,23,1,1,0.00001125778670407751,23,23,22.93350137463293,23.272727272727273,22.946778711484594,1.170175067954915e-13,0.005
18,main,cosine,1,7,1,27,168,22.937970718368888,23.1,23,1,1,5.09781751478755e-7,23,23,23.085536117662564,23.272727272727273,23.108603667136812,4.9960036108132044e-14,0.005
18,main,cosine,1,7,1,28,168,20.708765091374516,20.95,21,1,1,0.00019474508704853122,21,21,20.930096340619038,21.333333333333332,20.924648786717754,4.2665904143035505e-10,0.005
18,main,cosine,1,7,1,29,168,27.231749182567,27,27,1,1,5.496943973337665e-7,27,27,26.99950188291125,28.444444444444443,26.99176276771005,0,0.025
18,main,cosine,1,7,1,30,168,23.347356513142586,22.95,23,1,1,2.3430375473143528e-7,23,23,22.965024943360177,23.272727272727273,23.01123595505618,1.5987211554602254e-14,0.005
18,main,cosine,1,7,1,31,168,24.501472918316722,24.2,24,1,1,2.7286545600802015e-7,24,24,24.187260206431755,23.272727272727273,24.20088626292467,2.220446049250313e-16,0.02
18,main,cosine,1,7,1,32,168,26.46708733215928,26.8,27,1,1,0.000029672042343609206,27,27,26.790424013535656,25.6,26.77124183006536,1.6642243139131097e-13,0.055
18,main,cosine,1,7,1,33,168,20.545657685026526,20.65,21,1,1,0.0000012651617669057202,20,21,20.652716517283427,21.333333333333332,20.66078184110971,1.1102230246251565e-15,0.01
18,main,cosine,1,7,1,34,168,23.924240911379457,24,24,1,1,5.044143216448305e-7,24,24,24.005275241623604,23.272727272727273,24.058737151248163,1.4432899320127035e-15,0.01
18,main,cosine,1,7,1,35,168,27.53579298593104,27.700000000000003,28,1,1,1.315962727677089e-7,28,28,27.677857354083265,28.444444444444443,27.58249158249158,0,0.145
18,main,cosine,1,7,1,36,168,26.519264295697212,26.4,26,1,1,0.000003307161318910623,26,26,26.381248546855442,25.6,26.340836012861736,3.348432642269472e-13,0.005
18,main,cosine,1,7,1,37,168,23.07530654594302,23.05,23,1,1,0.0000030830605197706973,23,23,23.060543725181404,23.272727272727273,23.07605633802817,2.1094237467877974e-15,0.005
18,main,cosine,1,7,1,38,168,24.924090577289462,24.65,25,1,1,0.0004618210333751094,24,25,24.634462682306008,25.6,24.637593984962407,1.8592016814977796e-11,0.03
18,main,cosine,1,7,1,39,168,22.352836960926652,22.65,23,1,1,1.2280505057304936e-8,23,23,22.630198016148448,23.272727272727273,22.59862068965517,0,0.005
18,main,cosine,1,7,1,40,168,27.84798712283373,27.9,28,1,1,0.000005929941309101849,28,27,27.923585579296883,28.444444444444443,27.86394557823129,1.4432899320127035e-14,0.255
18,main,cosine,1,7,1,41,168,21.56945000961423,21.6,22,1,1,2.0241665643627726e-7,22,22,21.57957905661088,21.333333333333332,21.557894736842105,8.881784197001252e-15,0.01
18,main,cosine,1,7,1,42,168,27.402226768434048,27.8,28,1,1,1.4634144451797226e-8,28,28,27.795942043175817,28.444444444444443,27.911413969335605,0,0.29
18,main,cosine,1,7,1,43,168,21.54350508376956,21.55,22,1,1,2.018417892823976e-7,22,22,21.55686794774416,21.333333333333332,21.529566360052563,0,0.01
18,main,cosine,1,7,1,44,168,21.42001941986382,21.35,21,1,1,8.601213075110081e-8,21,21,21.355883046545486,21.333333333333332,21.389033942558747,3.9968028886505635e-15,0.005
18,main,cosine,1,7,1,45,168,21.30633044615388,21.4,21,1,1,1.6026259208601346e-9,21,21,21.379628783538482,21.333333333333332,21.389033942558747,0,0.005
18,main,cosine,1,7,1,46,168,23.312340084463358,23.3,23,1,1,3.389856696456306e-7,23,23,23.287461501330696,23.272727272727273,23.305832147937412,1.7763568394002505e-15,0.005
18,main,cosine,1,7,1,47,168,21.21308298408985,21.1,21,1,1,1.0024162411248483e-7,21,21,21.101583562719014,21.333333333333332,21.11340206185567,0,0.005
18,main,cosine,1,7,1,48,168,20.80220546387136,20.8,21,1,1,0.000016422266503779426,21,21,20.823243760334396,21.333333333333332,20.79187817258883,1.7563728249569976e-13,0.005
18,main,cosine,1,7,1,49,168,20.98135264776647,20.85,21,1,1,8.174010326378323e-7,21,21,20.824969397582116,21.333333333333332,20.844783715012724,3.6637359812630166e-15,0.015
18,main,cosine,1,7,1,50,168,26.265642629936337,26.4,26,1,1,0.00005485603965649233,26,26,26.386521632731494,25.6,26.383252818035427,5.303935068923238e-11,0.01
18,main,cosine,1,7,1,51,168,23.259273804724216,23.35,23,1,1,0.000002899369560660503,23,23,23.358184342585197,23.272727272727273,23.372325249643367,1.0158540675320182e-13,0.005
18,main,cosine,1,7,1,52,168,21.781367482617497,21.9,22,1,1,5.133095324350023e-7,22,22,21.917089354522997,21.333333333333332,21.933065595716197,3.3306690738754696e-16,0.025
18,main,cosine,1,7,1,53,168,26.476607644930482,26.55,27,1,1,0.00008291084927292136,27,26,26.542576632070876,25.6,26.511326860841425,6.138423103152491e-13,0.005
18,main,cosine,1,7,1,54,168,23.976906130090356,23.9,24,1,1,4.2356515317365506e-7,24,24,23.921110087473462,23.272727272727273,23.988286969253295,1.887379141862766e-15,0.02
18,main,cosine,1,7,1,55,168,21.40732815489173,21.2,21,1,1,0.0000018451840806399389,21,21,21.205905804706813,21.333333333333332,21.16795865633075,9.49906819869284e-13,0.005
18,main,cosine,1,7,1,56,168,24.6195514742285,24.45,25,1,1,0.000004613306465950373,25,25,24.448414437159517,25.6,24.453731343283582,7.771561172376096e-16,0.045
18,main,cosine,1,7,1,57,168,24.3400239367038,24.5,25,1,1,8.725543161336446e-7,24,24,24.495381624166637,25.6,24.417287630402384,0,0.02
18,main,cosine,1,7,1,58,168,26.483726343140006,26.9,26,1,1,0.0000011302286804237838,26,26,26.922217967098028,25.6,26.94736842105263,8.881784197001252e-16,0.005
18,main,cosine,1,7,1,59,168,25.030767692252994,25.1,25,1,1,9.873360684586885e-9,25,25,25.089139418854092,25.6,25.090352220520675,0,0.005
18,main,cosine,1,7,1,60,168,27.76471013762057,27.700000000000003,28,1,1,0.000006538873140393697,28,28,27.677639358701395,28.444444444444443,27.58249158249158,1.596500709410975e-13,0.15
18,main,cosine,1,7,1,61,168,21.32873442582786,21.15,21,1,1,7.471709445594499e-7,21,21,21.12931905076073,21.333333333333332,21.16795865633075,8.546496843564455e-13,0.005
18,main,cosine,1,7,1,62,168,25.12765875272453,25.1,25,1,1,0.0000010218268288175736,25,25,25.10475481636096,25.6,25.090352220520675,1.0436096431476471e-14,0.005
18,main,cosine,1,7,1,63,168,21.6469851359725,21.9,22,1,1,6.424367255952745e-7,22,22,21.916153205183118,21.333333333333332,21.90374331550802,1.503241975342462e-13,0.01
18,main,cosine,1,7,1,64,168,24.106726370751858,24.25,24,1,1,1.9909656145955523e-9,24,24,24.268556015243846,23.272727272727273,24.30860534124629,0,0.03
18,main,cosine,1,7,1,65,168,20.50856607221067,20.3,20,1,1,2.711984026237957e-8,20,20,20.310206503078483,19.692307692307693,20.327543424317618,3.3306690738754696e-16,0.02
18,main,cosine,1,7,1,66,168,22.748758375644684,22.6,23,1,1,0.0000016729239957768982,23,23,22.603331436876292,23.272727272727273,22.661134163208853,1.709743457922741e-14,0.01
18,main,cosine,1,7,1,67,168,26.423575228080153,25.95,26,1,1,2.2478599537301136e-8,26,26,25.972819095719522,25.6,26.047694753577108,0,0.005
18,main,cosine,1,7,1,68,168,26.281870272010565,26.200000000000003,26,1,1,2.1853540310701192e-7,26,26,26.188088627192514,25.6,26.130781499202552,7.771561172376096e-16,0.01
18,main,cosine,1,7,1,69,168,20.9975499343127,21.3,21,1,1,0.0000015185575760190417,21,21,21.305730552059607,21.333333333333332,21.36114732724902,2.887690087050032e-13,0.005
18,main,cosine,1,7,1,70,168,27.394094994291663,27.450000000000003,27,1,1,4.693470624372864e-7,27,27,27.43485973064605,28.444444444444443,27.39799331103679,9.603429163007604e-14,0.05
18,main,cosine,1,7,1,71,168,23.619783787056804,24,24,1,1,4.979168849450488e-7,24,24,24.013859230668906,23.272727272727273,24.023460410557185,5.3734794391857577e-14,0.015
18,main,cosine,1,7,1,72,168,20.27587403357029,20.45,21,1,1,1.121948955962182e-8,20,21,20.45330696459047,19.692307692307693,20.454431960049938,0,0.015
18,main,cosine,1,7,1,73,168,25.545260932296515,25.45,26,1,1,0.0000025346308605289636,26,26,25.468928051840887,25.6,25.5202492211838,1.7763568394002505e-15,0.01
18,main,cosine,1,7,1,74,168,24.133595075458288,24,24,1,1,2.5038093265372652e-8,24,24,24.005404938914605,23.272727272727273,23.953216374269005,0,0.005
18,main,cosine,1,7,1,75,168,22.032582873478532,22,22,1,1,2.7197795904321254e-8,22,22,21.98767969476202,21.333333333333332,22.021505376344088,9.992007221626409e-16,0.005
18,main,cosine,1,7,1,76,168,22.51666720211506,22.3,22,1,1,7.771546414181429e-7,22,22,22.293392860761696,23.272727272727273,22.351978171896317,0,0.02
18,main,cosine,1,7,1,77,168,27.246869910508394,27.25,27,1,1,1.5553032195469996e-7,27,27,27.271832381271917,28.444444444444443,27.30666666666667,0,0.03
18,main,cosine,1,7,1,78,168,20.785392271354795,20.55,21,1,1,3.483277540849983e-7,21,20,20.567869989156076,21.333333333333332,20.557089084065243,2.353672812205332e-14,0.015
18,main,cosine,1,7,1,79,168,21.47076308168471,21.35,21,1,1,0.0000019716507992928456,21,21,21.329813951003423,21.333333333333332,21.277922077922078,2.262634524186069e-13,0.015
18,main,cosine,1,7,1,80,168,20.407592998817563,20.3,20,1,1,0.000012041214167868297,20,20,20.294361332752718,19.692307692307693,20.302354399008674,1.7352785874891197e-13,0.105
18,main,cosine,1,7,1,81,168,26.179654266685247,26.5,26,1,1,1.7578449906796578e-7,26,26,26.479069288778344,25.6,26.554294975688816,0,0.005
18,main,cosine,1,7,1,82,168,22.58453145623207,22.15,22,1,1,0.0000024243463249140618,22,22,22.162443012878477,21.333333333333332,22.14054054054054,9.83579884206165e-12,0.02
18,main,cosine,1,7,1,83,168,27.151181867346168,27.05,27,1,1,2.9365316622786963e-8,27,27,27.061893490937145,28.444444444444443,27.036303630363037,0,0.02
18,main,cosine,1,7,1,84,168,20.98020833171904,20.75,21,1,1,1.653661655387495e-7,21,21,20.745294802278586,21.333333333333332,20.713021491782555,8.537615059367454e-14,0.03
18,main,cosine,1,7,1,85,168,22.47987512871623,22.6,22,1,1,0.00002552310120707002,22,22,22.585560350195617,23.272727272727273,22.629834254143645,1.7495227488950604e-11,0.02
18,main,cosine,1,7,1,86,168,20.07730808109045,20,20,1,1,5.558001425765013e-7,20,20,19.985305105795618,19.692307692307693,19.98048780487805,6.106226635438361e-15,0.215
18,main,cosine,1,7,1,87,168,20.214908592402935,20.15,20,1,1,2.7998081630897786e-10,20,20,20.144995152629605,19.692307692307693,20.127764127764127,0,0.145
18,main,cosine,1,7,1,88,168,27.26561906374991,27.450000000000003,27,1,1,5.8090081633821455e-8,27,27,27.429587096517015,28.444444444444443,27.48993288590604,0,0.085
18,main,cosine,1,7,1,89,168,26.835838047787547,26.75,27,1,1,0.000025539193326373777,27,27,26.754829829642016,25.6,26.72756933115824,1.124544901642821e-12,0.035
18,main,cosine,1,7,1,90,168,24.85361124947667,24.55,24,1,1,9.512536314204567e-8,24,24,24.56462602324999,25.6,24.563718140929534,2.4424906541753444e-15,0.02
18,main,cosine,1,7,1,91,168,20.494561929255724,20.6,21,1,1,0.00028007166875376743,21,21,20.61229329721753,21.333333333333332,20.634760705289672,2.7749907594021295e-7,0.045
18,main,cosine,1,7,1,92,168,25.675276406109333,26,26,1,1,0.0000010094847637809323,26,26,25.99990370228425,25.6,25.96513470681458,2.220446049250313e-16,0.01
18,main,cosine,1,7,1,93,168,20.837487377226353,20.95,21,1,1,5.678006176346173e-9,21,21,20.9552588360793,21.333333333333332,20.978233034571062,0,0.005
18,main,cosine,1,7,1,94,168,22.06878761574626,21.85,22,1,1,0.0000016176811811208225,22,22,21.854232674779475,21.333333333333332,21.874499332443257,1.3877787807814457e-14,0.005
18,main,cosine,1,7,1,95,168,23.114922108128667,22.95,23,1,1,6.267581045271697e-7,23,23,22.959230482619322,23.272727272727273,22.978962131837307,7.105427357601002e-15,0.015
18,main,cosine,1,7,1,96,168,21.872052613645792,21.8,22,1,1,2.0261534028342965e-7,22,22,21.810661527999358,21.333333333333332,21.81624500665779,0,0.005
18,main,cosine,1,7,1,97,168,22.73819635808468,22.8,23,1,1,1.3980986124373374e-7,23,23,22.783211232754113,23.272727272727273,22.755555555555556,0,0.005
18,main,cosine,1,7,1,98,168,27.23082477413118,26.85,27,1,1,1.2274800409439734e-7,27,27,26.828862712234706,25.6,26.859016393442623,1.1102230246251565e-16,0.015
18,main,cosine,1,7,1,99,168,22.263039173558354,22.35,22,1,1,1.3799947440329419e-7,22,22,22.358155528564158,23.272727272727273,22.382513661202186,0,0.02
18,main,cosine,1,7,1,100,168,25.094350738450885,25.15,25,1,1,0.0000011902716960943138,25,25,25.144995270091275,25.6,25.167434715821813,4.64628335805628e-13,0.015
18,main,cosine,1,7,1,101,168,26.626668045297265,26.65,27,1,1,0.0000042597561674684314,27,27,26.62173217877441,25.6,26.640650406504065,5.617728504603292e-14,0.01
18,main,cosine,1,7,1,102,168,20.791742656379938,20.8,21,1,1,2.0971679948189603e-10,21,21,20.809684147536505,21.333333333333332,20.79187817258883,0,0.005
18,main,cosine,1,7,1,103,168,24.396149091422558,24.65,25,1,1,0.0000013642962455318042,25,25,24.65034697345085,25.6,24.6006006006006,8.881784197001252e-16,0.015
18,main,cosine,1,7,1,104,168,21.527093522250652,21.45,22,1,1,1.3851927049834956e-8,21,21,21.44184082234392,21.333333333333332,21.445026178010473,0,0.005
18,main,cosine,1,7,1,105,168,26.03407259657979,25.75,26,1,1,0.0000047212829115128585,26,26,25.77510005731778,25.6,25.72056514913658,7.438494264988549e-15,0.01
18,main,cosine,1,7,1,106,168,27.185613431036472,27.15,27,1,1,0.0000016242833554835912,27,27,27.133652360981905,28.444444444444443,27.170812603648425,2.220446049250313e-16,0.045
18,main,cosine,1,7,1,107,168,22.522374549880624,22.7,23,1,1,1.761088944673972e-7,23,22,22.69077601401665,23.272727272727273,22.661134163208853,0,0.02
18,main,cosine,1,7,1,108,168,25.64089384675026,25.4,26,1,1,4.923101262210849e-7,26,26,25.411432672492253,25.6,25.362229102167184,6.017408793468348e-14,0.005
18,main,cosine,1,7,1,109,168,26.272232042625546,26.4,26,1,1,6.056545029942129e-7,26,27,26.37799564941403,25.6,26.425806451612903,1.1102230246251565e-16,0.005
18,main,cosine,1,7,1,110,168,26.808349968865514,27.3,28,1,1,4.6854354784908736e-7,28,27,27.27672627132574,28.444444444444443,27.21594684385382,1.3877787807814457e-14,0.04
18,main,cosine,1,7,1,111,168,20.353885803371668,20.35,20,1,1,1.8239727772595415e-7,20,20,20.327998931171614,19.692307692307693,20.327543424317618,1.6653345369377348e-15,0.05
18,main,cosine,1,7,1,112,168,20.407227873802185,20.7,21,1,1,0.000008671555043804346,21,21,20.68869783134307,21.333333333333332,20.713021491782555,6.694644838489694e-14,0.01
18,main,cosine,1,7,1,113,168,26.440296774730086,26.4,26,1,1,0.00001295847989024601,26,27,26.414382319923952,25.6,26.468497576736674,1.509903313490213e-14,0.01
18,main,cosine,1,7,1,114,168,27.515729257836938,27.5,27,1,1,0.0000023495415756302762,27,28,27.477847114384158,28.444444444444443,27.58249158249158,1.1102230246251565e-16,0.06
18,main,cosine,1,7,1,115,168,25.801532600075006,25.75,26,1,1,5.524034643045184e-7,26,26,25.751423168444667,25.6,25.761006289308177,0,0.005
18,main,cosine,1,7,1,116,168,23.415017023682594,23.25,23,1,1,4.0063818929070294e-10,23,24,23.236711158121807,23.272727272727273,23.23971631205674,0,0.005
18,main,cosine,1,7,1,117,168,26.4406220279634,26.5,26,1,1,0.00008298336013223828,26,26,26.472619672043237,25.6,26.511326860841425,1.2454626219238207e-10,0.005
18,main,cosine,1,7,1,118,168,21.70166485570371,21.7,22,1,1,1.7377306515964364e-7,22,22,21.700209102135876,21.333333333333332,21.70066225165563,0,0.005
18,main,cosine,1,7,1,119,168,26.206170462071896,26.200000000000003,26,1,1,0.000048098096448234706,26,26,26.20175173286233,25.6,26.130781499202552,2.9278690583112166e-11,0.01
18,main,cosine,1,7,1,120,168,22.101143376901746,21.95,22,1,1,0.000004565578115234281,22,22,21.95085572346335,21.333333333333332,21.933065595716197,1.0174083797664935e-12,0.02
18,main,cosine,1,7,1,121,168,25.234640672802925,25.55,26,1,1,0.0000677793631056467,26,26,25.543606299244715,25.6,25.6,2.7631230636870896e-12,0.005
18,main,cosine,1,7,1,122,168,22.65551681816578,22.6,23,1,1,0.00004740834929595206,23,23,22.61534119550475,23.272727272727273,22.661134163208853,9.708900350346994e-13,0.015
18,main,cosine,1,7,1,123,168,27.50183793157339,27.450000000000003,27,1,1,0.00013672533401698495,27,27,27.453996718069877,28.444444444444443,27.536134453781514,4.37838654221423e-12,0.075
18,main,cosine,1,7,1,124,168,20.122795324772596,20.2,20,1,1,1.429604201685919e-7,20,20,20.18543343080857,19.692307692307693,20.20221948212084,1.1102230246251565e-16,0.115
18,main,cosine,1,7,1,125,168,26.15270484238863,26.1,26,1,1,6.000548635753944e-8,26,26,26.115452606613008,25.6,26.130781499202552,0,0.005
18,main,cosine,1,7,1,126,168,24.677740696817636,24.65,25,1,1,1.3624398276235183e-9,25,25,24.642933178288644,25.6,24.674698795180724,0,0.01
18,main,cosine,1,7,1,127,168,27.065887900069356,26.65,26,1,1,0.000005817138190478133,26,26,26.667672549271387,25.6,26.640650406504065,3.641198453863126e-12,0.02
18,main,cosine,1,7,1,128,168,21.63010262325406,21.55,22,1,1,3.871403406741081e-7,22,22,21.553340628858894,21.333333333333332,21.557894736842105,0,0.005
18,main,cosine,1,7,1,129,168,23.06087001413107,23.4,24,1,1,7.309630578600235e-8,24,24,23.408122060517602,23.272727272727273,23.43919885550787,0,0.01
18,main,cosine,1,7,1,130,168,24.026419289410114,23.9,24,1,1,0.000001061491147757998,24,24,23.886957085040557,23.272727272727273,23.813953488372093,3.3306690738754696e-16,0.01
18,main,cosine,1,7,1,131,168,20.392969684675336,20.15,20,1,1,1.6645295886075218e-7,20,20,20.130968372069958,19.692307692307693,20.103067484662578,2.220446049250313e-16,0.085
18,main,cosine,1,7,1,132,168,21.60853702761233,21.45,21,1,1,1.8918072197671165e-7,21,21,21.46098291458877,21.333333333333332,21.47313237221494,5.440092820663267e-15,0.005
18,main,cosine,1,7,1,133,168,20.837957190349698,20.85,21,1,1,3.099820489183003e-7,21,21,20.83401518278525,21.333333333333332,20.818297331639137,1.5210055437364645e-14,0.005
18,main,cosine,1,7,1,134,168,27.563112096861005,27.65,28,1,1,1.3730301362535613e-7,28,28,27.62501266800963,28.444444444444443,27.675675675675677,5.551115123125783e-16,0.135
18,main,cosine,1,7,1,135,168,20.445478722453117,20.45,20,1,1,4.3490777201782294e-8,20,20,20.462133083048503,19.692307692307693,20.48,0,0.045
18,main,cosine,1,7,1,136,168,25.680618988350034,25.6,25,1,1,1.9431223297061706e-9,25,25,25.622034837651196,25.6,25.5600624024961,0,0.005
18,main,cosine,1,7,1,137,168,21.786528350785375,21.9,22,1,1,1.408437654282224e-7,22,22,21.90262661795817,21.333333333333332,21.874499332443257,7.549516567451064e-15,0.005
18,main,cosine,1,7,1,138,168,20.57167555205524,20.75,21,1,1,0.000001230686338282716,21,21,20.75080699894232,21.333333333333332,20.713021491782555,2.156053113822054e-13,0.005
18,main,cosine,1,7,1,139,168,25.389409033581614,24.85,25,1,1,0.00005932743822201214,25,25,24.87893676602332,25.6,24.861911987860395,5.951572568108077e-12,0.015
18,main,cosine,1,7,1,140,168,21.007160894572735,21.2,21,1,1,6.239980088196262e-9,21,21,21.20352254053312,21.333333333333332,21.16795865633075,0,0.005
18,main,cosine,1,7,1,141,168,20.749379156157374,20.75,21,1,1,1.934944615644696e-7,21,21,20.736151900114738,21.333333333333332,20.713021491782555,3.3306690738754696e-14,0.025
18,main,cosine,1,7,1,142,168,23.802154386416078,23.45,23,1,1,0.00000330998017872286,23,23,23.422517098727678,23.272727272727273,23.405714285714286,1.1302070390684094e-13,0.005
18,main,cosine,1,7,1,143,168,25.73648657090962,25.55,26,1,1,0.000035889425706425726,26,25,25.545006839941596,25.6,25.6,3.275157922644212e-14,0.005
18,main,cosine,1,7,1,144,168,25.765992296859622,26.05,26,1,1,8.17754782778124e-8,26,26,26.04091315350023,25.6,26.130781499202552,0,0.01
18,main,cosine,1,7,1,145,168,26.98703940398991,27.25,28,1,1,3.1855740056929704e-7,27,28,27.255104731484234,28.444444444444443,27.21594684385382,0,0.055
18,main,cosine,1,7,1,146,168,25.127282137051225,25.1,25,1,1,2.1939459116104842e-7,25,25,25.116235098871737,25.6,25.12883435582822,0,0.005
18,main,cosine,1,7,1,147,168,27.83921105787158,27.700000000000003,28,1,1,0.0000842907061961995,28,28,27.71761582160727,28.444444444444443,27.816638370118845,2.089994843856857e-12,0.225
18,main,cosine,1,7,1,148,168,20.549981385469437,20.45,21,1,1,2.0418572943547986e-7,21,21,20.469537574073776,19.692307692307693,20.48,2.220446049250313e-16,0.02
18,main,cosine,1,7,1,149,168,26.712711015716195,26.9,27,1,1,0.000007658345777206144,27,27,26.883510334355638,25.6,26.90311986863711,3.885780586188048e-15,0.035
18,main,cosine,1,7,1,150,168,23.106353916227818,23,23,1,1,1.723555759225448e-7,23,23,23.00213279354343,23.272727272727273,22.978962131837307,0,0.005
18,main,cosine,1,7,1,151,168,24.984257258474827,25,25,1,1,1.4059072017680307e-8,25,25,24.991609708776174,25.6,24.975609756097562,0,0.01
18,main,cosine,1,7,1,152,168,27.349932480603456,27.25,27,1,1,0.0000011254159243412332,27,27,27.22358467896362,28.444444444444443,27.261231281198004,1.1102230246251565e-16,0.085
18,main,cosine,1,7,1,153,168,23.59183998964727,23.65,24,1,1,4.591705227152687e-8,24,24,23.634730833400518,23.272727272727273,23.67630057803468,0,0.005
18,main,cosine,1,7,1,154,168,22.554364752024412,22.3,22,1,1,8.606935782973224e-7,22,22,22.321800540913806,23.272727272727273,22.26086956521739,1.1102230246251565e-16,0.02
18,main,cosine,1,7,1,155,168,27.441600371152163,27.25,28,1,1,0.00002871086355127339,28,28,27.23946153815846,28.444444444444443,27.30666666666667,4.771738559838923e-13,0.055
18,main,cosine,1,7,1,156,168,27.846825690940022,27.4,27,1,1,4.717043411428534e-8,27,28,27.375614605847037,28.444444444444443,27.352253756260435,0,0.07
18,main,cosine,1,7,1,157,168,20.189924988895655,20.15,20,1,1,2.7690379655886943e-8,20,20,20.139613292160483,19.692307692307693,20.152521525215253,0,0.085
18,main,cosine,1,7,1,158,168,20.080402240157127,20,20,1,1,1.0033199271397564e-7,20,20,19.99328226844553,19.692307692307693,19.956151035322776,3.3306690738754696e-16,0.205
18,main,cosine,1,7,1,159,168,24.55228240787983,24.35,25,1,1,7.067418716921736e-8,25,24,24.359102745900987,23.272727272727273,24.30860534124629,0,0.025
18,main,cosine,1,7,1,160,168,21.459002371877432,21.65,22,1,1,1.5605381542549424e-8,22,22,21.63065642428624,21.333333333333332,21.64332892998679,0,0.015
18,main,cosine,1,7,1,161,168,23.426078772172332,23.3,23,1,1,2.2555585998951244e-7,23,24,23.319021671644926,23.272727272727273,23.33903133903134,4.071187831300449e-13,0.005
18,main,cosine,1,7,1,162,168,22.77492579817772,23.05,23,1,1,0.00020911435867954076,23,27,23.042608713250818,23.272727272727273,23.07605633802817,3.483602295517585e-11,0.005
18,main,cosine,1,7,1,163,168,22.95174185745418,22.65,23,1,1,5.398972269254898e-9,23,23,22.626443136955714,23.272727272727273,22.629834254143645,0,0.015
18,main,cosine,1,7,1,164,168,27.99345625191927,28.4,28,1,1,0.000001140355295969897,28,28,28.390571875361672,28.444444444444443,28.29706390328152,1.1102230246251565e-16,0.37
18,main,cosine,1,7,1,165,168,21.248319137841463,21.5,21,1,1,0.000033379665801747116,21,21,21.482042720860726,21.333333333333332,21.445026178010473,5.919942314136506e-11,0.005
18,main,cosine,1,7,1,166,168,22.437618063762784,22.3,22,1,1,0.000006014308371660171,22,22,22.320032952308893,23.272727272727273,22.382513661202186,1.0180745135812685e-13,0.025
18,main,cosine,1,7,1,167,168,20.902668887749314,21.15,21,1,1,0.0000069941142626372965,21,21,21.12838638505294,21.333333333333332,21.16795865633075,1.6137868819043888e-11,0.01
18,main,cosine,1,7,1,168,168,25.98712046444416,25.8,26,1,1,6.707934258054493e-7,26,26,25.782047104041585,25.6,25.842271293375394,4.440892098500626e-16,0.005
18,main,cosine,1,7,1,169,168,21.566635919734836,21.6,22,1,1,1.66971702020291e-8,22,22,21.59624368012157,21.333333333333332,21.614775725593667,0,0.005
18,main,cosine,1,7,1,170,168,24.601820167154074,24.7,25,1,1,0.000015350529029678484,24,25,24.687177489442572,25.6,24.71191553544495,4.218847493575595e-15,0.01
18,main,cosine,1,7,1,171,168,21.54819329082966,21.55,21,1,1,0.0000017001941921002128,21,22,21.57823504027989,21.333333333333332,21.557894736842105,1.1102230246251565e-16,0.005
18,main,cosine,1,7,1,172,168,27.509061643853784,27.9,29,1,1,8.274186413803619e-7,28,28,27.923644647893248,28.444444444444443,27.86394557823129,0,0.15
18,main,cosine,1,7,1,173,168,27.586586695164442,27.5,28,1,1,1.0621474311189871e-7,28,27,27.469752683435075,28.444444444444443,27.39799331103679,0,0.05
18,main,cosine,1,7,1,174,168,23.03550268523395,22.95,23,1,1,0.0000026978771465735463,23,23,22.97299743281289,23.272727272727273,22.946778711484594,1.1870060490082324e-11,0.005
18,main,cosine,1,7,1,175,168,26.059363963082433,26.05,26,1,1,0.000001361221431905868,26,26,26.062141940411852,25.6,25.96513470681458,4.285460875053104e-14,0.01
18,main,cosine,1,7,1,176,168,21.472574887797236,21.45,21,1,1,0.0000018327792483674443,21,21,21.46693943281293,21.333333333333332,21.501312335958005,1.951538930455854e-11,0.005
18,main,cosine,1,7,1,177,168,24.83174321986735,25.15,26,1,1,0.000013732920382758529,25,25,25.135299297406203,25.6,25.167434715821813,1.587618925213974e-14,0.01
18,main,cosine,1,7,1,178,168,26.062941009178758,26,26,1,1,4.79156906707523e-7,26,26,26.003497890056913,25.6,25.924050632911392,0,0.005
18,main,cosine,1,7,1,179,168,22.97692382708192,23.25,23,1,1,2.5176548734684445e-8,23,23,23.261241086657385,23.272727272727273,23.23971631205674,0,0.01
18,main,cosine,1,7,1,180,168,22.396955020725727,22.65,23,1,1,0.00008834668103729904,23,23,22.635547468103415,23.272727272727273,22.59862068965517,8.867795386890975e-12,0.01
18,main,cosine,1,7,1,181,168,22.275351399555802,22.35,22,1,1,6.327594259669667e-8,22,22,22.335688833869863,23.272727272727273,22.321525885558582,0,0.025
18,main,cosine,1,7,1,182,168,27.01103252544999,27,27,1,1,0.0000075825411074426086,27,27,27.006350798233104,28.444444444444443,26.99176276771005,9.270362255620057e-14,0.035
18,main,cosine,1,7,1,183,168,21.389491233974695,21.5,22,1,1,1.522849812918281e-8,22,21,21.483032336970957,21.333333333333332,21.47313237221494,0,0.005
18,main,cosine,1,7,1,184,168,21.497796269133687,21.6,22,1,1,0.000016431715126108415,22,22,21.62252380699579,21.333333333333332,21.614775725593667,3.342992549448809e-12,0.005
18,main,cosine,1,7,1,185,168,20.634979777038097,20.75,21,1,1,0.0000014456779731109037,21,21,20.747223864600564,21.333333333333332,20.76552598225602,1.887379141862766e-15,0.01
18,main,cosine,1,7,1,186,168,27.146772295236588,26.9,27,1,1,0.0000011973727751524166,27,27,26.878170829122254,25.6,26.90311986863711,1.2212453270876722e-15,0.025
18,main,cosine,1,7,1,187,168,22.447002423927188,22.3,22,1,1,0.000002618397831999353,22,22,22.31519205139569,23.272727272727273,22.321525885558582,2.716715741257758e-13,0.055
18,main,cosine,1,7,1,188,168,25.43085133098066,25.45,25,1,1,3.7782571515876384e-8,25,25,25.445489758969913,25.6,25.362229102167184,0,0.005
18,main,cosine,1,7,1,189,168,23.794502092525363,24.05,24,1,1,9.983058039120252e-7,24,24,24.07148445386293,23.272727272727273,23.988286969253295,2.220446049250313e-16,0.01
18,main,cosine,1,7,1,190,168,23.426642514765263,23.35,23,1,1,0.000014151489699187891,23,23,23.354772567798005,23.272727272727273,23.372325249643367,2.0317081350640365e-13,0.005
18,main,cosine,1,7,1,191,168,26.10513960197568,26.15,26,1,1,1.918404503031823e-7,26,26,26.154260137485476,25.6,26.089171974522294,0,0.01
18,main,cosine,1,7,1,192,168,27.968432081863284,28.200000000000003,28,1,1,0.0000015643873964021893,28,28,28.22443479997421,28.444444444444443,28.29706390328152,0,0.435
18,main,cosine,1,7,1,193,168,23.574739014729857,23.6,24,1,1,5.47284217944366e-10,24,24,23.603258767844167,23.272727272727273,23.57410071942446,0,0.005
18,main,cosine,1,7,1,194,168,23.547239027917385,23.65,24,1,1,0.00002041993126267183,24,24,23.63364307541414,23.272727272727273,23.67630057803468,1.1102230246251565e-15,0.015
18,main,cosine,1,7,1,195,168,20.741304375231266,20.65,21,1,1,9.110257837008362e-8,21,21,20.631382023582937,21.333333333333332,20.66078184110971,0,0.01
18,main,cosine,1,7,1,196,168,26.82140788808465,26.65,27,1,1,0.000003069014414269766,27,26,26.64068356130294,25.6,26.684039087947884,1.5543122344752192e-15,0.02
18,main,cosine,1,7,1,197,168,24.431267803534865,24,24,1,1,1.0815581652501294e-8,24,24,24.00455124116252,23.272727272727273,24.058737151248163,0,0.01
18,main,cosine,1,7,1,198,168,24.485101291909814,24.65,25,1,1,0.0000078057611995197,24,25,24.667381762917458,25.6,24.674698795180724,3.186340080674199e-14,0.025
18,main,cosine,1,7,1,199,168,24.253107441589236,24.2,25,1,1,0.000002033503455844965,25,25,24.22694508113046,23.272727272727273,24.16519174041298,3.6637359812630166e-15,0.02
24,robust,circatidal,0.25,7,0.25,0,672,12.42,12.5,13.5,0,0,0.011184597419749087,12.5,13.5,12.521440057247135,12.8,12.51642475171887,0.000018440836405453354,
24,robust,circatidal,0.25,7,0.25,1,672,12.42,12.5,13,0,0,0.004466042005110471,13,12.5,12.514516644180716,0.661498708010336,12.525993883792049,0.000030852419887539284,
24,robust,circatidal,0.25,7,0.25,2,672,12.42,12.55,16,0,0,0.19516250687858405,13.25,13.25,12.549851028993556,0.9884169884169884,0.9887152253937602,0.006116201809489685,
24,robust,circatidal,0.25,7,0.25,3,672,12.42,12.35,12.25,1,1,0.000563028884847272,12.25,12.5,12.371728453245721,12.19047619047619,12.365283018867924,0.000002741154632945886,
24,robust,circatidal,0.25,7,0.25,4,672,12.42,12.35,12.25,1,1,0.00008359006802061142,12.25,15.25,12.349888536002371,12.19047619047619,12.355957767722474,1.8798518297558076e-11,
24,robust,circatidal,0.25,7,0.25,5,672,12.42,12.35,12.5,1,1,0.0004246721473512016,12.5,12.25,12.358755879418947,12.19047619047619,12.355957767722474,3.2887629508593363e-8,
24,robust,circatidal,0.25,7,0.25,6,672,12.42,12.4,12.5,0,0,0.03562611184372522,12.5,13.5,12.407569270130853,1.2132701421800949,1.2134498592801066,0.0042748432891654975,
24,robust,circatidal,0.25,7,0.25,7,672,12.42,12.4,15.25,0,0,0.0943208169377685,12.5,12.75,12.38024162065752,12.19047619047619,12.374622356495468,0.0000010199438884583856,
24,robust,circatidal,0.25,7,0.25,8,672,12.42,12.3,15.5,0,0,0.07392678156106092,13.75,15.25,12.314987575855783,12.19047619047619,12.318796992481204,0.00018405337003724043,
24,robust,circatidal,0.25,7,0.25,9,672,12.42,12.45,12.5,1,1,0.0006878282003268676,12.5,12.25,12.439733714333546,12.19047619047619,12.44039483675019,0.0000016971053892200771,
24,robust,circatidal,0.25,7,0.25,10,672,12.42,12.55,15.75,0,0,0.03822759409061971,13.5,15.25,12.556622080053225,1.0158730158730158,1.0152435246003222,0.0031511878934675774,
24,robust,circatidal,0.25,7,0.25,11,672,12.42,12.1,14.5,0,0,0.08841895264710153,12,12,12.110869379931673,12.19047619047619,12.109386548410939,0.002590241372090296,
24,robust,circatidal,0.25,7,0.25,12,672,12.42,12.35,16,0,0,0.198429149522367,12.75,15,12.333752330942461,12.19047619047619,12.337349397590362,0.00001242557651626175,
24,robust,circatidal,0.25,7,0.25,13,672,12.42,12.3,12.25,0,0,0.03430233233281965,11.75,12.75,12.324826907844448,12.19047619047619,12.337349397590362,0.000004859168115434187,
24,robust,circatidal,0.25,7,0.25,14,672,12.42,12.6,12.75,1,1,0.0008439390713548267,12.75,12.75,12.59723683407896,12.8,12.593389700230592,1.2231288393227402e-7,
24,robust,circatidal,0.25,7,0.25,15,672,12.42,12.6,14.75,0,0,0.034576345012836796,10.5,10.5,12.622666411450682,12.8,12.622496147919877,8.186800785070503e-7,
24,robust,circatidal,0.25,7,0.25,16,672,12.42,12.4,12.5,1,1,0.000012695634602488681,12.5,15,12.375778744446164,12.19047619047619,12.383975812547241,6.134367358523463e-8,
24,robust,circatidal,0.25,7,0.25,17,672,12.42,12.6,11.25,1,1,0.00171692168279991,11.25,10.75,12.57508645885426,3.6056338028169015,3.5874753667615504,0.005400972456264697,
24,robust,circatidal,0.25,7,0.25,18,672,12.42,12.3,12.25,1,1,0.0016775192572846542,12.25,12.5,12.320871707924264,12.19047619047619,12.328066215199398,0.000004308805582997621,
24,robust,circatidal,0.25,7,0.25,19,672,12.42,12.3,12.75,0,0,0.05641981089959025,12.75,15.25,12.306490236873985,0.5412262156448203,0.5414050624545634,0.015170146850178812,
24,robust,circatidal,0.25,7,0.25,20,672,12.42,12.5,15.75,0,0,0.15620862892839216,12.5,12.5,12.48410951897166,0.6564102564102564,12.487804878048781,0.000011325524956862232,
24,robust,circatidal,0.25,7,0.25,21,672,12.42,12.45,11.5,1,1,0.000492697671743092,11.5,11.5,12.44659612819432,0.8178913738019169,12.44984802431611,0.000007046601884219683,
24,robust,circatidal,0.25,7,0.25,22,672,12.42,12.5,15.5,0,0,0.07528288140765071,10.75,11,12.486863852573943,2.3486238532110093,12.497330282227308,0.00006764410701165513,
24,robust,circatidal,0.25,7,0.25,23,672,12.42,12.55,12.5,0,0,0.013417293255359897,12.5,13.5,12.547600788941093,12.8,12.545176110260337,0.00003944575817493856,
24,robust,circatidal,0.25,7,0.25,24,672,12.42,12.55,16,0,0,0.14625386012088337,12.5,14.75,12.567415111831604,12.8,12.56441717791411,0.00024584426707807694,
24,robust,circatidal,0.25,7,0.25,25,672,12.42,12.25,12.5,1,1,0.0011932424217029336,12.5,12.25,12.268928841710078,12.19047619047619,12.263473053892216,6.223550713668757e-7,
24,robust,circatidal,0.25,7,0.25,26,672,12.42,12.35,12.5,0,0,0.016024666891596873,12.5,15.25,12.333420015166851,12.19047619047619,12.337349397590362,0.000006442940125417351,
24,robust,circatidal,0.25,7,0.25,27,672,12.42,12.55,14,0,0,0.0420005374522644,12.25,15,12.549962337108447,0.9770992366412213,12.545176110260337,0.0012024130356721452,
24,robust,circatidal,0.25,7,0.25,28,672,12.42,12.35,12.25,1,1,0.0005088031114204306,12.25,12.25,12.334723479888629,12.19047619047619,12.337349397590362,8.359866021656615e-9,
24,robust,circatidal,0.25,7,0.25,29,672,12.42,12.5,12.5,1,1,6.099161997674685e-8,12.5,12.5,12.486714490097501,12.8,12.487804878048781,2.736699755701011e-12,
24,robust,circatidal,0.25,7,0.25,30,672,12.42,12.4,15.25,0,0,0.16385312926222295,13,11.5,12.41032786884244,12.19047619047619,12.42153146322972,0.00005790396031413181,
24,robust,circatidal,0.25,7,0.25,31,672,12.42,12.3,14,0,0,0.015329768204626282,12,15.25,12.320463627736336,12.19047619047619,12.318796992481204,0.0000029588114698331225,
24,robust,circatidal,0.25,7,0.25,32,672,12.42,12.3,15.5,0,0,0.24239801141754957,12,12,12.321590629142214,12.19047619047619,12.318796992481204,0.0012679331906378932,
24,robust,circatidal,0.25,7,0.25,33,672,12.42,11.35,16,1,1,0.0015137656773206443,16,16,11.332636942847905,8,7.968871595330739,0.0055427777854997196,
24,robust,circatidal,0.25,7,0.25,34,672,12.42,12.55,12.5,0,0,0.002063135779371783,12.5,12.75,12.530680740537905,12.8,12.53557765876052,0.000002216920500841546,
24,robust,circatidal,0.25,7,0.25,35,672,12.42,12.35,14.25,0,0,0.027878720290369086,14.25,15.25,12.353340469609119,5.019607843137255,5.004276114844227,0.006256358191233269,
24,robust,circatidal,0.25,7,0.25,36,672,12.42,12.4,15.75,0,0,0.21421529706913411,12,15.75,12.395545384018359,0.5224489795918368,0.522199203187251,0.0010943567307623026,
24,robust,circatidal,0.25,7,0.25,37,672,12.42,12.7,15.5,0,0,0.06564960471577574,15.5,12.5,12.684257437376687,12.8,12.681114551083592,0.001298097719188429,
24,robust,circatidal,0.25,7,0.25,38,672,12.42,12.5,12.5,1,1,0.0011406172893290156,12.5,13.5,12.484425963274653,12.19047619047619,12.478293983244479,5.4434088792021385e-8,
24,robust,circatidal,0.25,7,0.25,39,672,12.42,12.55,14,0,0,0.0026736617520479733,14,14,12.55618914444149,1.0756302521008403,12.56441717791411,0.00021255651848794965,
24,robust,circatidal,0.25,7,0.25,40,672,12.42,12.35,15.75,0,0,0.04255100594947836,12.75,13.75,12.348469060148078,12.19047619047619,12.346646571213263,0.00015014015217218457,
24,robust,circatidal,0.25,7,0.25,41,672,12.42,12.35,12,0,0,0.003250522166733827,12,12.25,12.359591942194552,12.19047619047619,12.365283018867924,0.000004737354937223159,
24,robust,circatidal,0.25,7,0.25,42,672,12.42,12.55,16,0,0,0.030596041036712207,16,15.25,12.534654535895642,12.8,12.53557765876052,0.000008427102002217524,
24,robust,circatidal,0.25,7,0.25,43,672,12.42,12.1,12,0,0,0.00534125464287305,12,12,12.075965663516872,12.19047619047619,12.073691967575535,0.0002616592274462537,
24,robust,circatidal,0.25,7,0.25,44,672,12.42,12.65,12.25,1,1,0.0008923753502598775,12.25,12.75,12.673257986803701,12.8,12.671307037896366,2.293873813119518e-7,
24,robust,circatidal,0.25,7,0.25,45,672,12.42,12.4,12.5,0,0,0.004821316454507785,12.5,12.25,12.405109017477347,12.19047619047619,12.412121212121212,0.00012839824500021635,
24,robust,circatidal,0.25,7,0.25,46,672,12.42,12.5,15.75,0,0,0.052672151097848285,12.5,15.75,12.47604288847322,12.19047619047619,12.478293983244479,0.000016761026654710243,
24,robust,circatidal,0.25,7,0.25,47,672,12.42,12.4,12.75,0,0,0.0115168972160542,11,12.75,12.421824100629696,12.19047619047619,12.430955993930198,0.000015572357270898785,
24,robust,circatidal,0.25,7,0.25,48,672,12.42,12.5,15.5,0,0,0.08574188214115308,12.75,15.25,12.477942302128193,0.504930966469428,12.478293983244479,0.00044435373756712693,
24,robust,circatidal,0.25,7,0.25,49,672,12.42,12.3,12.5,0,0,0.003773641347653678,12.5,15.25,12.27812626483657,12.19047619047619,12.272659176029963,0.0007616490729037695,
24,robust,circatidal,0.25,7,0.25,50,672,12.42,12.3,12.25,0,0,0.0034002071427412517,12.25,15.25,12.295334716974839,12.19047619047619,12.3003003003003,0.000003873000335774535,
24,robust,circatidal,0.25,7,0.25,51,672,12.42,12.5,15.5,0,0,0.09883794424436187,10.25,10.25,12.494444399841022,12.8,12.506870229007633,0.000001625023816953508,
24,robust,circatidal,0.25,7,0.25,52,672,12.42,12.45,12.75,0,0,0.011394716231441948,12.75,12.5,12.458650713828149,3.9384615384615387,12.468797564687975,0.00029463097751480927,
24,robust,circatidal,0.25,7,0.25,53,672,12.42,12.5,12.75,0,0,0.01967392610834917,12.75,15.5,12.479943632737426,12.19047619047619,12.487804878048781,0.000008394001703604381,
24,robust,circatidal,0.25,7,0.25,54,672,12.42,12.3,15.75,0,0,0.33111676011982305,10.25,15.25,12.308189408016469,12.19047619047619,12.3003003003003,0.00004566255636551109,
24,robust,circatidal,0.25,7,0.25,55,672,12.42,12.5,15.5,0,0,0.008595723643362918,15.5,13.75,12.48753879813467,1.1327433628318584,1.1314917127071824,0.0005563960483250252,
24,robust,circatidal,0.25,7,0.25,56,672,12.42,12.4,12.75,0,0,0.006614256222198356,12.75,14.75,12.388060611924937,12.19047619047619,12.383975812547241,0.00008914619437494498,
24,robust,circatidal,0.25,7,0.25,57,672,12.42,12.4,12.5,1,1,0.0008769270802507778,12.5,12.5,12.406047110525341,12.19047619047619,12.412121212121212,1.0330679200976078e-8,
24,robust,circatidal,0.25,7,0.25,58,672,12.42,12.6,12.75,1,1,0.0006897913870729244,12.5,12.75,12.588292616798569,12.8,12.583717357910906,0.000004074312140778247,
24,robust,circatidal,0.25,7,0.25,59,672,12.42,12.35,15.75,0,0,0.06260484319295045,15.75,12.25,12.368652724770394,1.8962962962962964,1.8923538923538923,0.0005904915362262564,
24,robust,circatidal,0.25,7,0.25,60,672,12.42,12.45,16,0,0,0.07485355036318353,10.75,15.25,12.452447270601855,0.5278350515463918,12.459315589353611,0.0000955821137247348,
24,robust,circatidal,0.25,7,0.25,61,672,12.42,12.4,12.25,1,1,0.001558462888664791,12.25,15.25,12.413056808776853,12.19047619047619,12.42153146322972,0.0000020973580030503314,
24,robust,circatidal,0.25,7,0.25,62,672,12.42,12.55,12.75,0,0,0.009209911034342322,12.75,12.75,12.537600821454559,12.8,12.53557765876052,0.000020425303645876802,
24,robust,circatidal,0.25,7,0.25,63,672,12.42,12.35,13,0,0,0.021332352621877382,12.25,11.75,12.346244599052755,12.19047619047619,12.346646571213263,8.837123588456564e-7,
24,robust,circatidal,0.25,7,0.25,64,672,12.42,12.45,12.5,1,1,0.0007052479681683987,12.5,15.25,12.45223391029444,12.19047619047619,12.459315589353611,7.571829356844972e-7,
24,robust,circatidal,0.25,7,0.25,65,672,12.42,12.3,12.5,0,0,0.036438182996624935,12.5,11.25,12.275809874129047,12.19047619047619,12.281859070464767,0.00003309757248959322,
24,robust,circatidal,0.25,7,0.25,66,672,12.42,12.4,12.5,0,0,0.0028050630558070777,12.5,12.5,12.383888985974874,12.19047619047619,12.383975812547241,0.0000065633364169093156,
24,robust,circatidal,0.25,7,0.25,67,672,12.42,12.5,16,0,0,0.12862602619760033,12.5,16,12.519382449342034,2.782608695652174,2.780247751569659,0.0038675693895690033,
24,robust,circatidal,0.25,7,0.25,68,672,12.42,12.55,15,0,0,0.18922476596679227,10,10,12.52940310320867,1.7655172413793103,1.7617204301075269,0.0019541122896139518,
24,robust,circatidal,0.25,7,0.25,69,672,12.42,12.45,13.25,0,0,0.040646141599261054,13.25,10,12.441979366818241,12.19047619047619,12.430955993930198,0.000005397028232767553,
24,robust,circatidal,0.25,7,0.25,70,672,12.42,12.1,12,0,0,0.0026209918414438205,12,12,12.075436534936857,12.19047619047619,12.073691967575535,0.000045977235035077335,
24,robust,circatidal,0.25,7,0.25,71,672,12.42,12.3,16,0,0,0.13824690996415856,12.75,12.5,12.298881565601912,12.19047619047619,12.3003003003003,0.0021845594032499083,
24,robust,circatidal,0.25,7,0.25,72,672,12.42,12.3,14,0,0,0.08503840991098566,11.5,12.25,12.323985345322757,12.19047619047619,12.318796992481204,0.00006804668926285729,
24,robust,circatidal,0.25,7,0.25,73,672,12.42,15.55,14.5,0,0,0.009655373085981078,14.5,12.75,15.531229292739985,0.764179104477612,15.529857819905214,0.0007346774863339345,
24,robust,circatidal,0.25,7,0.25,74,672,12.42,12.45,12.25,0,0,0.009483117051408363,12.25,12.5,12.43439058846593,12.19047619047619,12.430955993930198,2.9240237253702617e-7,
24,robust,circatidal,0.25,7,0.25,75,672,12.42,12.5,13,0,0,0.029677481201374478,10,15.25,12.498343013664957,12.8,12.497330282227308,0.0001190145302533141,
24,robust,circatidal,0.25,7,0.25,76,672,12.42,12.2,16,0,0,0.037539249578833145,16,16,12.22301637010608,0.5245901639344263,0.5249767695216123,0.012277342974364447,
24,robust,circatidal,0.25,7,0.25,77,672,12.42,12.25,12.25,1,1,0.0008458441752393631,12.25,15.25,12.257743368112603,12.19047619047619,12.25430067314884,3.193594818595713e-7,
24,robust,circatidal,0.25,7,0.25,78,672,12.42,12.4,15.25,0,0,0.12648363777461757,13,15.25,12.4146304647911,12.19047619047619,12.412121212121212,0.00004654559431016558,
24,robust,circatidal,0.25,7,0.25,79,672,12.42,12.35,16,0,0,0.06573051472826252,12.5,14.5,12.339639398850137,12.19047619047619,12.346646571213263,0.0012112145397504825,
24,robust,circatidal,0.25,7,0.25,80,672,12.42,12.35,12.25,1,1,0.0003758313705228833,12.25,12.25,12.375074560295243,12.19047619047619,12.383975812547241,1.620202605412402e-8,
24,robust,circatidal,0.25,7,0.25,81,672,12.42,12.2,12.5,0,0,0.006838057422827948,12.5,15.25,12.21967398691586,12.19047619047619,12.217747949291573,0.0000011498749317162549,
24,robust,circatidal,0.25,7,0.25,82,672,12.42,12.5,12.75,0,0,0.003640715229343061,12.75,12.75,12.523188439435566,12.8,12.525993883792049,1.680969500261753e-7,
24,robust,circatidal,0.25,7,0.25,83,672,12.42,12.45,12.5,1,1,0.0004304831640976614,12.5,12.5,12.444047348994026,12.19047619047619,12.44039483675019,6.086798842730445e-10,
24,robust,circatidal,0.25,7,0.25,84,672,12.42,15.3,12.25,1,1,0.0006528766869378089,12.25,12.25,15.32214136699864,15.058823529411764,15.297852474323063,0.0027092229674913204,
24,robust,circatidal,0.25,7,0.25,85,672,12.42,12.5,13.75,0,0,0.035550360655548285,13.75,13.75,12.503189848451047,12.8,12.506870229007633,0.000010020264503918241,
24,robust,circatidal,0.25,7,0.25,86,672,12.42,12.5,16,0,0,0.004914094585391604,16,16,12.51862509618282,12.8,12.51642475171887,0.00001519032569963219,
24,robust,circatidal,0.25,7,0.25,87,672,12.42,12.4,13,0,0,0.011445520209474314,12.25,12.5,12.386401581177946,12.19047619047619,12.393343419062028,1.02180188643608e-7,
24,robust,circatidal,0.25,7,0.25,88,672,12.42,12.45,12.5,0,0,0.007125883994445026,12.5,11.75,12.461468931008882,0.5213849287169042,0.5211195928753181,0.005087519399740725,
24,robust,circatidal,0.25,7,0.25,89,672,12.42,12.5,13.75,0,0,0.0700625985586475,13.75,12.75,12.493028374040442,12.8,12.497330282227308,0.00005567860433863814,
24,robust,circatidal,0.25,7,0.25,90,672,12.42,12.3,12,0,0,0.003562469097193932,12,12,12.323951603867561,12.19047619047619,12.328066215199398,0.00040761085432772237,
24,robust,circatidal,0.25,7,0.25,91,672,12.42,12.55,14.25,0,0,0.14281013756459227,12.75,13,12.562484708964051,12.8,12.554789272030652,0.0003630708693307394,
24,robust,circatidal,0.25,7,0.25,92,672,12.42,12.25,12.5,0,0,0.012943850769705612,12.5,12.25,12.230104955822709,12.19047619047619,12.226865671641791,0.0000644872559988352,
24,robust,circatidal,0.25,7,0.25,93,672,12.42,12.3,12.25,1,1,0.0012320209620642064,12.25,12.25,12.285338848543635,12.19047619047619,12.281859070464767,1.5990595625403614e-8,
24,robust,circatidal,0.25,7,0.25,94,672,12.42,12.55,16,0,0,0.22513045751858007,12.75,10.25,12.526068802589677,0.5541125541125541,12.53557765876052,0.000030978424604755084,
24,robust,circatidal,0.25,7,0.25,95,672,12.42,12.4,12.5,0,0,0.039105692852833496,12.5,15.25,12.413299050772924,12.19047619047619,12.412121212121212,0.000055691223485476726,
24,robust,circatidal,0.25,7,0.25,96,672,12.42,12.35,12.75,0,0,0.011479110616832378,12,15.25,12.368657672996614,12.19047619047619,12.374622356495468,0.0000011201924031700727,
24,robust,circatidal,0.25,7,0.25,97,672,12.42,12.45,15.75,0,0,0.003270047371898177,15.75,15.75,12.455231350064201,0.8858131487889274,12.459315589353611,0.000029217521820057435,
24,robust,circatidal,0.25,7,0.25,98,672,12.42,12.45,15.75,0,0,0.06480574753652424,12.25,13.75,12.45222064938882,12.19047619047619,12.44039483675019,0.000022899100526441174,
24,robust,circatidal,0.25,7,0.25,99,672,12.42,12.5,16,0,0,0.0719900115154698,12.5,12.5,12.494479478565223,12.8,12.497330282227308,0.000005034293178107774,
24,robust,circatidal,0.25,7,0.25,100,672,12.42,12.5,12.5,0,0,0.011430865967564818,12.5,12.5,12.491508861071257,12.8,12.487804878048781,0.000010639474976481544,
24,robust,circatidal,0.25,7,0.25,101,672,12.42,12.4,16,0,0,0.2543039390521846,12.25,10,12.41990671605546,12.19047619047619,12.412121212121212,0.000004647732625873147,
24,robust,circatidal,0.25,7,0.25,102,672,12.42,12.45,13,1,1,0.0012238693652112387,12.25,12.25,12.426680837155436,12.19047619047619,12.412121212121212,1.3816332411487053e-8,
24,robust,circatidal,0.25,7,0.25,103,672,12.42,12.45,14.25,0,0,0.003693999437302531,14.25,14.25,12.469387051516712,0.5458422174840085,0.5457694870086609,0.0020503110531411295,
24,robust,circatidal,0.25,7,0.25,104,672,12.42,10,12.5,0,0,0.023016325507939528,12.5,13.75,10,9.846153846153847,9.984156002437539,0.0035979275463055016,
24,robust,circatidal,0.25,7,0.25,105,672,12.42,12.3,15.75,0,0,0.05892376862839044,12.5,12.5,12.32023240124113,12.19047619047619,12.318796992481204,0.000019711065383565263,
24,robust,circatidal,0.25,7,0.25,106,672,12.42,12.5,16,0,0,0.15975689985856856,12.75,15,12.503149397373631,12.8,12.497330282227308,0.00007852585575351956,
24,robust,circatidal,0.25,7,0.25,107,672,12.42,12.3,12.5,1,1,0.00006599523357875281,12.5,12.5,12.30703187495883,12.19047619047619,12.30954169797145,1.17886811423773e-11,
24,robust,circatidal,0.25,7,0.25,108,672,12.42,12.35,16,0,0,0.27580732270968,12,10.25,12.332546949792942,12.19047619047619,12.328066215199398,0.00005191388868019953,
24,robust,circatidal,0.25,7,0.25,109,672,12.42,12.35,13,1,1,0.00023347981649102234,13,13,12.337350072750967,12.19047619047619,1.6253968253968254,0.00025438958856061067,
24,robust,circatidal,0.25,7,0.25,110,672,12.42,12.45,12.5,1,1,0.000008643833974142368,12.5,12.5,12.439092254041567,12.19047619047619,12.430955993930198,3.9431791165611685e-11,
24,robust,circatidal,0.25,7,0.25,111,672,12.42,12.3,15.25,0,0,0.061629452299400866,12.25,12.25,12.302890481767355,12.19047619047619,12.3003003003003,0.0000011702091002874226,
24,robust,circatidal,0.25,7,0.25,112,672,12.42,12.25,12,0,0,0.002571442989016015,12,16,12.266874766425287,12.19047619047619,12.263473053892216,0.000005767275865764532,
24,robust,circatidal,0.25,7,0.25,113,672,12.42,12.2,14.5,0,0,0.05573471003479602,14.5,11,12.179320869887345,0.7757575757575758,0.7752070026023185,0.0341522955737118,
24,robust,circatidal,0.25,7,0.25,114,672,12.42,12.5,14.5,0,0,0.014305839558700573,14.5,12.5,12.5106397384428,12.8,12.51642475171887,0.000059970945862741765,
24,robust,circatidal,0.25,7,0.25,115,672,12.42,12.4,15,0,0,0.05873510793233894,11.5,11.5,12.413240717746605,0.7975077881619937,3.7295697700887778,0.0007760249022324972,
24,robust,circatidal,0.25,7,0.25,116,672,12.42,12.3,12.25,1,1,0.00198125209111788,12.25,15.25,12.276737733213853,12.19047619047619,12.272659176029963,0.0005248339833958671,
24,robust,circatidal,0.25,7,0.25,117,672,12.42,12.45,14.25,0,0,0.05038437100649995,14.25,12.5,12.453660723358716,12.19047619047619,12.44984802431611,0.00002023033266773666,
24,robust,circatidal,0.25,7,0.25,118,672,12.42,14.75,14.75,0,0,0.0043422915729904865,14.75,14.75,14.757467357499408,0.7293447293447294,0.7289228989633848,0.05897319308619353,
24,robust,circatidal,0.25,7,0.25,119,672,12.42,12.25,12.75,0,0,0.002659240649897421,12.25,12.75,12.257183226309868,12.19047619047619,12.25430067314884,0.0001809910602997844,
24,robust,circatidal,0.25,7,0.25,120,672,12.42,12.35,12.25,0,1,0.005067733301549859,11,12.25,12.364564725566131,1.6516129032258065,1.649119275289381,0.0018263421436898186,
24,robust,circatidal,0.25,7,0.25,121,672,12.42,12.4,12.25,1,1,0.000001896016316615956,12.25,12.25,12.390376410700007,12.19047619047619,12.393343419062028,4.007905118896815e-13,
24,robust,circatidal,0.25,7,0.25,122,672,12.42,12.4,15.25,0,0,0.030269728042471078,11.75,11.75,12.37834586534382,1.6,1.6042299030647214,0.00306716365997739,
24,robust,circatidal,0.25,7,0.25,123,672,12.42,12.4,12.5,1,1,0.0004922600014245493,12.5,12.25,12.420426679105182,12.19047619047619,12.430955993930198,4.992355306931984e-9,
24,robust,circatidal,0.25,7,0.25,124,672,12.42,12.35,16,0,0,0.041988452768770945,12.25,12.25,12.362866428989662,12.19047619047619,12.374622356495468,6.245769696988646e-7,
24,robust,circatidal,0.25,7,0.25,125,672,12.42,10.45,14.25,0,0,0.003456520710140465,14.25,14.25,10.435324746577491,0.5267489711934157,0.8901928823689215,0.04985795900364054,
24,robust,circatidal,0.25,7,0.25,126,672,12.42,12.5,13,0,0,0.05143137808641962,13,11.25,12.490158843592992,12.8,12.478293983244479,0.000013811818987408131,
24,robust,circatidal,0.25,7,0.25,127,672,12.42,12.5,15.5,0,0,0.021235223689296534,10,15.25,12.51180396044099,1.3544973544973544,12.506870229007633,0.0002500522757732382,
24,robust,circatidal,0.25,7,0.25,128,672,12.42,12.3,12.5,0,0,0.0052061981065559815,12.5,13.5,12.31483650539381,12.19047619047619,12.318796992481204,0.000006870899304733946,
24,robust,circatidal,0.25,7,0.25,129,672,12.42,12.35,15.5,0,0,0.0789587270783515,12.75,12.75,12.371498929253939,12.19047619047619,12.365283018867924,0.00001212706847664169,
24,robust,circatidal,0.25,7,0.25,130,672,12.42,12.5,16,0,0,0.07354319118051533,12.5,15.25,12.50771246023075,1.1962616822429906,12.51642475171887,0.0001655309428749696,
24,robust,circatidal,0.25,7,0.25,131,672,12.42,12.15,16,0,0,0.2953717800915656,11.5,11.5,12.126983070158957,1.5609756097560976,1.5612731084429197,0.01703992688754241,
24,robust,circatidal,0.25,7,0.25,132,672,12.42,12.25,12.25,1,1,0.0005368633582567561,12.25,12.25,12.273554893342434,12.19047619047619,12.272659176029963,4.1333148570465994e-8,
24,robust,circatidal,0.25,7,0.25,133,672,12.42,12.3,12.5,0,0,0.02135705821195122,12.5,13.5,12.312422811626638,12.19047619047619,12.30954169797145,0.000015621766512152746,
24,robust,circatidal,0.25,7,0.25,134,672,12.42,12.55,15.5,0,0,0.07757907736113345,12.5,15.5,12.547948272709096,12.8,12.53557765876052,0.0000020136941697446176,
24,robust,circatidal,0.25,7,0.25,135,672,12.42,12.25,12.75,0,0,0.018292677458553785,12.25,12.75,12.275212969475117,12.19047619047619,12.281859070464767,8.246260365663005e-7,
24,robust,circatidal,0.25,7,0.25,136,672,12.42,12.5,12.5,1,1,0.0009064364154141025,12.5,15.25,12.49618621180581,12.19047619047619,12.487804878048781,2.173707099872857e-7,
24,robust,circatidal,0.25,7,0.25,137,672,12.42,12.6,13.5,0,0,0.021977617638997415,13,13,12.611820194411829,12.8,12.622496147919877,0.00006415970289475048,
24,robust,circatidal,0.25,7,0.25,138,672,12.42,12.35,12.5,1,1,0.00003948607635217982,12.25,12.5,12.352467235435741,12.19047619047619,12.346646571213263,3.0505042936113114e-11,
24,robust,circatidal,0.25,7,0.25,139,672,12.42,12.3,12.5,1,1,0.000540924300873491,12.5,12.5,12.277737725118849,12.19047619047619,12.272659176029963,0.00000506294979296662,
24,robust,circatidal,0.25,7,0.25,140,672,12.42,12.3,12.75,1,1,0.0016315207706137924,12.75,12.25,12.289704837229563,12.19047619047619,12.291072768192048,0.00001848958203287676,
24,robust,circatidal,0.25,7,0.25,141,672,12.42,12.45,14.75,0,0,0.15828062976831925,12.5,13.5,12.455371441029829,12.19047619047619,12.459315589353611,0.00000176515778460562,
24,robust,circatidal,0.25,7,0.25,142,672,12.42,12.5,15.5,0,0,0.018034749263801997,10,10,12.497529688348447,0.9343065693430657,0.526342842456952,0.0043085763532710875,
24,robust,circatidal,0.25,7,0.25,143,672,12.42,12.4,15.5,0,0,0.19715697758365025,13,12.25,12.393113776424514,12.19047619047619,12.383975812547241,6.837506024703899e-7,
24,robust,circatidal,0.25,7,0.25,144,672,12.42,12.5,14.25,0,0,0.02887476906614239,14.25,15.25,12.500596985083853,12.8,12.506870229007633,0.000006400045016174971,
24,robust,circatidal,0.25,7,0.25,145,672,12.42,12.35,16,0,0,0.19831530689253263,12,12.5,12.340617536032344,12.19047619047619,12.337349397590362,0.00001058844946077997,
24,robust,circatidal,0.25,7,0.25,146,672,12.42,12.25,15.75,0,0,0.07756362414583085,12.25,12.25,12.244775250806109,12.19047619047619,12.245142002989537,0.0001710861618692272,
24,robust,circatidal,0.25,7,0.25,147,672,12.42,12.6,12.5,1,1,0.001057290991317572,12.5,16,12.613140022686807,12.8,12.612779060816012,6.632283910956716e-8,
24,robust,circatidal,0.25,7,0.25,148,672,12.42,12.55,12.75,1,1,0.0007657871216689704,12.75,15.25,12.544792482678508,12.8,12.554789272030652,1.1915438535847755e-7,
24,robust,circatidal,0.25,7,0.25,149,672,12.42,12.4,12.5,1,1,0.00037600567358486714,12.5,12.5,12.416982959126495,12.19047619047619,12.42153146322972,0.000005052401402472206,
24,robust,circatidal,0.25,7,0.25,150,672,12.42,12.75,15.75,0,0,0.03294242521416624,13.5,11,12.760462560257768,85.33333333333333,0.5237851662404092,0.01347488785505313,
24,robust,circatidal,0.25,7,0.25,151,672,12.42,12.35,12.5,0,1,0.0022050948535420334,12.25,12.25,12.371189423883402,12.19047619047619,12.374622356495468,6.974622678290743e-7,
24,robust,circatidal,0.25,7,0.25,152,672,12.42,12.3,14.75,0,0,0.056751735618526755,14.75,11.5,12.30622051773453,12.19047619047619,12.3003003003003,0.0009810109306341852,
24,robust,circatidal,0.25,7,0.25,153,672,12.42,12.25,15.75,0,0,0.06952710010653229,15.75,16,12.25359195194938,12.19047619047619,12.25430067314884,0.0006898220036681835,
24,robust,circatidal,0.25,7,0.25,154,672,12.42,12.4,15.75,0,0,0.0046911609984631175,15.75,15.75,12.400541911697793,3.764705882352941,12.393343419062028,0.0002550571608884722,
24,robust,circatidal,0.25,7,0.25,155,672,12.42,12.45,12.25,1,1,0.0008961955461576077,12.25,12.5,12.428363201053646,12.19047619047619,12.44039483675019,1.0434998254371664e-7,
24,robust,circatidal,0.25,7,0.25,156,672,12.42,12.45,15.25,0,0,0.3196988541426923,12.5,15.25,12.470134545951044,1.3763440860215055,12.478293983244479,0.0002195220035701162,
24,robust,circatidal,0.25,7,0.25,157,672,12.42,12.65,15.25,0,0,0.11929096845166265,12.75,12.75,12.624891283437988,0.565121412803532,12.622496147919877,0.0004392856033402781,
24,robust,circatidal,0.25,7,0.25,158,672,12.42,12.2,14.25,0,0,0.004021163796955607,14.25,14.25,12.216932833820534,0.5701559020044543,0.5696999200250357,0.004941829360257222,
24,robust,circatidal,0.25,7,0.25,159,672,12.42,12.6,12.75,0,0,0.004698901269073241,12.75,15.5,12.617472402340084,12.8,12.612779060816012,0.000006281293493226592,
24,robust,circatidal,0.25,7,0.25,160,672,12.42,12.4,16,0,0,0.12507250950821502,12.75,12.25,12.422856755016857,12.19047619047619,12.412121212121212,0.00004928478106747125,
24,robust,circatidal,0.25,7,0.25,161,672,12.42,12.45,13.75,0,0,0.032880992134862175,12.25,13.75,12.449448620344398,12.19047619047619,12.44039483675019,0.0003057247792112028,
24,robust,circatidal,0.25,7,0.25,162,672,12.42,12.5,15.5,0,0,0.08689249097733698,12.75,10.25,12.490300785450781,0.5278350515463918,0.5277840414908352,0.001803983002466203,
24,robust,circatidal,0.25,7,0.25,163,672,12.42,12.4,16,0,0,0.053355146525485675,15.5,16,12.39769651784064,0.6530612244897959,0.6528010200015938,0.007168150887966518,
24,robust,circatidal,0.25,7,0.25,164,672,12.42,12.25,12.25,1,1,0.00003927532937153533,12.25,12.5,12.25004612802172,12.19047619047619,12.25430067314884,1.7694554710345756e-9,
24,robust,circatidal,0.25,7,0.25,165,672,12.42,12.4,12.25,1,1,0.00022335925607241958,12.25,11.75,12.383115730943649,12.19047619047619,0.6130359949113223,0.00012050707329058774,
24,robust,circatidal,0.25,7,0.25,166,672,12.42,11.25,16,0,0,0.20628979880516185,11.25,15.25,11.274273971020726,11.130434782608695,11.268225584594223,0.0033030920567206357,
24,robust,circatidal,0.25,7,0.25,167,672,12.42,12.6,12.75,0,0,0.015042878442256824,12.75,15.25,12.619741011429404,12.8,12.612779060816012,0.000756978666599295,
24,robust,circatidal,0.25,7,0.25,168,672,12.42,12.5,12.75,0,0,0.010071331609816991,12.75,12.75,12.520622137523779,0.579185520361991,0.5792059956870648,0.0005602493180904,
24,robust,circatidal,0.25,7,0.25,169,672,12.42,12.45,12.5,0,0,0.006196817562475365,12.5,12.5,12.458286274772702,12.19047619047619,12.468797564687975,3.6642902023764634e-7,
24,robust,circatidal,0.25,7,0.25,170,672,12.42,12.3,14.25,0,0,0.014219939552975625,14.25,15.25,12.277724904648714,12.19047619047619,12.272659176029963,0.0003066476595935397,
24,robust,circatidal,0.25,7,0.25,171,672,12.42,12.5,12.5,1,1,0.0014891169931654513,12.5,15.25,12.490750899057327,12.19047619047619,12.497330282227308,0.000006219581599187229,
24,robust,circatidal,0.25,7,0.25,172,672,12.42,12.4,14.75,0,0,0.03684193798855162,14.75,15.25,12.41114753289518,2.115702479338843,2.115156209656597,0.0000645112705208728,
24,robust,circatidal,0.25,7,0.25,173,672,12.42,12.5,12.25,0,0,0.002407410489993156,12.25,11.75,12.491759088751143,12.8,12.497330282227308,6.998505613919903e-7,
24,robust,circatidal,0.25,7,0.25,174,672,12.42,12.45,12.25,1,1,0.0014774928079936966,12.25,15.25,12.441908436491955,12.19047619047619,12.44984802431611,9.143258372645846e-10,
24,robust,circatidal,0.25,7,0.25,175,672,12.42,12.3,15.75,0,0,0.03375062529094486,15.75,11.75,12.278882960420681,12.19047619047619,1.0560783808173262,0.0006769381269641217,
24,robust,circatidal,0.25,7,0.25,176,672,12.42,12.5,16,0,0,0.11976406409321938,12,12,12.52399678529357,12.8,12.506870229007633,0.000015063743753374048,
24,robust,circatidal,0.25,7,0.25,177,672,12.42,12.4,14.25,0,0,0.02751184958712971,12.5,12.5,12.391738621781226,12.19047619047619,12.393343419062028,3.795196379385857e-10,
24,robust,circatidal,0.25,7,0.25,178,672,12.42,12.45,12.25,0,0,0.005702370653135169,12.25,15.25,12.42846129978242,12.19047619047619,12.42153146322972,1.331389827274876e-7,
24,robust,circatidal,0.25,7,0.25,179,672,12.42,12.45,14.75,0,0,0.07807117122472174,12.75,11.5,12.470915356310245,12.19047619047619,12.468797564687975,8.5844641162236e-7,
24,robust,circatidal,0.25,7,0.25,180,672,12.42,12.4,15.5,0,0,0.028637864727305562,10.5,15.5,12.385049359340435,0.5638766519823789,0.5637214423341591,0.00006959190445265939,
24,robust,circatidal,0.25,7,0.25,181,672,12.42,12.45,11.25,1,1,0.0013872909218832774,11.25,11.25,12.451081678574253,12.19047619047619,12.44039483675019,0.000002819998936032242,
24,robust,circatidal,0.25,7,0.25,182,672,12.42,12.45,12.5,1,1,0.001054063680566042,12.5,12.5,12.468064814343089,12.19047619047619,12.478293983244479,0.000047994674024276485,
24,robust,circatidal,0.25,7,0.25,183,672,12.42,12.4,12.75,0,0,0.013682317176490932,12.75,12.75,12.401513050031122,12.19047619047619,12.393343419062028,0.000006198017034386716,
24,robust,circatidal,0.25,7,0.25,184,672,12.42,12.35,12.75,0,0,0.0030619874760371424,12.75,15.25,12.346721151840667,12.19047619047619,12.337349397590362,0.0000033422717128361867,
24,robust,circatidal,0.25,7,0.25,185,672,12.42,12.35,15.75,0,0,0.12089671098694033,12.5,12.5,12.364970900355283,1.9248120300751879,0.7467979397420119,0.006537479243880928,
24,robust,circatidal,0.25,7,0.25,186,672,12.42,12.3,12.75,0,0,0.004238257430680736,12.75,15.25,12.319924358287029,12.19047619047619,12.318796992481204,0.002241371600962716,
24,robust,circatidal,0.25,7,0.25,187,672,12.42,12.3,15.5,0,0,0.08550894867341552,11.75,12.5,12.320744665155305,1.3061224489795917,1.3074774559093447,0.02800698959501502,
24,robust,circatidal,0.25,7,0.25,188,672,12.42,12.35,12.5,0,0,0.0028801620760731117,12.5,12.25,12.353641496560606,12.19047619047619,12.355957767722474,0.0000010134978148945706,
24,robust,circatidal,0.25,7,0.25,189,672,12.42,12.4,16,0,0,0.2981116982895242,12.25,15.25,12.390890409709888,12.19047619047619,12.393343419062028,0.00017600741803136533,
24,robust,circatidal,0.25,7,0.25,190,672,12.42,12.45,15.5,0,0,0.2955665443218355,11.75,15.25,12.446904871293533,12.19047619047619,12.44984802431611,0.0000934964171164232,
24,robust,circatidal,0.25,7,0.25,191,672,12.42,12.35,14,0,0,0.057590626959395985,12.5,12.5,12.35379337409929,12.19047619047619,12.355957767722474,0.00006691442355766242,
24,robust,circatidal,0.25,7,0.25,192,672,12.42,12.35,12.5,1,1,0.0006111154773346117,12.5,12.5,12.364791714895508,12.19047619047619,12.374622356495468,0.0000013954024405959942,
24,robust,circatidal,0.25,7,0.25,193,672,12.42,12.55,14.25,0,0,0.15397526672092854,12.5,12.5,12.533763551715145,1.0118577075098814,12.525993883792049,0.00141442274954795,
24,robust,circatidal,0.25,7,0.25,194,672,12.42,12.5,12.5,1,1,0.0008991217941992646,12.5,12.5,12.499441269392294,0.7804878048780488,0.7801161794114846,0.0004474451483335029,
24,robust,circatidal,0.25,7,0.25,195,672,12.42,12.3,12.5,0,0,0.0047029288155597815,12.5,12.5,12.301900315103648,12.19047619047619,12.3003003003003,0.000010165041270049358,
24,robust,circatidal,0.25,7,0.25,196,672,12.42,12.55,12.5,1,1,0.00013698914920035055,12.5,12.75,12.559752424815647,12.8,12.545176110260337,3.1926788990332966e-9,
24,robust,circatidal,0.25,7,0.25,197,672,12.42,12.3,16,0,0,0.3117429740518656,11.75,10.25,12.292153633864714,12.19047619047619,12.3003003003003,0.00005215508918543499,
24,robust,circatidal,0.25,7,0.25,198,672,12.42,12.3,12.25,1,1,0.0002663128024602557,12.25,12.25,12.310667802304563,12.19047619047619,12.318796992481204,5.053724004833171e-7,
24,robust,circatidal,0.25,7,0.25,199,672,12.42,12.5,12,0,0,0.0035628849969919774,12,15.25,12.496396908368286,12.8,12.506870229007633,0.000003561542945562657,
30,robust,square,0.25,7,1,0,672,21.850209509953856,21.9,21.75,1,1,0,21.75,22,21.910802469348766,21.333333333333332,21.90374331550802,0,
30,robust,square,0.25,7,1,1,672,20.560138411819935,20.6,20.5,1,1,0,20.5,20.5,20.598214787390596,21.333333333333332,20.582914572864322,0,
30,robust,square,0.25,7,1,2,672,25.1645788513124,25.05,25.25,1,1,0,25.25,25.25,25.068501814634093,25.6,25.051987767584098,0,
30,robust,square,0.25,7,1,3,672,23.55086102336645,23.6,23.5,1,1,0,23.5,23.5,23.59685988197473,23.272727272727273,23.54022988505747,0,
30,robust,square,0.25,7,1,4,672,25.134183695539832,25.15,25,1,1,0,25,25,25.17740450679104,25.6,25.206153846153846,0,
30,robust,square,0.25,7,1,5,672,27.390232978388667,27.3,27.5,1,1,0,27.5,27.5,27.304818364164788,28.444444444444443,27.30666666666667,0,
30,robust,square,0.25,7,1,6,672,21.23938358388841,21.25,21.25,1,1,0,21.25,21.25,21.2299457809684,21.333333333333332,21.195342820181114,0,
30,robust,square,0.25,7,1,7,672,23.907375391572714,23.95,24,1,1,0,23.75,24,23.926495677438393,23.272727272727273,23.988286969253295,0,
30,robust,square,0.25,7,1,8,672,22.55263070203364,22.5,22.5,1,1,0,22.5,22.5,22.507309842262263,23.272727272727273,22.56749311294766,0,
30,robust,square,0.25,7,1,9,672,24.971748184412718,24.95,25,1,1,0,25,25,24.97795414493734,25.6,24.975609756097562,0,
30,robust,square,0.25,7,1,10,672,22.693539014086127,22.75,22.75,1,1,0,22.75,22.75,22.733922319330922,23.272727272727273,22.69252077562327,0,
30,robust,square,0.25,7,1,11,672,27.351924596354365,27.35,27.25,1,1,0,27.25,27.25,27.316342198806243,28.444444444444443,27.261231281198004,0,
30,robust,square,0.25,7,1,12,672,22.663590252399445,22.7,22.75,1,1,0,22.75,22.75,22.67769816088636,23.272727272727273,22.629834254143645,0,
30,robust,square,0.25,7,1,13,672,24.796579010784626,24.7,24.75,1,1,0,24.75,24.75,24.72669934461672,25.6,24.71191553544495,0,
30,robust,square,0.25,7,1,14,672,21.63050158135593,21.8,21.75,1,1,0,21.75,21.75,21.804211356808437,21.333333333333332,21.81624500665779,0,
30,robust,square,0.25,7,1,15,672,22.252095568925142,22.3,22.25,1,1,0,22.25,22.25,22.277071319813967,21.333333333333332,22.230664857530527,0,
30,robust,square,0.25,7,1,16,672,25.851727506145835,25.7,25.75,1,1,0,25.75,25.75,25.682561270643408,25.6,25.6,0,
30,robust,square,0.25,7,1,17,672,22.13662028685212,22.2,22.25,1,1,0,22.25,22,22.186996977981575,21.333333333333332,22.200542005420054,0,
30,robust,square,0.25,7,1,18,672,24.209325859323144,24.1,24.25,1,1,0,24.25,24.25,24.122750878181147,23.272727272727273,24.094117647058823,0,
30,robust,square,0.25,7,1,19,672,25.63484377041459,25.65,25.5,1,1,0,25.5,25.5,25.64252781454971,25.6,25.68025078369906,0,
30,robust,square,0.25,7,1,20,672,26.922468373551965,26.950000000000003,27,1,1,0,27,27,26.946897106401043,28.444444444444443,26.94736842105263,0,
30,robust,square,0.25,7,1,21,672,25.438596414402127,25.3,25.5,1,1,0,25.5,25.25,25.320370270276282,25.6,25.362229102167184,0,
30,robust,square,0.25,7,1,22,672,21.891415694728494,21.9,22,1,1,0,22,22,21.896052377448925,21.333333333333332,21.90374331550802,0,
30,robust,square,0.25,7,1,23,672,27.008887697011232,27.05,27,1,1,0,27,27,27.041328481362537,28.444444444444443,27.08099173553719,0,
30,robust,square,0.25,7,1,24,672,27.471031311899424,27.35,27.5,1,1,0,27.5,27.5,27.33480297949121,28.444444444444443,27.30666666666667,0,
30,robust,square,0.25,7,1,25,672,25.504715075716376,25.45,25.5,1,1,0,25.5,25.5,25.454646213126765,25.6,25.480559875583204,0,
30,robust,square,0.25,7,1,26,672,21.14419405348599,21.1,21.25,1,1,0,21.25,21.25,21.122927114467927,21.333333333333332,21.086229086229086,0,
30,robust,square,0.25,7,1,27,672,21.984244411811233,21.95,22,1,1,0,22,22,21.928678580106865,21.333333333333332,21.933065595716197,0,
30,robust,square,0.25,7,1,28,672,20.006689734756947,20,20,1,1,0,20,20,19.995051497153458,19.692307692307693,20.029339853300733,0,
30,robust,square,0.25,7,1,29,672,27.0715135615319,27.25,27.25,1,1,0,27.25,27.25,27.21929240145532,28.444444444444443,27.170812603648425,0,
30,robust,square,0.25,7,1,30,672,21.221386041492224,21.25,21.25,1,1,0,21.25,21.25,21.274073698079103,21.333333333333332,21.22279792746114,0,
30,robust,square,0.25,7,1,31,672,25.01726696640253,25.1,25,1,1,0,25,25,25.07996947039315,25.6,25.090352220520675,0,
30,robust,square,0.25,7,1,32,672,27.767161771655083,27.6,27.75,1,1,0,27.75,27.75,27.617069981359727,28.444444444444443,27.62900505902192,0,
30,robust,square,0.25,7,1,33,672,24.99239805340767,25,25,1,1,0,25,25.25,24.980617781794933,25.6,24.975609756097562,0,
30,robust,square,0.25,7,1,34,672,22.67898428440094,22.7,22.75,1,1,0,22.75,22.75,22.69220907676642,23.272727272727273,22.755555555555556,0,
30,robust,square,0.25,7,1,35,672,20.796909688040614,20.8,20.75,1,1,0,20.75,20.75,20.815695328187736,21.333333333333332,20.79187817258883,0,
30,robust,square,0.25,7,1,36,672,25.353069802746177,25.35,25.5,1,1,0,25.5,25.5,25.345451667001996,25.6,25.362229102167184,0,
30,robust,square,0.25,7,1,37,672,27.68927459605038,27.65,27.75,1,1,0,27.75,27.5,27.621573397082802,28.444444444444443,27.58249158249158,0,
30,robust,square,0.25,7,1,38,672,26.086512755602598,26.15,26,1,1,0,26,26,26.149415620346318,25.6,26.130781499202552,0,
30,robust,square,0.25,7,1,39,672,25.972569081932306,25.95,26,1,1,0,26,26,25.945037102534325,25.6,26.006349206349206,0,
30,robust,square,0.25,7,1,40,672,27.83378173969686,27.85,27.75,1,1,0,27.75,28,27.826000098360602,28.444444444444443,27.769491525423728,0,
30,robust,square,0.25,7,1,41,672,23.670156966894865,23.7,23.5,1,1,0,23.5,23.75,23.706177763805258,23.272727272727273,23.744927536231884,0,
30,robust,square,0.25,7,1,42,672,20.904548082500696,20.95,21,1,1,0,21,21,20.953073986840923,21.333333333333332,21.005128205128205,0,
30,robust,square,0.25,7,1,43,672,20.214357417076826,20.25,20.25,1,1,0,20.25,20.25,20.248823223495354,19.692307692307693,20.252163164400493,0,
30,robust,square,0.25,7,1,44,672,24.136046836152673,24.1,24.25,1,1,0,24.25,24.25,24.102061240519948,23.272727272727273,24.12960235640648,0,
30,robust,square,0.25,7,1,45,672,24.17854985781014,24.2,24.25,1,1,0,24.25,24.25,24.17746985613717,23.272727272727273,24.236686390532544,0,
30,robust,square,0.25,7,1,46,672,23.97580238431692,24,24,1,1,0,24,24,23.996888022159336,23.272727272727273,23.953216374269005,0,
30,robust,square,0.25,7,1,47,672,22.810371125116944,22.8,22.75,1,1,0,22.75,22.75,22.797646252797453,23.272727272727273,22.850767085076708,0,
30,robust,square,0.25,7,1,48,672,22.766847129911184,22.8,22.75,1,1,0,22.75,22.75,22.78291832217616,23.272727272727273,22.818941504178273,0,
30,robust,square,0.25,7,1,49,672,24.129250383004546,24,24,1,1,0,24,24,24.012594312419008,23.272727272727273,24.094117647058823,0,
30,robust,square,0.25,7,1,50,672,21.45774757862091,21.3,21.5,1,1,0,21.5,21.5,21.323642864077343,21.333333333333332,21.30559167750325,0,
30,robust,square,0.25,7,1,51,672,27.838798010721803,27.85,27.75,1,1,0,27.75,27.75,27.856052454436163,28.444444444444443,27.769491525423728,0,
30,robust,square,0.25,7,1,52,672,25.28097620792687,25.45,25.25,1,1,0,25.25,25.25,25.439138248641715,25.6,25.440993788819874,0,
30,robust,square,0.25,7,1,53,672,27.400934716686606,27.450000000000003,27.5,1,1,0,27.5,27.75,27.463458580031006,28.444444444444443,27.44388609715243,0,
30,robust,square,0.25,7,1,54,672,22.771661831066012,22.85,22.75,1,1,0,22.75,22.75,22.852198572604017,23.272727272727273,22.850767085076708,0,
30,robust,square,0.25,7,1,55,672,27.734610291197896,27.85,27.75,1,1,0,27.75,28,27.853487694478243,28.444444444444443,27.959044368600683,0,
30,robust,square,0.25,7,1,56,672,26.946753695607185,27,27,1,1,0,27,27,27.01387154026093,28.444444444444443,26.99176276771005,0,
30,robust,square,0.25,7,1,57,672,23.849425714462996,23.85,24,1,1,0,24,23.75,23.836046482308888,23.272727272727273,23.779390420899855,0,
30,robust,square,0.25,7,1,58,672,21.63860907033086,21.6,21.5,1,1,0,21.5,21.5,21.608486778094285,21.333333333333332,21.586297760210805,0,
30,robust,square,0.25,7,1,59,672,24.51332062110305,24.65,24.5,1,1,0,24.5,24.5,24.659188619823357,25.6,24.674698795180724,0,
30,robust,square,0.25,7,1,60,672,27.1957316249609,27.1,27.25,1,1,0,27.25,27.25,27.087558668840835,28.444444444444443,27.125827814569536,0,
30,robust,square,0.25,7,1,61,672,22.998403146862984,23,23,1,1,0,23,23,23.011162587062753,23.272727272727273,23.01123595505618,0,
30,robust,square,0.25,7,1,62,672,21.376368135213852,21.45,21.25,1,1,0,21.25,21.25,21.437429502347275,21.333333333333332,21.445026178010473,0,
30,robust,square,0.25,7,1,63,672,25.362647021189332,25.45,25.25,1,1,0,25.25,25.25,25.428834119519127,25.6,25.362229102167184,0,
30,robust,square,0.25,7,1,64,672,23.896920163184404,23.8,24,1,1,0,24,23.75,23.786790134843656,23.272727272727273,23.744927536231884,0,
30,robust,square,0.25,7,1,65,672,27.477474072948098,27.35,27.5,1,1,0,27.5,27.5,27.35878696099549,28.444444444444443,27.44388609715243,0,
30,robust,square,0.25,7,1,66,672,25.061675062403083,25.2,25.25,1,1,0,25.25,25,25.201206089055546,25.6,25.167434715821813,0,
30,robust,square,0.25,7,1,67,672,22.644841006025672,22.65,22.75,1,1,0,22.75,22.75,22.656092391376713,23.272727272727273,22.69252077562327,0,
30,robust,square,0.25,7,1,68,672,20.18108401633799,20.3,20.25,1,1,0,20.25,20.25,20.314999496890277,19.692307692307693,20.327543424317618,0,
30,robust,square,0.25,7,1,69,672,25.10509441420436,25.25,25.25,1,1,0,25.25,25.25,25.256517479601282,25.6,25.244992295839754,0,
30,robust,square,0.25,7,1,70,672,24.89967260695994,24.95,25,1,1,0,25,25,24.96939906402296,25.6,24.975609756097562,0,
30,robust,square,0.25,7,1,71,672,21.334817538037896,21.25,21.25,1,1,0,21.25,21.25,21.275522001629852,21.333333333333332,21.22279792746114,0,
30,robust,square,0.25,7,1,72,672,25.4136646296829,25.45,25.5,1,1,0,25.5,25.5,25.461236362856525,25.6,25.4015503875969,0,
30,robust,square,0.25,7,1,73,672,22.4817435760051,22.6,22.5,1,1,0,22.5,22.5,22.599792308901975,23.272727272727273,22.56749311294766,0,
30,robust,square,0.25,7,1,74,672,22.119417572394013,22.05,22.25,1,1,0,22,22.25,22.043127525033007,21.333333333333332,22.080862533692724,0,
30,robust,square,0.25,7,1,75,672,22.774583145976067,22.7,22.75,1,1,0,22.75,22.75,22.715067293742027,23.272727272727273,22.755555555555556,0,
30,robust,square,0.25,7,1,76,672,22.961711702868342,23.1,23,1,1,0,23,23,23.07805429227897,23.272727272727273,23.07605633802817,0,
30,robust,square,0.25,7,1,77,672,22.774089796468616,22.75,22.75,1,1,0,22.75,22.75,22.730285468349745,23.272727272727273,22.69252077562327,0,
30,robust,square,0.25,7,1,78,672,26.018175238743424,25.95,26,1,1,0,26,26,25.9468708755135,25.6,25.96513470681458,0,
30,robust,square,0.25,7,1,79,672,22.075139304623008,22.15,22,1,1,0,22,22,22.139209193823472,21.333333333333332,22.170500676589988,0,
30,robust,square,0.25,7,1,80,672,26.5160146728158,26.55,26.5,1,1,0,26.5,26.5,26.57313625553364,25.6,26.554294975688816,0,
30,robust,square,0.25,7,1,81,672,24.471465030685067,24.45,24.5,1,1,0,24.5,24.5,24.46057213068488,25.6,24.490284005979074,0,
30,robust,square,0.25,7,1,82,672,26.142963029444218,26.15,26.25,1,1,0,26.25,26.25,26.164315925636018,25.6,26.256410256410255,0,
30,robust,square,0.25,7,1,83,672,26.31254584901035,26.3,26.25,1,1,0,26.25,26.25,26.289820652032304,25.6,26.298555377207062,0,
30,robust,square,0.25,7,1,84,672,27.96847495250404,28.15,28,1,1,0,28,28,28.143863673621368,28.444444444444443,28.006837606837607,0,
30,robust,square,0.25,7,1,85,672,25.61189948581159,25.55,25.5,1,1,0,25.5,25.5,25.571842849243914,25.6,25.480559875583204,0,
30,robust,square,0.25,7,1,86,672,25.21244061179459,25.25,25.25,1,1,0,25.25,25.25,25.259364630413256,25.6,25.28395061728395,0,
30,robust,square,0.25,7,1,87,672,23.276336507871747,23.2,23.25,1,1,0,23.25,23.25,23.186171156195403,23.272727272727273,23.173974540311175,0,
30,robust,square,0.25,7,1,88,672,23.328390220180154,23.3,23.25,1,1,0,23.25,23.5,23.30831423056301,23.272727272727273,23.305832147937412,0,
30,robust,square,0.25,7,1,89,672,21.178599065169692,21.25,21.25,1,1,0,21.25,21.25,21.256347569441953,21.333333333333332,21.277922077922078,0,
30,robust,square,0.25,7,1,90,672,20.883609000593424,20.8,20.75,1,1,0,20.75,21,20.80835059087495,21.333333333333332,20.844783715012724,0,
30,robust,square,0.25,7,1,91,672,25.302812598645687,25.4,25.25,1,1,0,25.25,25.25,25.427135673014384,25.6,25.480559875583204,0,
30,robust,square,0.25,7,1,92,672,25.58607533760369,25.5,25.5,1,1,0,25.5,25.5,25.514190282085792,25.6,25.5202492211838,0,
30,robust,square,0.25,7,1,93,672,20.670399567112327,20.65,20.75,1,1,0,20.75,20.75,20.6337448453195,21.333333333333332,20.634760705289672,0,
30,robust,square,0.25,7,1,94,672,23.195580270141363,23.2,23.25,1,1,0,23.25,23.25,23.18215516317366,23.272727272727273,23.173974540311175,0,
30,robust,square,0.25,7,1,95,672,22.75113912858069,22.8,22.75,1,1,0,22.75,22.75,22.787294442692428,23.272727272727273,22.755555555555556,0,
30,robust,square,0.25,7,1,96,672,23.803277952596545,23.85,23.75,1,1,0,23.75,23.75,23.854855551866507,23.272727272727273,23.91824817518248,0,
30,robust,square,0.25,7,1,97,672,22.457444032654166,22.45,22.5,1,1,0,22.25,22.5,22.458472485263453,23.272727272727273,22.443835616438356,0,
30,robust,square,0.25,7,1,98,672,22.047869792208076,21.95,22,1,1,0,22,22,21.94652510347037,21.333333333333332,21.90374331550802,0,
30,robust,square,0.25,7,1,99,672,20.79648806899786,20.7,20.75,1,1,0,20.75,20.75,20.720153613073688,21.333333333333332,20.68686868686869,0,
30,robust,square,0.25,7,1,100,672,22.263190545141697,22.35,22.25,1,1,0,22.25,22.25,22.361961210366367,23.272727272727273,22.351978171896317,0,
30,robust,square,0.25,7,1,101,672,22.366444628685713,22.35,22.5,1,1,0,22.5,22.5,22.354488223475375,23.272727272727273,22.291156462585032,0,
30,robust,square,0.25,7,1,102,672,21.64108609035611,21.55,21.75,1,1,0,21.5,21.75,21.546498682043993,21.333333333333332,21.529566360052563,0,
30,robust,square,0.25,7,1,103,672,20.35977050103247,20.4,20.25,1,1,0,20.25,20.25,20.398764502945053,19.692307692307693,20.40348692403487,0,
30,robust,square,0.25,7,1,104,672,23.954568058252335,23.9,24,1,1,0,24,24,23.914703714546103,23.272727272727273,23.953216374269005,0,
30,robust,square,0.25,7,1,105,672,25.29728562757373,25.3,25.25,1,1,0,25.25,25.25,25.28204546740525,25.6,25.244992295839754,0,
30,robust,square,0.25,7,1,106,672,21.432843677699566,21.5,21.25,1,1,0,21.25,21.5,21.511808832879375,21.333333333333332,21.501312335958005,0,
30,robust,square,0.25,7,1,107,672,27.923248071223497,27.85,28,1,1,0,28,27.75,27.84054658069203,28.444444444444443,27.722504230118442,0,
30,robust,square,0.25,7,1,108,672,23.97490177117288,24.15,24,1,1,0,24,24,24.125679443790574,23.272727272727273,24.20088626292467,0,
30,robust,square,0.25,7,1,109,672,26.20957287028432,26.200000000000003,26.25,1,1,0,26.25,26.25,26.193376449792652,25.6,26.17252396166134,0,
30,robust,square,0.25,7,1,110,672,22.58430415764451,22.55,22.5,1,1,0,22.5,22.5,22.560837751559895,23.272727272727273,22.56749311294766,0,
30,robust,square,0.25,7,1,111,672,27.070022888481617,27,27,1,1,0,27,27,26.99499631479993,28.444444444444443,26.99176276771005,0,
30,robust,square,0.25,7,1,112,672,23.193891275674105,23,23.25,1,1,0,23.25,23.25,23.008377847841036,23.272727272727273,22.978962131837307,0,
30,robust,square,0.25,7,1,113,672,22.02171877399087,21.95,22,1,1,0,22,22,21.961087622920825,21.333333333333332,21.99194630872483,0,
30,robust,square,0.25,7,1,114,672,21.686195543035865,21.75,21.75,1,1,0,21.75,21.75,21.75618381550396,21.333333333333332,21.758300132802123,0,
30,robust,square,0.25,7,1,115,672,20.6175081115216,20.7,20.5,1,1,0,20.5,20.5,20.707415196339742,21.333333333333332,20.739240506329114,0,
30,robust,square,0.25,7,1,116,672,26.169108925387263,26,26,1,1,0,26,26,25.97538781007253,25.6,25.924050632911392,0,
30,robust,square,0.25,7,1,117,672,22.276025818660855,22.15,22.25,1,1,0,22.25,22.25,22.153900459685953,21.333333333333332,22.14054054054054,0,
30,robust,square,0.25,7,1,118,672,23.59416626393795,23.7,23.5,1,1,0,23.5,23.5,23.70582516428826,23.272727272727273,23.67630057803468,0,
30,robust,square,0.25,7,1,119,672,26.791001027449965,26.8,26.75,1,1,0,26.75,26.75,26.801120481673948,25.6,26.81505728314239,0,
30,robust,square,0.25,7,1,120,672,22.59257678873837,22.5,22.5,1,1,0,22.5,22.5,22.478592976773736,23.272727272727273,22.41313269493844,0,
30,robust,square,0.25,7,1,121,672,23.75340536609292,23.75,23.75,1,1,0,23.75,23.75,23.762159383126317,23.272727272727273,23.744927536231884,0,
30,robust,square,0.25,7,1,122,672,26.46934741549194,26.5,26.5,1,1,0,26.5,26.5,26.49215363767185,25.6,26.468497576736674,0,
30,robust,square,0.25,7,1,123,672,26.399865828454494,26.25,26.25,1,1,0,26.25,26.25,26.259106969755987,25.6,26.17252396166134,0,
30,robust,square,0.25,7,1,124,672,20.881136752665043,20.9,21,1,1,0,21,20.75,20.916409363055852,21.333333333333332,20.95140664961637,0,
30,robust,square,0.25,7,1,125,672,20.678578674793243,20.8,20.75,1,1,0,20.75,20.75,20.802874970506167,21.333333333333332,20.79187817258883,0,
30,robust,square,0.25,7,1,126,672,20.907563326880336,20.85,21,1,1,0,21,21,20.860501998648417,21.333333333333332,20.871337579617833,0,
30,robust,square,0.25,7,1,127,672,23.769445596262813,23.8,23.75,1,1,0,23.75,24,23.805328693597716,23.272727272727273,23.813953488372093,0,
30,robust,square,0.25,7,1,128,672,27.499680645763874,27.35,27.5,1,1,0,27.5,27.75,27.333011019625683,28.444444444444443,27.261231281198004,0,
30,robust,square,0.25,7,1,129,672,25.90256072767079,25.95,26,1,1,0,26,26,25.933549108053416,25.6,25.88309636650869,0,
30,robust,square,0.25,7,1,130,672,24.79365534335375,24.8,24.75,1,1,0,24.75,24.75,24.823294028021895,25.6,24.786686838124055,0,
30,robust,square,0.25,7,1,131,672,20.03279628418386,20.05,20,1,1,0,20,20,20.04529623136643,19.692307692307693,20.029339853300733,0,
30,robust,square,0.25,7,1,132,672,25.50529457256198,25.5,25.5,1,1,0,25.5,25.5,25.482814789348076,25.6,25.440993788819874,0,
30,robust,square,0.25,7,1,133,672,21.447347531095147,21.4,21.5,1,1,0,21.5,21.5,21.39351341250148,21.333333333333332,21.416993464052286,0,
30,robust,square,0.25,7,1,134,672,24.139086417853832,24.15,24,1,1,0,24,23.75,24.159565814199638,23.272727272727273,24.094117647058823,0,
30,robust,square,0.25,7,1,135,672,25.142242792993784,25.15,25.25,1,1,0,25.25,25.25,25.173089042023218,25.6,25.206153846153846,0,
30,robust,square,0.25,7,1,136,672,25.01432779431343,24.95,25,1,1,0,25,25,24.93027810994226,25.6,24.93759512937595,0,
30,robust,square,0.25,7,1,137,672,26.553940190002322,26.5,26.5,1,1,0,26.5,26.5,26.509572482420822,25.6,26.554294975688816,0,
30,robust,square,0.25,7,1,138,672,21.149217646569014,21.05,21.25,1,1,0,21.25,21.25,21.05477356675309,21.333333333333332,21.03209242618742,0,
30,robust,square,0.25,7,1,139,672,27.812308503314853,27.8,27.75,1,1,0,27.75,27.75,27.794927602491697,28.444444444444443,27.816638370118845,0,
30,robust,square,0.25,7,1,140,672,27.819088527932763,27.8,27.75,1,1,0,27.75,27.75,27.777404592133777,28.444444444444443,27.816638370118845,0,
30,robust,square,0.25,7,1,141,672,27.130782464519143,27.25,27.25,1,1,0,27.25,27.25,27.218008161280054,28.444444444444443,27.170812603648425,0,
30,robust,square,0.25,7,1,142,672,21.433896807953715,21.4,21.5,1,1,0,21.5,21.5,21.40023712647972,21.333333333333332,21.36114732724902,0,
30,robust,square,0.25,7,1,143,672,26.773955734446645,26.9,27,1,1,0,27,26.75,26.86726093380427,25.6,26.859016393442623,0,
30,robust,square,0.25,7,1,144,672,21.159839041531086,21.15,21.25,1,1,0,21.25,21.25,21.16307852743715,21.333333333333332,21.16795865633075,0,
30,robust,square,0.25,7,1,145,672,24.46529557183385,24.35,24.5,1,1,0,24.5,24.5,24.359751415775722,25.6,24.38095238095238,0,
30,robust,square,0.25,7,1,146,672,24.38548792526126,24.35,24.25,1,1,0,24.25,24.25,24.331424913843453,23.272727272727273,24.27259259259259,0,
30,robust,square,0.25,7,1,147,672,24.52647035382688,24.5,24.5,1,1,0,24.5,24.5,24.5178809019351,25.6,24.490284005979074,0,
30,robust,square,0.25,7,1,148,672,22.106968697160482,22.1,22.25,1,1,0,22,22,22.107107281235226,21.333333333333332,22.080862533692724,0,
30,robust,square,0.25,7,1,149,672,24.44165342859924,24.45,24.5,1,1,0,24.5,24.5,24.47718097476723,25.6,24.453731343283582,0,
30,robust,square,0.25,7,1,150,672,24.986997190862894,24.9,25,1,1,0,25,25,24.896198397014317,25.6,24.89969604863222,0,
30,robust,square,0.25,7,1,151,672,25.62801562808454,25.5,25.5,1,1,0,25.5,25.5,25.496829859531612,25.6,25.5600624024961,0,
30,robust,square,0.25,7,1,152,672,20.09534454345703,20.1,20,1,1,0,20,20,20.08875599375486,19.692307692307693,20.103067484662578,0,
30,robust,square,0.25,7,1,153,672,26.660856306552887,26.700000000000003,26.75,1,1,0,26.75,26.75,26.68585667845725,25.6,26.72756933115824,0,
30,robust,square,0.25,7,1,154,672,22.706832388415933,22.75,22.75,1,1,0,22.75,22.75,22.75768901070313,23.272727272727273,22.723994452149793,0,
30,robust,square,0.25,7,1,155,672,21.296107470989227,21.3,21.25,1,1,0,21.25,21.25,21.284799535344014,21.333333333333332,21.250324254215304,0,
30,robust,square,0.25,7,1,156,672,27.708834297955036,27.75,27.75,1,1,0,27.75,27.75,27.756719753381038,28.444444444444443,27.816638370118845,0,
30,robust,square,0.25,7,1,157,672,20.692767640575767,20.6,20.75,1,1,0,20.75,20.75,20.592780872446028,21.333333333333332,20.60880503144654,0,
30,robust,square,0.25,7,1,158,672,27.01499949581921,27.1,27,1,1,0,27,27,27.069879148429703,28.444444444444443,27.036303630363037,0,
30,robust,square,0.25,7,1,159,672,21.10367600619793,21.05,21,1,1,0,21,21,21.05163240691224,21.333333333333332,21.005128205128205,0,
30,robust,square,0.25,7,1,160,672,27.891191693022847,28.05,28,1,1,0,28,28,28.047118637735217,28.444444444444443,27.959044368600683,0,
30,robust,square,0.25,7,1,161,672,23.005974931642413,23.1,23,1,1,0,23,23,23.113766889839386,23.272727272727273,23.108603667136812,0,
30,robust,square,0.25,7,1,162,672,23.24352048523724,23.25,23.25,1,1,0,23.25,23.25,23.222608050134518,23.272727272727273,23.23971631205674,0,
30,robust,square,0.25,7,1,163,672,25.09532437287271,25.15,25,1,1,0,25,25,25.172525662017783,25.6,25.167434715821813,0,
30,robust,square,0.25,7,1,164,672,22.47148234397173,22.55,22.5,1,1,0,22.5,22.5,22.526433348806883,23.272727272727273,22.56749311294766,0,
30,robust,square,0.25,7,1,165,672,20.96130126528442,21.05,21,1,1,0,21,21,21.02747943946189,21.333333333333332,21.03209242618742,0,
30,robust,square,0.25,7,1,166,672,27.48335962370038,27.450000000000003,27.5,1,1,0,27.5,27.5,27.437112103839972,28.444444444444443,27.39799331103679,0,
30,robust,square,0.25,7,1,167,672,27.801758935675025,27.700000000000003,27.75,1,1,0,27.75,27.5,27.71532549139869,28.444444444444443,27.62900505902192,0,
30,robust,square,0.25,7,1,168,672,23.733113951981068,23.7,23.75,1,1,0,23.75,23.75,23.692440720859175,23.272727272727273,23.67630057803468,0,
30,robust,square,0.25,7,1,169,672,27.507252486422658,27.5,27.5,1,1,0,27.5,27.5,27.49463281509583,28.444444444444443,27.58249158249158,0,
30,robust,square,0.25,7,1,170,672,23.04359886609018,22.85,23,1,1,0,23,23,22.854311234490094,23.272727272727273,22.88268156424581,0,
30,robust,square,0.25,7,1,171,672,27.375155394896865,27.35,27.5,1,1,0,27.5,27.5,27.325133816168098,28.444444444444443,27.30666666666667,0,
30,robust,square,0.25,7,1,172,672,22.801958564668894,22.8,22.75,1,1,0,22.75,22.75,22.819892049574033,23.272727272727273,22.787204450625868,0,
30,robust,square,0.25,7,1,173,672,23.145975647494197,23.2,23.25,1,1,0,23.25,23.25,23.192867473294015,23.272727272727273,23.206798866855525,0,
30,robust,square,0.25,7,1,174,672,26.168120136484504,26.15,26.25,1,1,0,26.25,26.25,26.164142359862577,25.6,26.089171974522294,0,
30,robust,square,0.25,7,1,175,672,26.697128400206566,26.6,26.75,1,1,0,26.75,26.75,26.601262903763295,25.6,26.554294975688816,0,
30,robust,square,0.25,7,1,176,672,25.142639480531216,25.35,25.25,1,1,0,25.25,25.25,25.368521473281415,25.6,25.323029366306027,0,
30,robust,square,0.25,7,1,177,672,20.772105319425464,20.8,20.75,1,1,0,20.75,20.75,20.802401668850173,21.333333333333332,20.844783715012724,0,
30,robust,square,0.25,7,1,178,672,26.614962570369244,26.65,26.75,1,1,0,26.75,26.75,26.659877441320145,25.6,26.684039087947884,0,
30,robust,square,0.25,7,1,179,672,21.950776033103466,22,22,1,1,0,22,22,22.005184532543723,21.333333333333332,21.99194630872483,0,
30,robust,square,0.25,7,1,180,672,27.75092296861112,27.8,28,1,1,0,27.75,28,27.78751212845411,28.444444444444443,27.816638370118845,0,
30,robust,square,0.25,7,1,181,672,25.794644076377153,25.85,25.75,1,1,0,25.75,25.75,25.84298781904286,25.6,25.801574803149606,0,
30,robust,square,0.25,7,1,182,672,24.13674108684063,24.15,24,1,1,0,24,24,24.163604836950192,23.272727272727273,24.094117647058823,0,
30,robust,square,0.25,7,1,183,672,24.373909801244736,24.3,24.25,1,1,0,24.25,23.75,24.279532761786147,23.272727272727273,24.27259259259259,0,
30,robust,square,0.25,7,1,184,672,24.147505709901452,24.3,24.25,1,1,0,24.25,24.25,24.295867702044408,23.272727272727273,24.30860534124629,0,
30,robust,square,0.25,7,1,185,672,26.336330460384488,26.4,26.25,1,1,0,26.25,26.25,26.372923549893777,25.6,26.425806451612903,0,
30,robust,square,0.25,7,1,186,672,25.591361856088042,25.4,25.5,1,1,0,25.5,25.5,25.416714866730324,25.6,25.4015503875969,0,
30,robust,square,0.25,7,1,187,672,23.82731112278998,23.75,23.75,1,1,0,23.75,24,23.742185440681016,23.272727272727273,23.710564399421127,0,
30,robust,square,0.25,7,1,188,672,23.29338770546019,23.2,23.25,1,1,0,23.25,23.25,23.202454978542914,23.272727272727273,23.206798866855525,0,
30,robust,square,0.25,7,1,189,672,22.326078770682216,22.35,22.25,1,1,0,22.25,22.25,22.338941203107826,23.272727272727273,22.351978171896317,0,
30,robust,square,0.25,7,1,190,672,21.453900074586272,21.6,21.5,1,1,0,21.5,21.5,21.621356688980253,21.333333333333332,21.614775725593667,0,
30,robust,square,0.25,7,1,191,672,23.761646322906017,23.85,23.75,1,1,0,23.75,23.75,23.850471963144795,23.272727272727273,23.848617176128094,0,
30,robust,square,0.25,7,1,192,672,20.477949572727084,20.5,20.5,1,1,0,20.5,20.5,20.481543104100517,21.333333333333332,20.505632040050063,0,
30,robust,square,0.25,7,1,193,672,22.314977392554283,22.25,22.25,1,1,0,22.25,22.25,22.245329277508855,21.333333333333332,22.200542005420054,0,
30,robust,square,0.25,7,1,194,672,22.755011435598135,22.75,22.75,1,1,0,22.75,22.75,22.72416360142057,23.272727272727273,22.787204450625868,0,
30,robust,square,0.25,7,1,195,672,21.95110853947699,21.95,22,1,1,0,22,22,21.943720954470166,21.333333333333332,21.933065595716197,0,
30,robust,square,0.25,7,1,196,672,26.293832069262862,26.25,26.25,1,1,0,26.25,26.25,26.248642753953884,25.6,26.340836012861736,0,
30,robust,square,0.25,7,1,197,672,20.808601763099432,20.75,20.75,1,1,0,20.75,20.75,20.771105923097032,21.333333333333332,20.76552598225602,0,
30,robust,square,0.25,7,1,198,672,22.76141683757305,22.7,22.75,1,1,0,22.75,22.75,22.70341212737301,23.272727272727273,22.69252077562327,0,
30,robust,square,0.25,7,1,199,672,22.227984407916665,22.25,22.25,1,1,0,22.25,22.25,22.237274984655713,23.272727272727273,22.291156462585032,0,
36,robust,random20,0.25,7,0.25,0,551,27.85245237313211,26.85,31,0,0,0.008431914389850581,31,31,26.82595357152421,3.186938775510204,3.184907584448693,0.024443897030750894,
36,robust,random20,0.25,7,0.25,1,529,22.73101738281548,23.2,31,0,0,0.0281599731119061,31,24.25,23.193272300410104,2.1545253863134657,2.1500757262839043,0.001379009770591133,
36,robust,random20,0.25,7,0.25,2,549,21.798951223492622,22,31,0,0,0.016455963784169803,31,19.25,22.0030631328968,22.389989572471325,22.24105394338615,0.000014254501202515257,
36,robust,random20,0.25,7,0.25,3,529,23.273637576028705,23.95,24,0,0,0.0011707377121115137,24,24,23.947485372096573,23.238095238095234,23.87767584097859,0.000031153490385849025,
36,robust,random20,0.25,7,0.25,4,519,26.961199928075075,26.55,26.25,0,0,0.004164419026993826,26.25,24.75,26.568379565751584,2.1121904434006344,2.108413428898229,0.0005480886519079187,
36,robust,random20,0.25,7,0.25,5,548,27.110916489735246,27.05,29,0,0,0.060261792679050186,27.25,23.75,27.028760613509387,26.130408287629493,26.901010140615885,0.00022097525283870656,
36,robust,random20,0.25,7,0.25,6,531,22.170201973989606,22.3,29.25,0,0,0.06565755175927945,22.25,23.25,22.308863379618913,7.366037735849058,7.298649635521093,0.0002974995720861351,
36,robust,random20,0.25,7,0.25,7,539,22.553610997274518,21.9,29.5,0,0,0.011199011748246668,21,27.75,21.922595451713516,21.28574969021066,21.878286619488474,0.000046092139509235075,
36,robust,random20,0.25,7,0.25,8,539,22.68402900546789,22.35,31,0,0,0.31382665105552554,21.75,23.25,22.362418281481375,22.806160382368564,22.60433595420601,1.4580692209165136e-9,
36,robust,random20,0.25,7,0.25,9,542,27.757043529301882,28.05,27.75,0,0,0.0010383436840388782,27.75,27.25,28.065008032517945,28.822046714837843,28.103491533581494,1.3752031413627464e-7,
36,robust,random20,0.25,7,0.25,10,536,21.154781218618155,21.25,32,0,0,0.09809621331624696,22.25,21.75,21.245824931303144,21.405109034267912,21.22820730671198,1.1721479897808251e-7,
36,robust,random20,0.25,7,0.25,11,550,27.506082052364945,27.05,30.5,0,0,0.039151146704928586,26.75,26.75,27.03430994696821,26.07407407407408,27.13399578440229,0.000011790596436078715,
36,robust,random20,0.25,7,0.25,12,532,25.276373751461506,26.15,27,0,0,0.004887664428518623,25.75,27,26.13784809054426,26.9579409918393,26.34058356454527,0.0001277095318821253,
36,robust,random20,0.25,7,0.25,13,533,20.666264718398452,25.6,30.5,0,0,0.04437024409176438,26.75,27.5,25.61778638474493,2.4424698108908633,2.451174264956761,0.021038165852753088,
36,robust,random20,0.25,7,0.25,14,539,20.235583256930113,20.4,31.75,0,0,0.10733938997399939,29,31.75,20.41518769303798,19.955390334572492,20.03364676725709,0.000006221144530194067,
36,robust,random20,0.25,7,0.25,15,528,20.432997036725283,21.05,30.25,0,0,0.07434637838467917,22.25,29.5,21.0740085947064,21.730044275774826,21.24322047326256,0.000021332454489764174,
36,robust,random20,0.25,7,0.25,16,517,24.644228629767895,25.5,31.5,0,0,0.12601015760667478,18,18,25.49964478731096,25.607632677400122,25.24354311326647,0.0010258179340337792,
36,robust,random20,0.25,7,0.25,17,529,27.521146832033992,27.1,32,0,0,0.19165145877668732,26.75,27.75,27.103836510870213,0.6711745554720762,0.6710445752470154,0.00414870633100739,
36,robust,random20,0.25,7,0.25,18,553,21.67396331205964,21.15,31,0,1,0.26213701932053657,21.25,20.75,21.165385090449508,20.74589371980676,20.94222709885856,1.0349133217069095e-8,
36,robust,random20,0.25,7,0.25,19,530,21.026889318600297,21.25,32,0,0,0.023178269705882437,21.25,21.25,21.2335119096553,21.583364839319472,21.360855923450202,1.2755885903104058e-8,
36,robust,random20,0.25,7,0.25,20,545,24.262194057926536,24.4,30,0,0,0.12164575131775457,25,20.75,24.388191219866734,24.28959276018099,24.28959276018099,1.0586587162464411e-10,
36,robust,random20,0.25,7,0.25,21,539,27.436736416071653,27.15,31.75,0,0,0.11049476491560051,28,23.75,27.167412457057903,26.607187112763324,2.540949975454145,0.00009180589353241508,
36,robust,random20,0.25,7,0.25,22,536,22.276213120669127,22.7,30.75,0,0,0.10388554388708415,22.5,23,22.69531914722269,22.93404539385848,22.680910234985866,0.000385532472326644,
36,robust,random20,0.25,7,0.25,23,553,26.144838398322463,25.85,31.25,0,0,0.01905045658676785,27.5,27.5,25.843432341970797,25.932367149758452,25.764628681778127,0.000020868974193288814,
36,robust,random20,0.25,7,0.25,24,550,21.070143742486835,20.75,30.25,0,0,0.011315160773545885,30.25,20.75,20.726386531249908,20.85925925925926,20.559434177503995,0.00023982729110205714,
36,robust,random20,0.25,7,0.25,25,535,20.56021598726511,20.85,31.5,0,0,0.18480281872569415,22.25,29.25,20.87351648054175,21.44519350811486,20.964751291028783,0.00048614330849794385,
36,robust,random20,0.25,7,0.25,26,539,21.32620393484831,21.3,31.25,0,0,0.17052366754412562,20.75,20.75,21.299645272590677,21.254027261462205,21.939641044090017,0.000005660464774681628,
36,robust,random20,0.25,7,0.25,27,554,25.746729159727693,25.45,31.75,0,0,0.16746464185233945,27,24.5,25.45626153329215,25.885473176612415,25.75135155393567,0.0005544868026375882,
36,robust,random20,0.25,7,0.25,28,554,26.975037889555097,26.4,27.25,0,0,0.005839674263010686,27.25,27.25,26.409382765309964,44.37509687419271,0.6142071677831845,0.0019145668709605879,
36,robust,random20,0.25,7,0.25,29,538,27.38634091615677,26.25,30.75,0,0,0.06419349593599422,25.25,22.75,26.226579692713432,26.656734947237744,26.51861714958366,0.0012600681450833928,
36,robust,random20,0.25,7,0.25,30,539,23.553473357111216,31.450000000000003,32,0,0,0.0032750854691957487,32,32,31.466070276703388,2.0568413478834393,0.7301698457988732,0.035836405985202324,
36,robust,random20,0.25,7,0.25,31,540,25.352401671931148,25.45,28.25,0,0,0.05716315193164201,18.75,32,25.46199230120548,0.627350152659489,0.6270030176226654,0.0023685970754747654,
36,robust,random20,0.25,7,0.25,32,553,24.501655684784055,25.05,31.5,0,0,0.0025871687366547658,31.5,31.5,25.043068476386416,1.2447536231884058,1.6955608693184478,0.004015232930737578,
36,robust,random20,0.25,7,0.25,33,529,25.00319742411375,25.3,31.75,0,0,0.13066181821215206,27.25,31.75,25.277829660461368,0.7213599408721358,0.7213599408721358,0.030753730685830316,
36,robust,random20,0.25,7,0.25,34,524,26.7595834415406,26.4,27.25,0,0,0.02547791818511036,23.5,27.75,26.3550766239031,27.37029955385596,27.804748753123516,0.00020247971444919965,
36,robust,random20,0.25,7,0.25,35,548,26.636112067848444,26.9,30.75,0,0,0.06858748490766486,27,20.5,26.873444574228458,0.8556754952702132,27.233206006648736,0.00003081810249461192,
36,robust,random20,0.25,7,0.25,36,538,22.854032954201102,23.25,29.5,0,0,0.08665056344815092,27.75,22.75,23.23071220296239,1.2098640031600925,1.2090053345985876,0.020377806899556705,
36,robust,random20,0.25,7,0.25,37,548,21.056032050400972,20.9,31.75,0,0,0.08491093837594754,21.5,21.25,20.90766730389824,20.935527117611215,20.979233854808733,2.3073755517355465e-7,
36,robust,random20,0.25,7,0.25,38,544,25.66724782809615,27.15,28.75,0,0,0.011617232067782424,28.75,27.25,27.15341635091723,28.75874769797422,27.734463533388837,0.003940005639209931,
36,robust,random20,0.25,7,0.25,39,541,21.975351551547647,22.45,31.25,0,0,0.015080110608062358,31.25,31.25,22.458172548496783,1.1360846560846563,1.1358311223519881,0.03183947516507968,
36,robust,random20,0.25,7,0.25,40,559,27.64394704066217,26.6,31.25,0,0,0.0724829868726975,28,25.5,26.595835469793105,4.0862126642771806,4.064198257051485,0.005742729400529223,
36,robust,random20,0.25,7,0.25,41,512,20.63003061711788,20.9,31.25,0,0,0.2619997633119513,23.25,20.25,20.923020046474267,21.009784735812133,20.846918187472504,0.00029449446232776566,
36,robust,random20,0.25,7,0.25,42,535,24.723770081996918,23.35,31.25,0,0,0.05460562608631658,23,23,23.360372885973483,1.0244519191774615,1.0242480481487695,0.006015783614346515,
36,robust,random20,0.25,7,0.25,43,553,26.722038371488452,26.85,28.75,0,0,0.009989074911565421,26.75,27,26.841395172602233,25.932367149758452,27.023145143845987,1.6336765829016997e-8,
36,robust,random20,0.25,7,0.25,44,531,23.00026136264205,23.4,30,0,0,0.009272577718598463,24,20.5,23.396373995056344,23.115902964959567,23.482822059641464,6.370600269534066e-8,
36,robust,random20,0.25,7,0.25,45,541,21.46684954315424,22.05,29.5,0,0,0.07229636143369556,22.5,29.5,22.050277391405274,22.72169312169312,22.177164528362788,0.00162462383127715,
36,robust,random20,0.25,7,0.25,46,547,26.230590688064694,25.9,25,1,1,0.0003685512032103322,25,25,25.91532780351731,26.217338217338224,2.389617345230923,0.0011611032822509415,
36,robust,random20,0.25,7,0.25,47,560,21.053019039332867,21.25,27,0,0,0.017698109809930695,21.5,27,21.23811008857608,21.94939943777153,21.353595978548636,0.000002467655501048327,
36,robust,random20,0.25,7,0.25,48,529,20.74843779578805,20.7,30.25,0,0,0.06981884438950803,21.5,20.5,20.707565156904856,20.333333333333332,20.989247311827956,0.000028885724668303858,
36,robust,random20,0.25,7,0.25,49,529,22.669359793886542,22.85,32,0,0,0.14096347997542114,19.25,27,22.831204929637646,23.238095238095234,22.780452224653533,0.000057267544052219677,
36,robust,random20,0.25,7,0.25,50,528,24.52573556266725,26.05,27.5,0,0,0.03991060530436086,27.5,27.5,26.04159007199024,23.282190295473026,23.178713894159813,0.002287683823333553,
36,robust,random20,0.25,7,0.25,51,532,20.344989689067006,20.9,32,0,0,0.15862462397453603,20.75,20.75,20.89562596286008,21.502071563088514,20.93507981801721,0.000019925093193706722,
36,robust,random20,0.25,7,0.25,52,549,22.880348144099116,22.35,30.25,0,0,0.10048551536755357,24.5,18.25,22.348121765657595,2.7257378609965093,2.716878474666076,0.0010375362291142887,
36,robust,random20,0.25,7,0.25,53,535,23.16517063230276,23.4,29.5,0,0,0.13040138357131947,22.75,20.75,23.3858695884992,0.8960387259658019,23.341707219716852,0.0011005059851875165,
36,robust,random20,0.25,7,0.25,54,532,25.96245594508946,25.4,29.75,0,0,0.03872972507119066,25.5,25.75,25.42175773646674,24.88425322323628,25.310145087692643,0.000012496499881886614,
36,robust,random20,0.25,7,0.25,55,547,26.81206468306482,26.4,29.5,0,0,0.015183476489334824,25.5,25.75,26.415631758022062,26.17826617826618,26.806544566544567,0.000042415315318566904,
36,robust,random20,0.25,7,0.25,56,527,22.469939658418298,22.85,31,0,0,0.07623285495608345,22.75,31,22.850298700858744,23.29168929929386,22.883063171236074,0.00010567507402170495,
36,robust,random20,0.25,7,0.25,57,541,23.623850652948022,23,31,0,0,0.08921667454076054,23,22.25,22.98925950442398,0.8053258321612752,0.8052621247146996,0.00012770987633015096,
36,robust,random20,0.25,7,0.25,58,546,27.915435453876853,28.700000000000003,32,0,0,0.03977342284412666,27.75,27.75,28.69304065115557,28.65321100917431,1.427995225149279,0.00030021050554329687,
36,robust,random20,0.25,7,0.25,59,523,24.80942840874195,25.1,26.75,0,0,0.032448521199377134,22.75,26.75,25.092769551894868,25.313292071912763,24.83568278753705,0.000019850678984356662,
36,robust,random20,0.25,7,0.25,60,547,22.071861336007714,22.15,30.75,0,0,0.044718350831203346,30.75,30.75,22.15249340613548,22.472004186289904,21.791034362462934,0.00018573281582756618,
36,robust,random20,0.25,7,0.25,61,551,24.642649764195085,25.05,23.75,0,0,0.0026214412764049566,23.75,27.75,25.033922236342775,2.9656103896103896,2.5848121683763705,0.00415762567451472,
36,robust,random20,0.25,7,0.25,62,555,21.219156809151173,21,31.5,0,0,0.07846436478031227,20.75,27.75,20.99979016154544,20.670998796630563,21.269194903285467,0.00005910283703769448,
36,robust,random20,0.25,7,0.25,63,549,25.128572279587388,24.7,32,0,0,0.103320022177671,24.25,18.5,24.727038795805587,24.112296462661426,24.767198341894208,0.00021606751468661312,
36,robust,random20,0.25,7,0.25,64,535,21.089941324666142,21.7,30.5,0,0,0.22433388850126257,22,23.25,21.69491036118354,21.44519350811486,21.901474221053473,4.1193976418885114e-7,
36,robust,random20,0.25,7,0.25,65,526,21.959347868338227,22.05,32,0,0,0.21397485155807194,22.75,22.75,22.05213755812029,1.3747579031612647,1.3743969795846929,0.0026327674869189854,
36,robust,random20,0.25,7,0.25,66,536,25.380003098398447,24.5,31.75,0,0,0.05741702388875958,22.75,22.75,24.495369645132754,0.8459053584198456,0.8449996035677363,0.19297721731707462,
36,robust,random20,0.25,7,0.25,67,547,21.914310593158007,21.8,29.75,0,0,0.2111469840927913,22.5,23.75,21.78251806485282,22.438513867085298,22.388539448673082,0.000002561731354822072,
36,robust,random20,0.25,7,0.25,68,540,20.902635799720883,20.75,31.25,0,0,0.12595553915834157,21.25,24.75,20.7291759622136,19.918367346938776,20.519525315156244,0.00009214337842056164,
36,robust,random20,0.25,7,0.25,69,534,24.210845006629825,23.75,27.25,0,0,0.05359884596103981,20.25,27.25,23.733423762473773,4.6707453027707535,4.639228802752057,0.0075394886736660505,
36,robust,random20,0.25,7,0.25,70,543,26.598816689103842,28.25,31.25,0,0,0.04543414765190268,28.5,28.5,28.24253694194832,28.725930895672594,28.08757687576876,0.002494959301841293,
36,robust,random20,0.25,7,0.25,71,538,20.269328754395247,21,29.75,0,0,0.15880127522082443,20.75,31.75,20.985487948772377,1.915454008184748,1.9147374148408702,0.026125177368340746,
36,robust,random20,0.25,7,0.25,72,526,22.04881072230637,22.1,29.5,0,0,0.11076195666503941,21.75,21.75,22.079112293646563,21.8128253968254,22.18253430185634,0.0000068225448663916666,
36,robust,random20,0.25,7,0.25,73,553,24.727598512545228,24.85,31.5,0,0,0.1653403778759167,26.25,23.75,24.825457352313517,25.816425120772948,24.877057079992,0.0003000515303857032,
36,robust,random20,0.25,7,0.25,74,522,23.704739958047867,23.75,32,0,0,0.17236510297157903,24.5,27.75,23.764598868349967,23.515217987386894,23.620667395402084,0.00016338836325691108,
36,robust,random20,0.25,7,0.25,75,548,27.857118202373385,28.1,31.5,0,0,0.04876602865213531,29.25,27.75,28.0939709299269,28.54844606946984,27.914036156814955,0.00003139347383307456,
36,robust,random20,0.25,7,0.25,76,555,25.61326360143721,25.55,27.75,0,0,0.0011808776958202039,27.75,27.75,25.547425811108305,1.7225832330525472,4.1514976662689005,0.009798968080171333,
36,robust,random20,0.25,7,0.25,77,553,23.610906017944217,23.5,30,0,0,0.06034657772358365,24,24,23.47717662781835,23.86622073578595,23.952588241464305,0.0000048340524401169205,
36,robust,random20,0.25,7,0.25,78,529,24.263176506385207,23.65,31.5,0,0,0.16127090229933894,26.25,23.75,23.64829832859262,2.1125541125541125,2.1181417429637164,0.02429030629534268,
36,robust,random20,0.25,7,0.25,79,543,26.883877713233232,27.15,26.5,0,0,0.0028011802386848084,26.5,27.75,27.134509464721784,26.371463714637144,26.932558687289,0.000013841084430588069,
36,robust,random20,0.25,7,0.25,80,539,22.513047007843852,22.8,30.5,0,0,0.07588833072763146,21.25,18.25,22.81510872142381,22.806160382368564,23.011621286714224,0.000001944668774456204,
36,robust,random20,0.25,7,0.25,81,547,27.111734772101045,27,31.75,0,0,0.010631896258867624,26.75,26.5,27.001478041830595,26.217338217338224,27.136005055142522,1.8306920424038253e-9,
36,robust,random20,0.25,7,0.25,82,534,24.437847446650267,24.9,31.25,0,0,0.07792489082941023,25.5,25,24.899858223802525,24.753932746428056,24.813580777142338,5.314863170680084e-7,
36,robust,random20,0.25,7,0.25,83,546,27.648306161165237,27.6,31,0,0,0.08433231906631034,27.5,21.75,27.576431859408324,28.567806505421185,28.010774066596817,0.000011932564089267572,
36,robust,random20,0.25,7,0.25,84,542,25.992370404303074,25.85,25.75,0,0,0.012411314947819996,18.5,18.5,25.83523587922181,26.42020948860135,25.749645795997257,0.0004823656397429099,
36,robust,random20,0.25,7,0.25,85,538,26.22049393504858,24.6,31.25,0,0,0.01495872071877602,26.75,26.75,24.604154239521726,0.737653803312389,0.7378135493175817,0.05287071185169723,
36,robust,random20,0.25,7,0.25,86,553,23.810836171731353,23.75,24.25,1,1,0.0005349698805208192,24.25,23.5,23.742465269033747,23.937569676700107,23.851566432352683,5.4276554473098315e-8,
36,robust,random20,0.25,7,0.25,87,550,20.24636243842542,20,31.75,0,0,0.0863152883124132,20.25,31.75,19.982254053242347,19.555555555555557,19.865961199294535,0.00005800291943580671,
36,robust,random20,0.25,7,0.25,88,534,25.15439802221954,24.6,32,0,0,0.09335779171046232,24.75,24.75,24.610718804586686,24.790878914706305,24.790878914706305,0.00004525564489543665,
36,robust,random20,0.25,7,0.25,89,524,25.20555868372321,25,25.5,0,0,0.0071121576033637,25.5,27.75,25.009527522454302,25.264891895867038,25.204304625133542,0.00006984525660769236,
36,robust,random20,0.25,7,0.25,90,532,24.090416561812162,24.2,32,0,0,0.10332769194320157,24,23.25,24.191387774898086,24.84716789801536,24.669264547910238,0.0000015869813601021576,
36,robust,random20,0.25,7,0.25,91,526,20.036111440509558,20.4,31.75,0,0,0.05913003083047674,19,27.75,20.376262821582866,20.419047619047618,20.620418897341974,0.004656720592829733,
36,robust,random20,0.25,7,0.25,92,550,27.171225134283304,26.4,25.75,0,0,0.003516901088356228,25.75,25.75,26.406259554183926,1.6045584045584047,1.6073919480565813,0.004672248308642657,
36,robust,random20,0.25,7,0.25,93,528,22.98389210179448,22.05,29.75,0,0,0.11418255058467086,21.25,27.5,22.047839913607667,21.697659709044906,21.78844489611204,0.0013801762396769002,
36,robust,random20,0.25,7,0.25,94,534,24.87335724942386,25.45,31.5,0,0,0.05081732857841115,26.25,31.25,25.44576294035088,0.6846832461777973,0.6841828464895403,0.005014445021251479,
36,robust,random20,0.25,7,0.25,95,528,23.729930607602,24.05,25.25,1,1,0.0003971033295621096,25.25,25.25,24.076444505151482,23.247492545405258,24.052832933814212,0.00003076638655463704,
36,robust,random20,0.25,7,0.25,96,535,26.456108974292874,27.700000000000003,29.5,0,0,0.008809781423625318,29.5,29.5,27.72091717189554,2.3827992786794288,2.3778454340252093,0.003903699054685794,
36,robust,random20,0.25,7,0.25,97,552,26.450606426224113,26.5,27.25,0,0,0.021138637591788578,27.25,25.25,26.505771291619606,1.2935816433342622,0.9000452574335825,0.0052710504977712125,
36,robust,random20,0.25,7,0.25,98,547,25.203911701217294,25.5,24.75,1,1,0.0007905757662147739,24.75,24.75,25.49185516858111,26.17826617826618,25.70960156637906,0.00000646725331521214,
36,robust,random20,0.25,7,0.25,99,545,27.9860163256526,28,32,0,0,0.25735147239775547,27.25,27.25,27.998479290921928,1.0776952419192931,1.0785004363577002,0.0037041769277179615,
36,robust,random20,0.25,7,0.25,100,550,27.75940023176372,27.1,30.75,0,0,0.03509895642703165,23.75,23.75,27.076559344803947,26.035215543412264,27.13031958933598,0.00005862522515520663,
36,robust,random20,0.25,7,0.25,101,526,20.05182136595249,20.8,31.75,0,0,0.16933954698314102,22.75,23,20.79485316298187,0.9429175243584466,0.9433423002501299,0.04811975512858935,
36,robust,random20,0.25,7,0.25,102,549,27.6301825735718,26.85,28.5,0,0,0.01128226865377746,28.5,26.5,26.823975057173655,6.520681265206812,6.550533959030519,0.0008550972510530386,
36,robust,random20,0.25,7,0.25,103,525,25.871899427846074,25.4,30.75,0,0,0.04810264504397199,20.25,23.75,25.402198211588782,25.216676453317678,25.277439529108804,0.000025025367687003808,
36,robust,random20,0.25,7,0.25,104,526,25.814262494444847,25.25,31.25,0,0,0.03535252009145129,18.5,18.5,25.277272742525927,25.16864468864469,25.16864468864469,0.0007870224114819857,
36,robust,random20,0.25,7,0.25,105,541,26.60334305278957,25.65,31.25,0,0,0.033158811991253256,25.5,26.25,25.675307639102495,26.508641975308645,25.901573838469513,0.00037175527624322413,
36,robust,random20,0.25,7,0.25,106,546,21.51639398559928,21.35,30.25,0,0,0.07687111873688612,22.25,20.75,21.343131655622116,20.98103975535168,21.381951343033563,0.00006234262962345749,
36,robust,random20,0.25,7,0.25,107,521,23.708313774317503,23.75,31.5,0,0,0.11273970503118846,23.25,23.75,23.742961027457522,23.595604395604397,24.024615384615384,4.2018939239163444e-7,
36,robust,random20,0.25,7,0.25,108,558,25.65636845678091,25.2,26.5,0,0,0.002297947497052144,26.5,27.75,25.201007969470616,25.661280670257334,25.169685255118303,6.76368152485729e-7,
36,robust,random20,0.25,7,0.25,109,539,26.481884188950062,26.85,31,0,0,0.0901946516572798,25.75,27.75,26.830475495137726,26.607187112763324,27.46548347123956,0.0001378434402581341,
36,robust,random20,0.25,7,0.25,110,545,27.95049812272191,27.5,29.25,0,0,0.004457831357037367,27,29.25,27.52502110200795,28.663101604278076,27.718164188752425,5.480032930771372e-7,
36,robust,random20,0.25,7,0.25,111,514,21.018739944323897,20.85,30.5,0,0,0.330770989964023,24.25,23.75,20.85165007423356,20.86549707602339,20.86549707602339,0.0005222227604686491,
36,robust,random20,0.25,7,0.25,112,532,20.481785971671343,19.9,31.25,0,0,0.07548364744743918,31.25,26.5,19.895455894190253,20.218455743879474,19.98426513680751,0.00022911471434738928,
36,robust,random20,0.25,7,0.25,113,532,20.905380003154278,20.6,31.75,0,0,0.1609384981069043,23.25,23.25,20.608138257481695,20.218455743879474,20.580217377467775,0.00001924338045378171,
36,robust,random20,0.25,7,0.25,114,536,21.45299954339862,21.7,29.5,0,0,0.10641547158771392,20.75,25,21.699664176542523,21.341308411214953,21.61145155566071,0.000001267553275119404,
36,robust,random20,0.25,7,0.25,115,534,20.552837427705526,20.65,30.5,0,0,0.009784618233728337,30.5,27.75,20.632347960092556,0.7199130328938808,0.7197620760826218,0.006570127878602783,
36,robust,random20,0.25,7,0.25,116,534,26.342848671600223,25.7,26,0,0,0.0027466137273367552,26,20,25.684794437164204,24.790878914706305,25.527241654747087,0.00005175103965981975,
36,robust,random20,0.25,7,0.25,117,547,21.712641522288322,21.95,31.25,0,0,0.018184689149738364,31.25,31.25,21.939660670449484,22.438513867085298,21.948589983524485,0.000025865325628315894,
36,robust,random20,0.25,7,0.25,118,539,24.125481506809592,24.35,32,0,0,0.11716867604964332,23.75,23.75,24.361650346621825,24.56048041178153,24.268788245370825,0.0011740130548330008,
36,robust,random20,0.25,7,0.25,119,535,24.672954441979527,24.9,29.75,0,0,0.032990185677242656,23.75,25,24.919561381234672,24.744454047824835,24.334971356726083,1.2718441522174828e-8,
36,robust,random20,0.25,7,0.25,120,531,21.119661694392562,20.85,30.25,0,0,0.0785360052333769,21,20.75,20.871831114300623,20.22641509433962,20.030801795554904,0.000016610206446388,
36,robust,random20,0.25,7,0.25,121,538,20.08428376354277,20.25,31.5,0,0,0.09043886829991044,28.25,27.75,20.248338330100033,19.932960893854748,0.8381108629098819,0.00004794141945319019,
36,robust,random20,0.25,7,0.25,122,538,22.044230179861188,21.95,31.5,0,0,0.2999954044063067,20.25,19.5,21.97526669549391,21.293606455617624,21.933328537975235,0.00017403280722572134,
36,robust,random20,0.25,7,0.25,123,553,26.155016036704183,25.65,27,0,0,0.0018974424929255607,27,27,25.64048842811439,25.893719806763286,25.893719806763286,0.0000014179371308209454,
36,robust,random20,0.25,7,0.25,124,537,26.924157602712512,25.95,30.75,0,0,0.07888498686880763,25.75,22,25.966290571346327,26.70646766169154,26.161437709412123,0.0028635695698946417,
36,robust,random20,0.25,7,0.25,125,555,27.054248493164778,27.5,28,0,0,0.015000324826046851,28,27,27.511446505302796,28.187725631768952,2.048323580178091,0.00021954231695497928,
36,robust,random20,0.25,7,0.25,126,543,24.997486675158143,25.25,31.75,0,0,0.11456779094890768,25,26.25,25.242782443219173,24.34288958274198,25.190651906519065,0.0001313179316203561,
36,robust,random20,0.25,7,0.25,127,540,27.593214137479663,26.85,26.75,0,0,0.006135245481762142,26.75,22.75,26.844708488451097,26.518243661100804,26.587481895202895,7.872112097739858e-7,
36,robust,random20,0.25,7,0.25,128,540,27.04141753166914,25.75,26.75,0,0,0.02273027586918064,25.75,24.25,25.761769698246518,26.557823129251698,26.082363380134662,0.00013555285812671958,
36,robust,random20,0.25,7,0.25,129,543,24.360062832012773,25.25,31.75,0,0,0.021155141492336882,25.25,25.25,25.24463428992793,26.41082410824108,25.805996075227927,5.975168115845975e-8,
36,robust,random20,0.25,7,0.25,130,542,25.557548260316253,26.15,31.75,0,0,0.03333903014186623,24.75,26.5,26.13993626613422,26.459642637091804,26.25452912827714,0.000050469673237296675,
36,robust,random20,0.25,7,0.25,131,536,23.08012385852635,23.5,30.75,0,0,0.05922148877962108,23,23,23.48641105231995,0.7888860823440262,23.838636511481667,0.0021289679482501267,
36,robust,random20,0.25,7,0.25,132,543,23.844227518886328,23.8,31.5,0,0,0.060869743317470526,31.5,18.25,23.802709194106583,24.34288958274198,23.771460249813767,0.000009665721637408531,
36,robust,random20,0.25,7,0.25,133,539,27.26158191077411,26.1,26,1,1,0.00024374053663955841,26,27.75,26.119637501622154,26.567534076827755,26.293641972942932,0.000001650985254286752,
36,robust,random20,0.25,7,0.25,134,538,26.975462272763252,26.950000000000003,32,0,0,0.14343615356464323,25.5,21,26.9392698794623,6.943567322484008,4.47501361589162,0.0011121861986675974,
36,robust,random20,0.25,7,0.25,135,541,26.611415350809693,26.8,32,0,0,0.22656900592348628,21.25,27.5,26.81058222296142,9.355991285403052,9.373221471932338,0.03534014987127432,
36,robust,random20,0.25,7,0.25,136,528,20.691588988527656,20.7,30.75,0,0,0.08905372130870493,19.5,28.75,20.694463655844388,1.3811468819348407,1.3816957547187596,0.005150503563454256,
36,robust,random20,0.25,7,0.25,137,517,21.456675002351403,21.65,31,0,0,0.040399859736818367,18.25,27.25,21.664113959808766,1.147928361400695,1.1495387065715388,0.030950423609993893,
36,robust,random20,0.25,7,0.25,138,548,27.71559066325426,28.35,31.25,0,0,0.03903139434138636,31.25,31.25,28.36042969406587,1.722884062920626,1.7193414637508098,0.001218238196444954,
36,robust,random20,0.25,7,0.25,139,544,22.740397753193974,22.3,29,0,0,0.04687610425531186,22.5,22.5,22.281372504611497,0.84811320288932,7.9835009382389,0.03738939919373385,
36,robust,random20,0.25,7,0.25,140,555,20.88981462456286,20.7,30.5,0,0,0.23898406952795814,21.25,23.75,20.70108077771231,20.670998796630563,20.822831946238555,0.0001084616984232678,
36,robust,random20,0.25,7,0.25,141,537,26.59450655244291,19.35,23.25,0,0,0.0029491603627305185,23.25,27.5,19.354913742456855,18.851624231782267,19.34959166431991,0.02979376795930022,
36,robust,random20,0.25,7,0.25,142,549,25.099161894991994,25.05,24.25,1,1,0.0004546526047966015,24.25,24.25,25.060754807178476,0.6259854014598539,0.6264160625028246,0.0003385243023729112,
36,robust,random20,0.25,7,0.25,143,546,24.620704747736454,24.9,31,0,0,0.034791330408321275,31,27.75,24.91956527531157,0.7576570218772053,0.7582836083925537,0.016511392381352907,
36,robust,random20,0.25,7,0.25,144,537,26.071668004617095,25.95,27.75,0,0,0.025340407950655175,25,27.75,25.94724029412827,26.54726368159204,0.8669231442921459,0.0009664751323729126,
36,robust,random20,0.25,7,0.25,145,539,25.276939142495394,25.2,29.5,0,0,0.0074639006883753245,29.5,20.75,25.19796507209807,1.9118936847494603,1.9147600920729229,0.0050171995756904675,
36,robust,random20,0.25,7,0.25,146,536,22.54149067774415,22.65,31.5,0,0,0.11301225159390627,22.75,20.75,22.627694130529814,22.865687583444593,22.865687583444593,0.000011091496428528025,
36,robust,random20,0.25,7,0.25,147,540,24.56452048011124,25.4,31.75,0,1,0.020878162131946265,26.25,26.25,25.37874975014618,0.6799549656692513,25.205459321442348,0.0063809432800217,
36,robust,random20,0.25,7,0.25,148,537,26.64174368418753,26.25,29.5,0,0,0.13451114283931576,19.25,27.25,26.222253612209226,26.70646766169154,97.66936744847193,0.0013751415265864653,
36,robust,random20,0.25,7,0.25,149,550,27.043197268620133,25.2,31.5,0,0,0.04167909671068715,24.5,24.5,25.193016398426025,0.6295551084283478,0.6289618973832807,0.2057217523504079,
36,robust,random20,0.25,7,0.25,150,524,21.78628409281373,21.6,31.5,0,0,0.4481091215017251,26,19,21.617677494828637,0.9520104192645552,0.952787147917749,0.00558898250270734,
36,robust,random20,0.25,7,0.25,151,530,20.974663462489843,21.1,31,0,0,0.05518120928617487,20.25,31.75,21.113459419143012,0.8390654689507284,0.8383884756725691,0.0005274438536554404,
36,robust,random20,0.25,7,0.25,152,546,25.702955957502127,25.3,32,0,0,0.014200388136926256,24.5,31.25,25.30079268938832,24.24502470007057,24.96517394858752,0.00011657428846800766,
36,robust,random20,0.25,7,0.25,153,550,22.80870148167014,22.7,31,0,0,0.14842345611483931,19.75,25.25,22.716385747993243,22.31589903721051,23.062336259908438,0.00038739538541976426,
36,robust,random20,0.25,7,0.25,154,533,27.122727086767554,27.4,30.25,0,0,0.23558376999056807,19.75,27.5,27.397163851429735,26.907268170426065,27.62671384343211,0.000642894359386692,
36,robust,random20,0.25,7,0.25,155,538,22.302961176261306,22.65,32,0,0,0.03629008239740339,22,30.25,22.652256413085805,1.4154018556055439,1.4171654741436097,0.0064640432049510865,
36,robust,random20,0.25,7,0.25,156,556,25.963041739538312,26.200000000000003,31.75,0,0,0.14579563482747893,27.5,27.25,26.19618482936113,1.5791138076852365,1.5799955016035416,0.0025683510227775264,
36,robust,random20,0.25,7,0.25,157,548,22.89692005701363,22.3,30.75,0,0,0.1535602369478668,22.5,27.75,22.31922858657749,0.9430417620545591,22.03739696590654,0.000029170534001088377,
36,robust,random20,0.25,7,0.25,158,529,23.359959166496992,22.45,31.75,0,0,0.2924592454738295,21.5,26.25,22.469514212531365,0.7625551287523119,0.7630589088417761,0.05052576627779182,
36,robust,random20,0.25,7,0.25,159,531,24.28433204255998,24.25,31.75,0,0,0.021142762635663948,23.25,23.25,24.22566175039889,24.931204644412194,24.460804556781778,0.000016558570296143493,
36,robust,random20,0.25,7,0.25,160,535,24.171278800815344,24.45,30,0,0,0.037192263859380015,23,24.5,24.46073163866674,24.707577067127627,24.47226680934546,1.4412659621321211e-8,
36,robust,random20,0.25,7,0.25,161,542,25.00897162221372,25.3,32,0,0,0.06948469358924603,23.25,23.75,25.30376811351968,24.424285511161663,25.025868898136093,0.00042610062616954547,
36,robust,random20,0.25,7,0.25,162,538,24.650979397818446,24.3,31.5,0,0,0.10129969961288698,24.25,25.25,24.282294222533743,24.606216874373303,24.54720916004627,0.0000044744369227522895,
36,robust,random20,0.25,7,0.25,163,529,22.66174395568669,22.9,32,0,0,0.2581491435977129,24,24,22.895555948954986,1.1375291375291374,1.1380265267453722,0.000565748498449592,
36,robust,random20,0.25,7,0.25,164,546,23.04769449867308,23.15,31,0,0,0.3156418532883618,23.25,27.25,23.169020107012688,24.24502470007057,23.401230336959067,0.0001670825793863573,
36,robust,random20,0.25,7,0.25,165,525,24.340954817831516,24.2,25,0,0,0.004397018463369595,25,23.75,24.190975493370512,2.6225343511450383,24.226645276166632,0.00009430858474024362,
36,robust,random20,0.25,7,0.25,166,554,21.08390454761684,20.6,30.75,0,1,0.1725228647624012,20.25,19.75,20.61113369368764,20.70837854128993,20.579755072089373,2.795944801237127e-7,
36,robust,random20,0.25,7,0.25,167,552,24.30517501756549,24.6,30.25,0,0,0.07337872717891936,24.75,24.5,24.587423053985233,23.981013541812093,24.63234971208353,0.000001401119281707608,
36,robust,random20,0.25,7,0.25,168,549,23.16825287230313,23.35,31.75,0,0,0.10068232812790023,23,22,23.363027496620706,22.389989572471325,23.219248445525817,0.000011347231855918238,
36,robust,random20,0.25,7,0.25,169,537,21.45745730213821,20.05,31.75,0,0,0.2141573786196318,28,23.75,20.047293523799503,0.9891284319145015,3.9718371735435913,0.2493248247255051,
36,robust,random20,0.25,7,0.25,170,545,25.97302429191768,25.5,27.75,0,0,0.02644226070074507,24.75,26.25,25.525715809030558,26.313725490196074,1.2312014851023874,0.0014455312354886285,
36,robust,random20,0.25,7,0.25,171,531,23.857649132609367,23.45,30.25,0,0,0.20697755951686625,22,30.25,23.463236112586635,23.150404312668464,23.842255476035568,0.000022902039005678887,
36,robust,random20,0.25,7,0.25,172,546,24.716729506850243,24.3,30.75,0,0,0.03553999207137948,24.75,23.75,24.29581515000938,24.208892025405788,24.03555866961529,0.0003161002167720861,
36,robust,random20,0.25,7,0.25,173,536,21.84526988863945,22,30.75,0,0,0.21103554374530975,23.5,26.5,21.98509775131008,21.405109034267912,21.767907492475842,0.0004076953546824358,
36,robust,random20,0.25,7,0.25,174,546,20.640472499653697,20.4,28.75,0,0,0.029228640743682255,28.75,28.75,20.386937611382095,21.012354740061163,20.54160952185205,0.000117616652143826,
36,robust,random20,0.25,7,0.25,175,525,27.607941642403603,27.6,30.25,0,0,0.06742259436110631,26.5,23.75,27.618801476752864,27.318066157760818,27.75168625550305,0.000001054568710023851,
36,robust,random20,0.25,7,0.25,176,542,26.321767136454582,26.85,32,0,0,0.13053758976986884,26.5,27.25,26.866764107465904,26.459642637091804,26.950935736454248,0.0000730085224838195,
36,robust,random20,0.25,7,0.25,177,538,22.21548381447792,22.15,32,0,0,0.2589241809253999,22.25,22.25,22.14038753362271,22.814578345304596,22.123227486355972,0.000001814561155666361,
36,robust,random20,0.25,7,0.25,178,545,25.886026304215193,26.15,32,0,0,0.1002207818743297,26,26.25,26.133364289891077,26.313725490196074,26.2453781512605,0.00009456132562957187,
36,robust,random20,0.25,7,0.25,179,543,20.442358320578933,20.35,29,0,0,0.035813665183162424,19.75,31.75,20.33429415179622,0.6904790616533616,0.6190414733299503,0.0005441050435069927,
36,robust,random20,0.25,7,0.25,180,541,25.04480674676597,24.9,29.5,0,0,0.016652814445654807,26.25,29.5,24.89844986669709,24.46951566951567,25.010610610610613,2.560755270053505e-7,
36,robust,random20,0.25,7,0.25,181,557,27.15321402810514,28.3,29.75,0,0,0.05084013913548169,19.75,19.75,28.309543095298952,0.922237732202298,0.9212065308617811,0.023855421471302152,
36,robust,random20,0.25,7,0.25,182,554,20.26189270056784,20.1,29.75,0,0,0.10700019940783045,19.75,23.75,20.077656722675407,20.70837854128993,20.141887942895984,1.3714944735454537e-9,
36,robust,random20,0.25,7,0.25,183,543,22.78369127213955,22.55,22.5,1,1,0.00036968144850335616,22.5,27.25,22.541110566756807,0.6415584803621315,0.6411123621951182,0.004633475463607484,
36,robust,random20,0.25,7,0.25,184,519,26.9935399889946,27.35,27.75,0,0,0.006998805464633717,22.5,22.5,27.362506520663494,27.63449163449163,26.864923513024777,0.0000010408051792643036,
36,robust,random20,0.25,7,0.25,185,566,20.265226805582643,19.7,32,0,1,0.18019889939812916,20,20,19.678042249691433,20.268554572271384,19.73408964440216,9.736509789526337e-7,
36,robust,random20,0.25,7,0.25,186,531,26.193928273394704,25.7,31.75,0,0,0.047308174147453586,27,20.75,25.71091357767351,24.931204644412194,25.42005179430263,0.00005374411706549065,
36,robust,random20,0.25,7,0.25,187,522,21.633175678551197,21.85,31,0,0,0.07002636580708854,31,23.75,21.830159973617118,0.7294345455471949,0.729585870050109,0.0007522598058151697,
36,robust,random20,0.25,7,0.25,188,538,21.379720212891698,20.9,31,0,1,0.03735889340242882,20.75,27.5,20.897441158597825,21.261824953445068,21.086107391846348,0.0000019161484570151543,
36,robust,random20,0.25,7,0.25,189,557,23.36571628600359,23.1,29.25,0,0,0.03247531352630151,29.25,27.25,23.079826506108404,22.067831449126412,22.832305979696613,0.0000022758510975773305,
36,robust,random20,0.25,7,0.25,190,528,26.424617113545537,26.55,32,0,0,0.17174907891081936,22.75,22.75,26.533622135134433,1.1599667762869124,1.0737514157269834,0.0103000851083771,
36,robust,random20,0.25,7,0.25,191,538,22.46642130985856,23,29.5,0,0,0.1561107172231938,22.75,22.75,22.976096323780915,22.84862995477521,22.546665682245138,0.00017859298620315212,
36,robust,random20,0.25,7,0.25,192,540,25.684107402339578,26.35,31.5,0,0,0.12538422848533815,24.75,24.75,26.32096150263924,26.557823129251698,25.94962870644441,0.0011265100710999842,
36,robust,random20,0.25,7,0.25,193,544,22.299548057839274,21.85,31.75,0,0,0.0971477366455954,23.75,23.75,21.86391517568099,1.3733685643366162,1.3718773932569892,0.005246245559834772,
36,robust,random20,0.25,7,0.25,194,546,21.47114621847868,21.6,30.5,0,0,0.24981292950070366,21,31.5,21.58293809196984,21.012354740061163,21.505181823516754,0.00020860825986823706,
36,robust,random20,0.25,7,0.25,195,527,22.150410616770387,23.05,31.25,0,0,0.15317418752516265,24.5,27.75,23.04231368105738,1.1322348964934514,1.130885098741048,0.06578921969100482,
36,robust,random20,0.25,7,0.25,196,555,27.71700556948781,26.65,30.25,0,0,0.024982836937420427,30.25,27,26.628138293237015,25.838748495788206,26.708154568997767,0.000011143291144266598,
36,robust,random20,0.25,7,0.25,197,526,21.917347678914666,21.3,31.25,0,0,0.17589932966424693,24,27.75,21.31561975177055,0.8867002193831462,0.8856501599117063,0.010271166381645713,
36,robust,random20,0.25,7,0.25,198,548,24.74038124270737,25.6,29.75,0,0,0.058408404241338974,26.75,20.5,25.593649991697674,26.130408287629493,25.532001990966222,0.002373179094159794,
36,robust,random20,0.25,7,0.25,199,541,24.928470253944397,24.5,24.75,1,1,0.0005222300248681755,24.75,24.75,24.50949527185086,24.36011396011396,24.24355839092681,1.1272276556617555e-8,
42,robust,gap25,0.25,7,1,0,504,22.044590074568987,22.2,22,1,1,2.220446049250313e-16,22,22,22.205754512411787,28.45858184227966,30.525406221886563,0,
42,robust,gap25,0.25,7,1,1,504,27.06818912923336,26.950000000000003,27.25,1,1,4.845013279464183e-13,27.25,27.25,26.945422403211662,42.687872763419485,41.8700974231241,0,
42,robust,gap25,0.25,7,1,2,504,24.891734592616558,25,25,1,1,1.3655743202889425e-14,25,25.25,24.991012346884176,34.15029821073559,36.67146116589057,0,
42,robust,gap25,0.25,7,1,3,504,25.2634183075279,25.4,25.5,1,1,4.773959005888173e-15,25.5,25,25.41977077977927,34.15029821073559,37.55359253414223,0,
42,robust,gap25,0.25,7,1,4,504,23.508677618578076,23.5,23.75,1,1,5.551115123125783e-16,23.75,23.75,23.48128277202766,34.15029821073559,33.21609552411972,0,
42,robust,gap25,0.25,7,1,5,504,21.116961538791656,21.1,21.25,1,1,9.992007221626409e-16,21.25,21.25,21.10768040605306,28.45858184227966,28.2379726807116,0,
42,robust,gap25,0.25,7,1,6,504,20.545853646472096,20.5,20.5,1,1,3.697042672001771e-14,20.25,20.5,20.50325417210877,28.45858184227966,27.04974115701829,0,
42,robust,gap25,0.25,7,1,7,504,22.129011623561382,22.1,22.25,1,1,1.7208456881689926e-14,22.25,22.25,22.088957616554943,28.45858184227966,30.18810891556737,0,
42,robust,gap25,0.25,7,1,8,504,20.024690248072147,19.95,20,1,1,1.7918999617450027e-13,20,19.75,19.973022561935583,24.393070150525425,25.957471324074557,0,
42,robust,gap25,0.25,7,1,9,504,22.876713888719678,22.95,22.75,1,1,9.103828801926284e-15,22.75,22.75,22.942767664627894,34.15029821073559,32.04720066696595,0,
42,robust,gap25,0.25,7,1,10,504,24.467785228043795,24.3,24.25,1,1,3.9886760561103074e-11,24.25,24.25,24.294034706197344,34.15029821073559,35.13857050622312,0,
42,robust,gap25,0.25,7,1,11,504,25.748748688027263,26,26,1,1,7.443157201691974e-12,25.75,25.75,25.999483162622703,42.687872763419485,39.30969578214168,0,
42,robust,gap25,0.25,7,1,12,504,25.915106810629368,25.75,26,1,1,7.404854507342407e-11,26,25.75,25.783026176477176,28.45858184227966,37.944775789706206,0,
42,robust,gap25,0.25,7,1,13,504,22.69424769282341,22.65,22.75,1,1,7.438494264988549e-14,22.75,22.75,22.631436515802456,34.15029821073559,31.58409083073812,0,
42,robust,gap25,0.25,7,1,14,504,20.03618909418583,20,20.25,1,1,4.75175454539567e-14,20.25,20,19.976131784582922,24.393070150525425,25.957471324074557,0,
42,robust,gap25,0.25,7,1,15,504,23.572865353897214,23.7,24.25,1,1,1.5798695685020903e-11,24.25,23.5,23.71020026778555,34.15029821073559,33.52176511483248,0,
42,robust,gap25,0.25,7,1,16,504,25.296371448785067,25.4,25.5,1,1,3.7414515929867775e-14,25.5,25.75,25.390467431233642,42.687872763419485,37.813478987665704,0,
42,robust,gap25,0.25,7,1,17,504,24.30117461644113,24.5,24.5,1,1,9.32920407592519e-13,24.5,24.5,24.50214374449896,34.15029821073559,35.48082930985516,0,
42,robust,gap25,0.25,7,1,18,504,24.295334823429585,24.15,24.25,1,1,4.402256337243671e-12,24.25,23.75,24.170295653076455,34.15029821073559,34.914042899154595,0,
42,robust,gap25,0.25,7,1,19,504,21.65892636217177,21.8,22,1,1,0,21.75,21.75,21.811721487624055,28.45858184227966,29.615434762697532,0,
42,robust,gap25,0.25,7,1,20,504,20.675284288823605,20.75,20.75,1,1,2.853273173286652e-14,20.75,20.5,20.741277213008868,28.45858184227966,27.457526199586404,0,
42,robust,gap25,0.25,7,1,21,504,26.567814085632563,26.35,26.25,1,1,1.5565326805244695e-13,26.25,26.25,26.329249113508936,42.687872763419485,40.17682142439481,0,
42,robust,gap25,0.25,7,1,22,504,23.628653721883893,23.55,23.75,1,1,1.3877787807814457e-14,23.75,23.75,23.543508881376844,34.15029821073559,33.317364108034724,0,
42,robust,gap25,0.25,7,1,23,504,21.763447938486934,21.7,21.5,1,1,1.7763568394002505e-15,21.5,21.5,21.713002086971876,28.45858184227966,29.455782823275978,0,
42,robust,gap25,0.25,7,1,24,504,27.663705471903086,27.55,27.25,1,1,5.4491633427744546e-11,27.25,27.75,27.532179967640722,42.687872763419485,31.493070396067402,0,
42,robust,gap25,0.25,7,1,25,504,27.073713406920433,26.9,27.25,1,1,4.216960114433732e-12,27.25,26.75,26.908851106774215,42.687872763419485,41.8700974231241,0,
42,robust,gap25,0.25,7,1,26,504,23.084862001240253,23.15,23.25,1,1,1.1102230246251565e-16,23.25,23,23.160302455309935,34.15029821073559,32.524093534033895,0,
42,robust,gap25,0.25,7,1,27,504,25.8849670663476,25.8,25.5,1,1,4.4353409833775004e-13,25.5,25.75,25.803290138072793,42.687872763419485,38.61517818881763,0,
42,robust,gap25,0.25,7,1,28,504,27.67541161365807,27.8,27.25,1,1,2.5646151868841116e-14,27.25,27.75,27.787395145274633,42.687872763419485,31.675638920102575,0,
42,robust,gap25,0.25,7,1,29,504,25.715704509988427,25.85,26,1,1,6.217248937900877e-15,26,26,25.837667444740607,42.687872763419485,38.75211144480634,0,
42,robust,gap25,0.25,7,1,30,504,22.237057445570827,22.25,22,1,1,5.551115123125783e-16,22,22,22.259164877384833,28.45858184227966,30.525406221886563,0,
42,robust,gap25,0.25,7,1,31,504,26.716935141012073,26.75,27,1,1,4.3287595730134854e-13,27,27,26.74994044121657,42.687872763419485,40.77647547550518,0,
42,robust,gap25,0.25,7,1,32,504,22.054185004904866,22,22,1,1,1.2212453270876722e-15,22,21.75,22.016918171996597,28.45858184227966,30.022240185262056,0,
42,robust,gap25,0.25,7,1,33,504,20.091271875426173,20,20,1,1,6.079581282847357e-13,20,20,19.99855259934433,24.393070150525425,26.081373335167992,0,
42,robust,gap25,0.25,7,1,34,504,23.22915806248784,23.35,23.5,1,1,1.1102230246251565e-16,23.5,23.25,23.367138477226224,34.15029821073559,33.0153940405903,0,
42,robust,gap25,0.25,7,1,35,504,26.84511347860098,26.85,26.75,1,1,1.1102230246251565e-16,26.75,26.75,26.848328846203405,42.687872763419485,41.083065516674395,0,
42,robust,gap25,0.25,7,1,36,504,22.408234415575862,22.45,22.25,1,1,2.1316282072803006e-14,22.25,22.25,22.436571041370406,34.15029821073559,31.134175006938428,0,
42,robust,gap25,0.25,7,1,37,504,25.269305447116494,25.2,25,1,1,1.1838308111578044e-12,25,25.5,25.204323460352697,42.687872763419485,37.813478987665704,0,
42,robust,gap25,0.25,7,1,38,504,25.404726706445217,25.45,25.5,1,1,1.2545520178264269e-14,25.5,25.5,25.477663806143404,34.15029821073559,37.29725401855082,0,
42,robust,gap25,0.25,7,1,39,504,26.932482074946165,26.85,27,1,1,4.835798428359794e-12,27,27.25,26.861361659065928,42.687872763419485,40.624890064815574,0,
42,robust,gap25,0.25,7,1,40,504,20.382090041413903,20.4,20.5,1,1,2.1871393585115584e-14,20.5,20.5,20.40990971987505,28.45858184227966,26.784547616263204,0,
42,robust,gap25,0.25,7,1,41,504,21.301960427314043,21.3,21.5,1,1,6.661338147750939e-16,21.5,21.5,21.324006414489865,28.45858184227966,28.758145861672077,0,
42,robust,gap25,0.25,7,1,42,504,21.866538809612393,22,22,1,1,3.035349749325178e-13,22,22,21.986980465566507,28.45858184227966,29.93998747242572,0,
42,robust,gap25,0.25,7,1,43,504,24.63359957188368,24.75,24.75,1,1,1.5543122344752192e-15,24.75,24.75,24.739272437675226,34.15029821073559,36.06632154269105,0,
42,robust,gap25,0.25,7,1,44,504,22.082067884504795,22.1,22,1,1,4.440892098500626e-16,22,22,22.10803623137235,28.45858184227966,30.35582063176497,0,
42,robust,gap25,0.25,7,1,45,504,24.86744751036167,24.95,25.25,1,1,1.0390721616460041e-10,24.5,25.25,24.954234193526304,34.15029821073559,36.67146116589057,0,
42,robust,gap25,0.25,7,1,46,504,26.825164491310716,26.85,27,1,1,2.642885910120185e-12,26.5,27,26.815223883186587,42.687872763419485,41.55169364043874,0,
42,robust,gap25,0.25,7,1,47,504,22.311717659235,22.15,22,1,1,1.1055600879217309e-12,21.75,22.5,22.17990831528085,28.45858184227966,30.525406221886563,0,
42,robust,gap25,0.25,7,1,48,504,21.63622927479446,21.6,21.25,1,1,1.1102230246251565e-16,21.25,21.75,21.61991939245689,28.45858184227966,29.29784296899568,0,
42,robust,gap25,0.25,7,1,49,504,23.840239694342017,23.85,23.75,1,1,4.9395598722412615e-11,23.5,24,23.8355653443715,34.15029821073559,33.83311277843774,0,
42,robust,gap25,0.25,7,1,50,504,26.7032243385911,26.35,26,1,1,1.0776046721616694e-11,26,25.5,26.33306611498605,42.687872763419485,39.59454865012822,0,
42,robust,gap25,0.25,7,1,51,504,22.036733841523528,22.1,22.25,1,1,3.3306690738754696e-16,22.25,22.25,22.10851665490311,28.45858184227966,30.35582063176497,0,
42,robust,gap25,0.25,7,1,52,504,24.718991259112954,24.9,24.5,1,1,2.0405899192610377e-13,24.5,24.5,24.929934511521168,34.15029821073559,36.67146116589057,0,
42,robust,gap25,0.25,7,1,53,504,26.806732032448053,26.8,26.75,1,1,1.887379141862766e-15,26.75,26.75,26.81439315061227,42.687872763419485,41.23809595258637,0,
42,robust,gap25,0.25,7,1,54,504,27.9006454218179,27.55,27.25,1,1,6.9659841228641994e-9,27.25,27.75,27.55538039755572,42.687872763419485,31.58409083073812,0,
42,robust,gap25,0.25,7,1,55,504,20.82550199702382,20.75,20.5,1,1,0,20.5,20.5,20.768746264702582,28.45858184227966,27.457526199586404,0,
42,robust,gap25,0.25,7,1,56,504,26.12319847755134,25.9,25.75,1,1,4.196643033083092e-14,25.75,26.25,25.923384276309157,28.45858184227966,39.1688008151806,0,
42,robust,gap25,0.25,7,1,57,504,26.708352454006672,26.75,27,1,1,1.0490275315078179e-11,27,27,26.76184378338976,42.687872763419485,40.92919635743591,0,
42,robust,gap25,0.25,7,1,58,504,26.570149337872863,26.55,26.5,1,1,6.850742195751991e-12,26.5,26.5,26.558634194767734,42.687872763419485,40.47442750901996,0,
42,robust,gap25,0.25,7,1,59,504,21.235845554620028,21.2,21.25,1,1,0,21.25,21.25,21.190795445357022,28.45858184227966,28.45858184227966,0,
42,robust,gap25,0.25,7,1,60,504,25.588155129924417,25.75,25.5,1,1,9.765521724602877e-12,25.5,26,25.761831542314642,42.687872763419485,38.34419448222943,0,
42,robust,gap25,0.25,7,1,61,504,27.60927304252982,27.85,28,1,1,1.4367507183976613e-11,28,28,27.848591998439126,42.687872763419485,44.06490091707818,0,
42,robust,gap25,0.25,7,1,62,504,20.839989874511957,20.85,20.75,1,1,3.909095269705176e-13,20.75,21,20.86245773001998,28.45858184227966,27.666064373254148,0,
42,robust,gap25,0.25,7,1,63,504,26.593584071844816,26.5,26.5,1,1,3.042011087472929e-14,26.5,26.75,26.48105264345398,42.687872763419485,40.325075377990366,0,
42,robust,gap25,0.25,7,1,64,504,23.91426620259881,23.85,24,1,1,1.354472090042691e-14,23.75,23.75,23.84071820240119,34.15029821073559,33.93818455725276,0,
42,robust,gap25,0.25,7,1,65,504,21.87498084641993,21.7,21.75,1,1,1.4432899320127035e-15,21.75,21.75,21.690193956291854,28.45858184227966,29.29784296899568,0,
42,robust,gap25,0.25,7,1,66,504,27.97038248926401,27.85,28,1,1,1.787459069646502e-14,28,27.5,27.83606856825318,42.687872763419485,44.4231521440463,0,
42,robust,gap25,0.25,7,1,67,504,23.270024286583066,23.35,23.5,1,1,2.5868196473766147e-14,23,23,23.35193598619511,34.15029821073559,32.81710338569186,0,
42,robust,gap25,0.25,7,1,68,504,20.823823926970363,20.9,20.75,1,1,0,20.75,20.75,20.90172543779835,28.45858184227966,27.806858593983176,0,
42,robust,gap25,0.25,7,1,69,504,23.796269305050373,23.55,24,1,1,2.862242665102599e-10,24,24,23.566366904192098,34.15029821073559,33.62490900749351,0,
42,robust,gap25,0.25,7,1,70,504,27.063819775357842,27.15,27.25,1,1,4.738431869100168e-12,27.25,27.25,27.134380169148134,42.687872763419485,42.3569590210674,0,
42,robust,gap25,0.25,7,1,71,504,24.183526864275336,24,24.25,1,1,1.0549727758046856e-10,24.25,24.25,24.009287808384,34.15029821073559,34.69236643630282,0,
42,robust,gap25,0.25,7,1,72,504,23.983166424557567,24.1,24.5,1,1,2.772226892489016e-11,24,24.5,24.10122064204087,34.15029821073559,34.80285167973054,0,
42,robust,gap25,0.25,7,1,73,504,21.793147429823875,21.8,22,1,1,2.3314683517128287e-15,21.75,21.75,21.815323443308504,28.45858184227966,29.615434762697532,0,
42,robust,gap25,0.25,7,1,74,504,22.23074291087687,22.4,22.25,1,1,1.0099032721200274e-11,22.25,22.25,22.377859436985023,28.45858184227966,30.610911561443668,0,
42,robust,gap25,0.25,7,1,75,504,20.042995426803827,20,20,1,1,2.4646951146678475e-14,20,20.25,19.988027796516484,24.393070150525425,26.143768965156433,0,
42,robust,gap25,0.25,7,1,76,504,25.628324184566736,25.4,25.25,1,1,1.1102230246251565e-15,25.25,25.25,25.429620177122715,28.45858184227966,38.07698755203968,0,
42,robust,gap25,0.25,7,1,77,504,25.077632358297706,25.2,24.75,1,1,8.298361997560733e-12,24.75,25.5,25.177840217188933,34.15029821073559,37.044391279441996,0,
42,robust,gap25,0.25,7,1,78,504,27.21373350545764,27.05,27.25,1,1,0,27.25,27.25,27.0787222201592,42.687872763419485,42.03113625936688,0,
42,robust,gap25,0.25,7,1,79,504,26.79463604092598,26.85,26.75,1,1,2.8850255517909318e-12,26.75,26.75,26.8148218960345,42.687872763419485,41.083065516674395,0,
42,robust,gap25,0.25,7,1,80,504,25.746791157871485,25.75,25.5,1,1,6.272760089132134e-14,25.5,26.25,25.75381008873186,42.687872763419485,39.028912240840675,0,
42,robust,gap25,0.25,7,1,81,504,26.31646728515625,26.25,26.25,1,1,4.76111372549326e-11,26.25,26,26.22316723809926,42.687872763419485,39.451608041282995,0,
42,robust,gap25,0.25,7,1,82,504,21.44713020324707,21.3,21.25,1,1,1.1102230246251565e-15,21.25,21,21.30792411770835,28.45858184227966,28.532886233512766,0,
42,robust,gap25,0.25,7,1,83,504,27.391778130084276,27.450000000000003,27.75,1,1,5.873079800267078e-13,27.75,27.5,27.454728932300238,42.687872763419485,42.52177209118828,0,
42,robust,gap25,0.25,7,1,84,504,20.25813115760684,20.25,20.5,1,1,3.774758283725532e-15,20,20.25,20.235347834621084,28.45858184227966,26.46027948531571,0,
42,robust,gap25,0.25,7,1,85,504,21.659399140626192,21.55,21.5,1,1,0,21.5,21.5,21.54310380274998,28.45858184227966,29.064083583604756,0,
42,robust,gap25,0.25,7,1,86,504,23.48458343371749,23.5,23.5,1,1,2.2071233729548112e-13,23.5,23.5,23.478237095380113,34.15029821073559,33.0153940405903,0,
42,robust,gap25,0.25,7,1,87,504,20.296598250046372,20.45,20.75,1,1,3.297362383136715e-14,20.5,20.5,20.455723566241854,28.45858184227966,26.916491200579777,0,
42,robust,gap25,0.25,7,1,88,504,26.172703854739666,26.3,26,1,1,9.114486942962685e-12,26,26.5,26.31233401180998,42.687872763419485,40.624890064815574,0,
42,robust,gap25,0.25,7,1,89,504,24.285234918817878,24.45,24.75,1,1,0,24.75,24.75,24.460363849869605,34.15029821073559,35.251920733662544,0,
42,robust,gap25,0.25,7,1,90,504,24.778777465224266,24.75,24.75,1,1,1.3655743202889425e-14,24.75,24.75,24.742146758739743,34.15029821073559,36.06632154269105,0,
42,robust,gap25,0.25,7,1,91,504,24.657893477007747,24.75,25,1,1,1.6653345369377348e-15,25,25,24.764719631590296,34.15029821073559,35.94768232709009,0,
42,robust,gap25,0.25,7,1,92,504,27.06898028217256,27,27.5,1,1,8.134726225961231e-11,26.5,27.75,26.96228132383623,42.687872763419485,41.55169364043874,0,
42,robust,gap25,0.25,7,1,93,504,20.08752966672182,20.05,20.25,1,1,6.661338147750939e-16,20.25,20.25,20.052786743028545,24.393070150525425,26.143768965156433,0,
42,robust,gap25,0.25,7,1,94,504,23.932288233190775,24,23.75,1,1,6.861178292183467e-13,23.75,24.25,23.973769431653107,34.15029821073559,34.36507996048864,0,
42,robust,gap25,0.25,7,1,95,504,24.324768310412765,24.3,24.5,1,1,0,24.5,24.5,24.313143508953733,34.15029821073559,35.251920733662544,0,
42,robust,gap25,0.25,7,1,96,504,22.767089571803808,22.65,23,1,1,7.549516567451064e-15,23,22.5,22.631695820435066,34.15029821073559,31.312594347952405,0,
42,robust,gap25,0.25,7,1,97,504,20.74268987774849,20.75,20.75,1,1,2.0294876890147862e-13,20.75,20.75,20.729520661207445,28.45858184227966,27.52668873409418,0,
42,robust,gap25,0.25,7,1,98,504,20.91707707569003,20.85,20.75,1,1,8.881784197001252e-16,20.75,20.75,20.83593078741072,28.45858184227966,27.73628281074972,0,
42,robust,gap25,0.25,7,1,99,504,20.434302058070898,20.45,20.75,1,1,0,20.75,20.5,20.428907159360378,28.45858184227966,26.916491200579777,0,
42,robust,gap25,0.25,7,1,100,504,26.541517665609717,26.5,26.75,1,1,2.6645352591003757e-15,26.75,26.5,26.50833583453183,42.687872763419485,40.47442750901996,0,
42,robust,gap25,0.25,7,1,101,504,23.224500929936767,23.25,23.25,1,1,4.9960036108132044e-15,23.25,23.25,23.24159223753671,34.15029821073559,32.718848585135895,0,
42,robust,gap25,0.25,7,1,102,504,20.161376690492034,20.15,20,1,1,1.709743457922741e-13,20,20.25,20.145049222739523,24.393070150525425,26.2694601621043,0,
42,robust,gap25,0.25,7,1,103,504,24.701897140592337,25,24.75,1,1,1.4954704141700859e-13,24.75,24.75,24.978719946227912,34.15029821073559,36.79493409910906,0,
42,robust,gap25,0.25,7,1,104,504,20.595269797369838,20.55,20.75,1,1,6.17284001691587e-14,20.75,20.5,20.541485205664568,28.45858184227966,27.116862102817343,0,
42,robust,gap25,0.25,7,1,105,504,27.357406806200743,27.200000000000003,27.25,1,1,1.1102230246251565e-15,27.25,27.25,27.215347142161814,42.687872763419485,43.02399774580862,0,
42,robust,gap25,0.25,7,1,106,504,22.264427471905947,22.4,22.25,1,1,0,22.25,22.5,22.41263437539818,28.45858184227966,30.87032606620166,0,
42,robust,gap25,0.25,7,1,107,504,26.147656010463834,26.05,26,1,1,3.81439324570465e-12,26,26,26.07609746236123,28.45858184227966,39.1688008151806,0,
42,robust,gap25,0.25,7,1,108,504,23.351474003866315,23.5,23.25,1,1,0,23.25,23.25,23.482278632185754,34.15029821073559,33.115440689198145,0,
42,robust,gap25,0.25,7,1,109,504,25.954967161640525,25.9,25.75,1,1,6.039613253960852e-14,25.75,25.75,25.922044532416184,42.687872763419485,39.1688008151806,0,
42,robust,gap25,0.25,7,1,110,504,23.44717281498015,23.45,23.5,1,1,7.16093850883226e-14,23.5,23.75,23.433712840989706,34.15029821073559,33.21609552411972,0,
42,robust,gap25,0.25,7,1,111,504,27.824691031128168,27.75,28,1,1,3.68594044175552e-14,28,27.75,27.72132737423312,42.687872763419485,43.538228794563295,0,
42,robust,gap25,0.25,7,1,112,504,24.356543881818652,24.25,24,1,1,5.4511950509095186e-14,24,24,24.23663033634947,34.15029821073559,34.80285167973054,0,
42,robust,gap25,0.25,7,1,113,504,24.2922807559371,24.45,24.75,1,1,7.144163038930174e-11,24.25,24.75,24.437248356012134,34.15029821073559,35.13857050622312,0,
42,robust,gap25,0.25,7,1,114,504,26.601160667836666,26.65,26.25,1,1,1.63202784619898e-14,26.25,26.5,26.63499723568891,42.687872763419485,40.624890064815574,0,
42,robust,gap25,0.25,7,1,115,504,27.956415669992566,27.85,28.5,1,1,9.335884176842058e-9,27,27,27.799734544137547,42.687872763419485,44.24330132564935,0,
42,robust,gap25,0.25,7,1,116,504,21.006081450730562,21.05,20.75,1,1,1.5543122344752192e-15,20.75,21,21.060268520767906,28.45858184227966,28.2379726807116,0,
42,robust,gap25,0.25,7,1,117,504,22.243066400289536,22.15,22.25,1,1,1.780353642288901e-12,22.25,22.25,22.140174132455385,28.45858184227966,30.18810891556737,0,
42,robust,gap25,0.25,7,1,118,504,22.729558380320668,22.75,22.75,1,1,7.382983113757291e-14,22.75,22.75,22.75518187331577,34.15029821073559,31.58409083073812,0,
42,robust,gap25,0.25,7,1,119,504,20.703174132853746,20.65,20.75,1,1,1.4432899320127035e-15,20.75,20.75,20.671253094282008,28.45858184227966,27.320238568588476,0,
42,robust,gap25,0.25,7,1,120,504,24.71527505479753,24.75,24.75,1,1,0,24.75,24.75,24.72951777444186,34.15029821073559,35.94768232709009,0,
42,robust,gap25,0.25,7,1,121,504,21.31684518419206,21.2,21.25,1,1,0,21.25,20.75,21.177781875613885,28.45858184227966,28.2379726807116,0,
42,robust,gap25,0.25,7,1,122,504,21.91624701395631,21.8,21.5,1,1,2.6645352591003757e-15,21.5,21.5,21.823153469350732,28.45858184227966,29.695911487596163,0,
42,robust,gap25,0.25,7,1,123,504,23.191853173077106,23.05,23.25,1,1,7.327471962526033e-15,23.25,22.75,23.066872911458518,34.15029821073559,32.42758287072816,0,
42,robust,gap25,0.25,7,1,124,504,26.638022551313043,26.65,27,1,1,2.2237767183241886e-13,26.25,27.75,26.605200275380852,42.687872763419485,40.92919635743591,0,
42,robust,gap25,0.25,7,1,125,504,22.135134479030967,22.15,22.25,1,1,6.328271240363392e-15,22.25,22,22.15310133978668,28.45858184227966,30.35582063176497,0,
42,robust,gap25,0.25,7,1,126,504,22.087949769571424,22.15,22.25,1,1,7.41295913542217e-13,22.25,22.25,22.154967623247977,28.45858184227966,30.35582063176497,0,
42,robust,gap25,0.25,7,1,127,504,27.73427688330412,27.6,27.25,1,1,2.4023005806839137e-12,27.25,27.25,27.597142810963515,42.687872763419485,31.493070396067402,0,
42,robust,gap25,0.25,7,1,128,504,25.82906765677035,25.9,25.5,1,1,1.3766765505351941e-14,25.5,26,25.920592691396436,42.687872763419485,39.30969578214168,0,
42,robust,gap25,0.25,7,1,129,504,27.406161349266768,27.65,27.5,1,1,1.1532108601386426e-11,27.5,27.75,27.665397474064743,42.687872763419485,43.71238170974156,0,
42,robust,gap25,0.25,7,1,130,504,20.028713831678033,20,20,1,1,0,20,20,19.982547516893597,24.393070150525425,26.143768965156433,0,
42,robust,gap25,0.25,7,1,131,504,24.800103928893805,24.95,25,1,1,1.609823385706477e-14,25,25,24.974762683446112,34.15029821073559,36.79493409910906,0,
42,robust,gap25,0.25,7,1,132,504,24.835031546652317,24.9,24.75,1,1,2.341460358934455e-13,24.75,24.75,24.901558973779395,34.15029821073559,36.67146116589057,0,
42,robust,gap25,0.25,7,1,133,504,25.125633239746094,25.1,25,1,1,6.651346140529313e-13,25,25,25.099357001001948,34.15029821073559,37.170392610324456,0,
42,robust,gap25,0.25,7,1,134,504,23.036335241049528,22.95,23,1,1,1.2323475573339238e-14,22.75,23.25,22.9594392004212,34.15029821073559,32.23626969744952,0,
42,robust,gap25,0.25,7,1,135,504,22.13587653450668,22.1,22,1,1,1.1102230246251565e-16,22,22,22.124426886392595,28.45858184227966,30.271732485970606,0,
42,robust,gap25,0.25,7,1,136,504,22.906644398346543,23,22.75,1,1,1.0647038806155251e-13,22.75,23,23.000631834426535,34.15029821073559,32.04720066696595,0,
42,robust,gap25,0.25,7,1,137,504,25.123503940179944,25,24.5,1,1,3.622890876187057e-11,24.5,25.25,25.023323545545196,34.15029821073559,36.79493409910906,0,
42,robust,gap25,0.25,7,1,138,504,26.028284318745136,26,26.25,1,1,2.4946711363327267e-13,26.25,25.75,25.99691152163425,42.687872763419485,38.89001931471669,0,
42,robust,gap25,0.25,7,1,139,504,27.758025547489524,27.8,28.25,1,1,1.125474824448247e-9,27.25,27.5,27.810409992043375,42.687872763419485,31.675638920102575,0,
42,robust,gap25,0.25,7,1,140,504,22.24197830632329,22.2,22.25,1,1,3.3306690738754696e-16,22.25,22.25,22.22178867914151,28.45858184227966,30.35582063176497,0,
42,robust,gap25,0.25,7,1,141,504,23.636668702587485,23.8,24.25,1,1,1.099120794378905e-14,24.25,24.25,23.794523876098665,34.15029821073559,34.04391098889529,0,
42,robust,gap25,0.25,7,1,142,504,21.25051257573068,21.2,21,1,1,1.887379141862766e-15,21,20.75,21.196516437203417,28.45858184227966,28.2379726807116,0,
42,robust,gap25,0.25,7,1,143,504,21.333756873384118,21.3,21.5,1,1,3.234079670733081e-13,21.5,21.25,21.31398593145038,28.45858184227966,28.68266516387241,0,
42,robust,gap25,0.25,7,1,144,504,27.711617136374116,27.450000000000003,28,1,1,9.71445146547012e-14,28,27.5,27.47679079359815,42.687872763419485,43.538228794563295,0,
42,robust,gap25,0.25,7,1,145,504,20.5043828394264,20.6,20.5,1,1,1.0857981180834031e-13,20.5,20.75,20.59912897717217,28.45858184227966,27.18431698367012,0,
42,robust,gap25,0.25,7,1,146,504,25.012436166405678,25.05,25,1,1,1.7208456881689926e-14,25,25,25.02821250261845,34.15029821073559,36.67146116589057,0,
42,robust,gap25,0.25,7,1,147,504,26.606734227389097,26.65,26.75,1,1,4.54081217071689e-14,26.75,26.75,26.643438518783448,42.687872763419485,41.39430086149769,0,
42,robust,gap25,0.25,7,1,148,504,20.527647711336613,20.5,20.75,1,1,0,20.5,20.75,20.520723362505173,28.45858184227966,27.04974115701829,0,
42,robust,gap25,0.25,7,1,149,504,25.90054783783853,26,26.25,1,1,1.7763568394002505e-15,26.25,25.75,25.987721777954622,42.687872763419485,39.028912240840675,0,
42,robust,gap25,0.25,7,1,150,504,20.02108335122466,20,19.75,1,1,0,19.75,19.75,19.98079851832208,24.393070150525425,25.895960728519878,0,
42,robust,gap25,0.25,7,1,151,504,26.34815031476319,26.450000000000003,26.5,1,1,4.218847493575595e-15,26.5,26.25,26.471861718408825,42.687872763419485,40.47442750901996,0,
42,robust,gap25,0.25,7,1,152,504,26.951571963727474,26.75,27.25,1,1,6.449938361186014e-10,27.25,27.25,26.76422186246526,42.687872763419485,41.39430086149769,0,
42,robust,gap25,0.25,7,1,153,504,25.559535497799516,25.5,25.25,1,1,8.859579736508749e-14,25.25,25.25,25.481761744150386,28.45858184227966,37.944775789706206,0,
42,robust,gap25,0.25,7,1,154,504,22.126483783125877,22.2,22.25,1,1,1.8762769116165146e-14,22.25,22.25,22.203941934194955,28.45858184227966,30.610911561443668,0,
42,robust,gap25,0.25,7,1,155,504,22.896637964993715,22.9,22.75,1,1,3.219646771412954e-15,22.75,22.75,22.881504151684318,34.15029821073559,31.860336523135246,0,
42,robust,gap25,0.25,7,1,156,504,20.669221255928278,20.7,20.75,1,1,4.3298697960381105e-15,20.75,20.75,20.68489291013001,28.45858184227966,27.320238568588476,0,
42,robust,gap25,0.25,7,1,157,504,24.896141607314348,25.2,25,1,1,3.630429290524262e-13,25,25.25,25.180403290885632,34.15029821073559,37.170392610324456,0,
42,robust,gap25,0.25,7,1,158,504,22.962315315380692,22.95,23.25,1,1,3.711697615926823e-12,23.25,23.25,22.922740469823278,34.15029821073559,32.14145713951585,0,
42,robust,gap25,0.25,7,1,159,504,25.072624010965228,25.1,25.5,1,1,2.9976021664879227e-15,25.25,25.25,25.109741718868168,34.15029821073559,36.67146116589057,0,
42,robust,gap25,0.25,7,1,160,504,21.029618833214045,21.05,21.25,1,1,2.1223023338734492e-12,20.75,21.25,21.028901625121588,28.45858184227966,28.2379726807116,0,
42,robust,gap25,0.25,7,1,161,504,24.54157998599112,24.6,24.5,1,1,4.5297099404706387e-13,24.5,24.5,24.60466806751428,34.15029821073559,35.82982107355865,0,
42,robust,gap25,0.25,7,1,162,504,21.788174889981747,21.8,21.75,1,1,4.440892098500626e-16,21.75,21.75,21.807578390670113,28.45858184227966,29.615434762697532,0,
42,robust,gap25,0.25,7,1,163,504,25.465932201594114,25.4,25.5,1,1,1.1435297153639112e-14,25.25,25.5,25.42393930295789,42.687872763419485,38.07698755203968,0,
42,robust,gap25,0.25,7,1,164,504,27.312553215771914,27,27.5,1,1,9.34596844359703e-12,26.75,26.75,27.016337990791783,42.687872763419485,41.55169364043874,0,
42,robust,gap25,0.25,7,1,165,504,24.753696432337165,24.95,25,1,1,1.4710455076283324e-13,25,25,24.971184022024808,34.15029821073559,36.67146116589057,0,
42,robust,gap25,0.25,7,1,166,504,21.287846414372325,21.3,21.5,1,1,1.0769163338864018e-14,21.5,21.5,21.312776076820253,28.45858184227966,28.60757965297222,0,
42,robust,gap25,0.25,7,1,167,504,22.18010650202632,22,21.75,1,1,6.661338147750939e-16,21.75,21.75,22.018745807206862,28.45858184227966,30.022240185262056,0,
42,robust,gap25,0.25,7,1,168,504,27.055931139737368,26.9,27.25,1,1,1.48991929904696e-12,27.25,27.25,26.883891314402568,42.687872763419485,41.55169364043874,0,
42,robust,gap25,0.25,7,1,169,504,21.78005707450211,21.8,22,1,1,1.9984014443252818e-15,22,22,21.796726720735148,28.45858184227966,29.53539304712267,0,
42,robust,gap25,0.25,7,1,170,504,21.941463813185692,22.05,22,1,1,0,22,22,22.038956960717787,28.45858184227966,30.022240185262056,0,
42,robust,gap25,0.25,7,1,171,504,20.49164674989879,20.45,20.5,1,1,0,20.5,20.5,20.469105855343006,28.45858184227966,26.98295167267997,0,
42,robust,gap25,0.25,7,1,172,504,26.61968556791544,26.6,26.75,1,1,5.10702591327572e-15,26.75,26.75,26.561666458162065,42.687872763419485,40.77647547550518,0,
42,robust,gap25,0.25,7,1,173,504,21.471310703083873,21.55,21.75,1,1,5.157985150106015e-12,21.25,21.5,21.558726110365217,28.45858184227966,29.21950649046895,0,
42,robust,gap25,0.25,7,1,174,504,21.660475166514516,21.85,22,1,1,4.6074255521944e-12,22,21.75,21.847712298896788,28.45858184227966,29.695911487596163,0,
42,robust,gap25,0.25,7,1,175,504,22.475633980706334,22.45,22.5,1,1,1.50712775592865e-12,22.5,22.5,22.448916145056135,28.45858184227966,30.78336740122645,0,
42,robust,gap25,0.25,7,1,176,504,22.22276328317821,22.1,22.25,1,1,3.3306690738754696e-16,22.25,22.25,22.11324539085274,28.45858184227966,30.18810891556737,0,
42,robust,gap25,0.25,7,1,177,504,25.144080948084593,25.4,25.5,1,1,1.230682222796986e-12,25.5,25.5,25.41651990378767,42.687872763419485,38.479209251533064,0,
42,robust,gap25,0.25,7,1,178,504,21.517835034057498,21.55,21.5,1,1,7.771561172376096e-16,21.5,21.5,21.558375490190418,28.45858184227966,29.064083583604756,0,
42,robust,gap25,0.25,7,1,179,504,27.558206167072058,27.4,27,1,1,5.943423531107328e-11,27,27.5,27.402851156967504,42.687872763419485,43.02399774580862,0,
42,robust,gap25,0.25,7,1,180,504,22.16555656865239,22.05,22.25,1,1,3.885780586188048e-15,22.25,22,22.06376506308464,28.45858184227966,30.104946081089228,0,
42,robust,gap25,0.25,7,1,181,504,24.663792371749878,24.35,24.75,1,1,2.605360371887855e-12,24.75,24.5,24.371743469723587,34.15029821073559,35.366004619532,0,
42,robust,gap25,0.25,7,1,182,504,26.404568873345852,26.450000000000003,26.25,1,1,1.5309975509580909e-13,26.25,26.25,26.44472261933466,42.687872763419485,40.77647547550518,0,
42,robust,gap25,0.25,7,1,183,504,25.38954764790833,25.4,25.75,1,1,2.0539125955565396e-13,25.25,25.75,25.397896703717198,28.45858184227966,37.68308768081169,0,
42,robust,gap25,0.25,7,1,184,504,21.077969340607524,20.9,20.75,1,1,1.7682522113204868e-12,20.75,20.75,20.877617891602213,28.45858184227966,27.73628281074972,0,
42,robust,gap25,0.25,7,1,185,504,26.53933659568429,26.55,26.5,1,1,7.438494264988549e-15,26.5,26.5,26.531601061981938,42.687872763419485,40.92919635743591,0,
42,robust,gap25,0.25,7,1,186,504,22.05694917589426,21.85,21.75,1,1,6.328271240363392e-14,21.75,22,21.8637138773146,28.45858184227966,29.776826777753104,0,
42,robust,gap25,0.25,7,1,187,504,20.131633473560214,20.1,20,1,1,3.3306690738754696e-16,20,20,20.10685515003088,28.45858184227966,26.332760066109373,0,
42,robust,gap25,0.25,7,1,188,504,26.986983885988593,27.05,27,1,1,2.3314683517128287e-15,27,27,27.075956496214932,42.687872763419485,41.55169364043874,0,
42,robust,gap25,0.25,7,1,189,504,22.063735462725163,21.95,22,1,1,3.7192471324942744e-14,22,22,21.97319192989442,28.45858184227966,29.858184227965545,0,
42,robust,gap25,0.25,7,1,190,504,23.388215389102697,23.2,23.25,1,1,2.7755575615628914e-15,23.25,23.25,23.20208611045276,34.15029821073559,32.524093534033895,0,
42,robust,gap25,0.25,7,1,191,504,23.802615627646446,23.7,23.75,1,1,0,23.5,24,23.708195505071053,34.15029821073559,33.93818455725276,0,
42,robust,gap25,0.25,7,1,192,504,24.002120735123754,24,24,1,1,1.7852386235972517e-12,24,24,24.014658567889498,34.15029821073559,34.36507996048864,0,
42,robust,gap25,0.25,7,1,193,504,23.181390307843685,23.15,23.25,1,1,1.4432899320127035e-14,23.25,23.25,23.12410781246799,34.15029821073559,32.62118038040415,0,
42,robust,gap25,0.25,7,1,194,504,25.235879849642515,25.2,25.25,1,1,2.55351295663786e-15,25.25,25.25,25.231966408622686,34.15029821073559,37.68308768081169,0,
42,robust,gap25,0.25,7,1,195,504,27.797570649534464,28.200000000000003,28.25,1,1,1.6625867349517875e-10,28.25,28.25,28.180422586546406,34.15029821073559,32.524093534033895,0,
42,robust,gap25,0.25,7,1,196,504,24.01271459646523,23.95,24,1,1,5.306866057708248e-14,24,24,23.968116647405747,34.15029821073559,34.582580466567684,0,
42,robust,gap25,0.25,7,1,197,504,21.504132710397243,21.55,21.75,1,1,0,21.75,21.75,21.549325595924923,28.45858184227966,29.14158780649437,0,
42,robust,gap25,0.25,7,1,198,504,22.891872730106115,23.15,23.5,1,1,1.4654943925052066e-14,23.5,23.25,23.145536672537666,34.15029821073559,32.42758287072816,0,
42,robust,gap25,0.25,7,1,199,504,24.1424919962883,24.1,24,1,1,1.0103029524088925e-14,24,24,24.119244368272557,34.15029821073559,34.80285167973054,0,
