cell,block,cond,dt,days,snr,rep,n,tau,LS,CHI,CHI_sigPeak,CHI_sigAny,CHI_pPeak,CHI_rel,ENR,COS,FFTauto,FFTfine,COSfixTrue_p,SURR_p
3,main,cosine,0.25,3,2,0,288,24.16729987412691,23.85,23.75,1,1,6.340927782844119e-12,23.75,24.5,23.84671116877577,25.6,24.20088626292467,0,
3,main,cosine,0.25,3,2,1,288,24.837865917012095,24.75,24.5,1,1,3.499978085130806e-12,24.5,24.5,24.769129358037212,25.6,24.71191553544495,0,
3,main,cosine,0.25,3,2,2,288,23.636205833405256,23.8,23.25,1,1,1.630917623174355e-13,23.25,23.75,23.77191265675803,25.6,23.57410071942446,0,
3,main,cosine,0.25,3,2,3,288,21.385356163606048,21.45,21.5,1,1,5.10702591327572e-15,21,21.5,21.42281050599195,21.333333333333332,21.64332892998679,0,
3,main,cosine,0.25,3,2,4,288,26.911283088847995,27.05,27.5,1,1,5.276445946833519e-12,27.5,27.5,27.081394961246783,25.6,26.859016393442623,0,
3,main,cosine,0.25,3,2,5,288,24.673372376710176,24.45,24.25,1,1,8.1601392309949e-14,24.25,24.25,24.44095310385512,25.6,24.637593984962407,0,
3,main,cosine,0.25,3,2,6,288,22.564744433388114,22.75,23,1,1,1.7075230118734908e-13,22.25,23.5,22.750579704738108,21.333333333333332,22.850767085076708,0,
3,main,cosine,0.25,3,2,7,288,27.744671132415533,27.75,28,1,1,5.758338250672068e-11,28,28,27.843587425739347,25.6,28.346020761245676,0,
3,main,cosine,0.25,3,2,8,288,22.433271255344152,22.35,22.25,1,1,8.359979375427429e-14,22.25,22.25,22.34167451367133,21.333333333333332,22.382513661202186,0,
3,main,cosine,0.25,3,2,9,288,23.727637903764844,23.8,23.5,1,1,2.8632651805082787e-13,23.5,23,23.81078385828938,25.6,23.57410071942446,0,
3,main,cosine,0.25,3,2,10,288,25.54201458208263,25.4,25.25,1,1,4.078415383190759e-11,25.25,23.75,25.470963341404754,25.6,25.12883435582822,0,
3,main,cosine,0.25,3,2,11,288,27.876620445400476,28.05,28.75,1,1,1.495401580342559e-10,27.25,28.25,28.114628135631442,32,28.643356643356643,0,
3,main,cosine,0.25,3,2,12,288,20.890418615192175,20.8,21,1,1,9.325873406851315e-15,20.25,21.25,20.79788673520472,21.333333333333332,21.05912596401028,0,
3,main,cosine,0.25,3,2,13,288,23.29194337502122,23.15,22.75,1,1,6.8833827526759706e-15,22.75,24,23.1687171322826,25.6,23.43919885550787,0,
3,main,cosine,0.25,3,2,14,288,23.300366260111332,23,23,1,1,1.099120794378905e-14,23,23,22.947756172513596,21.333333333333332,22.850767085076708,0,
3,main,cosine,0.25,3,2,15,288,20.163474712520838,20.25,20.5,1,1,5.084821452783217e-14,20,20,20.237415961249948,21.333333333333332,20.053855569155445,0,
3,main,cosine,0.25,3,2,16,288,24.041484465822577,24.05,24,1,1,2.6867397195928788e-14,23.5,23.5,24.060068723511808,25.6,24.058737151248163,0,
3,main,cosine,0.25,3,2,17,288,26.955103976652026,27.05,27.75,1,1,1.5282886067780055e-11,26.25,26.25,27.07753747493871,25.6,26.859016393442623,0,
3,main,cosine,0.25,3,2,18,288,26.38465705513954,26.35,27.25,1,1,8.785938643285363e-11,25.25,26.5,26.36131027198093,25.6,26.340836012861736,0,
3,main,cosine,0.25,3,2,19,288,26.87280410155654,27,26.75,1,1,3.6887159993170826e-11,26.5,26.5,27.02788814895461,25.6,26.81505728314239,0,
3,main,cosine,0.25,3,2,20,288,22.457886703312397,22.45,22,1,1,1.2889689315898067e-13,22,22,22.45321583234133,21.333333333333332,22.505494505494507,0,
3,main,cosine,0.25,3,2,21,288,21.430847888812423,21.6,21.5,1,1,2.9976021664879227e-15,21.5,21.5,21.56654596915723,21.333333333333332,21.67195767195767,0,
3,main,cosine,0.25,3,2,22,288,20.70394914224744,20.8,20.75,1,1,7.915890165577366e-14,20.75,20.75,20.78162740037992,21.333333333333332,20.557089084065243,0,
3,main,cosine,0.25,3,2,23,288,24.202549999579787,24.05,23.75,1,1,1.8551826741486366e-13,23.75,24.75,24.044318158288725,25.6,24.417287630402384,0,
3,main,cosine,0.25,3,2,24,288,27.342207780107856,27.85,27.75,1,1,5.483646869919312e-11,27.75,27.75,27.933430290937526,25.6,28.054794520547944,0,
3,main,cosine,0.25,3,2,25,288,25.58277590572834,25.5,25.75,1,1,2.6591284729704512e-11,25.75,25.75,25.51482328167259,25.6,25.68025078369906,0,
3,main,cosine,0.25,3,2,26,288,20.749032793566585,20.7,20.75,1,1,1.5543122344752192e-15,20.75,20.75,20.712778975692366,21.333333333333332,20.454431960049938,0,
3,main,cosine,0.25,3,2,27,288,27.117705458775163,27.1,27.75,1,1,7.226197418219726e-11,26.25,27.75,27.11211646134352,25.6,26.859016393442623,0,
3,main,cosine,0.25,3,2,28,288,20.197217909619212,20.2,20.25,1,1,9.325873406851315e-15,20.25,20.25,20.17991031299816,21.333333333333332,19.98048780487805,0,
3,main,cosine,0.25,3,2,29,288,26.168118616566062,26.35,26.75,1,1,7.35707050836254e-11,25.75,26.25,26.4009049273611,25.6,26.340836012861736,0,
3,main,cosine,0.25,3,2,30,288,22.740246780216694,22.95,22.5,1,1,2.9687363678476686e-13,22.5,23.25,22.927464985836718,21.333333333333332,22.818941504178273,0,
3,main,cosine,0.25,3,2,31,288,20.629832576960325,20.75,20.5,1,1,1.4654943925052066e-14,20.5,20.5,20.73873563834162,21.333333333333332,20.505632040050063,0,
3,main,cosine,0.25,3,2,32,288,24.135175893083215,24.5,24.5,1,1,3.936850845320805e-13,23.5,24.5,24.503278559199835,25.6,24.786686838124055,0,
3,main,cosine,0.25,3,2,33,288,27.569900142028928,27.55,27.75,1,1,5.665053981473989e-10,27.75,27.75,27.66108489699813,25.6,27.816638370118845,0,
3,main,cosine,0.25,3,2,34,288,22.67691474966705,22.45,22.5,1,1,2.1649348980190553e-14,22.5,22.75,22.370047978329804,21.333333333333332,22.382513661202186,0,
3,main,cosine,0.25,3,2,35,288,21.01010906137526,21,21.25,1,1,3.1086244689504383e-15,21.25,21.25,21.0133630960702,21.333333333333332,20.897959183673468,0,
3,main,cosine,0.25,3,2,36,288,21.445896666496992,21.75,21.5,1,1,1.7763568394002505e-15,21.5,21.5,21.720828620968017,21.333333333333332,21.64332892998679,0,
3,main,cosine,0.25,3,2,37,288,20.48140944354236,20.75,21,1,1,5.218048215738236e-15,20.75,21,20.73900820069566,21.333333333333332,20.871337579617833,0,
3,main,cosine,0.25,3,2,38,288,24.332751031965017,24.15,23.75,1,1,4.085620730620576e-14,23.75,24.5,24.137788715464964,25.6,24.344725111441306,0,
3,main,cosine,0.25,3,2,39,288,24.815580973401666,25,25.25,1,1,2.1272983374842624e-12,24.25,25.25,25.05548378657585,25.6,24.93759512937595,0,
3,main,cosine,0.25,3,2,40,288,27.62859227322042,28.5,28.25,1,1,1.5263013075639265e-11,28.25,27.75,28.516272529416437,25.6,28.346020761245676,0,
3,main,cosine,0.25,3,2,41,288,26.416515620425344,26.15,26.25,1,1,2.0848323067923502e-11,25.25,27,26.194100267749164,25.6,26.17252396166134,0,
3,main,cosine,0.25,3,2,42,288,20.7280250787735,20.55,20.5,1,1,6.217248937900877e-15,20.5,20.5,20.53307975171069,21.333333333333332,20.68686868686869,0,
3,main,cosine,0.25,3,2,43,288,25.84808535501361,25.75,26,1,1,2.353228722995482e-12,25.75,26,25.77402348884958,25.6,25.88309636650869,0,
3,main,cosine,0.25,3,2,44,288,21.133746162056923,20.85,20.75,1,1,1.3322676295501878e-15,20.75,20.75,20.86055040023438,21.333333333333332,20.634760705289672,0,
3,main,cosine,0.25,3,2,45,288,27.7356688529253,27.55,27.5,1,1,8.79873951475929e-12,27.5,27.5,27.57984280761557,25.6,27.30666666666667,0,
3,main,cosine,0.25,3,2,46,288,25.76590490154922,25.75,26.25,1,1,5.527511781622252e-11,25.25,26.25,25.797310905656783,25.6,25.72056514913658,0,
3,main,cosine,0.25,3,2,47,288,24.64549907296896,24.4,25,1,1,2.274846977456946e-13,24,25,24.386936458418976,25.6,24.637593984962407,0,
3,main,cosine,0.25,3,2,48,288,26.49559385329485,26.450000000000003,26,1,1,9.856337968017215e-12,25.5,26,26.54748075681353,25.6,26.468497576736674,0,
3,main,cosine,0.25,3,2,49,288,23.097214253619313,23.2,23.75,1,1,1.4477308241112041e-13,22.75,23.5,23.17096308569283,21.333333333333332,23.108603667136812,0,
3,main,cosine,0.25,3,2,50,288,25.873878862708807,25.8,26.75,1,1,1.2938483617830343e-10,24.75,26.75,25.89939491841793,25.6,25.761006289308177,0,
3,main,cosine,0.25,3,2,51,288,23.607994090765715,23.45,23.5,1,1,3.639311074721263e-13,23.5,23.5,23.43208621060872,21.333333333333332,23.206798866855525,0,
3,main,cosine,0.25,3,2,52,288,21.558983232825994,21.65,21.5,1,1,5.218048215738236e-15,21.5,21.5,21.61549204131968,21.333333333333332,21.64332892998679,0,
3,main,cosine,0.25,3,2,53,288,21.319270147010684,21.65,22,1,1,1.0480505352461478e-13,21.5,21.5,21.636318943914226,21.333333333333332,21.557894736842105,0,
3,main,cosine,0.25,3,2,54,288,26.677126925438643,26.75,26.5,1,1,1.1052936343958208e-11,26.5,26.75,26.78743841853039,25.6,26.640650406504065,0,
3,main,cosine,0.25,3,2,55,288,26.709743740037084,26.950000000000003,26.5,1,1,1.6374346323289046e-11,26.5,27,27.032598736389648,25.6,26.94736842105263,0,
3,main,cosine,0.25,3,2,56,288,27.491757122799754,27.35,27.75,1,1,9.787315402576269e-11,26.75,27.75,27.44603418135059,25.6,27.722504230118442,0,
3,main,cosine,0.25,3,2,57,288,23.773117177188396,23.85,24.5,1,1,4.940825526489334e-12,23.25,23.25,23.83598466778915,25.6,23.642135642135642,0,
3,main,cosine,0.25,3,2,58,288,25.82258690521121,25.7,25.75,1,1,4.220623850414995e-12,25.75,25.75,25.7322605714139,25.6,25.68025078369906,0,
3,main,cosine,0.25,3,2,59,288,23.140132158994675,23.2,22.75,1,1,9.2148511043888e-15,22.75,24,23.183064232425195,25.6,23.472779369627506,0,
3,main,cosine,0.25,3,2,60,288,21.815590487793088,21.7,22,1,1,1.7219559111936178e-13,22,21.75,21.675672011828816,21.333333333333332,21.64332892998679,0,
3,main,cosine,0.25,3,2,61,288,20.38120180927217,20.3,20.5,1,1,1.2989609388114332e-14,20.25,20.25,20.2932728470173,21.333333333333332,20.378109452736318,0,
3,main,cosine,0.25,3,2,62,288,21.585394494235516,21.5,21.5,1,1,3.186340080674199e-14,21.5,21.5,21.473685888325534,21.333333333333332,21.67195767195767,0,
3,main,cosine,0.25,3,2,63,288,26.16373899579048,25.9,26.25,1,1,3.203270981799733e-11,25.25,26.25,25.991696569366603,25.6,25.924050632911392,0,
3,main,cosine,0.25,3,2,64,288,22.12255890853703,22,22.25,1,1,1.2434497875801753e-14,22.25,22.5,21.9704588292334,21.333333333333332,21.99194630872483,0,
3,main,cosine,0.25,3,2,65,288,20.178170572966337,20.3,20.25,1,1,9.43689570931383e-15,20.25,20.25,20.275901116934467,21.333333333333332,20.053855569155445,0,
3,main,cosine,0.25,3,2,66,288,24.68363267183304,24.3,24.25,1,1,7.284173264565652e-13,24.25,24.5,24.293206163479624,25.6,24.71191553544495,0,
3,main,cosine,0.25,3,2,67,288,26.973846156150103,27.15,26.5,1,1,1.5322743074364098e-11,26.5,26.75,27.25944863305183,25.6,27.352253756260435,0,
3,main,cosine,0.25,3,2,68,288,20.547810319811106,20.75,21.25,1,1,4.296563105299356e-14,20.25,21.25,20.759786009519253,21.333333333333332,20.871337579617833,0,
3,main,cosine,0.25,3,2,69,288,21.469042379409075,21.25,21.25,1,1,5.662137425588298e-15,20.5,21.5,21.210749125769528,21.333333333333332,21.445026178010473,0,
3,main,cosine,0.25,3,2,70,288,20.46977397426963,20.25,20.25,1,1,1.787459069646502e-14,20.25,20.25,20.27270409791043,21.333333333333332,20.505632040050063,0,
3,main,cosine,0.25,3,2,71,288,25.115249633789062,25.1,25.75,1,1,2.3852031461046863e-11,24.5,25.5,25.114340344628758,25.6,25.4015503875969,0,
3,main,cosine,0.25,3,2,72,288,26.47466336004436,26.35,27.25,1,1,1.4785139779149858e-10,25.75,26,26.426249516749422,25.6,26.340836012861736,0,
3,main,cosine,0.25,3,2,73,288,26.726553477346897,26.85,26.75,1,1,3.074540622094446e-12,26.75,26.75,26.949128088504377,25.6,26.94736842105263,0,
3,main,cosine,0.25,3,2,74,288,21.640005238354206,21.45,21.25,1,1,2.6645352591003757e-15,21.25,21.75,21.43081054666062,21.333333333333332,21.614775725593667,0,
3,main,cosine,0.25,3,2,75,288,25.935831882059574,26,26.5,1,1,6.011091624458231e-11,26.5,26,26.03047591409577,25.6,26.089171974522294,0,
3,main,cosine,0.25,3,2,76,288,26.021294057369232,25.9,26.75,1,1,1.5452417123640316e-11,25.75,23.75,26.008000934102498,25.6,25.842271293375394,0,
3,main,cosine,0.25,3,2,77,288,22.06533683091402,22.1,22.25,1,1,2.0095036745715333e-14,22.25,21.5,22.075899225138926,21.333333333333332,22.05114401076716,0,
3,main,cosine,0.25,3,2,78,288,20.053449196740985,20.1,20.25,1,1,1.1102230246251565e-16,20.25,20.25,20.13641473746594,21.333333333333332,20.127764127764127,0,
3,main,cosine,0.25,3,2,79,288,27.98309519328177,28.25,29.5,1,1,2.8041108324217134e-9,28,29.5,28.299798755218816,25.6,28.444444444444443,0,
3,main,cosine,0.25,3,2,80,288,23.442078057676554,23.65,24.25,1,1,1.2994050280212832e-12,23,24.25,23.624311708030888,25.6,23.57410071942446,0,
3,main,cosine,0.25,3,2,81,288,26.456724712625146,26.4,26.75,1,1,3.284028604610967e-11,25.25,26.75,26.44374249578641,25.6,26.383252818035427,0,
3,main,cosine,0.25,3,2,82,288,27.513618068769574,27.3,27.75,1,1,1.2003031901741679e-10,27.75,27.75,27.423795770337744,25.6,27.722504230118442,0,
3,main,cosine,0.25,3,2,83,288,20.4344454202801,20.3,20,1,1,2.220446049250313e-16,20,20.25,20.317536232192033,21.333333333333332,20.152521525215253,0,
3,main,cosine,0.25,3,2,84,288,21.88732459023595,21.75,22.25,1,1,6.672440377997191e-14,21.5,21.25,21.71744762335906,21.333333333333332,21.64332892998679,0,
3,main,cosine,0.25,3,2,85,288,25.075800584629178,25,24.5,1,1,6.317169010117141e-13,24.5,24.5,25.04990748011153,25.6,25.090352220520675,0,
3,main,cosine,0.25,3,2,86,288,27.41771207563579,27.5,28.25,1,1,4.400824149541904e-11,28.25,28.25,27.599651136435778,25.6,28.006837606837607,0,
3,main,cosine,0.25,3,2,87,288,25.12674655765295,25.15,25.25,1,1,2.9777291743471324e-12,24.5,24.5,25.183661338905708,25.6,25.013740458015267,0,
3,main,cosine,0.25,3,2,88,288,22.592397455126047,22.5,23,1,1,4.900524430695441e-13,21.75,23.75,22.453640981257017,21.333333333333332,22.443835616438356,0,
3,main,cosine,0.25,3,2,89,288,22.26147681288421,22.4,22.25,1,1,1.4876988529977098e-14,22.25,23.25,22.353904628669383,21.333333333333332,22.382513661202186,0,
3,main,cosine,0.25,3,2,90,288,25.06071251258254,25.4,25.75,1,1,1.463763554809816e-10,24.75,25.75,25.426634198926237,25.6,25.6,0,
3,main,cosine,0.25,3,2,91,288,24.359670378267765,24.4,24.5,1,1,2.849942504212777e-13,24,24.5,24.380444380140396,25.6,24.71191553544495,0,
3,main,cosine,0.25,3,2,92,288,23.51825036481023,23.4,23.5,1,1,3.6215475063272606e-13,23.5,23.5,23.362166873847677,21.333333333333332,23.23971631205674,0,
3,main,cosine,0.25,3,2,93,288,25.346853032708168,25.25,25.5,1,1,1.9649837312840646e-12,25.5,25.5,25.312092010662955,25.6,25.167434715821813,0,
3,main,cosine,0.25,3,2,94,288,22.224291326478124,22.45,22.5,1,1,1.0769163338864018e-14,22.5,22.25,22.38367758080476,21.333333333333332,22.382513661202186,0,
3,main,cosine,0.25,3,2,95,288,21.87800909206271,21.95,21.75,1,1,9.769962616701378e-15,21.75,22.25,21.91109834271018,21.333333333333332,22.021505376344088,0,
3,main,cosine,0.25,3,2,96,288,22.39830090291798,22.55,22.5,1,1,8.493206138382448e-14,22,22.25,22.50597551956236,21.333333333333332,22.474622770919066,0,
3,main,cosine,0.25,3,2,97,288,23.00692137144506,22.95,23.25,1,1,3.0031532816110484e-13,22.75,24,22.95093706422471,21.333333333333332,23.206798866855525,0,
3,main,cosine,0.25,3,2,98,288,24.264723578467965,24.3,24.75,1,1,4.686251386942786e-13,24.75,23.5,24.32267491742216,25.6,23.88338192419825,0,
3,main,cosine,0.25,3,2,99,288,22.263984823599458,22.25,22.75,1,1,1.6187051699034782e-13,21.5,22.25,22.226158371875975,21.333333333333332,22.230664857530527,0,
3,main,cosine,0.25,3,2,100,288,21.27730843797326,21,20.75,1,1,8.548717289613705e-15,20.75,21,21.008736639518183,21.333333333333332,21.195342820181114,0,
3,main,cosine,0.25,3,2,101,288,26.15867095068097,26.15,27,1,1,2.4055535341460654e-11,25.75,26.25,26.190594154756713,25.6,26.17252396166134,0,
3,main,cosine,0.25,3,2,102,288,20.68515489064157,20.75,20.5,1,1,1.1102230246251565e-16,20.5,20.5,20.736700422378963,21.333333333333332,20.634760705289672,0,
3,main,cosine,0.25,3,2,103,288,21.629750600084662,21.55,21.75,1,1,6.417089082333405e-14,21,21.75,21.52263442781012,21.333333333333332,21.614775725593667,0,
3,main,cosine,0.25,3,2,104,288,24.88788585551083,24.8,25.25,1,1,3.1672442446506466e-12,24.75,25.5,24.831267585458317,25.6,25.051987767584098,0,
3,main,cosine,0.25,3,2,105,288,21.142704151570797,21.2,21.25,1,1,1.0325074129013956e-14,21,21,21.17381254598696,21.333333333333332,21.16795865633075,0,
3,main,cosine,0.25,3,2,106,288,21.849391095340252,21.7,21.75,1,1,2.1302959396507504e-12,21.75,21.75,21.661913737825998,21.333333333333332,21.70066225165563,0,
3,main,cosine,0.25,3,2,107,288,26.343723176047206,26.55,27.5,1,1,6.41748876262227e-11,25.5,27.5,26.625600317961933,25.6,26.554294975688816,0,
3,main,cosine,0.25,3,2,108,288,22.860282506793737,22.9,22.5,1,1,7.105427357601002e-15,22.5,23.5,22.84087980502491,21.333333333333332,22.755555555555556,0,
3,main,cosine,0.25,3,2,109,288,21.541559353470802,21.7,21.5,1,1,9.103828801926284e-15,21.5,22.25,21.676234212900614,21.333333333333332,21.845333333333333,0,
3,main,cosine,0.25,3,2,110,288,20.404818644747138,20.4,20.75,1,1,1.7763568394002505e-15,20.75,20.25,20.38436088515528,21.333333333333332,20.302354399008674,0,
3,main,cosine,0.25,3,2,111,288,22.308197351172566,22.35,22,1,1,2.4980018054066022e-14,22,22,22.331309656644585,21.333333333333332,22.351978171896317,0,
3,main,cosine,0.25,3,2,112,288,26.389617450535297,26.55,26,1,1,1.734474786019291e-10,26,26.5,26.63430709657009,25.6,26.5974025974026,0,
3,main,cosine,0.25,3,2,113,288,21.67455520108342,21.6,21.75,1,1,2.2137847111025621e-13,21.75,21.75,21.621034551415843,21.333333333333332,21.445026178010473,0,
3,main,cosine,0.25,3,2,114,288,24.913958676159382,24.8,24.75,1,1,7.297495940861154e-13,24.75,23.25,24.877468860430685,25.6,24.526946107784433,0,
3,main,cosine,0.25,3,2,115,288,24.30168531090021,24.25,24.75,1,1,1.2443379659998755e-12,24,24.75,24.22743148299207,25.6,24.637593984962407,0,
3,main,cosine,0.25,3,2,116,288,25.902204444631934,26.05,26.25,1,1,1.9447776722358867e-12,25.5,23.75,26.179508946340835,25.6,26.006349206349206,0,
3,main,cosine,0.25,3,2,117,288,21.41386136226356,21.4,21.5,1,1,4.147793219999585e-13,21.5,21.25,21.41567668289104,21.333333333333332,21.22279792746114,0,
3,main,cosine,0.25,3,2,118,288,24.13974600099027,24.3,24.5,1,1,2.248201624865942e-13,23.75,24.5,24.292118345769435,25.6,24.236686390532544,0,
3,main,cosine,0.25,3,2,119,288,22.045547477900982,22.2,22.5,1,1,1.2045919817182948e-13,21.75,22.5,22.124926073003078,21.333333333333332,22.200542005420054,0,
3,main,cosine,0.25,3,2,120,288,27.13012309744954,27.05,27.75,1,1,5.312762452192032e-10,26.25,27.75,27.046051604654817,25.6,26.81505728314239,0,
3,main,cosine,0.25,3,2,121,288,25.961498545482755,25.65,25.75,1,1,3.405042914295109e-11,25.5,25.5,25.732443468674255,25.6,25.68025078369906,0,
3,main,cosine,0.25,3,2,122,288,20.635642698034644,20.5,20.75,1,1,6.979972155818359e-13,20,20.25,20.526406820116488,21.333333333333332,20.40348692403487,0,
3,main,cosine,0.25,3,2,123,288,26.66357741691172,26.65,26.5,1,1,2.4064750192565043e-11,26.5,26.5,26.76621758996762,25.6,26.81505728314239,0,
3,main,cosine,0.25,3,2,124,288,25.492388347163796,25.25,25,1,1,3.700373341075647e-13,25,25,25.25025871092873,25.6,25.5202492211838,0,
3,main,cosine,0.25,3,2,125,288,26.414508506655693,26.450000000000003,26.5,1,1,2.7223001630716226e-11,26.25,26.25,26.493459376865992,25.6,26.425806451612903,0,
3,main,cosine,0.25,3,2,126,288,23.97856069356203,24.15,24.25,1,1,5.990763440877345e-13,23.5,23.5,24.154337424919053,25.6,24.236686390532544,0,
3,main,cosine,0.25,3,2,127,288,23.79897642508149,23.75,24.25,1,1,1.2956302697375577e-13,23,23.5,23.73114050497915,25.6,23.848617176128094,0,
3,main,cosine,0.25,3,2,128,288,23.530369946733117,23.75,24,1,1,7.700617921102548e-12,24,23.75,23.74123077955245,25.6,23.813953488372093,0,
3,main,cosine,0.25,3,2,129,288,21.750633373856544,21.65,22,1,1,1.9984014443252818e-15,22,21.75,21.60079564552933,21.333333333333332,21.70066225165563,0,
3,main,cosine,0.25,3,2,130,288,22.99909703247249,22.95,22.75,1,1,3.574918139293004e-14,22.75,24,22.939558582950962,21.333333333333332,23.173974540311175,0,
3,main,cosine,0.25,3,2,131,288,22.431704746559262,22.2,22.5,1,1,1.27675647831893e-13,22.5,22,22.179246886574482,21.333333333333332,22.200542005420054,0,
3,main,cosine,0.25,3,2,132,288,26.712019931524992,26.65,26.25,1,1,8.191780587196718e-12,26.25,26.25,26.727300617508526,25.6,26.640650406504065,0,
3,main,cosine,0.25,3,2,133,288,22.102484222501516,22.3,22.5,1,1,2.8631541582058162e-12,21.25,22.75,22.2684126968887,21.333333333333332,22.321525885558582,0,
3,main,cosine,0.25,3,2,134,288,23.272271052002907,23.4,23.5,1,1,3.183009411600324e-13,22.75,24.25,23.37388284422884,25.6,23.710564399421127,0,
3,main,cosine,0.25,3,2,135,288,23.03149911388755,22.7,23.25,1,1,4.303224443447107e-13,22.5,24,22.688797070426638,21.333333333333332,22.818941504178273,0,
3,main,cosine,0.25,3,2,136,288,27.51394997909665,27.15,27,1,1,1.4279577520426301e-11,27,27,27.19364148013385,25.6,26.94736842105263,0,
3,main,cosine,0.25,3,2,137,288,25.18988478370011,24.95,25.25,1,1,1.2370215962675957e-11,24.5,24.5,25.010759138546405,25.6,24.93759512937595,0,
3,main,cosine,0.25,3,2,138,288,26.665544886142015,26.5,26.25,1,1,8.071099344419963e-12,26.25,27,26.560131637382916,25.6,26.468497576736674,0,
3,main,cosine,0.25,3,2,139,288,23.286463337019086,23.35,23.25,1,1,1.999511667349907e-13,23.25,23.5,23.347603499200154,25.6,23.305832147937412,0,
3,main,cosine,0.25,3,2,140,288,21.344559621065855,21.15,21,1,1,4.440892098500626e-16,21,21,21.133887346157806,21.333333333333332,21.30559167750325,0,
3,main,cosine,0.25,3,2,141,288,21.72395495325327,21.9,22,1,1,2.6423307986078726e-14,21.75,21.75,21.85613584865189,21.333333333333332,21.90374331550802,0,
3,main,cosine,0.25,3,2,142,288,25.052368484437466,24.95,25,1,1,6.728728685345686e-12,24.25,25,24.9626940583822,25.6,25.206153846153846,0,
3,main,cosine,0.25,3,2,143,288,22.734907276928425,23.05,23,1,1,2.0605739337042905e-13,22.75,23.75,22.987119138404474,21.333333333333332,22.818941504178273,0,
3,main,cosine,0.25,3,2,144,288,27.414297183975577,27.200000000000003,28,1,1,6.730300761148555e-10,26.75,28,27.29833495882681,25.6,27.44388609715243,0,
3,main,cosine,0.25,3,2,145,288,24.176226446405053,24,24,1,1,1.2079226507921703e-13,24,24,24.00828232012318,25.6,24.344725111441306,0,
3,main,cosine,0.25,3,2,146,288,23.805883657187223,23.75,24,1,1,2.488009798184976e-13,23.25,23.5,23.726761379405406,25.6,23.405714285714286,0,
3,main,cosine,0.25,3,2,147,288,23.989873353391886,23.9,23.75,1,1,1.9251267247000214e-12,23.5,23.75,23.877246019498365,25.6,23.608069164265128,0,
3,main,cosine,0.25,3,2,148,288,24.648997453972697,24.7,25,1,1,5.960787419212465e-13,25,25,24.714422973530766,25.6,24.93759512937595,0,
3,main,cosine,0.25,3,2,149,288,24.140470527112484,24,24,1,1,1.0180745135812685e-13,23.25,24,24.00119462095306,25.6,24.417287630402384,0,
3,main,cosine,0.25,3,2,150,288,25.77975353039801,25.5,25.75,1,1,7.566169912820442e-13,25.25,25.75,25.494017710183396,25.6,25.72056514913658,0,
3,main,cosine,0.25,3,2,151,288,20.19898539222777,20.15,20,1,1,1.5543122344752192e-15,19.75,20.25,20.164460291157113,21.333333333333332,20.302354399008674,0,
3,main,cosine,0.25,3,2,152,288,27.95517611131072,27.8,28,1,1,2.986311198327485e-11,28,28,27.78685375191957,25.6,27.39799331103679,0,
3,main,cosine,0.25,3,2,153,288,22.953583305701613,23.05,23.5,1,1,6.069589275625731e-13,22.75,23.75,23.006009571110216,21.333333333333332,23.01123595505618,0,
3,main,cosine,0.25,3,2,154,288,24.267571778967977,24,24.5,1,1,1.6431300764452317e-13,23.75,23.5,24.019638340625196,25.6,23.642135642135642,0,
3,main,cosine,0.25,3,2,155,288,26.788823606446385,26.700000000000003,26.5,1,1,7.610623242726433e-11,26.5,26.5,26.80412339902434,25.6,26.859016393442623,0,
3,main,cosine,0.25,3,2,156,288,22.922816740348935,23.1,23.5,1,1,4.3853809472693683e-13,22.5,23.75,23.058012980156544,21.333333333333332,22.88268156424581,0,
3,main,cosine,0.25,3,2,157,288,20.675649410113692,20.7,21,1,1,2.3314683517128287e-15,20.5,20.5,20.70010572561784,21.333333333333332,20.60880503144654,0,
3,main,cosine,0.25,3,2,158,288,24.39512063190341,24.3,23.75,1,1,5.023759186428833e-13,23.75,23.75,24.317640192730348,25.6,23.953216374269005,0,
3,main,cosine,0.25,3,2,159,288,21.7958418764174,21.85,22,1,1,5.551115123125783e-16,21.75,22,21.84881098771891,21.333333333333332,21.874499332443257,0,
3,main,cosine,0.25,3,2,160,288,22.0924004111439,22.1,22.5,1,1,3.0320190802513025e-13,21.5,21.75,22.110122627489847,21.333333333333332,22.080862533692724,0,
3,main,cosine,0.25,3,2,161,288,24.785548213869333,24.75,24.75,1,1,1.1161183088859161e-11,24.5,24.75,24.781565569622515,25.6,24.71191553544495,0,
3,main,cosine,0.25,3,2,162,288,27.767112521454692,27.6,27.25,1,1,4.1067815814699316e-11,27,28.25,27.687296955051355,25.6,27.722504230118442,0,
3,main,cosine,0.25,3,2,163,288,26.131206596270204,25.85,25.5,1,1,3.2971303465245683e-10,25.5,25.5,25.943700205379066,25.6,25.801574803149606,0,
3,main,cosine,0.25,3,2,164,288,26.793950909748673,26.4,26.5,1,1,4.269073983209637e-11,26,26,26.504750375272305,25.6,26.425806451612903,0,
3,main,cosine,0.25,3,2,165,288,23.941772928461432,23.65,23.5,1,1,4.127809205556332e-13,23,24.25,23.64134441487853,25.6,23.710564399421127,0,
3,main,cosine,0.25,3,2,166,288,22.7933926936239,22.7,23.25,1,1,3.2807090377673376e-13,21.75,22.25,22.644266528446558,21.333333333333332,22.59862068965517,0,
3,main,cosine,0.25,3,2,167,288,26.402085535228252,26.55,26,1,1,1.4570566975180554e-11,26,26,26.585996816390853,25.6,26.511326860841425,0,
3,main,cosine,0.25,3,2,168,288,24.155024787411094,24.2,24.5,1,1,6.884492975700596e-13,24.5,24.5,24.183776056096324,25.6,24.453731343283582,0,
3,main,cosine,0.25,3,2,169,288,27.124540720134974,26.75,27.75,1,1,3.998557041029471e-11,25.75,27.75,26.871063695692058,25.6,26.94736842105263,0,
3,main,cosine,0.25,3,2,170,288,27.317520163953304,27.3,27.25,1,1,3.371414258879213e-12,27.25,27.75,27.353175249977205,25.6,27.261231281198004,0,
3,main,cosine,0.25,3,2,171,288,25.040119145065546,25.35,26,1,1,8.831491093985733e-12,24.25,25.25,25.350544001218786,25.6,25.6,0,
3,main,cosine,0.25,3,2,172,288,21.98290659300983,22.1,22.25,1,1,7.771561172376096e-16,22.25,22.25,22.040141463762694,21.333333333333332,22.080862533692724,0,
3,main,cosine,0.25,3,2,173,288,24.42141840606928,24.45,24.25,1,1,1.0199618927231313e-11,24.25,24.25,24.4498390945286,25.6,24.453731343283582,0,
3,main,cosine,0.25,3,2,174,288,23.506650134921074,23.25,23.75,1,1,5.2513549064769904e-14,23,24,23.269145487634475,25.6,23.57410071942446,0,
3,main,cosine,0.25,3,2,175,288,25.50766116566956,25.7,25.25,1,1,2.058131443050115e-12,25.25,25.25,25.785796979307786,25.6,25.440993788819874,0,
3,main,cosine,0.25,3,2,176,288,20.5993741620332,20.45,20,1,1,3.297362383136715e-14,20,20.75,20.470989768205282,21.333333333333332,20.378109452736318,0,
3,main,cosine,0.25,3,2,177,288,24.38129094429314,24.4,25.5,1,1,2.12745376870771e-11,23.5,24.25,24.395359834849586,25.6,24.453731343283582,0,
3,main,cosine,0.25,3,2,178,288,22.639738572761416,22.65,22.75,1,1,8.22675261247241e-14,22.25,22.75,22.63987144230102,21.333333333333332,22.723994452149793,0,
3,main,cosine,0.25,3,2,179,288,20.386820446699858,20.4,20.5,1,1,1.3322676295501878e-15,20,20.5,20.422919987727308,21.333333333333332,20.66078184110971,0,
3,main,cosine,0.25,3,2,180,288,25.29214024171233,25.05,24.75,1,1,1.68454139526375e-12,24.75,24.75,25.048455444949937,25.6,25.362229102167184,0,
3,main,cosine,0.25,3,2,181,288,22.5932236649096,22.35,22.25,1,1,9.603429163007604e-14,21.5,23.75,22.30406836395606,21.333333333333332,22.321525885558582,0,
3,main,cosine,0.25,3,2,182,288,21.2666667252779,21.6,21.5,1,1,1.0658141036401503e-14,21.5,22.25,21.5513705896357,21.333333333333332,21.758300132802123,0,
3,main,cosine,0.25,3,2,183,288,24.564794266596437,24.4,24.5,1,1,2.761457729150152e-12,23.5,25,24.414541051191446,25.6,24.71191553544495,0,
3,main,cosine,0.25,3,2,184,288,20.286321384832263,20.25,19.75,1,1,1.5543122344752192e-15,19.75,20.5,20.263649357697517,21.333333333333332,20.454431960049938,0,
3,main,cosine,0.25,3,2,185,288,27.644050184637308,27.15,27,1,1,6.1423088837386786e-12,27,27,27.220139784324157,25.6,27.036303630363037,0,
3,main,cosine,0.25,3,2,186,288,20.94877310283482,20.8,20.75,1,1,6.328271240363392e-15,20.5,20.5,20.786295908378957,21.333333333333332,20.95140664961637,0,
3,main,cosine,0.25,3,2,187,288,22.310536228120327,22.1,21.75,1,1,2.1094237467877974e-15,21.75,21.75,22.09899122802461,21.333333333333332,22.080862533692724,0,
3,main,cosine,0.25,3,2,188,288,22.77586860768497,22.65,22.75,1,1,1.1868284133242923e-13,22.75,24,22.628927630810775,21.333333333333332,22.755555555555556,0,
3,main,cosine,0.25,3,2,189,288,22.34217237494886,22.2,22.5,1,1,6.106226635438361e-15,22.5,22.25,22.116134235199144,21.333333333333332,22.170500676589988,0,
3,main,cosine,0.25,3,2,190,288,23.219481505453587,23.25,22.75,1,1,1.6764367671839864e-14,22.75,23.5,23.197511860787504,21.333333333333332,23.07605633802817,0,
3,main,cosine,0.25,3,2,191,288,23.705663807690144,23.6,23.75,1,1,7.882583474838611e-14,23.5,24,23.608657142885153,25.6,23.953216374269005,0,
3,main,cosine,0.25,3,2,192,288,21.79991077259183,21.8,21.75,1,1,3.097522238704187e-13,21.75,22,21.776080819016357,21.333333333333332,21.70066225165563,0,
3,main,cosine,0.25,3,2,193,288,23.37352162785828,23.2,23.75,1,1,4.0734082773496993e-13,23,24.25,23.190722898663463,25.6,23.506456241033,0,
3,main,cosine,0.25,3,2,194,288,20.612471491098404,20.75,20.75,1,1,1.9984014443252818e-15,20.75,20.25,20.76661715934878,21.333333333333332,20.505632040050063,0,
3,main,cosine,0.25,3,2,195,288,24.674913248047233,24.8,24.75,1,1,1.4114265312059615e-12,24.75,23.75,24.809887361548657,25.6,24.749244712990937,0,
3,main,cosine,0.25,3,2,196,288,23.348682643845677,23.15,24.25,1,1,1.0395884153524548e-10,22.5,22.5,23.110377424680323,21.333333333333332,23.141242937853107,0,
3,main,cosine,0.25,3,2,197,288,25.686267798766494,25.8,25.75,1,1,9.803913236794415e-11,25.5,25.75,25.872528130222385,25.6,25.801574803149606,0,
3,main,cosine,0.25,3,2,198,288,22.119891963899136,22.05,22,1,1,4.440892098500626e-15,22,22,21.981777064152574,21.333333333333332,22.080862533692724,0,
3,main,cosine,0.25,3,2,199,288,25.630112217739224,25.45,25.25,1,1,1.852074049679686e-11,25.25,25.5,25.529037165462263,25.6,25.4015503875969,0,
9,main,cosine,0.25,14,0.5,0,1344,24.093102945014834,24.25,24,1,1,7.253386780092796e-10,24,30.5,24.231564268988,24.38095238095238,24.236686390532544,0,
9,main,cosine,0.25,14,0.5,1,1344,27.53346537426114,27.5,27.5,1,1,1.5399348463063234e-11,27,27.5,27.49847436054271,26.94736842105263,27.48993288590604,0,
9,main,cosine,0.25,14,0.5,2,1344,26.206804912537336,26.200000000000003,26.5,1,1,0,26.5,26.25,26.192069066098362,25.6,26.17252396166134,0,
9,main,cosine,0.25,14,0.5,3,1344,20.23424158990383,20.2,20,1,1,1.031286167574308e-12,20,20,20.182957666877957,20.48,20.177339901477833,0,
9,main,cosine,0.25,14,0.5,4,1344,21.439129821956158,21.4,21.5,1,1,3.700373341075647e-13,21.5,21.5,21.38996050188928,21.333333333333332,21.389033942558747,0,
9,main,cosine,0.25,14,0.5,5,1344,25.516928417608142,25.55,25.5,1,1,4.0523140398818214e-14,25.5,25.5,25.567000839438517,25.6,25.5600624024961,0,
9,main,cosine,0.25,14,0.5,6,1344,26.33241707086563,26.5,26.25,1,1,1.3322676295501878e-15,26.25,26.5,26.512299002830748,26.94736842105263,26.511326860841425,0,
9,main,cosine,0.25,14,0.5,7,1344,21.831497771665454,21.8,21.75,1,1,2.1094237467877974e-15,21.75,21.75,21.813009802958753,22.26086956521739,21.81624500665779,0,
9,main,cosine,0.25,14,0.5,8,1344,25.075496539473534,25.1,25,1,1,9.400202838349969e-11,25,25,25.107295445990328,25.6,25.090352220520675,0,
9,main,cosine,0.25,14,0.5,9,1344,27.50046817585826,27.4,28,1,1,1.823163842118447e-11,28,27.5,27.40070628780899,26.94736842105263,27.39799331103679,0,
9,main,cosine,0.25,14,0.5,10,1344,24.097456756979227,24.05,24,1,1,3.833044992518353e-12,24,24,24.03605529049929,24.38095238095238,24.058737151248163,0,
9,main,cosine,0.25,14,0.5,11,1344,22.633335823193192,22.75,22.75,1,1,8.40008063107689e-11,22.75,22.75,22.75524972883695,22.26086956521739,22.755555555555556,0,
9,main,cosine,0.25,14,0.5,12,1344,21.88363614305854,21.85,21.75,1,1,4.440892098500626e-15,21.75,21.75,21.870503739886875,22.26086956521739,21.874499332443257,0,
9,main,cosine,0.25,14,0.5,13,1344,21.123004553839564,21.1,21,1,1,8.804068585277491e-14,21,21,21.076135556688573,21.333333333333332,21.086229086229086,0,
9,main,cosine,0.25,14,0.5,14,1344,20.305659897625446,20.3,20.5,1,1,0,20.5,20.5,20.312927310909995,20.48,20.327543424317618,0,
9,main,cosine,0.25,14,0.5,15,1344,25.85002601519227,25.75,26,1,1,1.6653345369377348e-15,26,26,25.741842854540053,25.6,25.761006289308177,0,
9,main,cosine,0.25,14,0.5,16,1344,23.794713275507092,23.8,24,1,1,3.219646771412954e-15,24,24,23.795641058291487,23.272727272727273,23.813953488372093,0,
9,main,cosine,0.25,14,0.5,17,1344,21.85486977547407,21.85,21.75,1,1,0,21.75,22,21.863074618697663,22.26086956521739,21.874499332443257,0,
9,main,cosine,0.25,14,0.5,18,1344,21.993163546547294,22.05,22,1,1,1.1102230246251565e-16,22,22,22.053244068319753,22.26086956521739,22.05114401076716,0,
9,main,cosine,0.25,14,0.5,19,1344,24.85651911981404,24.85,24.75,1,1,1.2212453270876722e-15,24.75,24.75,24.8381841605271,24.38095238095238,24.824242424242424,0,
9,main,cosine,0.25,14,0.5,20,1344,25.432761186733842,25.6,25.75,1,1,3.107514245925813e-13,25.75,25.5,25.617777582510286,25.6,25.640062597809077,0,
9,main,cosine,0.25,14,0.5,21,1344,24.11644186452031,24.1,23.75,1,1,1.380077163659621e-10,23.75,23.75,24.108081067312302,24.38095238095238,24.094117647058823,0,
9,main,cosine,0.25,14,0.5,22,1344,24.399867981672287,24.45,24.5,1,1,2.123079489990687e-12,24.5,24.5,24.44068642081907,24.38095238095238,24.453731343283582,0,
9,main,cosine,0.25,14,0.5,23,1344,26.72485494054854,26.65,26.75,1,1,0,26.75,26.5,26.645945624576438,26.94736842105263,26.640650406504065,0,
9,main,cosine,0.25,14,0.5,24,1344,24.362637285143137,24.4,24.25,1,1,1.5607203818213122e-7,24.25,24.25,24.37807068008093,24.38095238095238,24.38095238095238,0,
9,main,cosine,0.25,14,0.5,25,1344,25.894100358709693,25.85,26,1,1,2.1292745344680952e-11,26,25.75,25.860013602309927,25.6,25.88309636650869,0,
9,main,cosine,0.25,14,0.5,26,1344,21.3383333068341,21.5,21.5,1,1,8.881784197001252e-16,21.5,21.5,21.476092849312163,21.333333333333332,21.47313237221494,0,
9,main,cosine,0.25,14,0.5,27,1344,25.07629169896245,25.15,25,1,1,7.771561172376096e-16,25,25,25.162894693704995,25.6,25.167434715821813,0,
9,main,cosine,0.25,14,0.5,28,1344,25.542196076363325,25.5,25.25,1,1,5.390132784555135e-13,25.25,25.75,25.487797218565003,25.6,25.480559875583204,0,
9,main,cosine,0.25,14,0.5,29,1344,20.348720014095306,20.4,20.5,1,1,0,20.5,20.5,20.407159243613435,20.48,20.40348692403487,0,
9,main,cosine,0.25,14,0.5,30,1344,24.63039585016668,24.6,24.5,1,1,0,24.5,24.5,24.58113375519505,24.38095238095238,24.6006006006006,0,
9,main,cosine,0.25,14,0.5,31,1344,24.412364834919572,24.4,24.5,1,1,3.552713678800501e-14,24.5,24.5,24.398260544598113,24.38095238095238,24.38095238095238,0,
9,main,cosine,0.25,14,0.5,32,1344,26.91506226360798,26.9,26.5,1,1,9.258570576875513e-10,26.5,26.75,26.880657256966927,26.94736842105263,26.859016393442623,0,
9,main,cosine,0.25,14,0.5,33,1344,23.80122253485024,23.85,23.75,1,1,4.106659456937223e-11,23.75,23.75,23.837324149272618,24.38095238095238,23.848617176128094,0,
9,main,cosine,0.25,14,0.5,34,1344,23.891234282404184,23.85,24,1,1,6.783462680459706e-14,24,23.75,23.87050107328458,24.38095238095238,23.88338192419825,0,
9,main,cosine,0.25,14,0.5,35,1344,25.892880275845528,25.9,25.75,1,1,2.6261437469088378e-11,25.75,25.75,25.913062378887787,25.6,25.924050632911392,0,
9,main,cosine,0.25,14,0.5,36,1344,20.656796211376786,20.65,20.75,1,1,0,20.75,20.75,20.646113428284885,20.48,20.634760705289672,0,
9,main,cosine,0.25,14,0.5,37,1344,20.796110743656754,20.8,20.75,1,1,4.440892098500626e-16,20.75,20.75,20.7866841572116,20.48,20.79187817258883,0,
9,main,cosine,0.25,14,0.5,38,1344,26.08878239057958,26.25,26.5,1,1,9.059419880941277e-14,26.5,26.5,26.24801790620184,26.94736842105263,26.256410256410255,0,
9,main,cosine,0.25,14,0.5,39,1344,20.53535663895309,20.6,20.75,1,1,2.886579864025407e-15,20.75,20.75,20.622988978025507,20.48,20.634760705289672,0,
9,main,cosine,0.25,14,0.5,40,1344,24.062369288876653,24.05,24,1,1,1.6889822873622506e-11,24,24,24.0588754012517,24.38095238095238,24.058737151248163,0,
9,main,cosine,0.25,14,0.5,41,1344,23.002306640148163,23,23.25,1,1,1.7541523789077473e-14,23.25,23.25,23.000528498394043,23.272727272727273,23.01123595505618,0,
9,main,cosine,0.25,14,0.5,42,1344,23.381418015807867,23.35,23.5,1,1,1.3322676295501878e-15,23.5,23.5,23.348394869586418,23.272727272727273,23.372325249643367,0,
9,main,cosine,0.25,14,0.5,43,1344,27.242613077163696,27.200000000000003,27.25,1,1,6.475708858033613e-12,27.25,27.25,27.21919086691927,26.94736842105263,27.21594684385382,0,
9,main,cosine,0.25,14,0.5,44,1344,24.436905410140753,24.5,24.5,1,1,1.1836087665528794e-12,24.5,24.5,24.47692889651501,24.38095238095238,24.490284005979074,0,
9,main,cosine,0.25,14,0.5,45,1344,23.758353646844625,23.65,23.75,1,1,0,23.75,24,23.669924129467283,23.272727272727273,23.67630057803468,0,
9,main,cosine,0.25,14,0.5,46,1344,23.293957345187664,23.35,23,1,1,4.608602388600502e-11,23,30.5,23.344672465009722,23.272727272727273,23.33903133903134,0,
9,main,cosine,0.25,14,0.5,47,1344,20.801361115649343,20.7,20.75,1,1,1.268984917146554e-13,20.75,20.75,20.697943397922074,20.48,20.68686868686869,0,
9,main,cosine,0.25,14,0.5,48,1344,20.051420908421278,20.1,20,1,1,0,20,20,20.08463143419317,20.48,20.07843137254902,0,
9,main,cosine,0.25,14,0.5,49,1344,20.137885423377156,20.2,20.25,1,1,1.1102230246251565e-16,20.25,20.25,20.18261386070258,20.48,20.177339901477833,0,
9,main,cosine,0.25,14,0.5,50,1344,20.312759406864643,20.3,20.25,1,1,5.551115123125783e-16,20.25,20.5,20.293589647146696,20.48,20.277227722772277,0,
9,main,cosine,0.25,14,0.5,51,1344,23.56325320713222,23.55,23.75,1,1,1.7495782600462917e-11,23.5,23.5,23.545214678556782,23.272727272727273,23.54022988505747,0,
9,main,cosine,0.25,14,0.5,52,1344,24.70751890540123,24.65,24.75,1,1,4.551914400963142e-15,24.75,24.75,24.63669567027353,24.38095238095238,24.637593984962407,0,
9,main,cosine,0.25,14,0.5,53,1344,24.04361853003502,24.2,24,1,1,2.886579864025407e-15,24,24,24.204845744059888,24.38095238095238,24.20088626292467,0,
9,main,cosine,0.25,14,0.5,54,1344,27.91472982428968,27.9,27.75,1,1,2.5979218776228663e-14,27.75,30.5,27.919772981212713,28.444444444444443,27.911413969335605,0,
9,main,cosine,0.25,14,0.5,55,1344,23.850850854068995,23.8,24.25,1,1,3.654292424215555e-10,24.25,23.5,23.781237563536916,23.272727272727273,23.779390420899855,0,
9,main,cosine,0.25,14,0.5,56,1344,27.291929775848985,27.450000000000003,27.5,1,1,1.1102230246251565e-16,27.5,27.5,27.43674121323536,26.94736842105263,27.44388609715243,0,
9,main,cosine,0.25,14,0.5,57,1344,24.3226766474545,24.2,24.25,1,1,4.440892098500626e-15,24.25,24,24.19677221131253,24.38095238095238,24.16519174041298,0,
9,main,cosine,0.25,14,0.5,58,1344,27.972521509975195,28.05,28,1,1,4.440892098500626e-16,28,27.75,28.03220767650689,28.444444444444443,28.054794520547944,0,
9,main,cosine,0.25,14,0.5,59,1344,23.365269534289837,23.25,23.25,1,1,1.1102230246251565e-13,23,23.25,23.251321865242147,23.272727272727273,23.272727272727273,0,
9,main,cosine,0.25,14,0.5,60,1344,27.20466572791338,27.3,27.25,1,1,3.652633751016765e-14,27.25,26.75,27.277754262750957,26.94736842105263,27.261231281198004,0,
9,main,cosine,0.25,14,0.5,61,1344,27.92095751874149,27.85,28,1,1,5.551115123125783e-16,28,28,27.872779416188802,28.444444444444443,27.86394557823129,0,
9,main,cosine,0.25,14,0.5,62,1344,24.753237379714847,24.55,24.5,1,1,1.1102230246251565e-16,24.5,24.5,24.54345698427009,24.38095238095238,24.526946107784433,0,
9,main,cosine,0.25,14,0.5,63,1344,26.109929990023375,26.1,26.25,1,1,1.2895122525335978e-8,26.25,25.75,26.11483868519897,25.6,26.089171974522294,0,
9,main,cosine,0.25,14,0.5,64,1344,20.039316665381193,20,20,1,1,0,20,20,20.019724699329263,19.692307692307693,20.029339853300733,0,
9,main,cosine,0.25,14,0.5,65,1344,22.017051052302122,22.1,22,1,1,1.100664004383134e-11,22,22.25,22.088841194858848,22.26086956521739,22.080862533692724,0,
9,main,cosine,0.25,14,0.5,66,1344,27.80389767885208,27.700000000000003,27.5,1,1,5.991122042914299e-10,27.5,27.5,27.70692502246278,28.444444444444443,27.675675675675677,0,
9,main,cosine,0.25,14,0.5,67,1344,25.13034000620246,25.1,25,1,1,8.871792189779626e-13,25,25,25.099463998957617,25.6,25.090352220520675,0,
9,main,cosine,0.25,14,0.5,68,1344,24.485635304823518,24.65,24.75,1,1,0,24.75,24.75,24.627783424746536,24.38095238095238,24.637593984962407,0,
9,main,cosine,0.25,14,0.5,69,1344,21.79117001220584,21.8,21.75,1,1,2.7766677845875165e-13,21.75,22,21.783556471605927,21.333333333333332,21.78723404255319,0,
9,main,cosine,0.25,14,0.5,70,1344,25.941390043124557,25.9,26,1,1,1.7018231268650652e-9,26,26,25.898381868009782,25.6,25.924050632911392,0,
9,main,cosine,0.25,14,0.5,71,1344,27.06466705352068,27.05,27,1,1,6.209077696439635e-11,27,27,27.063535899839597,26.94736842105263,27.08099173553719,0,
9,main,cosine,0.25,14,0.5,72,1344,21.68733859062195,21.7,21.75,1,1,0,21.75,21.5,21.690303828931754,21.333333333333332,21.67195767195767,0,
9,main,cosine,0.25,14,0.5,73,1344,22.61217388883233,22.6,22.5,1,1,1.7272794305966954e-10,22.5,22.5,22.60176151526126,22.26086956521739,22.59862068965517,0,
9,main,cosine,0.25,14,0.5,74,1344,22.263045873492956,22.25,22.25,1,1,0,22.25,22.25,22.24320640489706,22.26086956521739,22.26086956521739,0,
9,main,cosine,0.25,14,0.5,75,1344,27.472252206876874,27.450000000000003,27.5,1,1,8.089862113536128e-12,27.25,27.25,27.464119070620676,26.94736842105263,27.48993288590604,0,
9,main,cosine,0.25,14,0.5,76,1344,20.107979333028197,20.2,20.25,1,1,3.630651335129187e-12,20.25,20.25,20.204067983773,20.48,20.20221948212084,0,
9,main,cosine,0.25,14,0.5,77,1344,20.865829089656472,20.9,21,1,1,2.2426505097428162e-14,21,21,20.901980693057418,21.333333333333332,20.897959183673468,0,
9,main,cosine,0.25,14,0.5,78,1344,25.28909484669566,25.1,25,1,1,0,25,25,25.113048964028085,25.6,25.12883435582822,0,
9,main,cosine,0.25,14,0.5,79,1344,21.30475376173854,21.3,21.25,1,1,7.771561172376096e-16,21.25,21.25,21.29181530383331,21.333333333333332,21.277922077922078,0,
9,main,cosine,0.25,14,0.5,80,1344,25.287203885614872,25.25,25,1,1,2.275957200481571e-14,25,25.25,25.234066832860325,25.6,25.244992295839754,0,
9,main,cosine,0.25,14,0.5,81,1344,22.881960542872548,22.9,23,1,1,0,23,23,22.90663277197365,23.272727272727273,22.914685314685315,0,
9,main,cosine,0.25,14,0.5,82,1344,23.27617243118584,23.4,23.25,1,1,4.807265696626928e-14,23.25,23.25,23.37863112461358,23.272727272727273,23.372325249643367,0,
9,main,cosine,0.25,14,0.5,83,1344,23.499718386679888,23.45,23.75,1,1,6.09512440519211e-14,23.75,23.75,23.46835293401712,23.272727272727273,23.472779369627506,0,
9,main,cosine,0.25,14,0.5,84,1344,21.48621396906674,21.45,21.5,1,1,8.030909270928532e-12,21.5,21.5,21.455752691464347,21.333333333333332,21.47313237221494,0,
9,main,cosine,0.25,14,0.5,85,1344,27.15226079337299,27.05,27.25,1,1,4.440892098500626e-16,27.25,27.25,27.02462557533985,26.94736842105263,27.036303630363037,0,
9,main,cosine,0.25,14,0.5,86,1344,26.167918061837554,26.200000000000003,26.25,1,1,1.7763568394002505e-15,26.25,26,26.212202220498284,25.6,26.2144,0,
9,main,cosine,0.25,14,0.5,87,1344,21.35027347691357,21.25,21.25,1,1,4.718447854656915e-14,21.25,21.25,21.26443886112714,21.333333333333332,21.277922077922078,0,
9,main,cosine,0.25,14,0.5,88,1344,24.869052255526185,24.9,25,1,1,1.3677947663381929e-13,25,25,24.91909606365247,24.38095238095238,24.89969604863222,0,
9,main,cosine,0.25,14,0.5,89,1344,21.267854936420918,21.25,21.25,1,1,2.220446049250313e-16,21.25,21.25,21.249875230837414,21.333333333333332,21.250324254215304,0,
9,main,cosine,0.25,14,0.5,90,1344,26.190300287678838,26.1,26,1,1,1.2305712004945235e-12,26,26,26.122512688791993,25.6,26.130781499202552,0,
9,main,cosine,0.25,14,0.5,91,1344,26.799364734441042,26.65,27,1,1,2.923719044645168e-10,26.5,26.5,26.663454830109465,26.94736842105263,26.640650406504065,0,
9,main,cosine,0.25,14,0.5,92,1344,26.548472879454494,26.65,27,1,1,1.5954237930770887e-11,27,26.5,26.62574857653653,26.94736842105263,26.5974025974026,0,
9,main,cosine,0.25,14,0.5,93,1344,24.808202117681503,24.75,24.75,1,1,6.774580896262705e-12,24.75,24.5,24.742347268183043,24.38095238095238,24.749244712990937,0,
9,main,cosine,0.25,14,0.5,94,1344,20.345790579915047,20.4,20.25,1,1,1.1102230246251565e-16,20.25,25.75,20.385323291454814,20.48,20.40348692403487,0,
9,main,cosine,0.25,14,0.5,95,1344,27.864625038579106,27.85,28,1,1,2.369215934550084e-13,28,27.5,27.873934721920772,28.444444444444443,27.911413969335605,0,
9,main,cosine,0.25,14,0.5,96,1344,27.386065689846873,27.200000000000003,27.25,1,1,2.6645352591003757e-15,27.25,27.25,27.205900625472058,26.94736842105263,27.21594684385382,0,
9,main,cosine,0.25,14,0.5,97,1344,24.063478782773018,24.05,24.25,1,1,2.220446049250313e-16,24.25,24.25,24.065822655563352,24.38095238095238,24.094117647058823,0,
9,main,cosine,0.25,14,0.5,98,1344,22.883306551724672,22.95,23,1,1,5.627797117213618e-10,23,23.25,22.96930077089745,23.272727272727273,22.978962131837307,0,
9,main,cosine,0.25,14,0.5,99,1344,20.394847579300404,20.45,20.5,1,1,2.7911006839076435e-13,20.5,20.5,20.431601509750983,20.48,20.454431960049938,0,
9,main,cosine,0.25,14,0.5,100,1344,27.54825290478766,27.700000000000003,27.75,1,1,2.8743674107545303e-13,27.75,27.25,27.71140552065281,28.444444444444443,27.722504230118442,0,
9,main,cosine,0.25,14,0.5,101,1344,21.26120448857546,21.3,21.25,1,1,0,21.25,21.25,21.298332620339064,21.333333333333332,21.30559167750325,0,
9,main,cosine,0.25,14,0.5,102,1344,24.0824366081506,24.2,24.25,1,1,7.549516567451064e-15,24.25,23.75,24.19338448949654,24.38095238095238,24.16519174041298,0,
9,main,cosine,0.25,14,0.5,103,1344,21.85127374343574,21.85,21.75,1,1,0,21.75,21.75,21.84461426287272,22.26086956521739,21.845333333333333,0,
9,main,cosine,0.25,14,0.5,104,1344,23.33863314241171,23.3,23.5,1,1,2.220446049250313e-16,23.5,23.5,23.30746788732895,23.272727272727273,23.305832147937412,0,
9,main,cosine,0.25,14,0.5,105,1344,20.044217633083463,20.1,20.25,1,1,5.773159728050814e-15,20.25,20,20.123135594525746,20.48,20.127764127764127,0,
9,main,cosine,0.25,14,0.5,106,1344,27.28809761069715,27.200000000000003,27.25,1,1,4.61142235508305e-12,27.25,27.25,27.19935265603424,26.94736842105263,27.21594684385382,0,
9,main,cosine,0.25,14,0.5,107,1344,23.136372515931726,23.2,23.25,1,1,0,23.25,23.25,23.17720639619097,23.272727272727273,23.206798866855525,0,
9,main,cosine,0.25,14,0.5,108,1344,27.87313830666244,27.950000000000003,27.5,1,1,1.9433637032939544e-8,27.5,30.5,27.925961140318556,28.444444444444443,27.911413969335605,0,
9,main,cosine,0.25,14,0.5,109,1344,24.004668831825256,24.2,24.25,1,1,2.220446049250313e-16,24.25,24.25,24.176429171683182,24.38095238095238,24.16519174041298,0,
9,main,cosine,0.25,14,0.5,110,1344,21.467155864462256,21.5,21.5,1,1,2.220446049250313e-16,21.5,21.5,21.514150248633307,21.333333333333332,21.529566360052563,0,
9,main,cosine,0.25,14,0.5,111,1344,22.630160244181752,22.7,22.5,1,1,1.4166445794216997e-13,22.5,22.75,22.67815383141978,22.26086956521739,22.69252077562327,0,
9,main,cosine,0.25,14,0.5,112,1344,20.407024124637246,20.4,20.5,1,1,3.4325264852697046e-10,20.5,30.5,20.41458919927462,20.48,20.40348692403487,0,
9,main,cosine,0.25,14,0.5,113,1344,22.61064177379012,22.65,22.5,1,1,4.7560066995799843e-11,22.5,22.5,22.63404497724825,22.26086956521739,22.629834254143645,0,
9,main,cosine,0.25,14,0.5,114,1344,25.347154343500733,25.2,25.25,1,1,0,25.25,25.25,25.17710756257904,25.6,25.167434715821813,0,
9,main,cosine,0.25,14,0.5,115,1344,21.481712320819497,21.65,21.5,1,1,1.5987211554602254e-14,21.5,21.75,21.62992914270512,21.333333333333332,21.614775725593667,0,
9,main,cosine,0.25,14,0.5,116,1344,27.941027807071805,27.9,27.75,1,1,2.3363533330211794e-12,27.75,28,27.901432273025193,28.444444444444443,27.911413969335605,0,
9,main,cosine,0.25,14,0.5,117,1344,27.802469251677394,27.85,28,1,1,5.10702591327572e-15,28,27.75,27.836965078938032,28.444444444444443,27.816638370118845,0,
9,main,cosine,0.25,14,0.5,118,1344,22.913126731291413,22.9,22.75,1,1,2.0637014319646596e-10,22.75,30.5,22.909818846380684,23.272727272727273,22.914685314685315,0,
9,main,cosine,0.25,14,0.5,119,1344,22.59667569771409,22.55,22.5,1,1,5.551115123125783e-16,22.5,22.25,22.54137991718114,22.26086956521739,22.536451169188446,0,
9,main,cosine,0.25,14,0.5,120,1344,20.807208217680454,20.75,20.75,1,1,5.218048215738236e-15,20.75,20.75,20.7381389268994,20.48,20.739240506329114,0,
9,main,cosine,0.25,14,0.5,121,1344,21.46148780360818,21.5,21.5,1,1,1.4210854715202004e-14,21.5,21.5,21.49438023274299,21.333333333333332,21.47313237221494,0,
9,main,cosine,0.25,14,0.5,122,1344,27.284723361954093,27.35,27.25,1,1,2.4424906541753444e-15,27.25,27.25,27.336621299304124,26.94736842105263,27.352253756260435,0,
9,main,cosine,0.25,14,0.5,123,1344,25.057539017871022,25,25.25,1,1,3.6665759317600077e-10,25.25,25,25.00752302051646,25.6,25.013740458015267,0,
9,main,cosine,0.25,14,0.5,124,1344,25.24062673188746,25.3,25.5,1,1,4.245381823864136e-12,25,25.5,25.28749795128936,25.6,25.28395061728395,0,
9,main,cosine,0.25,14,0.5,125,1344,21.92656589113176,21.85,21.75,1,1,6.172440336627005e-11,21.75,21.75,21.872892410058075,22.26086956521739,21.874499332443257,0,
9,main,cosine,0.25,14,0.5,126,1344,27.60334729216993,27.55,27.25,1,1,5.176969963827105e-13,27.25,27.75,27.5473355834382,26.94736842105263,27.536134453781514,0,
9,main,cosine,0.25,14,0.5,127,1344,20.094977164641023,20.1,20.25,1,1,2.886579864025407e-15,20.25,20,20.075854878153777,20.48,20.07843137254902,0,
9,main,cosine,0.25,14,0.5,128,1344,21.901090018451214,21.8,21.75,1,1,3.3306690738754696e-16,21.75,21.75,21.819643774490647,22.26086956521739,21.81624500665779,0,
9,main,cosine,0.25,14,0.5,129,1344,23.84731130488217,23.95,23.75,1,1,0,23.75,24,23.95446905464666,24.38095238095238,23.988286969253295,0,
9,main,cosine,0.25,14,0.5,130,1344,27.350309832021594,27.35,27.25,1,1,0,27.25,27.25,27.337481453088255,26.94736842105263,27.352253756260435,0,
9,main,cosine,0.25,14,0.5,131,1344,20.38111099600792,20.4,20.25,1,1,4.1600056732704616e-13,20.25,30.5,20.41522591090886,20.48,20.428927680798004,0,
9,main,cosine,0.25,14,0.5,132,1344,25.775441508740187,25.8,25.75,1,1,0,25.75,25.75,25.818418308610397,25.6,25.842271293375394,0,
9,main,cosine,0.25,14,0.5,133,1344,25.871837705373764,25.75,26,1,1,5.025979632478084e-13,26,19.75,25.77171541977465,25.6,25.761006289308177,0,
9,main,cosine,0.25,14,0.5,134,1344,20.383560998365283,20.45,20.5,1,1,6.106226635438361e-15,20.5,20.5,20.4523364359742,20.48,20.454431960049938,0,
9,main,cosine,0.25,14,0.5,135,1344,21.035406025126576,20.95,21,1,1,1.0718426146638649e-11,21,21,20.97040229607808,21.333333333333332,20.95140664961637,0,
9,main,cosine,0.25,14,0.5,136,1344,27.742670211941004,27.8,27.75,1,1,0,27.75,27.75,27.804955348267843,28.444444444444443,27.816638370118845,0,
9,main,cosine,0.25,14,0.5,137,1344,22.44616873562336,22.4,22.25,1,1,3.4178215813085444e-12,22.25,22.25,22.397045051203275,22.26086956521739,22.382513661202186,0,
9,main,cosine,0.25,14,0.5,138,1344,21.1258883215487,21.15,21.25,1,1,1.0880185641326534e-13,21.25,21.25,21.13279348973202,21.333333333333332,21.11340206185567,0,
9,main,cosine,0.25,14,0.5,139,1344,20.672770576551557,20.65,20.75,1,1,1.3322676295501878e-15,20.75,20.75,20.631306302551504,20.48,20.634760705289672,0,
9,main,cosine,0.25,14,0.5,140,1344,26.001159861683846,25.9,26.25,1,1,4.1197600886277996e-11,26.25,30.5,25.92261058074261,25.6,25.88309636650869,0,
9,main,cosine,0.25,14,0.5,141,1344,27.95384929701686,27.85,27.75,1,1,4.440892098500626e-16,27.75,27.75,27.85065088802329,28.444444444444443,27.86394557823129,0,
9,main,cosine,0.25,14,0.5,142,1344,26.57218573987484,26.55,27.25,1,1,1.6147301273861103e-9,26.25,26.5,26.560427902319315,26.94736842105263,26.554294975688816,0,
9,main,cosine,0.25,14,0.5,143,1344,22.125697020441294,22.1,22,1,1,1.1102230246251565e-16,22,22,22.123281687988122,22.26086956521739,22.110661268556004,0,
9,main,cosine,0.25,14,0.5,144,1344,22.76157214678824,22.75,22.75,1,1,1.1102230246251565e-16,22.75,22.75,22.742873248400638,22.26086956521739,22.755555555555556,0,
9,main,cosine,0.25,14,0.5,145,1344,22.58111268095672,22.5,22.5,1,1,1.5156742527722145e-10,22.5,19.75,22.504538980421817,22.26086956521739,22.505494505494507,0,
9,main,cosine,0.25,14,0.5,146,1344,23.99325193837285,24,24,1,1,6.819766973364949e-11,24,24,24.007871619197005,24.38095238095238,23.988286969253295,0,
9,main,cosine,0.25,14,0.5,147,1344,20.170089779421687,20.1,20,1,1,1.1102230246251565e-16,20,20,20.09536753320872,20.48,20.103067484662578,0,
9,main,cosine,0.25,14,0.5,148,1344,27.40662545710802,27.4,27.25,1,1,2.220446049250313e-16,27.25,27.25,27.377317281977934,26.94736842105263,27.39799331103679,0,
9,main,cosine,0.25,14,0.5,149,1344,22.929712066426873,22.8,22.5,1,1,6.317169010117141e-14,22.5,23,22.79929196822179,23.272727272727273,22.787204450625868,0,
9,main,cosine,0.25,14,0.5,150,1344,26.752718772739172,26.65,26.5,1,1,9.50306500158149e-12,26.5,26.75,26.628153377345168,26.94736842105263,26.640650406504065,0,
9,main,cosine,0.25,14,0.5,151,1344,22.586462147533894,22.55,22.5,1,1,0,22.5,22.25,22.5519490117796,22.26086956521739,22.536451169188446,0,
9,main,cosine,0.25,14,0.5,152,1344,21.988473987206817,22,22.25,1,1,6.607084879206582e-10,22.25,22.25,22.024274210052564,22.26086956521739,22.021505376344088,0,
9,main,cosine,0.25,14,0.5,153,1344,20.468205146491528,20.55,20.5,1,1,3.3306690738754696e-16,20.5,20.5,20.534170904738197,20.48,20.531328320802004,0,
9,main,cosine,0.25,14,0.5,154,1344,25.559699146077037,25.5,25.5,1,1,7.388534228880417e-13,25.5,25.5,25.480428320892837,25.6,25.480559875583204,0,
9,main,cosine,0.25,14,0.5,155,1344,21.559955211356282,21.7,21.75,1,1,3.127187397922171e-11,21.75,21.75,21.6907994502727,21.333333333333332,21.70066225165563,0,
9,main,cosine,0.25,14,0.5,156,1344,24.904034165665507,24.95,25,1,1,5.551115123125783e-15,25,25,24.946470561813374,24.38095238095238,24.93759512937595,0,
9,main,cosine,0.25,14,0.5,157,1344,23.81519546546042,23.75,23.75,1,1,1.5409895581797173e-13,23.75,23.5,23.758875642782716,23.272727272727273,23.779390420899855,0,
9,main,cosine,0.25,14,0.5,158,1344,26.147609351202846,26.1,26.25,1,1,2.9976021664879227e-14,26.25,26,26.125572855922755,25.6,26.089171974522294,0,
9,main,cosine,0.25,14,0.5,159,1344,22.642393920570612,22.65,22.5,1,1,1.9872992140790302e-14,22.5,22.5,22.665564226350938,22.26086956521739,22.661134163208853,0,
9,main,cosine,0.25,14,0.5,160,1344,22.263979068025947,22.25,22,1,1,4.440892098500626e-16,22,22,22.255706760514737,22.26086956521739,22.26086956521739,0,
9,main,cosine,0.25,14,0.5,161,1344,21.919890500605106,21.85,21.75,1,1,1.5432100042289676e-13,21.75,21.75,21.845130381555183,22.26086956521739,21.845333333333333,0,
9,main,cosine,0.25,14,0.5,162,1344,22.99568255804479,23.15,23.5,1,1,1.1398261778872154e-8,23,23.25,23.145543411741777,23.272727272727273,23.141242937853107,0,
9,main,cosine,0.25,14,0.5,163,1344,23.62744190171361,23.65,23.5,1,1,3.647082635893639e-13,23.5,23.5,23.64206552125993,23.272727272727273,23.642135642135642,0,
9,main,cosine,0.25,14,0.5,164,1344,22.27644752524793,22.35,22.25,1,1,2.3514523661560816e-13,22.25,22.5,22.348157773656744,22.26086956521739,22.351978171896317,0,
9,main,cosine,0.25,14,0.5,165,1344,23.658699611201882,23.7,23.75,1,1,0,23.75,23.5,23.700888733389192,23.272727272727273,23.710564399421127,0,
9,main,cosine,0.25,14,0.5,166,1344,27.997593695297837,27.950000000000003,28,1,1,0,28,28,27.942197969568802,28.444444444444443,27.959044368600683,0,
9,main,cosine,0.25,14,0.5,167,1344,27.809066712856293,27.85,28,1,1,4.440892098500626e-16,28,28,27.835865335651054,28.444444444444443,27.816638370118845,0,
9,main,cosine,0.25,14,0.5,168,1344,27.73643951676786,27.65,28,1,1,3.186340080674199e-14,27.75,28,27.636945416433445,26.94736842105263,27.675675675675677,0,
9,main,cosine,0.25,14,0.5,169,1344,25.873959563672543,26,26,1,1,5.100586619732894e-12,25.75,26,26.004299554637175,25.6,26.006349206349206,0,
9,main,cosine,0.25,14,0.5,170,1344,22.210975028574467,22.3,22.25,1,1,1.1102230246251565e-15,22.25,22.5,22.316346044255525,22.26086956521739,22.321525885558582,0,
9,main,cosine,0.25,14,0.5,171,1344,22.573765808716416,22.6,22.75,1,1,4.619638005465276e-12,22.75,22.75,22.58299826679675,22.26086956521739,22.56749311294766,0,
9,main,cosine,0.25,14,0.5,172,1344,26.891251008957624,26.9,26.5,1,1,7.072120666862247e-14,26.5,26.5,26.896880449913546,26.94736842105263,26.90311986863711,0,
9,main,cosine,0.25,14,0.5,173,1344,21.472323330119252,21.5,21.5,1,1,0,21.5,21.5,21.47968024870354,21.333333333333332,21.47313237221494,0,
9,main,cosine,0.25,14,0.5,174,1344,25.87196135148406,25.9,26,1,1,5.551115123125783e-16,26,25.75,25.915977968466105,25.6,25.88309636650869,0,
9,main,cosine,0.25,14,0.5,175,1344,24.320570331066847,24.35,24.5,1,1,1.2392753490075847e-11,24.25,24.5,24.37386319643669,24.38095238095238,24.38095238095238,0,
9,main,cosine,0.25,14,0.5,176,1344,26.595644302666187,26.55,27,1,1,4.175548795615214e-13,27,26.75,26.566924954564385,26.94736842105263,26.554294975688816,0,
9,main,cosine,0.25,14,0.5,177,1344,20.17911009117961,20.25,20.25,1,1,0,20.25,20.25,20.263555146928212,20.48,20.252163164400493,0,
9,main,cosine,0.25,14,0.5,178,1344,20.836305560544133,20.7,20.75,1,1,0,20.75,20.75,20.71544396613569,20.48,20.713021491782555,0,
9,main,cosine,0.25,14,0.5,179,1344,26.057047678157687,25.95,25.5,1,1,8.115730310009894e-13,25.5,26,25.92704553475936,25.6,25.96513470681458,0,
9,main,cosine,0.25,14,0.5,180,1344,20.92018435150385,20.95,21,1,1,0,21,21,20.95571372807806,21.333333333333332,20.95140664961637,0,
9,main,cosine,0.25,14,0.5,181,1344,26.936515191569924,27.15,27.25,1,1,1.0897172053603299e-11,27.25,27.25,27.13822370457851,26.94736842105263,27.125827814569536,0,
9,main,cosine,0.25,14,0.5,182,1344,23.102802954614162,23.15,23,1,1,1.4432899320127035e-15,23,23,23.168077815702585,23.272727272727273,23.173974540311175,0,
9,main,cosine,0.25,14,0.5,183,1344,23.525516536086798,23.45,23.75,1,1,2.7148283621158953e-12,23.75,23.5,23.442911610717896,23.272727272727273,23.43919885550787,0,
9,main,cosine,0.25,14,0.5,184,1344,23.349107563495636,23.5,23.5,1,1,1.0470957434449701e-11,23.5,23.5,23.494015878837498,23.272727272727273,23.506456241033,0,
9,main,cosine,0.25,14,0.5,185,1344,25.432442793622613,25.35,25.5,1,1,9.107825604814934e-12,25.5,25.5,25.356314285523187,25.6,25.362229102167184,0,
9,main,cosine,0.25,14,0.5,186,1344,20.988714564591646,20.9,20.75,1,1,6.432632204678157e-13,20.75,21,20.87748388244495,20.48,20.871337579617833,0,
9,main,cosine,0.25,14,0.5,187,1344,22.157429683953524,22.15,22,1,1,4.561906408184768e-13,22,22,22.124982941518972,22.26086956521739,22.14054054054054,0,
9,main,cosine,0.25,14,0.5,188,1344,24.61049633845687,24.65,25,1,1,8.140155216551648e-13,25,24.5,24.640283667190836,24.38095238095238,24.637593984962407,0,
9,main,cosine,0.25,14,0.5,189,1344,27.635940220206976,27.5,27.25,1,1,9.547918011776346e-15,27.25,27.5,27.50822029140474,26.94736842105263,27.536134453781514,0,
9,main,cosine,0.25,14,0.5,190,1344,20.07284119911492,20,20,1,1,8.450795618841767e-12,20,20,20.020871469016132,19.692307692307693,20.029339853300733,0,
9,main,cosine,0.25,14,0.5,191,1344,25.096642341464758,24.95,25.25,1,1,3.425926209388308e-12,25.25,25.25,24.945074554661,24.38095238095238,24.975609756097562,0,
9,main,cosine,0.25,14,0.5,192,1344,26.54002749733627,26.5,26.5,1,1,0,26.5,26.5,26.510397061908368,26.94736842105263,26.511326860841425,0,
9,main,cosine,0.25,14,0.5,193,1344,26.159717267379165,26.200000000000003,26,1,1,3.0264679651281767e-13,26,26,26.18327578451816,25.6,26.17252396166134,0,
9,main,cosine,0.25,14,0.5,194,1344,25.975345792248845,25.9,25.75,1,1,2.1372892344828642e-10,25.75,25.75,25.898572186170245,25.6,25.88309636650869,0,
9,main,cosine,0.25,14,0.5,195,1344,27.795786425471306,27.700000000000003,28.25,1,1,1.8263168755083825e-13,28.25,28.25,27.70960951618845,28.444444444444443,27.675675675675677,0,
9,main,cosine,0.25,14,0.5,196,1344,24.700695767998695,24.7,24.75,1,1,1.9828583219805296e-12,24.75,24.75,24.701251990379763,24.38095238095238,24.674698795180724,0,
9,main,cosine,0.25,14,0.5,197,1344,26.65209631808102,26.55,26.75,1,1,7.105427357601002e-14,26.75,26.25,26.570387967930785,26.94736842105263,26.554294975688816,0,
9,main,cosine,0.25,14,0.5,198,1344,25.92743935249746,25.85,25.75,1,1,3.601696718646963e-11,25.75,25.5,25.838139203550377,25.6,25.801574803149606,0,
9,main,cosine,0.25,14,0.5,199,1344,25.926103061065078,26,25.75,1,1,0,25.75,25.75,25.983274278367027,25.6,25.96513470681458,0,
15,main,cosine,1,3,2,0,72,26.23256352171302,26.1,27,1,1,0.0003227435109021126,27,26,26.15595229284507,25.6,26.130781499202552,7.771561172376096e-16,
15,main,cosine,1,3,2,1,72,23.594889294356108,23.5,24,1,1,0.00010784762246851542,23,23,23.47426730617075,25.6,23.405714285714286,0,
15,main,cosine,1,3,2,2,72,23.43419476225972,23.5,24,1,1,0.0002476365327329644,23,24,23.473945869607302,25.6,23.642135642135642,0,
15,main,cosine,1,3,2,3,72,23.64059216156602,23.8,24,1,1,0.000033897263557181034,24,24,23.803968864532226,25.6,24.058737151248163,0,
15,main,cosine,1,3,2,4,72,25.433161249384284,25.45,26,1,1,0.00033151474661285985,26,26,25.480601177595826,25.6,25.5600624024961,2.220446049250313e-16,
15,main,cosine,1,3,2,5,72,24.54634479433298,25,25,1,1,0.00029341118784020903,25,25,24.99183641131276,25.6,25.28395061728395,1.1102230246251565e-16,
15,main,cosine,1,3,2,6,72,23.50505372695625,23.6,25,1,1,0.00047768242333234845,24,23,23.55788625437672,25.6,23.372325249643367,1.1102230246251565e-16,
15,main,cosine,1,3,2,7,72,25.798906847834587,26.700000000000003,27,1,1,0.0008692163167846045,26,27,26.716232969564295,25.6,26.554294975688816,3.3306690738754696e-16,
15,main,cosine,1,3,2,8,72,20.30429733172059,21.05,22,1,1,0.0001700062662840507,22,22,21.01470932139441,21.333333333333332,21.277922077922078,3.6137759451548845e-13,
15,main,cosine,1,3,2,9,72,21.568746825680137,21.5,21,1,1,0.000010753863233792238,21,21,21.500437031137142,21.333333333333332,21.30559167750325,0,
15,main,cosine,1,3,2,10,72,20.868076413869858,21,21,1,1,0.000026242182320723728,21,21,20.990541485616724,21.333333333333332,21.005128205128205,0,
15,main,cosine,1,3,2,11,72,21.49765013344586,21.9,22,1,1,0.000091403088280817,22,22,21.89644615286024,21.333333333333332,21.90374331550802,3.3306690738754696e-15,
15,main,cosine,1,3,2,12,72,22.77379988692701,22.95,24,1,1,0.00012126815989221829,22,24,22.90525482498715,21.333333333333332,22.787204450625868,1.9984014443252818e-15,
15,main,cosine,1,3,2,13,72,20.24082069285214,20.15,20,1,1,0.00002340390506061496,20,20,20.188341004758897,21.333333333333332,20.252163164400493,1.1102230246251565e-16,
15,main,cosine,1,3,2,14,72,22.05161981843412,21.55,21,1,1,0.00008377196217368432,21,21,21.541210759952087,21.333333333333332,21.416993464052286,2.220446049250313e-16,
15,main,cosine,1,3,2,15,72,26.769210021942854,26.3,27,1,1,0.0011017420375332154,25,25,26.38313848019349,25.6,26.256410256410255,1.6653345369377348e-15,
15,main,cosine,1,3,2,16,72,26.2884814273566,26.65,27,1,1,0.0001282793738195398,27,27,26.751760294158807,25.6,26.72756933115824,0,
15,main,cosine,1,3,2,17,72,24.152963979169726,23.8,24,1,1,0.00010900279606884666,23,24,23.805323004786842,25.6,24.16519174041298,0,
15,main,cosine,1,3,2,18,72,21.531230233609676,21,21,1,1,0.00001418406319797505,21,21,21.006529465358,21.333333333333332,21.03209242618742,0,
15,main,cosine,1,3,2,19,72,23.93360703252256,24.2,24,1,1,0.00005149187742514716,24,24,24.193650732439064,25.6,24.20088626292467,0,
15,main,cosine,1,3,2,20,72,24.838048741221428,25.55,26,1,1,0.0002459994126966514,26,26,25.65414407022109,25.6,25.4015503875969,0,
15,main,cosine,1,3,2,21,72,22.47295869141817,22.8,23,1,1,0.000024244071739731865,23,23,22.782956713463737,21.333333333333332,22.88268156424581,0,
15,main,cosine,1,3,2,22,72,23.032244611531496,22.7,23,1,1,0.00008308015045754846,23,23,22.60583186098165,21.333333333333332,22.536451169188446,1.1102230246251565e-16,
15,main,cosine,1,3,2,23,72,25.72760626487434,25.6,27,1,1,0.0005065677974119831,25,27,25.69943945458891,25.6,25.480559875583204,0,
15,main,cosine,1,3,2,24,72,20.89686555042863,21,22,1,1,0.000020123923609616234,20,22,20.998653186733936,21.333333333333332,21.333333333333332,0,
15,main,cosine,1,3,2,25,72,23.850840931758285,24.3,24,1,1,0.00036399775968976034,24,23,24.30761960998812,25.6,23.88338192419825,1.509903313490213e-14,
15,main,cosine,1,3,2,26,72,25.367003090679646,26.05,26,1,1,0.00015312216449570037,26,27,26.146846075529776,25.6,26.006349206349206,0,
15,main,cosine,1,3,2,27,72,24.403043251484632,23.95,24,1,1,0.00006420601760259714,23,24,23.945871031454285,25.6,23.91824817518248,0,
15,main,cosine,1,3,2,28,72,20.625872291624546,20.85,21,1,1,0.00013901155791684605,21,21,20.850773322233284,21.333333333333332,20.76552598225602,1.3322676295501878e-15,
15,main,cosine,1,3,2,29,72,22.683843256905675,22.7,23,1,1,0.00008147828802251844,22,23,22.647818127532943,21.333333333333332,22.56749311294766,0,
15,main,cosine,1,3,2,30,72,20.362040964886546,19.95,20,1,1,0.0001393303382601907,20,20,19.95154371487778,21.333333333333332,20.053855569155445,5.688782778179302e-13,
15,main,cosine,1,3,2,31,72,22.048046935349703,21.8,22,1,1,0.000011984847576140822,22,22,21.763670181808383,21.333333333333332,21.78723404255319,0,
15,main,cosine,1,3,2,32,72,24.307743383571506,24.55,25,1,1,0.00007794945304218093,25,25,24.54586242248319,25.6,24.89969604863222,0,
15,main,cosine,1,3,2,33,72,27.04649938084185,26.4,26,1,1,0.0005013222701606423,26,26,26.41557606440714,25.6,26.383252818035427,2.353672812205332e-14,
15,main,cosine,1,3,2,34,72,21.759751683101058,21.6,21,1,1,0.000026393849469674713,21,21,21.587385541164124,21.333333333333332,21.501312335958005,1.1612932837579137e-13,
15,main,cosine,1,3,2,35,72,23.131939185783267,22.15,23,1,1,0.00036395935007371705,23,23,22.111806859624384,21.333333333333332,22.170500676589988,1.0135225991803054e-12,
15,main,cosine,1,3,2,36,72,26.95370747335255,26.65,27,1,1,0.0005946231248925571,27,27,26.78292453976431,25.6,26.859016393442623,3.1086244689504383e-15,
15,main,cosine,1,3,2,37,72,22.848751228302717,22.8,23,1,1,0.000053057535523093335,23,23,22.762039848921955,21.333333333333332,22.69252077562327,0,
15,main,cosine,1,3,2,38,72,25.349564380943775,25.25,26,1,1,0.0000637955230792242,26,26,25.28742906612481,25.6,25.12883435582822,0,
15,main,cosine,1,3,2,39,72,20.31895306520164,20.1,20,1,1,0.000007189626879955391,20,20,20.136530718776086,21.333333333333332,20.127764127764127,0,
15,main,cosine,1,3,2,40,72,26.501159191131592,26.65,26,1,1,0.00014540167979215646,26,26,26.78519145741569,25.6,26.859016393442623,0,
15,main,cosine,1,3,2,41,72,21.204472348093987,21.55,21,1,1,0.00007749391767208902,21,23,21.529927558125852,21.333333333333332,21.70066225165563,1.1102230246251565e-16,
15,main,cosine,1,3,2,42,72,27.8320379126817,27.450000000000003,28,1,1,0.0028036577382979377,26,29,27.48934808655085,25.6,27.39799331103679,1.2323475573339238e-14,
15,main,cosine,1,3,2,43,72,25.153803184628487,24.95,25,1,1,0.0006314403803346913,25,23,25.030927824652565,25.6,24.637593984962407,1.887379141862766e-15,
15,main,cosine,1,3,2,44,72,20.343774335458875,20.25,20,1,1,0.00006040001303564413,20,20,20.230878541817933,21.333333333333332,20.053855569155445,5.218048215738236e-15,
15,main,cosine,1,3,2,45,72,27.859411427751184,27.8,29,1,1,0.00028652973485732147,27,27,27.8643560967062,25.6,27.816638370118845,0,
15,main,cosine,1,3,2,46,72,27.530513098463416,27.65,27,1,1,0.00016831627030489127,27,27,27.678273838914674,25.6,27.30666666666667,0,
15,main,cosine,1,3,2,47,72,26.003853688016534,25.6,25,1,1,0.00036455525892964413,25,25,25.60364327911896,25.6,25.761006289308177,5.88418203051333e-15,
15,main,cosine,1,3,2,48,72,25.70124458707869,25.9,26,1,1,0.00031557753941335864,26,26,25.969043546255186,25.6,25.842271293375394,5.551115123125783e-16,
15,main,cosine,1,3,2,49,72,20.670239567756653,20.3,20,1,1,0.000026703483758772073,20,20,20.323061418648212,21.333333333333332,20.378109452736318,4.440892098500626e-16,
15,main,cosine,1,3,2,50,72,24.664104484021664,24.8,24,1,1,0.000028783445502278404,24,26,24.82214963557033,25.6,25.090352220520675,0,
15,main,cosine,1,3,2,51,72,20.919752445071936,21.05,21,1,1,0.000024560511454163603,21,22,21.03656053318094,21.333333333333332,21.277922077922078,0,
15,main,cosine,1,3,2,52,72,20.338371507823467,20.6,20,1,1,0.000020739909915468147,20,21,20.581899308989147,21.333333333333332,20.713021491782555,0,
15,main,cosine,1,3,2,53,72,25.064248740673065,25.75,26,1,1,0.00024228920992463987,26,26,25.774086778978607,25.6,25.842271293375394,3.3306690738754696e-16,
15,main,cosine,1,3,2,54,72,23.66902752406895,23.5,23,1,1,0.00005501488921511033,23,23,23.466948114323575,25.6,23.54022988505747,0,
15,main,cosine,1,3,2,55,72,25.64558702148497,26.3,28,1,1,0.0004690006402083835,26,26,26.323400793831933,25.6,26.298555377207062,0,
15,main,cosine,1,3,2,56,72,21.796092530712485,21.9,22,1,1,0.0001355090590905439,21,21,21.887270988908973,21.333333333333332,21.81624500665779,1.1102230246251565e-16,
15,main,cosine,1,3,2,57,72,25.684030670672655,25.35,25,1,1,0.0004729104210214885,25,25,25.364056454541306,25.6,25.5202492211838,1.3877787807814457e-14,
15,main,cosine,1,3,2,58,72,24.295598335564137,23.45,23,1,1,0.00016859479152719903,23,24,23.462970770973094,25.6,23.710564399421127,1.084687895058778e-13,
15,main,cosine,1,3,2,59,72,26.220252092927694,26.85,27,1,1,0.0003053896666080913,27,27,26.856473079357684,25.6,26.684039087947884,0,
15,main,cosine,1,3,2,60,72,27.375694531947374,28.700000000000003,29,1,1,0.00025822458980406804,28,28,28.71632175996821,25.6,28.151202749140893,0,
15,main,cosine,1,3,2,61,72,20.65611006692052,20.3,20,1,1,0.00004807295118813837,20,20,20.303968957234595,21.333333333333332,20.327543424317618,4.551914400963142e-15,
15,main,cosine,1,3,2,62,72,25.256044421344995,25,26,1,1,0.00018262940446944764,24,26,25.076563981294033,25.6,24.824242424242424,0,
15,main,cosine,1,3,2,63,72,24.904686441645026,24.9,24,1,1,0.00020559402803088656,24,25,24.922375256068626,25.6,25.206153846153846,0,
15,main,cosine,1,3,2,64,72,21.773262476548553,21.9,22,1,1,0.000035136689484072114,22,22,21.874860186548403,21.333333333333332,21.78723404255319,2.220446049250313e-16,
15,main,cosine,1,3,2,65,72,21.84375700727105,21.6,22,1,1,0.0000169045918101407,21,22,21.58622464336272,21.333333333333332,21.64332892998679,0,
15,main,cosine,1,3,2,66,72,23.13936161622405,22.8,24,1,1,0.0005809699648381406,22,24,22.7841701608714,21.333333333333332,22.946778711484594,1.9984014443252818e-15,
15,main,cosine,1,3,2,67,72,27.910395642742515,27.4,27,1,1,0.00020313004529670664,27,27,27.427695748191105,25.6,27.125827814569536,0,
15,main,cosine,1,3,2,68,72,22.490474604070187,22.15,22,1,1,0.0005150233978529206,21,22,22.08097468791504,21.333333333333332,22.14054054054054,3.2374103398069565e-12,
15,main,cosine,1,3,2,69,72,27.44489711523056,26.85,28,1,1,0.0005416674195175553,26,27,26.95109989924408,25.6,27.036303630363037,0,
15,main,cosine,1,3,2,70,72,21.60504264384508,21.2,21,1,1,0.000018590063231904708,21,21,21.166385280049766,21.333333333333332,21.250324254215304,0,
15,main,cosine,1,3,2,71,72,22.690609499812126,22.15,22,1,1,0.00012800621287523128,22,22,22.129480034686107,21.333333333333332,22.110661268556004,1.454392162258955e-14,
15,main,cosine,1,3,2,72,72,22.46105325035751,22.45,23,1,1,0.00013785302571578395,23,24,22.41676260664506,21.333333333333332,22.41313269493844,1.1102230246251565e-16,
15,main,cosine,1,3,2,73,72,22.27737428061664,22.4,23,1,1,0.00013038741422422007,22,22,22.363377822892904,21.333333333333332,22.382513661202186,0,
15,main,cosine,1,3,2,74,72,26.96776970103383,26.450000000000003,26,1,1,0.00021585653868227972,26,26,26.486539805021458,25.6,26.383252818035427,1.1102230246251565e-16,
15,main,cosine,1,3,2,75,72,20.092123970389366,20,19,1,1,0.0000823548065074231,19,19,19.99104271278901,21.333333333333332,19.956151035322776,1.7319479184152442e-14,
15,main,cosine,1,3,2,76,72,23.50641847215593,23.7,24,1,1,0.00010882712026094588,24,24,23.68886685845954,25.6,23.988286969253295,0,
15,main,cosine,1,3,2,77,72,22.97218083590269,23.3,23,1,1,0.00002765188794784379,23,23,23.29307804203507,21.333333333333332,23.206798866855525,0,
15,main,cosine,1,3,2,78,72,26.732105376198888,27.3,28,1,1,0.0002541410018630508,27,27,27.367430408732933,25.6,27.30666666666667,0,
15,main,cosine,1,3,2,79,72,24.44271499104798,24.8,25,1,1,0.00010162244249578567,25,25,24.835685857169707,25.6,24.749244712990937,2.220446049250313e-16,
15,main,cosine,1,3,2,80,72,21.992267943918705,21.1,21,1,1,0.00006752521317832105,21,20,21.08613492893707,21.333333333333332,20.924648786717754,9.992007221626409e-16,
15,main,cosine,1,3,2,81,72,21.576577000319958,21.65,22,1,1,0.00004186042111387067,22,22,21.664218982885767,21.333333333333332,21.529566360052563,0,
15,main,cosine,1,3,2,82,72,24.595501467585564,24.65,25,1,1,0.0005605265326481534,25,25,24.689820996260465,25.6,24.786686838124055,4.440892098500626e-15,
15,main,cosine,1,3,2,83,72,24.951373476535082,24.85,24,1,1,0.0004389159263887832,24,26,24.855704162358006,25.6,24.861911987860395,3.1086244689504383e-15,
15,main,cosine,1,3,2,84,72,27.41052277572453,27.6,27,1,1,0.00021076142347631333,27,28,27.65716808780775,25.6,27.536134453781514,0,
15,main,cosine,1,3,2,85,72,23.534050043672323,23.7,24,1,1,0.0000814489336732338,24,23,23.6930799253485,25.6,23.33903133903134,0,
15,main,cosine,1,3,2,86,72,26.48392397351563,25.7,25,1,1,0.0002670268908515627,25,26,25.736140749290637,25.6,25.761006289308177,1.5543122344752192e-15,
15,main,cosine,1,3,2,87,72,21.84354681894183,21.7,22,1,1,0.00041846717194915506,22,21,21.688567787237357,21.333333333333332,21.758300132802123,1.7430501486614958e-14,
15,main,cosine,1,3,2,88,72,24.85021493025124,25.25,25,1,1,0.00011501638785005319,25,25,25.26061584385831,25.6,25.4015503875969,0,
15,main,cosine,1,3,2,89,72,23.71171086281538,22.9,24,1,1,0.0002902104547709561,23,24,22.889937677327076,21.333333333333332,23.141242937853107,6.106226635438361e-14,
15,main,cosine,1,3,2,90,72,25.614548655226827,25.6,26,1,1,0.0002712067048152855,26,26,25.60888464685763,25.6,25.761006289308177,0,
15,main,cosine,1,3,2,91,72,26.445489028468728,26.15,27,1,1,0.0011686087225981634,25,25,26.274926755929275,25.6,26.130781499202552,1.1102230246251565e-16,
15,main,cosine,1,3,2,92,72,27.842556942254305,28,27,1,1,0.002236460955592934,27,27,28.087305772977913,25.6,28.395147313691506,2.4860113967406505e-11,
15,main,cosine,1,3,2,93,72,23.994364785030484,23.8,23,1,1,0.00025929084743203656,23,23,23.77542492577517,25.6,23.54022988505747,1.4765966227514582e-14,
15,main,cosine,1,3,2,94,72,27.201358951628208,27.3,27,1,1,0.0002653055114150149,27,27,27.411881593460112,25.6,27.48993288590604,0,
15,main,cosine,1,3,2,95,72,21.918710319325328,21.4,22,1,1,0.0001041408245003872,21,21,21.4010179980154,21.333333333333332,21.195342820181114,4.773959005888173e-15,
15,main,cosine,1,3,2,96,72,22.05186771415174,22.35,22,1,1,0.00003262342895071768,22,22,22.297967319079596,21.333333333333332,22.321525885558582,0,
15,main,cosine,1,3,2,97,72,20.35457941517234,20.35,21,1,1,0.00007037517929431303,21,21,20.340387841722304,21.333333333333332,20.252163164400493,2.220446049250313e-16,
15,main,cosine,1,3,2,98,72,25.294327961280942,25.85,25,1,1,0.000510724215372238,25,25,25.94004603172938,25.6,25.842271293375394,6.8833827526759706e-15,
15,main,cosine,1,3,2,99,72,26.009468741714954,26.200000000000003,26,1,1,0.0005166894652032239,26,26,26.295606433120014,25.6,26.17252396166134,2.0539125955565396e-14,
15,main,cosine,1,3,2,100,72,21.859046541154385,21.3,21,1,1,0.0000703670271879897,21,21,21.28308749861736,21.333333333333332,21.333333333333332,3.3306690738754696e-16,
15,main,cosine,1,3,2,101,72,23.40413991548121,23.55,23,1,1,0.00021939370177759265,23,23,23.529771035163236,25.6,23.744927536231884,0,
15,main,cosine,1,3,2,102,72,21.239018632099032,21.5,21,1,1,0.000028069005143405157,21,23,21.439507287909304,21.333333333333332,21.614775725593667,0,
15,main,cosine,1,3,2,103,72,25.30761125870049,25,25,1,1,0.000339686707782505,25,25,25.02971925676454,25.6,25.206153846153846,2.220446049250313e-16,
15,main,cosine,1,3,2,104,72,21.567514231428504,21.45,21,1,1,0.00005601239843333605,21,22,21.46199114398695,21.333333333333332,21.36114732724902,0,
15,main,cosine,1,3,2,105,72,21.5782157368958,22.35,22,1,1,0.00004121808761503587,22,22,22.284991018473153,21.333333333333332,22.291156462585032,0,
15,main,cosine,1,3,2,106,72,25.71604279987514,25.7,26,1,1,0.00017609948609931259,25,26,25.750530075781466,25.6,25.842271293375394,0,
15,main,cosine,1,3,2,107,72,24.140359660610557,23.65,24,1,1,0.00010307516059293587,23,24,23.659348405157903,25.6,23.988286969253295,0,
15,main,cosine,1,3,2,108,72,22.70686406083405,22.95,23,1,1,0.00015232394180286768,22,24,22.925367482750445,21.333333333333332,23.01123595505618,2.1094237467877974e-15,
15,main,cosine,1,3,2,109,72,23.390134382992983,23.6,24,1,1,0.000020855292575783224,24,24,23.60521791938793,25.6,23.54022988505747,0,
15,main,cosine,1,3,2,110,72,21.127606889232993,21.75,22,1,1,0.00003224872811868895,22,22,21.73541107672609,21.333333333333332,21.586297760210805,1.1102230246251565e-15,
15,main,cosine,1,3,2,111,72,22.781448932364583,22.25,22,1,1,0.000019890038775005614,22,23,22.183442450270565,21.333333333333332,22.200542005420054,0,
15,main,cosine,1,3,2,112,72,21.031296053901315,21.1,22,1,1,0.00003052476313525343,22,22,21.06026813029535,21.333333333333332,21.277922077922078,0,
15,main,cosine,1,3,2,113,72,26.815232856199145,26.5,27,1,1,0.00009896216019167348,27,27,26.609180271322714,25.6,26.554294975688816,0,
15,main,cosine,1,3,2,114,72,23.7261293977499,23.9,23,1,1,0.000044529033566886866,23,24,23.90514910920632,25.6,23.813953488372093,0,
15,main,cosine,1,3,2,115,72,20.810182949528098,21.4,22,1,1,0.0001406962820873492,21,20,21.382176197098822,21.333333333333332,21.16795865633075,0,
15,main,cosine,1,3,2,116,72,27.41745975613594,26.65,28,1,1,0.0006392483144747052,28,27,26.670121472143023,25.6,26.511326860841425,4.440892098500626e-16,
15,main,cosine,1,3,2,117,72,22.55498911254108,22.55,22,1,1,0.00011450127801915233,22,22,22.5543497185862,21.333333333333332,22.59862068965517,2.220446049250313e-16,
15,main,cosine,1,3,2,118,72,23.858035357668996,23.15,23,1,1,0.00009594478915841975,22,23,23.12271953605338,21.333333333333332,23.043600562587905,1.1102230246251565e-16,
15,main,cosine,1,3,2,119,72,27.973232628777623,28,29,1,1,0.00038219643121895075,27,29,28.03112673413918,25.6,27.86394557823129,0,
15,main,cosine,1,3,2,120,72,25.924106780439615,26.15,26,1,1,0.000038504142070405756,26,26,26.180029567004702,25.6,26.17252396166134,0,
15,main,cosine,1,3,2,121,72,20.6397224329412,20.4,21,1,1,0.00009727123180847119,20,20,20.403446445458567,21.333333333333332,20.505632040050063,2.220446049250313e-16,
15,main,cosine,1,3,2,122,72,20.497331347316504,21.15,21,1,1,0.00010135990487136759,21,21,21.108206831468436,21.333333333333332,21.333333333333332,3.226308109560705e-13,
15,main,cosine,1,3,2,123,72,23.85308408178389,24.2,25,1,1,0.00035620927742574526,24,23,24.225489939098832,25.6,23.91824817518248,1.1102230246251565e-16,
15,main,cosine,1,3,2,124,72,24.73673282377422,24.75,26,1,1,0.000989399345612707,24,26,24.77396391434018,25.6,24.93759512937595,3.3306690738754696e-16,
15,main,cosine,1,3,2,125,72,23.316942155361176,23.4,23,1,1,0.000157578122399471,23,24,23.403716190226298,25.6,23.744927536231884,0,
15,main,cosine,1,3,2,126,72,25.930034013465047,25.85,26,1,1,0.0004220367615258569,25,26,25.888000363376904,25.6,25.88309636650869,1.1102230246251565e-16,
15,main,cosine,1,3,2,127,72,24.41028861887753,23.9,24,1,1,0.00003403326065198886,24,24,23.899434259991796,25.6,24.344725111441306,0,
15,main,cosine,1,3,2,128,72,26.548435596749187,26.450000000000003,27,1,1,0.0003740029938329448,26,26,26.456842812870576,25.6,26.383252818035427,0,
15,main,cosine,1,3,2,129,72,24.11673814430833,24.35,24,1,1,0.00006103421663694597,24,26,24.375716243635623,25.6,24.637593984962407,0,
15,main,cosine,1,3,2,130,72,25.862110000103712,25.2,26,1,1,0.0012084812354268282,24,25,25.303278923572535,25.6,24.861911987860395,5.684341886080802e-14,
15,main,cosine,1,3,2,131,72,26.17141640558839,25.9,26,1,1,0.00006524414690656233,25,26,25.930308700216592,25.6,26.006349206349206,0,
15,main,cosine,1,3,2,132,72,21.108119083568454,21.55,21,1,1,0.000026987664326849625,21,22,21.525276500651604,21.333333333333332,21.64332892998679,0,
15,main,cosine,1,3,2,133,72,27.161456406116486,27.1,27,1,1,0.0001003427911695498,27,27,27.146181852456458,25.6,26.90311986863711,0,
15,main,cosine,1,3,2,134,72,25.167439023032784,25.3,25,1,1,0.0005336182772790465,25,25,25.381746039966302,25.6,24.975609756097562,1.2212453270876722e-15,
15,main,cosine,1,3,2,135,72,22.850496543571353,22.15,22,1,1,0.000015007507369935169,22,22,22.10313893119675,21.333333333333332,22.170500676589988,0,
15,main,cosine,1,3,2,136,72,27.940575551241636,27.700000000000003,28,1,1,0.0003955453573865064,27,28,27.751091519689073,25.6,27.48993288590604,0,
15,main,cosine,1,3,2,137,72,25.30098670348525,25.2,26,1,1,0.00009149175936362663,26,26,25.218515170951108,25.6,25.440993788819874,0,
15,main,cosine,1,3,2,138,72,20.673367854207754,20.55,21,1,1,0.000018193856043957624,21,21,20.575058046464672,21.333333333333332,20.66078184110971,0,
15,main,cosine,1,3,2,139,72,27.54366078041494,27.25,28,1,1,0.00020968380112629248,28,28,27.351560639623074,25.6,27.62900505902192,0,
15,main,cosine,1,3,2,140,72,27.758896470069885,27.700000000000003,29,1,1,0.00031191004616581974,29,29,27.71491590046088,25.6,27.44388609715243,0,
15,main,cosine,1,3,2,141,72,27.66660580970347,27.8,29,1,1,0.0010593938585639062,27,29,27.88589561297562,25.6,28.395147313691506,3.1086244689504383e-15,
15,main,cosine,1,3,2,142,72,21.63188703171909,22.2,22,1,1,0.00003537281626819766,22,22,22.17514411734207,21.333333333333332,22.170500676589988,0,
15,main,cosine,1,3,2,143,72,22.948146848008037,23.2,23,1,1,0.00010313212574286634,23,24,23.17171334927944,25.6,23.43919885550787,1.1102230246251565e-16,
15,main,cosine,1,3,2,144,72,27.682078827172518,27.15,26,1,1,0.0002482844865184797,26,26,27.12987194777435,25.6,26.90311986863711,3.3306690738754696e-16,
15,main,cosine,1,3,2,145,72,26.840895354747772,27.450000000000003,28,1,1,0.00016731654257651218,27,27,27.511724365246746,25.6,27.352253756260435,0,
15,main,cosine,1,3,2,146,72,24.181235598400235,24.55,26,1,1,0.001674850074299239,23,26,24.556984511886377,25.6,24.824242424242424,3.4416913763379853e-15,
15,main,cosine,1,3,2,147,72,27.740020904690027,27.15,27,1,1,0.00046917412583369345,27,27,27.22993240642174,25.6,27.170812603648425,1.6653345369377348e-15,
15,main,cosine,1,3,2,148,72,20.136203568428755,20.3,21,1,1,0.00002654183862549342,20,21,20.317248256434002,21.333333333333332,20.557089084065243,0,
15,main,cosine,1,3,2,149,72,23.693187043070793,23.4,23,1,1,0.00014491074965816697,23,23,23.34440999730016,21.333333333333332,23.108603667136812,0,
15,main,cosine,1,3,2,150,72,21.087346905842423,20.6,21,1,1,0.00017924578487826803,20,21,20.61795232186617,21.333333333333332,20.76552598225602,3.3306690738754696e-16,
15,main,cosine,1,3,2,151,72,21.610882407054305,21.9,22,1,1,0.000034399139229202014,22,22,21.844742822109982,21.333333333333332,21.874499332443257,0,
15,main,cosine,1,3,2,152,72,25.92871436290443,26.6,27,1,1,0.0003012071186659915,27,27,26.680250246732964,25.6,26.640650406504065,0,
15,main,cosine,1,3,2,153,72,25.944504383951426,26.65,26,1,1,0.0002622186412439831,26,26,26.67783090460593,25.6,26.5974025974026,1.2212453270876722e-15,
15,main,cosine,1,3,2,154,72,24.8390735052526,25.35,25,1,1,0.0001318953187109395,25,23,25.412854938322486,25.6,25.051987767584098,0,
15,main,cosine,1,3,2,155,72,25.005326872691512,24.65,26,1,1,0.00036351886075269846,24,26,24.657674155687022,25.6,25.013740458015267,0,
15,main,cosine,1,3,2,156,72,25.198130555450916,25.15,25,1,1,0.00011288787474827977,25,26,25.178180283503163,25.6,25.362229102167184,0,
15,main,cosine,1,3,2,157,72,23.830150544643402,24.15,24,1,1,0.00008864620090376363,23,24,24.15496388601561,25.6,24.417287630402384,0,
15,main,cosine,1,3,2,158,72,27.083169585093856,27,27,1,1,0.00005230192834737579,27,27,27.12495803722199,25.6,27.30666666666667,0,
15,main,cosine,1,3,2,159,72,23.765922531485558,23.8,24,1,1,0.00005094736751232176,24,24,23.817318180256464,25.6,23.91824817518248,0,
15,main,cosine,1,3,2,160,72,25.308634681627154,24.7,25,1,1,0.0003637596621557382,25,25,24.713991670599338,25.6,25.12883435582822,8.881784197001252e-16,
15,main,cosine,1,3,2,161,72,22.658415457233787,22.85,23,1,1,0.00005593814441640088,23,23,22.792481640256383,21.333333333333332,22.69252077562327,1.1102230246251565e-16,
15,main,cosine,1,3,2,162,72,21.14024613238871,21.15,21,1,1,0.00012216637026929433,21,20,21.12828945783722,21.333333333333332,20.95140664961637,2.220446049250313e-16,
15,main,cosine,1,3,2,163,72,23.84516041353345,24.35,25,1,1,0.00005838430509241821,25,25,24.373761523792943,25.6,24.786686838124055,0,
15,main,cosine,1,3,2,164,72,24.432051165029407,23.85,25,1,1,0.00020972349047665428,23,25,23.8280854806387,25.6,24.236686390532544,0,
15,main,cosine,1,3,2,165,72,22.894697504118085,23.5,23,1,1,0.00021004755492903815,23,24,23.504997028356716,25.6,23.779390420899855,1.7763568394002505e-15,
15,main,cosine,1,3,2,166,72,25.060431860387325,24.9,24,1,1,0.000015989090749846113,24,24,24.953167766552767,25.6,24.93759512937595,0,
15,main,cosine,1,3,2,167,72,23.0500379037112,23,23,1,1,0.000018596575313445385,23,23,22.93093072559774,21.333333333333332,22.787204450625868,0,
15,main,cosine,1,3,2,168,72,27.483766170218587,26.8,27,1,1,0.00037139494914317783,27,27,26.821769122257873,25.6,26.640650406504065,4.440892098500626e-16,
15,main,cosine,1,3,2,169,72,26.65449297428131,26.55,28,1,1,0.0006816505720412813,28,27,26.581001213409863,25.6,26.511326860841425,0,
15,main,cosine,1,3,2,170,72,22.395677786320448,21.9,22,1,1,0.00011749556323326082,22,22,21.894690440846833,21.333333333333332,21.90374331550802,3.086420008457935e-14,
15,main,cosine,1,3,2,171,72,24.511745773255825,24,24,1,1,0.00008177533592479413,24,25,24.005224445354596,25.6,24.417287630402384,0,
15,main,cosine,1,3,2,172,72,25.90395914390683,26.8,27,1,1,0.0003305414626858516,26,27,26.802172720350534,25.6,26.684039087947884,0,
15,main,cosine,1,3,2,173,72,24.117357097566128,23.15,23,1,1,0.00004025972014976009,23,23,23.122475702995345,21.333333333333332,23.043600562587905,0,
15,main,cosine,1,3,2,174,72,25.77662655338645,26.200000000000003,26,1,1,0.00020959827682787147,26,27,26.313728211743747,25.6,26.17252396166134,0,
15,main,cosine,1,3,2,175,72,26.565239557996392,26.1,25,1,1,0.00012594098643514684,25,25,26.189644098997103,25.6,26.089171974522294,0,
15,main,cosine,1,3,2,176,72,27.283360106870532,27.4,27,1,1,0.00010879856312839831,27,27,27.429360429046167,25.6,27.21594684385382,0,
15,main,cosine,1,3,2,177,72,21.296432143077254,21.3,21,1,1,0.000010418957547608798,21,21,21.2715563495604,21.333333333333332,21.03209242618742,0,
15,main,cosine,1,3,2,178,72,22.210268003866076,22.05,22,1,1,0.000030016141090660753,22,22,22.022194360445084,21.333333333333332,22.080862533692724,0,
15,main,cosine,1,3,2,179,72,25.506445214152336,25.6,25,1,1,0.0022848992856304706,25,25,25.717026300570012,25.6,25.362229102167184,1.1121104037670193e-12,
15,main,cosine,1,3,2,180,72,20.27187730371952,20.4,20,1,1,0.00006897778989911618,20,20,20.41762281215603,21.333333333333332,20.177339901477833,1.4432899320127035e-15,
15,main,cosine,1,3,2,181,72,22.298200799152255,22.05,22,1,1,0.00006428519226353568,22,22,22.00310707278088,21.333333333333332,22.110661268556004,0,
15,main,cosine,1,3,2,182,72,21.33186475932598,20.95,21,1,1,0.0001549733318338964,21,21,20.931241819770065,21.333333333333332,20.978233034571062,2.55351295663786e-15,
15,main,cosine,1,3,2,183,72,20.367175702005625,20.05,20,1,1,0.000011021087147788933,20,20,20.062321572871088,21.333333333333332,19.98048780487805,0,
15,main,cosine,1,3,2,184,72,27.12640039436519,27.1,27,1,1,0.00041954285773626587,27,28,27.165461902779224,25.6,27.08099173553719,0,
15,main,cosine,1,3,2,185,72,23.722644397988915,23.75,24,1,1,0.00007186626311428412,24,24,23.77016566255716,25.6,24.023460410557185,0,
15,main,cosine,1,3,2,186,72,25.03121893852949,24.5,25,1,1,0.0004102372654125608,24,23,24.562691177523707,25.6,24.12960235640648,0,
15,main,cosine,1,3,2,187,72,26.3446447532624,26.15,25,1,1,0.0002620410279897678,25,26,26.21025582996603,25.6,26.17252396166134,4.440892098500626e-16,
15,main,cosine,1,3,2,188,72,23.510699247941375,23.55,23,1,1,0.00008565447580721752,23,24,23.560906853759892,25.6,23.642135642135642,9.992007221626409e-16,
15,main,cosine,1,3,2,189,72,24.983314925804734,25.1,26,1,1,0.00012372164410823228,25,26,25.120607147548117,25.6,25.323029366306027,0,
15,main,cosine,1,3,2,190,72,20.099041279405355,19.95,20,1,1,0.0000032828279059593513,20,20,19.965077408172103,21.333333333333332,19.931873479318735,0,
15,main,cosine,1,3,2,191,72,21.622732527554035,20.9,20,1,1,0.00009764249491384103,20,22,20.88772957741653,21.333333333333332,21.086229086229086,3.652633751016765e-14,
15,main,cosine,1,3,2,192,72,22.559082709252834,22.7,23,1,1,0.000028738057372468262,23,23,22.6572407969106,21.333333333333332,22.59862068965517,0,
15,main,cosine,1,3,2,193,72,23.190903471782804,22.6,23,1,1,0.000041980606547697974,23,22,22.55874238536242,21.333333333333332,22.536451169188446,0,
15,main,cosine,1,3,2,194,72,23.09560285322368,22.85,22,1,1,0.00007362519236020493,22,22,22.78220689549244,21.333333333333332,22.723994452149793,1.1102230246251565e-16,
15,main,cosine,1,3,2,195,72,20.719802491366863,20.45,20,1,1,0.00004634219309895826,20,20,20.45615125881144,21.333333333333332,20.66078184110971,1.3322676295501878e-15,
15,main,cosine,1,3,2,196,72,23.113375909626484,23.3,23,1,1,0.000018795984564445867,23,23,23.253260741742924,21.333333333333332,23.141242937853107,0,
15,main,cosine,1,3,2,197,72,24.39966706559062,24.05,24,1,1,0.00023858167471391134,24,23,24.053841744113218,25.6,23.779390420899855,1.1102230246251565e-16,
15,main,cosine,1,3,2,198,72,23.561617543920875,23.65,24,1,1,0.00006070070378905168,24,24,23.612643247030988,25.6,23.405714285714286,0,
15,main,cosine,1,3,2,199,72,26.81068668887019,26.8,27,1,1,0.0001558437168782678,26,26,26.814072642589267,25.6,26.684039087947884,0,
21,main,cosine,1,14,0.5,0,336,23.569700449705124,23.6,24,1,1,0.00016582722062608024,24,24,23.608361113213398,23.272727272727273,23.608069164265128,3.695932448977146e-13,
21,main,cosine,1,14,0.5,1,336,26.8902224637568,27.25,27,1,1,0.000009906798747127965,27,27,27.27210961879954,26.94736842105263,27.261231281198004,3.839040196851329e-12,
21,main,cosine,1,14,0.5,2,336,25.84803245216608,25.95,26,1,1,0.00002708002006390764,26,26,25.926204201126705,25.6,25.96513470681458,5.531275437675731e-11,
21,main,cosine,1,14,0.5,3,336,21.01603852212429,20.85,32,0,0,0.15340377419399798,21,21,20.86551628248348,20.48,20.871337579617833,4.7117469037516457e-7,
21,main,cosine,1,14,0.5,4,336,27.677795665338635,27.55,28,1,1,0.000015252538533294668,28,28,27.55874212080406,26.94736842105263,27.58249158249158,7.716050021144838e-14,
21,main,cosine,1,14,0.5,5,336,20.142988426610827,20.05,20,1,1,3.187254982162102e-8,20,20,20.03073271015602,19.692307692307693,20.029339853300733,3.219646771412954e-15,
21,main,cosine,1,14,0.5,6,336,27.10347151197493,26.85,27,0,0,0.03472418794041432,27,23,26.832425756890675,26.94736842105263,26.81505728314239,0.000006248900852545702,
21,main,cosine,1,14,0.5,7,336,25.420451138168573,25.35,25,1,1,0.0014620990210606477,25,25,25.340442091303224,25.6,25.323029366306027,5.740179028768111e-7,
21,main,cosine,1,14,0.5,8,336,25.141942454501987,25.1,25,1,1,0.003138190621996717,25,25,25.08144989880727,25.6,25.090352220520675,1.8187124806168242e-7,
21,main,cosine,1,14,0.5,9,336,27.22990325652063,27.15,27,1,1,0.00007638804893828066,27,27,27.131784849236613,26.94736842105263,27.125827814569536,0.0000013134259368996481,
21,main,cosine,1,14,0.5,10,336,20.038182601332664,19.95,20,1,1,0.000015025881140995345,20,20,19.95862273923873,19.692307692307693,19.956151035322776,1.2453826858660477e-10,
21,main,cosine,1,14,0.5,11,336,24.161858720704913,24.1,24,1,1,0.000008950468064261585,24,24,24.077517827422064,24.38095238095238,24.094117647058823,2.4469570814034114e-10,
21,main,cosine,1,14,0.5,12,336,22.647575546056032,22.45,22,1,1,0.0001055116852431981,22,22,22.448777056710913,22.26086956521739,22.443835616438356,3.002298853971297e-9,
21,main,cosine,1,14,0.5,13,336,21.68282750993967,21.7,22,1,1,6.885063315031914e-7,22,22,21.695135893132043,21.333333333333332,21.70066225165563,1.7071899449661032e-12,
21,main,cosine,1,14,0.5,14,336,23.918284682556987,23.8,24,1,1,0.00005091350683084084,24,24,23.82239511274457,24.38095238095238,23.813953488372093,6.633571358882762e-9,
21,main,cosine,1,14,0.5,15,336,27.713892364874482,27.55,27,1,1,9.446846600535963e-7,27,27,27.537117755924914,26.94736842105263,27.536134453781514,2.886579864025407e-15,
21,main,cosine,1,14,0.5,16,336,27.395022872835398,27.3,28,0,0,0.008511897827318649,28,21,27.31847374412172,26.94736842105263,27.30666666666667,0.000003419933639725592,
21,main,cosine,1,14,0.5,17,336,26.442842181771994,26.35,27,0,0,0.015037874349816405,27,32,26.34686480303198,26.94736842105263,26.340836012861736,0.0000010988209627749157,
21,main,cosine,1,14,0.5,18,336,26.801650408655405,26.950000000000003,26,0,0,0.008232417675233639,26,31,26.937353322867818,26.94736842105263,26.94736842105263,0.000005879536210562364,
21,main,cosine,1,14,0.5,19,336,24.98475077934563,25.2,25,1,1,0.00029822548460423093,25,25,25.18999904166218,25.6,25.167434715821813,2.497709372661916e-9,
21,main,cosine,1,14,0.5,20,336,25.717294523492455,25.55,25,1,1,0.0000699575106573036,25,25,25.566914215571842,25.6,25.5600624024961,2.4784951868639382e-11,
21,main,cosine,1,14,0.5,21,336,21.633689627051353,21.4,21,1,1,0.0014063871469305322,21,21,21.42130981612121,21.333333333333332,21.416993464052286,1.223559209506675e-8,
21,main,cosine,1,14,0.5,22,336,23.247554620727897,23.2,23,1,1,8.362837204956008e-7,23,23,23.213738562145856,23.272727272727273,23.206798866855525,3.977373985719623e-12,
21,main,cosine,1,14,0.5,23,336,21.234980639070272,21.3,21,1,1,0.00031807010953655013,21,21,21.316160933596574,21.333333333333332,21.30559167750325,3.913195545379722e-9,
21,main,cosine,1,14,0.5,24,336,23.203109128400683,23.35,24,1,1,0.0027024541278688474,23,24,23.35259579030211,23.272727272727273,23.372325249643367,7.372735755240001e-10,
21,main,cosine,1,14,0.5,25,336,23.660774743184447,23.8,24,1,1,0.0000884015916038372,24,24,23.783763185975083,23.272727272727273,23.779390420899855,6.839651067735986e-10,
21,main,cosine,1,14,0.5,26,336,23.134662920609117,23.15,23,1,1,0.0006151534649158075,23,23,23.172651122709564,23.272727272727273,23.141242937853107,1.331426935369251e-8,
21,main,cosine,1,14,0.5,27,336,24.410330403596163,24.4,24,1,1,0.000011213996434111806,24,24,24.391060765099063,24.38095238095238,24.38095238095238,4.1682102214224415e-11,
21,main,cosine,1,14,0.5,28,336,26.312101516872644,26.450000000000003,26,1,1,0.00014365324109877342,26,26,26.46178608399714,26.94736842105263,26.468497576736674,1.446576192165594e-11,
21,main,cosine,1,14,0.5,29,336,22.08879210986197,22.05,22,1,1,0.0000012552988850611513,22,22,22.04166392195367,22.26086956521739,22.05114401076716,1.9497015113500993e-10,
21,main,cosine,1,14,0.5,30,336,25.132075989618897,25.2,25,1,1,0.000014191981696498601,25,25,25.204634741361506,25.6,25.206153846153846,2.0120882737728607e-10,
21,main,cosine,1,14,0.5,31,336,20.88663570396602,20.9,21,0,0,0.005833507452565723,21,21,20.906722656256715,21.333333333333332,20.924648786717754,7.000266109002951e-7,
21,main,cosine,1,14,0.5,32,336,25.44315786100924,25.5,26,1,1,0.00009411236019662983,26,26,25.50397175412715,25.6,25.480559875583204,1.2383617464806207e-9,
21,main,cosine,1,14,0.5,33,336,25.564181776717305,25.25,25,1,1,0.00021035352128884188,25,25,25.225354826613586,25.6,25.206153846153846,1.897266121986263e-9,
21,main,cosine,1,14,0.5,34,336,21.612093534320593,21.55,22,1,1,0.0009301179525915693,22,22,21.570904831305437,21.333333333333332,21.586297760210805,1.633639445941526e-9,
21,main,cosine,1,14,0.5,35,336,20.989004772156477,20.9,21,1,1,0.0000020012268325819704,21,21,20.90633144769138,21.333333333333332,20.924648786717754,1.1565315372052964e-10,
21,main,cosine,1,14,0.5,36,336,23.4982952401042,23.6,24,1,1,0.00012042495692698996,24,24,23.57755212136105,23.272727272727273,23.57410071942446,1.4377221635442083e-10,
21,main,cosine,1,14,0.5,37,336,20.410178808495402,20.35,20,0,0,0.008118934608233652,20,22,20.346083389366246,20.48,20.3527950310559,2.3107705893199437e-7,
21,main,cosine,1,14,0.5,38,336,25.963646778836846,25.85,26,1,1,0.00010470901983750114,26,26,25.844988373999616,25.6,25.842271293375394,3.470009835027099e-10,
21,main,cosine,1,14,0.5,39,336,22.77303645387292,22.9,23,1,1,0.000888956592177137,23,23,22.919695251252787,23.272727272727273,22.914685314685315,1.0163538011198625e-8,
21,main,cosine,1,14,0.5,40,336,26.661873349919915,26.6,27,1,1,0.0000512067975039221,27,27,26.57590206039241,26.94736842105263,26.5974025974026,3.5763114691889086e-10,
21,main,cosine,1,14,0.5,41,336,27.139075567945838,27.1,28,1,1,0.0015860581072578706,28,28,27.08713766563739,26.94736842105263,27.08099173553719,2.4840683232607574e-7,
21,main,cosine,1,14,0.5,42,336,27.39581880532205,27.35,27,0,0,0.008285774313779526,27,31,27.372729600131127,26.94736842105263,27.352253756260435,4.368849371161332e-8,
21,main,cosine,1,14,0.5,43,336,27.211322616785765,27.15,27,1,1,0.0000012215183824437759,27,27,27.16816033491282,26.94736842105263,27.170812603648425,1.5858425683745736e-12,
21,main,cosine,1,14,0.5,44,336,20.82955040037632,20.95,21,1,1,2.4585472324645252e-8,21,21,20.936979131642246,21.333333333333332,20.95140664961637,3.441691376337985e-14,
21,main,cosine,1,14,0.5,45,336,23.609224250540137,23.8,24,1,1,0.000022952757198990703,24,24,23.81916891753993,23.272727272727273,23.813953488372093,3.631425005146127e-8,
21,main,cosine,1,14,0.5,46,336,22.61571942642331,22.6,22,1,1,0.00000257958281213444,22,23,22.587220886241237,22.26086956521739,22.59862068965517,1.1879386363489175e-14,
21,main,cosine,1,14,0.5,47,336,22.14187473244965,22.3,22,1,1,0.0021256462176278967,22,27,22.294400047337657,22.26086956521739,22.321525885558582,8.80441297645973e-9,
21,main,cosine,1,14,0.5,48,336,25.85774914547801,25.7,25,1,1,0.00046881134881271436,25,26,25.679791763437862,25.6,25.68025078369906,4.7305889394611e-7,
21,main,cosine,1,14,0.5,49,336,20.225521590560675,20.3,20,1,1,0.00001496181358140447,20,20,20.299309526744103,20.48,20.302354399008674,1.2356782264077992e-13,
21,main,cosine,1,14,0.5,50,336,26.3739583324641,26.6,26,1,1,0.0000012389033130499882,26,26,26.605637753835037,26.94736842105263,26.5974025974026,2.2446045022661565e-11,
21,main,cosine,1,14,0.5,51,336,24.27026665210724,24.3,24,1,1,0.00014473909358470038,24,24,24.286019769239168,24.38095238095238,24.27259259259259,3.7815591769074786e-9,
21,main,cosine,1,14,0.5,52,336,25.099293544888496,25,25,1,1,0.000004098768104920936,25,25,24.975722217257005,24.38095238095238,24.975609756097562,6.928235762870827e-12,
21,main,cosine,1,14,0.5,53,336,24.60303676314652,24.8,25,1,1,0.00027633858574604986,25,25,24.815584860412173,24.38095238095238,24.824242424242424,1.2226472390075571e-8,
21,main,cosine,1,14,0.5,54,336,24.1360179502517,24,24,1,1,2.8437161314620596e-7,24,24,24.00557718047658,24.38095238095238,24.023460410557185,6.77912836977157e-10,
21,main,cosine,1,14,0.5,55,336,27.435883838683367,27.6,27,0,0,0.010746863674896412,27,27,27.575701603840763,26.94736842105263,27.58249158249158,9.390185838897835e-7,
21,main,cosine,1,14,0.5,56,336,26.004799434915185,25.8,26,1,1,0.00012052428649644842,26,26,25.800148883397462,25.6,25.761006289308177,4.36779112877872e-9,
21,main,cosine,1,14,0.5,57,336,23.323271479457617,23.3,23,1,1,0.0010217117132379494,23,23,23.288541488718327,23.272727272727273,23.272727272727273,6.515820105690295e-10,
21,main,cosine,1,14,0.5,58,336,23.729497415944934,24,24,1,1,0.0008406882943201577,24,24,23.997343148436666,24.38095238095238,23.988286969253295,0.0000014138299656574205,
21,main,cosine,1,14,0.5,59,336,23.843295292928815,23.9,24,1,1,6.945926411816572e-7,24,24,23.879382971909454,24.38095238095238,23.88338192419825,2.0440316106373757e-12,
21,main,cosine,1,14,0.5,60,336,22.437155831605196,22.65,23,1,1,0.001308374645364263,22,20,22.65419382654524,22.26086956521739,22.661134163208853,3.6495457766960726e-9,
21,main,cosine,1,14,0.5,61,336,27.888215070590377,27.700000000000003,28,1,1,0.0000037528690846055923,28,28,27.702854073493686,28.444444444444443,27.675675675675677,2.7200464103316335e-14,
21,main,cosine,1,14,0.5,62,336,25.599902825430036,25.65,26,0,0,0.02359092589459788,26,25,25.641742582568988,25.6,25.68025078369906,0.000002425802747008099,
21,main,cosine,1,14,0.5,63,336,20.944271652027965,21.3,21,1,1,0.0004101302607544266,21,21,21.289003099182796,21.333333333333332,21.277922077922078,4.244061990732462e-9,
21,main,cosine,1,14,0.5,64,336,24.797848034650087,24.85,25,0,0,0.0034577913818416572,25,30,24.857968029425162,24.38095238095238,24.861911987860395,0.00000423022365048098,
21,main,cosine,1,14,0.5,65,336,24.422570921480656,24.35,25,1,1,0.0010602072492383874,25,32,24.367003545789718,24.38095238095238,24.38095238095238,4.2993612670017e-7,
21,main,cosine,1,14,0.5,66,336,24.14375658519566,23.95,24,1,1,0.00002522508389879441,24,24,23.961775849447775,24.38095238095238,23.953216374269005,1.7948198482997668e-11,
21,main,cosine,1,14,0.5,67,336,25.42305115237832,25.3,25,1,1,0.00024241070350206062,25,25,25.27844996337814,25.6,25.28395061728395,1.3183953928574965e-10,
21,main,cosine,1,14,0.5,68,336,27.170906940475106,27.05,27,0,0,0.009263490584840883,27,27,27.05491527989938,26.94736842105263,27.036303630363037,8.105804377711578e-7,
21,main,cosine,1,14,0.5,69,336,22.559791596606374,22.45,23,1,1,0.0001224463559297284,23,22,22.458292272599852,22.26086956521739,22.443835616438356,1.1177574421594727e-9,
21,main,cosine,1,14,0.5,70,336,27.365819664672017,27.15,27,1,1,0.00029038749036425227,27,27,27.131238176877883,26.94736842105263,27.125827814569536,3.348464971963949e-8,
21,main,cosine,1,14,0.5,71,336,25.960796328261495,26.05,26,1,1,0.000016556059960870506,26,26,26.04892121862592,25.6,26.047694753577108,6.527461904326515e-10,
21,main,cosine,1,14,0.5,72,336,23.79000683873892,23.8,24,1,1,8.059558576078985e-10,24,24,23.775450228656045,23.272727272727273,23.779390420899855,0,
21,main,cosine,1,14,0.5,73,336,22.0346198733896,21.95,22,1,1,0.0006896014703116071,22,22,21.97163034187921,22.26086956521739,21.962466487935657,7.812083113734047e-8,
21,main,cosine,1,14,0.5,74,336,22.29263841547072,22.4,32,0,0,0.045701309149072,22,32,22.386615597079455,22.26086956521739,22.382513661202186,4.017540855549839e-8,
21,main,cosine,1,14,0.5,75,336,23.335545785725117,23.4,30,0,0,0.04747772303170439,30,30,23.38782595191988,23.272727272727273,23.405714285714286,0.0016086500698629935,
21,main,cosine,1,14,0.5,76,336,25.820072757080197,25.55,25,1,1,3.765583773684966e-7,25,25,25.570823400436225,25.6,25.6,4.107825191113079e-15,
21,main,cosine,1,14,0.5,77,336,22.210879998281598,22.15,22,1,1,0.000026229707054237217,22,22,22.162114908951622,22.26086956521739,22.170500676589988,3.736558951139557e-9,
21,main,cosine,1,14,0.5,78,336,23.84690287336707,23.6,24,1,1,1.579565058751342e-7,24,24,23.62068231914442,23.272727272727273,23.608069164265128,2.1582735598713043e-13,
21,main,cosine,1,14,0.5,79,336,22.773137351498008,22.85,23,1,1,4.311582397775737e-7,23,23,22.86993045010491,23.272727272727273,22.88268156424581,2.9878322038712213e-12,
21,main,cosine,1,14,0.5,80,336,24.498342406004667,24.8,24,1,1,0.0012145395472346054,24,24,24.78486174280862,24.38095238095238,24.786686838124055,0.0000021406219729014353,
21,main,cosine,1,14,0.5,81,336,22.8542218785733,22.95,23,1,1,6.673239096866013e-7,23,23,22.940924253258956,23.272727272727273,22.946778711484594,2.824407374646398e-13,
21,main,cosine,1,14,0.5,82,336,22.690039666369557,22.5,23,1,1,0.0005541917275744268,23,23,22.523455497368072,22.26086956521739,22.536451169188446,3.5592316871557728e-9,
21,main,cosine,1,14,0.5,83,336,24.51352583244443,24.5,25,1,1,0.00019445755708247248,25,25,24.507886763692863,24.38095238095238,24.490284005979074,1.917244141225183e-12,
21,main,cosine,1,14,0.5,84,336,22.81476556137204,22.9,23,1,1,2.533850018693329e-9,23,23,22.92443558943618,23.272727272727273,22.914685314685315,2.9976021664879227e-15,
21,main,cosine,1,14,0.5,85,336,23.71458688378334,23.65,24,1,1,0.000016154718457062067,24,24,23.625712454483917,23.272727272727273,23.608069164265128,7.512990229940897e-12,
21,main,cosine,1,14,0.5,86,336,25.37755744345486,25.5,25,1,1,0.0027819570331164556,25,26,25.516976464845662,25.6,25.5202492211838,1.209524185252775e-7,
21,main,cosine,1,14,0.5,87,336,25.421195847913623,25.6,26,0,0,0.006325356097237278,26,26,25.59982135715404,25.6,25.6,0.000001234454960585829,
21,main,cosine,1,14,0.5,88,336,25.25581864453852,25.25,25,1,1,0.000002091649667246287,25,25,25.25050958221866,25.6,25.244992295839754,1.6042722705833512e-13,
21,main,cosine,1,14,0.5,89,336,27.4380369130522,27.6,28,1,1,0.0009903740866105126,28,28,27.614585649564958,26.94736842105263,27.62900505902192,3.6644779799477334e-7,
21,main,cosine,1,14,0.5,90,336,25.88755438476801,25.9,26,1,1,0.000016708292134404168,26,26,25.911088177264165,25.6,25.88309636650869,2.792179043531462e-9,
21,main,cosine,1,14,0.5,91,336,21.49272507801652,21.5,22,1,1,0.00018839894470912277,22,25,21.52325802237135,21.333333333333332,21.501312335958005,8.770761894538737e-15,
21,main,cosine,1,14,0.5,92,336,25.169206634163857,25.2,25,1,1,0.0010221641329316578,25,25,25.175490166954447,25.6,25.167434715821813,6.2870801897929596e-9,
21,main,cosine,1,14,0.5,93,336,20.78571311570704,21,21,0,0,0.0039057908154390697,21,21,21.013248691897527,21.333333333333332,21.005128205128205,3.39080258204838e-7,
21,main,cosine,1,14,0.5,94,336,26.54717354476452,26.3,27,0,0,0.0049431630848596475,27,27,26.300532120190155,26.94736842105263,26.298555377207062,1.461780041456251e-8,
21,main,cosine,1,14,0.5,95,336,20.351935178041458,20.2,20,1,1,7.546120017742908e-8,20,20,20.213190117207617,20.48,20.20221948212084,2.3314683517128287e-15,
21,main,cosine,1,14,0.5,96,336,25.877789232879877,25.65,26,1,1,0.0011549416122285106,26,26,25.670818700501396,25.6,25.68025078369906,4.1316147914027823e-7,
21,main,cosine,1,14,0.5,97,336,21.47940987534821,21.35,21,1,1,0.00009965347220020071,21,21,21.33431504859285,21.333333333333332,21.333333333333332,1.057558640660261e-8,
21,main,cosine,1,14,0.5,98,336,23.25614968687296,23.15,23,1,1,0.00016449102554938477,23,30,23.171409440685505,23.272727272727273,23.173974540311175,1.8948398405882472e-11,
21,main,cosine,1,14,0.5,99,336,21.893273754045367,21.75,22,1,1,0.0033780170255023334,22,19,21.763964257825567,21.333333333333332,21.758300132802123,2.4951488764024532e-8,
21,main,cosine,1,14,0.5,100,336,20.112004071474075,20.05,20,1,1,0.0003360546090356298,20,20,20.033228970034823,19.692307692307693,20.029339853300733,8.170284448993925e-8,
21,main,cosine,1,14,0.5,101,336,26.4401332475245,26.5,27,1,1,0.00014083191571390152,27,27,26.5033148410015,26.94736842105263,26.511326860841425,3.356981359559086e-12,
21,main,cosine,1,14,0.5,102,336,24.206820653751493,24.05,24,1,1,0.000004944202344869808,24,24,24.066495290286202,24.38095238095238,24.058737151248163,1.6788126444566842e-10,
21,main,cosine,1,14,0.5,103,336,27.316850252449512,27.450000000000003,27,1,1,0.000026488579997097084,27,19,27.47096571666129,26.94736842105263,27.44388609715243,6.522482554061071e-11,
21,main,cosine,1,14,0.5,104,336,21.37509742937982,21.35,21,1,1,0.00012741256738080242,21,21,21.361287246550724,21.333333333333332,21.36114732724902,7.897238418763664e-11,
21,main,cosine,1,14,0.5,105,336,27.361088637262583,27.35,27,1,1,0.0021708222112106768,27,27,27.32931894774749,26.94736842105263,27.352253756260435,2.943864263471596e-9,
21,main,cosine,1,14,0.5,106,336,26.843724919483066,26.9,27,1,1,0.00043463832716073014,27,27,26.899583316751745,26.94736842105263,26.90311986863711,1.0700481278824725e-8,
21,main,cosine,1,14,0.5,107,336,25.758878126740456,25.9,26,1,1,0.00002273243389250279,26,26,25.905954571190733,25.6,25.88309636650869,2.87259105391513e-10,
21,main,cosine,1,14,0.5,108,336,24.84633024595678,24.95,25,1,1,0.00044558467664601586,25,25,24.964193960738317,24.38095238095238,24.93759512937595,9.113655385917241e-10,
21,main,cosine,1,14,0.5,109,336,20.569614870473742,20.65,31,0,0,0.10729158493962032,21,21,20.64760661562717,20.48,20.634760705289672,1.925925425805275e-7,
21,main,cosine,1,14,0.5,110,336,22.844043910503387,22.6,23,1,1,0.00005260237536253154,23,23,22.581015079829033,22.26086956521739,22.56749311294766,5.191712788565894e-7,
21,main,cosine,1,14,0.5,111,336,25.214017206802964,25.3,25,1,1,0.0012587595305365573,25,30,25.299314436988094,25.6,25.28395061728395,9.064717749751594e-7,
21,main,cosine,1,14,0.5,112,336,21.861387627199292,21.6,22,1,1,0.0000967240429460281,22,22,21.618422689424275,21.333333333333332,21.614775725593667,2.9077680707700893e-8,
21,main,cosine,1,14,0.5,113,336,20.550361728295684,20.5,21,0,0,0.009953708554276242,21,28,20.498704760918535,20.48,20.505632040050063,2.0747383810970632e-9,
21,main,cosine,1,14,0.5,114,336,24.96455964818597,24.9,25,1,1,0.0015058196605564067,25,25,24.90460677604761,24.38095238095238,24.89969604863222,5.941125591490959e-9,
21,main,cosine,1,14,0.5,115,336,26.7659970279783,26.9,27,1,1,0.000004384818095504173,27,27,26.907373614288858,26.94736842105263,26.90311986863711,1.1341372285755824e-11,
21,main,cosine,1,14,0.5,116,336,22.95409171283245,23,23,1,1,9.039193726856354e-9,23,23,22.98296248135187,23.272727272727273,22.978962131837307,6.661338147750939e-16,
21,main,cosine,1,14,0.5,117,336,23.62876637466252,23.7,24,1,1,0.000008106572697674785,24,24,23.7034584226475,23.272727272727273,23.710564399421127,9.117151478221786e-13,
21,main,cosine,1,14,0.5,118,336,21.942331386730075,22.1,22,1,1,0.0015753755850425044,22,22,22.11792047804157,22.26086956521739,22.110661268556004,0.000014216480790252284,
21,main,cosine,1,14,0.5,119,336,27.119808916002512,27.1,27,1,1,0.0015730616658384822,27,27,27.117773334153213,26.94736842105263,27.125827814569536,2.9687644564901916e-9,
21,main,cosine,1,14,0.5,120,336,22.84792991168797,22.7,23,1,1,0.00014301485464729424,23,23,22.677873184515267,22.26086956521739,22.69252077562327,1.0847989173612405e-12,
21,main,cosine,1,14,0.5,121,336,24.177172606810927,23.75,24,0,0,0.0478252898813365,24,21,23.75774931363052,23.272727272727273,23.744927536231884,0.000219390112257134,
21,main,cosine,1,14,0.5,122,336,20.496432784944773,20.4,20,1,1,0.0018006982377450909,20,20,20.416067765139637,20.48,20.40348692403487,4.583986741302226e-7,
21,main,cosine,1,14,0.5,123,336,27.596603015437722,27.6,27,1,1,0.00018681418858346177,27,27,27.579550612847733,26.94736842105263,27.58249158249158,2.4179043767169617e-8,
21,main,cosine,1,14,0.5,124,336,20.57166486606002,20.65,21,1,1,0.000722176002385555,21,21,20.636369283383008,20.48,20.634760705289672,2.2753987583001845e-10,
21,main,cosine,1,14,0.5,125,336,27.405414832755923,27.6,28,0,0,0.012387770148269639,27,28,27.619221998993876,26.94736842105263,27.62900505902192,6.219567126874992e-7,
21,main,cosine,1,14,0.5,126,336,26.022098280489445,26.1,26,0,0,0.004118553517267309,26,26,26.08227819257442,25.6,26.089171974522294,0.0000034388220456760266,
21,main,cosine,1,14,0.5,127,336,22.749947149306536,22.75,31,0,1,0.03118029971043601,23,23,22.736072885172547,22.26086956521739,22.723994452149793,2.668858467558266e-9,
21,main,cosine,1,14,0.5,128,336,27.648278964683414,27.700000000000003,28,1,1,0.002590759034310608,28,28,27.700578835210898,28.444444444444443,27.722504230118442,0.0000055383738231107316,
21,main,cosine,1,14,0.5,129,336,27.831892628222704,27.85,28,1,1,0.00004753657142386736,28,28,27.83039121537514,28.444444444444443,27.816638370118845,7.603273566303415e-11,
21,main,cosine,1,14,0.5,130,336,26.116172585636377,26.25,26,1,1,0.001471702686469123,26,26,26.272677258196477,26.94736842105263,26.256410256410255,8.783001381740263e-8,
21,main,cosine,1,14,0.5,131,336,24.199886113405228,24.05,24,1,1,0.00005247375301264956,24,24,24.0492375077052,24.38095238095238,24.023460410557185,5.625799825992317e-11,
21,main,cosine,1,14,0.5,132,336,27.266551634296775,27.35,27,1,1,0.003299534429109352,27,27,27.337608257137237,26.94736842105263,27.352253756260435,8.29419881220872e-7,
21,main,cosine,1,14,0.5,133,336,20.563753182068467,20.5,25,0,0,0.044072978140410224,20,18,20.484797474366832,20.48,20.48,4.4817464317503664e-7,
21,main,cosine,1,14,0.5,134,336,23.946376491338015,23.8,24,1,1,2.457346710560415e-7,24,24,23.79782362811377,23.272727272727273,23.813953488372093,1.1721734693992403e-12,
21,main,cosine,1,14,0.5,135,336,24.364919377490878,24.3,24,1,1,0.00023246658685371901,24,24,24.320009009450576,24.38095238095238,24.30860534124629,1.0097223057670135e-10,
21,main,cosine,1,14,0.5,136,336,24.27348329126835,24.75,25,1,1,0.00007277472338074187,25,25,24.740678904587565,24.38095238095238,24.749244712990937,9.950954837911752e-9,
21,main,cosine,1,14,0.5,137,336,26.015590377151966,26.1,26,0,0,0.004857904041640659,26,26,26.108600879037866,25.6,26.130781499202552,3.7177424694334604e-8,
21,main,cosine,1,14,0.5,138,336,21.532116258516908,21.4,30,0,0,0.026197784647712052,21,30,21.376248639729702,21.333333333333332,21.389033942558747,0.0000026692314898379976,
21,main,cosine,1,14,0.5,139,336,26.619777262210846,26.85,27,1,1,0.000014194994095606539,27,27,26.867234053985158,26.94736842105263,26.859016393442623,1.1099676733294928e-11,
21,main,cosine,1,14,0.5,140,336,24.3286598585546,24.35,25,1,1,0.0005499392066908859,25,25,24.37032948488062,24.38095238095238,24.38095238095238,1.9169839049482107e-9,
21,main,cosine,1,14,0.5,141,336,21.68632390163839,21.85,32,0,0,0.055021270709370795,22,24,21.86971315063568,22.26086956521739,21.874499332443257,0.000011865609397365695,
21,main,cosine,1,14,0.5,142,336,27.37715837173164,27.55,28,1,1,0.00007480596509457094,28,28,27.563225631558428,26.94736842105263,27.536134453781514,1.0852763132618293e-11,
21,main,cosine,1,14,0.5,143,336,20.847684659063816,20.7,21,1,1,2.7796662527279636e-8,21,21,20.71083403402239,20.48,20.713021491782555,0,
21,main,cosine,1,14,0.5,144,336,24.704536993056536,24.55,25,1,1,0.000004349516707913281,25,25,24.572465003469333,24.38095238095238,24.6006006006006,4.1744385725905886e-14,
21,main,cosine,1,14,0.5,145,336,26.883016590029,26.85,27,0,0,0.02676857988241199,27,27,26.867481308829593,26.94736842105263,26.859016393442623,6.926820946828727e-7,
21,main,cosine,1,14,0.5,146,336,24.218807643279433,24.55,25,1,1,0.00009513017747975194,25,25,24.553861290633666,24.38095238095238,24.563718140929534,1.4522947844319845e-8,
21,main,cosine,1,14,0.5,147,336,21.096121912822127,21.05,21,1,1,0.000009633487006444064,21,21,21.068836667635527,21.333333333333332,21.05912596401028,6.2480021156829935e-12,
21,main,cosine,1,14,0.5,148,336,27.666985066607594,27.8,28,1,1,0.000005145367922176902,28,28,27.792306948501167,28.444444444444443,27.769491525423728,4.1744385725905886e-13,
21,main,cosine,1,14,0.5,149,336,21.293599186465144,21.25,21,1,1,3.369508339012839e-8,21,21,21.25461920756573,21.333333333333332,21.250324254215304,6.8833827526759706e-15,
21,main,cosine,1,14,0.5,150,336,21.978434210643172,21.8,22,1,1,0.00021295774922303057,22,22,21.79288375597543,22.26086956521739,21.81624500665779,3.1577696013584955e-10,
21,main,cosine,1,14,0.5,151,336,24.460499484091997,24.55,25,0,0,0.022812712306958915,25,32,24.570351441743316,24.38095238095238,24.563718140929534,8.106696451903872e-7,
21,main,cosine,1,14,0.5,152,336,20.512376077473164,20.6,21,1,1,0.000019741333782796744,21,21,20.577121607158187,20.48,20.582914572864322,2.7755575615628914e-15,
21,main,cosine,1,14,0.5,153,336,25.849086875095963,25.75,26,1,1,0.00009907133878506169,26,26,25.76002622399694,25.6,25.72056514913658,2.0051837967827169e-10,
21,main,cosine,1,14,0.5,154,336,26.40735680796206,26.3,26,0,0,0.00586566762754448,26,30,26.288137745611134,26.94736842105263,26.298555377207062,2.6500058813994087e-8,
21,main,cosine,1,14,0.5,155,336,20.751132370904088,20.75,21,1,1,0.00006641764100490111,21,21,20.77054501749724,20.48,20.76552598225602,8.672332851844544e-10,
21,main,cosine,1,14,0.5,156,336,24.770717224106193,24.55,24,1,1,0.0012833741020292777,24,24,24.55394305831492,24.38095238095238,24.563718140929534,1.866491072810561e-9,
21,main,cosine,1,14,0.5,157,336,20.69523837044835,20.75,21,0,0,0.043712573456676895,21,23,20.72884167004037,20.48,20.739240506329114,2.743126623627745e-7,
21,main,cosine,1,14,0.5,158,336,26.15958380140364,25.8,26,0,0,0.021144562861057814,26,26,25.808359428047734,25.6,25.801574803149606,0.0000029266772407776642,
21,main,cosine,1,14,0.5,159,336,22.289893548935652,22.45,23,1,1,0.00013700141609607197,23,23,22.46552587315365,22.26086956521739,22.474622770919066,3.605055143296454e-10,
21,main,cosine,1,14,0.5,160,336,21.142487555742264,21.05,21,1,1,0.0000018117355145008673,21,21,21.06911921591768,21.333333333333332,21.05912596401028,2.039840074630206e-9,
21,main,cosine,1,14,0.5,161,336,24.25995784625411,24.2,24,0,0,0.01408496140059734,24,24,24.195635889610706,24.38095238095238,24.20088626292467,1.282250569056842e-7,
21,main,cosine,1,14,0.5,162,336,21.699350737035275,21.8,22,1,1,0.0026631518707295188,22,22,21.80440346097798,22.26086956521739,21.78723404255319,0.000019599274594384042,
21,main,cosine,1,14,0.5,163,336,22.02313357964158,21.95,22,0,0,0.004356274663033344,22,22,21.933601179617686,22.26086956521739,21.933065595716197,0.000002947171132028359,
21,main,cosine,1,14,0.5,164,336,27.23678058385849,27.3,27,0,0,0.004623288164194217,27,19,27.282618745402623,26.94736842105263,27.261231281198004,1.3801428888626788e-9,
21,main,cosine,1,14,0.5,165,336,27.71292876638472,28.1,29,1,1,0.002134070470275584,29,28,28.107984796423253,28.444444444444443,28.151202749140893,6.805479069171838e-9,
21,main,cosine,1,14,0.5,166,336,20.785603411495686,20.7,32,0,0,0.2648744860051997,21,26,20.688885964193958,20.48,20.68686868686869,1.8061539075464594e-7,
21,main,cosine,1,14,0.5,167,336,26.2707552742213,26.3,26,1,1,2.8191779866126865e-7,26,26,26.307717634014033,26.94736842105263,26.298555377207062,1.0953793427859182e-11,
21,main,cosine,1,14,0.5,168,336,23.6356567312032,23.55,24,1,1,0.001285764041927595,24,23,23.557787573971815,23.272727272727273,23.57410071942446,2.6073099235190966e-10,
21,main,cosine,1,14,0.5,169,336,26.97438738681376,26.9,27,1,1,0.0016892261430747624,26,23,26.889420469574613,26.94736842105263,26.90311986863711,8.333489454059873e-11,
21,main,cosine,1,14,0.5,170,336,23.288433875888586,23.25,23,1,1,0.000009857782031330586,23,23,23.270775044928776,23.272727272727273,23.272727272727273,7.306821814268005e-12,
21,main,cosine,1,14,0.5,171,336,25.747310696169734,25.9,26,1,1,0.000138928988496545,26,26,25.899350423051708,25.6,25.88309636650869,2.3768070844809586e-9,
21,main,cosine,1,14,0.5,172,336,23.49402934126556,23.55,29,0,0,0.09350933416470242,24,30,23.539344521472945,23.272727272727273,23.54022988505747,5.70602923244401e-7,
21,main,cosine,1,14,0.5,173,336,23.330429702997208,23.45,23,1,1,0.0002320899007555166,23,24,23.4529103754631,23.272727272727273,23.472779369627506,1.5692203092498858e-9,
21,main,cosine,1,14,0.5,174,336,20.75905291363597,20.55,21,0,0,0.004514917448029121,21,25,20.545434340100094,20.48,20.557089084065243,3.608692233925126e-10,
21,main,cosine,1,14,0.5,175,336,24.72860173135996,24.8,25,1,1,0.001446050353039019,25,30,24.780455449928194,24.38095238095238,24.786686838124055,1.9706304477118408e-8,
21,main,cosine,1,14,0.5,176,336,27.34770164079964,27.1,26,1,1,0.0015711018493138607,26,31,27.101657701547488,26.94736842105263,27.08099173553719,9.544483836609885e-8,
21,main,cosine,1,14,0.5,177,336,22.4565166272223,22.5,23,0,0,0.005675613577277083,22,29,22.523925156537388,22.26086956521739,22.505494505494507,2.3126743853296716e-9,
21,main,cosine,1,14,0.5,178,336,24.722145799547434,24.75,25,1,1,0.00003484813215870464,25,25,24.7560012101333,24.38095238095238,24.749244712990937,1.1656342557841981e-11,
21,main,cosine,1,14,0.5,179,336,23.69300825148821,23.7,24,1,1,0.00013943434593521875,24,24,23.696778810295783,23.272727272727273,23.710564399421127,9.9140640141826e-10,
21,main,cosine,1,14,0.5,180,336,24.00147397443652,24.05,24,1,1,0.000021351042488682026,24,24,24.06691071571976,24.38095238095238,24.058737151248163,5.168608874228653e-10,
21,main,cosine,1,14,0.5,181,336,24.00402571260929,23.85,24,0,0,0.005422993840656365,24,29,23.862132793060674,24.38095238095238,23.88338192419825,0.0000012071063302254714,
21,main,cosine,1,14,0.5,182,336,20.915725335478783,21,21,1,1,0.0020958865923856873,21,22,20.995771747564017,21.333333333333332,21.005128205128205,6.190652094284488e-7,
21,main,cosine,1,14,0.5,183,336,23.251797588542104,23.75,24,0,0,0.012441429439975393,24,24,23.742061359807888,23.272727272727273,23.744927536231884,0.000019712550543560248,
21,main,cosine,1,14,0.5,184,336,20.70039388909936,20.65,21,1,1,0.00020089745139162396,21,21,20.62917152898921,20.48,20.634760705289672,7.185857020530761e-8,
21,main,cosine,1,14,0.5,185,336,22.799514014273882,22.95,23,1,1,0.000034705801814971515,23,23,22.970486702634755,23.272727272727273,22.978962131837307,2.2899626639372173e-10,
21,main,cosine,1,14,0.5,186,336,20.930439164862037,20.9,21,1,1,0.00002703186010166725,21,21,20.879714037696477,20.48,20.897959183673468,1.2550149808276956e-10,
21,main,cosine,1,14,0.5,187,336,24.610760800540447,24.5,25,0,0,0.013439919059446193,25,25,24.49866301258259,24.38095238095238,24.490284005979074,6.710913872387536e-7,
21,main,cosine,1,14,0.5,188,336,27.559891564771533,27.4,27,1,1,0.00004628264816375349,27,28,27.37365892058133,26.94736842105263,27.39799331103679,1.293822826653468e-10,
21,main,cosine,1,14,0.5,189,336,27.360974460840225,26.950000000000003,27,1,1,0.000012452763735515404,27,27,26.92823847151453,26.94736842105263,26.94736842105263,2.4303916656975844e-9,
21,main,cosine,1,14,0.5,190,336,25.213321585208178,25.35,25,1,1,0.00259895007020583,25,25,25.373567805534265,25.6,25.362229102167184,1.3474763305154625e-8,
21,main,cosine,1,14,0.5,191,336,27.91225683130324,28.1,28,1,1,0.00011689621982657883,28,28,28.096508123731258,28.444444444444443,28.102915951972555,7.3629269348174375e-9,
21,main,cosine,1,14,0.5,192,336,21.70796502009034,21.7,22,1,1,0.0000740490577926245,22,22,21.678290741039977,21.333333333333332,21.67195767195767,5.439398931272876e-10,
21,main,cosine,1,14,0.5,193,336,27.86529957689345,28,28,1,1,9.828053422200611e-7,28,28,27.990238316854306,28.444444444444443,28.006837606837607,8.01581023779363e-14,
21,main,cosine,1,14,0.5,194,336,27.218097610399127,26.9,27,0,0,0.010286233328071548,27,27,26.90065539958126,26.94736842105263,26.90311986863711,0.000004513183553878086,
21,main,cosine,1,14,0.5,195,336,26.24189183115959,26.25,26,1,1,0.000697006355719787,26,26,26.227074485345476,25.6,26.2144,4.681947052276314e-10,
21,main,cosine,1,14,0.5,196,336,24.08164592459798,24.25,25,1,1,0.00004600458150838538,25,25,24.25751611776047,24.38095238095238,24.236686390532544,1.1489498041861168e-7,
21,main,cosine,1,14,0.5,197,336,22.497689148411155,22.4,22,1,1,0.00045827079300297946,22,22,22.392030352194624,22.26086956521739,22.382513661202186,2.1423864127179115e-7,
21,main,cosine,1,14,0.5,198,336,21.777471631765366,21.75,22,1,1,0.00011103437818471562,22,22,21.749197492726402,21.333333333333332,21.758300132802123,3.7393754759307285e-11,
21,main,cosine,1,14,0.5,199,336,25.46972741559148,25.55,26,1,1,0.00040348422744129753,25,26,25.53913554291659,25.6,25.5600624024961,8.424783093374799e-11,
27,robust,circatidal,0.25,7,2,0,672,12.42,12.45,12.5,1,1,0,12.5,12.5,12.431579371803151,12.19047619047619,12.44039483675019,0,
27,robust,circatidal,0.25,7,2,1,672,12.42,12.4,12.5,1,1,0,12.5,12.5,12.402863094833767,12.19047619047619,12.402725208175625,0,
27,robust,circatidal,0.25,7,2,2,672,12.42,12.4,12.5,1,1,0,12.5,12.5,12.418054178351246,12.19047619047619,12.42153146322972,0,
27,robust,circatidal,0.25,7,2,3,672,12.42,12.4,12.5,1,1,0,12.5,12.5,12.402149027583203,12.19047619047619,12.402725208175625,0,
27,robust,circatidal,0.25,7,2,4,672,12.42,12.45,12.5,1,1,0,12.5,12.5,12.443074500344729,12.19047619047619,12.430955993930198,0,
27,robust,circatidal,0.25,7,2,5,672,12.42,12.45,12.5,1,1,0,12.5,12.5,12.432362106911624,12.19047619047619,12.44039483675019,0,
27,robust,circatidal,0.25,7,2,6,672,12.42,12.45,12.5,1,1,0,12.5,12.5,12.425562633597195,12.19047619047619,12.44039483675019,0,
27,robust,circatidal,0.25,7,2,7,672,12.42,12.45,12.5,1,1,0,12.5,12.5,12.450628432235735,12.19047619047619,12.459315589353611,0,
27,robust,circatidal,0.25,7,2,8,672,12.42,12.45,12.5,1,1,0,12.5,12.5,12.437362448323546,12.19047619047619,12.430955993930198,0,
27,robust,circatidal,0.25,7,2,9,672,12.42,12.4,12.5,1,1,0,12.5,12.25,12.391188123477617,12.19047619047619,12.383975812547241,0,
27,robust,circatidal,0.25,7,2,10,672,12.42,12.45,12.5,1,1,0,12.5,12.5,12.431051001570898,12.19047619047619,12.42153146322972,0,
27,robust,circatidal,0.25,7,2,11,672,12.42,12.45,12.5,1,1,0,12.5,12.5,12.425174885816025,12.19047619047619,12.430955993930198,0,
27,robust,circatidal,0.25,7,2,12,672,12.42,12.4,12.5,1,1,0,12.5,12.5,12.410108918573805,12.19047619047619,12.402725208175625,0,
27,robust,circatidal,0.25,7,2,13,672,12.42,12.4,12.5,1,1,0,12.5,12.5,12.423098638998479,12.19047619047619,12.42153146322972,0,
27,robust,circatidal,0.25,7,2,14,672,12.42,12.45,12.5,1,1,0,12.5,12.5,12.43610383084084,12.19047619047619,12.44039483675019,0,
27,robust,circatidal,0.25,7,2,15,672,12.42,12.45,12.5,1,1,0,12.5,12.5,12.425850435557019,12.19047619047619,12.42153146322972,0,
27,robust,circatidal,0.25,7,2,16,672,12.42,12.4,12.5,1,1,0,12.5,12.5,12.411248567515855,12.19047619047619,12.402725208175625,0,
27,robust,circatidal,0.25,7,2,17,672,12.42,12.45,12.5,1,1,0,12.5,12.5,12.431747164441775,12.19047619047619,12.44039483675019,0,
27,robust,circatidal,0.25,7,2,18,672,12.42,12.45,12.5,1,1,0,12.5,12.5,12.428697424730442,12.19047619047619,12.430955993930198,0,
27,robust,circatidal,0.25,7,2,19,672,12.42,12.4,12.5,1,1,0,12.5,12.5,12.389282728921671,12.19047619047619,12.393343419062028,0,
27,robust,circatidal,0.25,7,2,20,672,12.42,12.45,12.5,1,1,0,12.5,12.5,12.445889324549137,12.19047619047619,12.459315589353611,0,
27,robust,circatidal,0.25,7,2,21,672,12.42,12.4,12.5,1,1,0,12.5,12.5,12.422104553269943,12.19047619047619,12.430955993930198,0,
27,robust,circatidal,0.25,7,2,22,672,12.42,12.4,12.5,1,1,0,12.5,12.5,12.42013202500665,12.19047619047619,12.430955993930198,0,
27,robust,circatidal,0.25,7,2,23,672,12.42,12.4,12.5,1,1,0,12.5,12.5,12.406636901522054,12.19047619047619,12.412121212121212,0,
27,robust,circatidal,0.25,7,2,24,672,12.42,12.4,12.5,1,1,0,12.5,12.5,12.423268371933242,12.19047619047619,12.412121212121212,0,
27,robust,circatidal,0.25,7,2,25,672,12.42,12.45,12.5,1,1,0,12.5,12.5,12.432458776514135,12.19047619047619,12.42153146322972,0,
27,robust,circatidal,0.25,7,2,26,672,12.42,12.4,12.5,1,1,0,12.5,12.5,12.39185991583551,12.19047619047619,12.393343419062028,0,
27,robust,circatidal,0.25,7,2,27,672,12.42,12.45,12.5,1,1,0,12.5,12.5,12.434652194312623,12.19047619047619,12.430955993930198,0,
27,robust,circatidal,0.25,7,2,28,672,12.42,12.45,12.5,1,1,0,12.5,12.5,12.43774474523191,12.19047619047619,12.44984802431611,0,
27,robust,circatidal,0.25,7,2,29,672,12.42,12.4,12.5,1,1,0,12.5,12.5,12.39897482720976,12.19047619047619,12.393343419062028,0,
27,robust,circatidal,0.25,7,2,30,672,12.42,12.4,12.5,1,1,0,12.5,12.5,12.423953250596176,12.19047619047619,12.430955993930198,0,
27,robust,circatidal,0.25,7,2,31,672,12.42,12.45,12.5,1,1,0,12.5,12.5,12.436204599088935,12.19047619047619,12.430955993930198,0,
27,robust,circatidal,0.25,7,2,32,672,12.42,12.45,12.5,1,1,0,12.5,12.5,12.427126046375534,12.19047619047619,12.44039483675019,0,
27,robust,circatidal,0.25,7,2,33,672,12.42,12.4,12.5,1,1,0,12.5,12.5,12.394350939577754,12.19047619047619,12.383975812547241,0,
27,robust,circatidal,0.25,7,2,34,672,12.42,12.45,12.5,1,1,0,12.5,12.5,12.431070414302246,12.19047619047619,12.430955993930198,0,
27,robust,circatidal,0.25,7,2,35,672,12.42,12.4,12.5,1,1,0,12.5,12.5,12.40714071062379,12.19047619047619,12.402725208175625,0,
27,robust,circatidal,0.25,7,2,36,672,12.42,12.45,12.5,1,1,0,12.5,12.5,12.433503494404281,12.19047619047619,12.44039483675019,0,
27,robust,circatidal,0.25,7,2,37,672,12.42,12.45,12.5,1,1,0,12.5,12.5,12.429560007588504,12.19047619047619,12.430955993930198,0,
27,robust,circatidal,0.25,7,2,38,672,12.42,12.45,12.5,1,1,0,12.5,12.5,12.439573494778742,12.19047619047619,12.44984802431611,0,
27,robust,circatidal,0.25,7,2,39,672,12.42,12.4,12.5,1,1,0,12.5,12.5,12.422494502445154,12.19047619047619,12.430955993930198,0,
27,robust,circatidal,0.25,7,2,40,672,12.42,12.4,12.5,1,1,0,12.5,12.5,12.410353144960165,12.19047619047619,12.402725208175625,0,
27,robust,circatidal,0.25,7,2,41,672,12.42,12.4,12.5,1,1,0,12.5,12.5,12.42480254782547,12.19047619047619,12.42153146322972,0,
27,robust,circatidal,0.25,7,2,42,672,12.42,12.45,12.5,1,1,0,12.5,12.5,12.43045944837936,12.19047619047619,12.44039483675019,0,
27,robust,circatidal,0.25,7,2,43,672,12.42,12.4,12.5,1,1,0,12.5,12.5,12.397340427261241,12.19047619047619,12.402725208175625,0,
27,robust,circatidal,0.25,7,2,44,672,12.42,12.4,12.5,1,1,0,12.5,12.5,12.42266419343136,12.19047619047619,12.430955993930198,0,
27,robust,circatidal,0.25,7,2,45,672,12.42,12.45,12.5,1,1,0,12.5,12.5,12.437236443334537,12.19047619047619,12.44984802431611,0,
27,robust,circatidal,0.25,7,2,46,672,12.42,12.4,12.5,1,1,0,12.5,12.5,12.41151272151401,12.19047619047619,12.42153146322972,0,
27,robust,circatidal,0.25,7,2,47,672,12.42,12.45,12.5,1,1,0,12.5,12.5,12.452917224246251,12.19047619047619,12.44984802431611,0,
27,robust,circatidal,0.25,7,2,48,672,12.42,12.45,12.5,1,1,0,12.5,12.5,12.449935754215524,12.19047619047619,12.44984802431611,0,
27,robust,circatidal,0.25,7,2,49,672,12.42,12.45,12.5,1,1,0,12.5,12.5,12.425432434501149,12.19047619047619,12.412121212121212,0,
27,robust,circatidal,0.25,7,2,50,672,12.42,12.4,12.5,1,1,0,12.5,12.5,12.418980388624004,12.19047619047619,12.42153146322972,0,
27,robust,circatidal,0.25,7,2,51,672,12.42,12.4,12.5,1,1,0,12.5,12.5,12.3860865708064,12.19047619047619,12.393343419062028,0,
27,robust,circatidal,0.25,7,2,52,672,12.42,12.4,12.5,1,1,0,12.5,12.5,12.405494581424392,12.19047619047619,12.412121212121212,0,
27,robust,circatidal,0.25,7,2,53,672,12.42,12.4,12.5,1,1,0,12.5,12.5,12.417022558669842,12.19047619047619,12.412121212121212,0,
27,robust,circatidal,0.25,7,2,54,672,12.42,12.4,12.5,1,1,0,12.5,12.5,12.398500225294073,12.19047619047619,12.402725208175625,0,
27,robust,circatidal,0.25,7,2,55,672,12.42,12.45,12.5,1,1,0,12.5,12.5,12.442629231045075,12.19047619047619,12.430955993930198,0,
27,robust,circatidal,0.25,7,2,56,672,12.42,12.45,12.5,1,1,0,12.5,12.5,12.429718373715193,12.19047619047619,12.42153146322972,0,
27,robust,circatidal,0.25,7,2,57,672,12.42,12.4,12.5,1,1,0,12.5,12.5,12.412126610445405,12.19047619047619,12.402725208175625,0,
27,robust,circatidal,0.25,7,2,58,672,12.42,12.4,12.5,1,1,0,12.5,12.5,12.418400731315339,12.19047619047619,12.42153146322972,0,
27,robust,circatidal,0.25,7,2,59,672,12.42,12.4,12.5,1,1,0,12.5,12.5,12.423838540071761,12.19047619047619,12.430955993930198,0,
27,robust,circatidal,0.25,7,2,60,672,12.42,12.4,12.5,1,1,0,12.5,12.5,12.41767460107824,12.19047619047619,12.412121212121212,0,
27,robust,circatidal,0.25,7,2,61,672,12.42,12.45,12.5,1,1,0,12.5,12.5,12.428842118016352,12.19047619047619,12.44039483675019,0,
27,robust,circatidal,0.25,7,2,62,672,12.42,12.4,12.5,1,1,0,12.5,12.5,12.40592003149481,12.19047619047619,12.412121212121212,0,
27,robust,circatidal,0.25,7,2,63,672,12.42,12.4,12.5,1,1,0,12.5,12.5,12.403513161623229,12.19047619047619,12.412121212121212,0,
27,robust,circatidal,0.25,7,2,64,672,12.42,12.4,12.5,1,1,0,12.5,12.5,12.406962707962261,12.19047619047619,12.402725208175625,0,
27,robust,circatidal,0.25,7,2,65,672,12.42,12.4,12.5,1,1,0,12.5,12.5,12.416487389406699,12.19047619047619,12.42153146322972,0,
27,robust,circatidal,0.25,7,2,66,672,12.42,12.4,12.5,1,1,0,12.25,12.5,12.385019582912335,12.19047619047619,12.374622356495468,0,
27,robust,circatidal,0.25,7,2,67,672,12.42,12.4,12.5,1,1,0,12.5,12.5,12.405945123492645,12.19047619047619,12.402725208175625,0,
27,robust,circatidal,0.25,7,2,68,672,12.42,12.45,12.5,1,1,0,12.5,12.5,12.42983367234536,12.19047619047619,12.42153146322972,0,
27,robust,circatidal,0.25,7,2,69,672,12.42,12.4,12.5,1,1,0,12.5,12.5,12.407264165987842,12.19047619047619,12.393343419062028,0,
27,robust,circatidal,0.25,7,2,70,672,12.42,12.4,12.5,1,1,0,12.5,12.5,12.406868126842314,12.19047619047619,12.412121212121212,0,
27,robust,circatidal,0.25,7,2,71,672,12.42,12.4,12.5,1,1,0,12.5,12.5,12.402620734516379,12.19047619047619,12.393343419062028,0,
27,robust,circatidal,0.25,7,2,72,672,12.42,12.4,12.5,1,1,0,12.5,12.5,12.423385183977523,12.19047619047619,12.430955993930198,0,
27,robust,circatidal,0.25,7,2,73,672,12.42,12.45,12.5,1,1,0,12.5,12.5,12.441239540803565,12.19047619047619,12.430955993930198,0,
27,robust,circatidal,0.25,7,2,74,672,12.42,12.4,12.5,1,1,0,12.5,12.5,12.418875708277845,12.19047619047619,12.412121212121212,0,
27,robust,circatidal,0.25,7,2,75,672,12.42,12.4,12.5,1,1,0,12.5,12.5,12.411801879667761,12.19047619047619,12.42153146322972,0,
27,robust,circatidal,0.25,7,2,76,672,12.42,12.4,12.5,1,1,0,12.5,12.5,12.424969354088526,12.19047619047619,12.430955993930198,0,
27,robust,circatidal,0.25,7,2,77,672,12.42,12.45,12.5,1,1,0,12.5,12.5,12.428756618930363,12.19047619047619,12.430955993930198,0,
27,robust,circatidal,0.25,7,2,78,672,12.42,12.4,12.5,1,1,0,12.5,12.5,12.408211263142215,12.19047619047619,12.42153146322972,0,
27,robust,circatidal,0.25,7,2,79,672,12.42,12.4,12.5,1,1,0,12.5,12.5,12.411609140204533,12.19047619047619,12.412121212121212,0,
27,robust,circatidal,0.25,7,2,80,672,12.42,12.4,12.5,1,1,0,12.5,12.5,12.407082307800708,12.19047619047619,12.393343419062028,0,
27,robust,circatidal,0.25,7,2,81,672,12.42,12.45,12.5,1,1,0,12.5,12.5,12.434925044024416,12.19047619047619,12.44039483675019,0,
27,robust,circatidal,0.25,7,2,82,672,12.42,12.4,12.5,1,1,0,12.5,12.5,12.408005742493188,12.19047619047619,12.402725208175625,0,
27,robust,circatidal,0.25,7,2,83,672,12.42,12.45,12.5,1,1,0,12.5,12.5,12.429911414100756,12.19047619047619,12.42153146322972,0,
27,robust,circatidal,0.25,7,2,84,672,12.42,12.4,12.5,1,1,0,12.5,12.5,12.411962882429771,12.19047619047619,12.402725208175625,0,
27,robust,circatidal,0.25,7,2,85,672,12.42,12.4,12.5,1,1,0,12.5,12.5,12.424971051475781,12.19047619047619,12.430955993930198,0,
27,robust,circatidal,0.25,7,2,86,672,12.42,12.4,12.5,1,1,0,12.5,12.5,12.403486491100777,12.19047619047619,12.402725208175625,0,
27,robust,circatidal,0.25,7,2,87,672,12.42,12.45,12.5,1,1,0,12.5,12.5,12.428309894648793,12.19047619047619,12.430955993930198,0,
27,robust,circatidal,0.25,7,2,88,672,12.42,12.4,12.5,1,1,0,12.5,12.5,12.423678843668098,12.19047619047619,12.412121212121212,0,
27,robust,circatidal,0.25,7,2,89,672,12.42,12.45,12.5,1,1,0,12.5,12.5,12.433650405396229,12.19047619047619,12.44039483675019,0,
27,robust,circatidal,0.25,7,2,90,672,12.42,12.45,12.5,1,1,0,12.5,12.5,12.429410061640846,12.19047619047619,12.42153146322972,0,
27,robust,circatidal,0.25,7,2,91,672,12.42,12.4,12.5,1,1,0,12.5,12.5,12.405676812363646,12.19047619047619,12.393343419062028,0,
27,robust,circatidal,0.25,7,2,92,672,12.42,12.45,12.5,1,1,0,12.5,12.5,12.429949882006138,12.19047619047619,12.430955993930198,0,
27,robust,circatidal,0.25,7,2,93,672,12.42,12.4,12.5,1,1,0,12.5,12.5,12.413507920966875,12.19047619047619,12.402725208175625,0,
27,robust,circatidal,0.25,7,2,94,672,12.42,12.4,12.5,1,1,0,12.5,12.5,12.410561524217655,12.19047619047619,12.412121212121212,0,
27,robust,circatidal,0.25,7,2,95,672,12.42,12.4,12.5,1,1,0,12.5,12.5,12.423785818463179,12.19047619047619,12.42153146322972,0,
27,robust,circatidal,0.25,7,2,96,672,12.42,12.4,12.5,1,1,0,12.5,12.5,12.393877835034065,12.19047619047619,12.393343419062028,0,
27,robust,circatidal,0.25,7,2,97,672,12.42,12.4,12.5,1,1,0,12.5,12.5,12.421168713191985,12.19047619047619,12.412121212121212,0,
27,robust,circatidal,0.25,7,2,98,672,12.42,12.4,12.5,1,1,0,12.5,12.5,12.423526222137328,12.19047619047619,12.412121212121212,0,
27,robust,circatidal,0.25,7,2,99,672,12.42,12.45,12.5,1,1,0,12.5,12.5,12.429123715682707,12.19047619047619,12.44039483675019,0,
27,robust,circatidal,0.25,7,2,100,672,12.42,12.45,12.5,1,1,0,12.5,12.5,12.425848597252697,12.19047619047619,12.412121212121212,0,
27,robust,circatidal,0.25,7,2,101,672,12.42,12.4,12.5,1,1,0,12.25,12.5,12.385765745288614,12.19047619047619,12.383975812547241,0,
27,robust,circatidal,0.25,7,2,102,672,12.42,12.4,12.5,1,1,0,12.5,12.5,12.417813381592147,12.19047619047619,12.412121212121212,0,
27,robust,circatidal,0.25,7,2,103,672,12.42,12.45,12.5,1,1,0,12.5,12.5,12.428938529889853,12.19047619047619,12.430955993930198,0,
27,robust,circatidal,0.25,7,2,104,672,12.42,12.45,12.5,1,1,0,12.5,12.5,12.434410748011608,12.19047619047619,12.42153146322972,0,
27,robust,circatidal,0.25,7,2,105,672,12.42,12.45,12.5,1,1,0,12.5,12.5,12.424988651164599,12.19047619047619,12.430955993930198,0,
27,robust,circatidal,0.25,7,2,106,672,12.42,12.4,12.5,1,1,0,12.5,12.5,12.42071639628374,12.19047619047619,12.42153146322972,0,
27,robust,circatidal,0.25,7,2,107,672,12.42,12.45,12.5,1,1,0,12.5,12.5,12.426892681639261,12.19047619047619,12.42153146322972,0,
27,robust,circatidal,0.25,7,2,108,672,12.42,12.45,12.5,1,1,0,12.5,12.5,12.428376074023562,12.19047619047619,12.430955993930198,0,
27,robust,circatidal,0.25,7,2,109,672,12.42,12.45,12.5,1,1,0,12.5,12.5,12.430617342992697,12.19047619047619,12.430955993930198,0,
27,robust,circatidal,0.25,7,2,110,672,12.42,12.4,12.5,1,1,0,12.5,12.5,12.420663443373849,12.19047619047619,12.430955993930198,0,
27,robust,circatidal,0.25,7,2,111,672,12.42,12.4,12.5,1,1,0,12.5,12.5,12.394256157904186,12.19047619047619,12.393343419062028,0,
27,robust,circatidal,0.25,7,2,112,672,12.42,12.4,12.5,1,1,0,12.5,12.5,12.417174620264905,12.19047619047619,12.412121212121212,0,
27,robust,circatidal,0.25,7,2,113,672,12.42,12.4,12.5,1,1,0,12.5,12.5,12.408511881539654,12.19047619047619,12.42153146322972,0,
27,robust,circatidal,0.25,7,2,114,672,12.42,12.45,12.5,1,1,0,12.5,12.5,12.431153843543111,12.19047619047619,12.42153146322972,0,
27,robust,circatidal,0.25,7,2,115,672,12.42,12.45,12.5,1,1,0,12.5,12.5,12.44070268004922,12.19047619047619,12.44984802431611,0,
27,robust,circatidal,0.25,7,2,116,672,12.42,12.4,12.5,1,1,0,12.5,12.5,12.407516007292916,12.19047619047619,12.393343419062028,0,
27,robust,circatidal,0.25,7,2,117,672,12.42,12.45,12.5,1,1,0,12.5,12.5,12.426426391736694,12.19047619047619,12.44039483675019,0,
27,robust,circatidal,0.25,7,2,118,672,12.42,12.4,12.5,1,1,0,12.5,12.5,12.41028571210889,12.19047619047619,12.402725208175625,0,
27,robust,circatidal,0.25,7,2,119,672,12.42,12.4,12.5,1,1,0,12.5,12.5,12.410402257468212,12.19047619047619,12.402725208175625,0,
27,robust,circatidal,0.25,7,2,120,672,12.42,12.45,12.5,1,1,0,12.5,12.5,12.432212362341584,12.19047619047619,12.44039483675019,0,
27,robust,circatidal,0.25,7,2,121,672,12.42,12.4,12.5,1,1,0,12.5,12.5,12.411297372780172,12.19047619047619,12.402725208175625,0,
27,robust,circatidal,0.25,7,2,122,672,12.42,12.4,12.5,1,1,0,12.5,12.5,12.40016320500922,12.19047619047619,12.393343419062028,0,
27,robust,circatidal,0.25,7,2,123,672,12.42,12.45,12.5,1,1,0,12.5,12.5,12.438344461515825,12.19047619047619,12.44984802431611,0,
27,robust,circatidal,0.25,7,2,124,672,12.42,12.4,12.5,1,1,0,12.5,12.5,12.413619506701297,12.19047619047619,12.42153146322972,0,
27,robust,circatidal,0.25,7,2,125,672,12.42,12.4,12.5,1,1,0,12.5,12.5,12.416859854032305,12.19047619047619,12.430955993930198,0,
27,robust,circatidal,0.25,7,2,126,672,12.42,12.45,12.5,1,1,0,12.5,12.5,12.430440818952167,12.19047619047619,12.430955993930198,0,
27,robust,circatidal,0.25,7,2,127,672,12.42,12.4,12.5,1,1,0,12.5,12.5,12.41919168421476,12.19047619047619,12.412121212121212,0,
27,robust,circatidal,0.25,7,2,128,672,12.42,12.45,12.5,1,1,0,12.5,12.5,12.42529600963055,12.19047619047619,12.42153146322972,0,
27,robust,circatidal,0.25,7,2,129,672,12.42,12.4,12.5,1,1,0,12.5,12.5,12.407492044383053,12.19047619047619,12.412121212121212,0,
27,robust,circatidal,0.25,7,2,130,672,12.42,12.4,12.5,1,1,0,12.5,12.5,12.405939541584676,12.19047619047619,12.412121212121212,0,
27,robust,circatidal,0.25,7,2,131,672,12.42,12.4,12.5,1,1,0,12.5,12.5,12.402996838228113,12.19047619047619,12.412121212121212,0,
27,robust,circatidal,0.25,7,2,132,672,12.42,12.4,12.5,1,1,0,12.5,12.5,12.407357691382074,12.19047619047619,12.412121212121212,0,
27,robust,circatidal,0.25,7,2,133,672,12.42,12.4,12.5,1,1,0,12.5,12.5,12.42155733278396,12.19047619047619,12.42153146322972,0,
27,robust,circatidal,0.25,7,2,134,672,12.42,12.4,12.5,1,1,0,12.5,12.5,12.406412127291553,12.19047619047619,12.402725208175625,0,
27,robust,circatidal,0.25,7,2,135,672,12.42,12.4,12.5,1,1,0,12.5,12.5,12.412723404415335,12.19047619047619,12.402725208175625,0,
27,robust,circatidal,0.25,7,2,136,672,12.42,12.4,12.5,1,1,0,12.5,12.5,12.412102869143558,12.19047619047619,12.42153146322972,0,
27,robust,circatidal,0.25,7,2,137,672,12.42,12.4,12.5,1,1,0,12.5,12.5,12.419381192771809,12.19047619047619,12.430955993930198,0,
27,robust,circatidal,0.25,7,2,138,672,12.42,12.45,12.5,1,1,0,12.5,12.5,12.433203887988274,12.19047619047619,12.44039483675019,0,
27,robust,circatidal,0.25,7,2,139,672,12.42,12.45,12.5,1,1,0,12.5,12.5,12.4321522073832,12.19047619047619,12.42153146322972,0,
27,robust,circatidal,0.25,7,2,140,672,12.42,12.45,12.5,1,1,0,12.5,12.5,12.428023023147738,12.19047619047619,12.430955993930198,0,
27,robust,circatidal,0.25,7,2,141,672,12.42,12.4,12.5,1,1,0,12.5,12.5,12.424132207372663,12.19047619047619,12.412121212121212,0,
27,robust,circatidal,0.25,7,2,142,672,12.42,12.4,12.5,1,1,0,12.5,12.5,12.418558819836589,12.19047619047619,12.430955993930198,0,
27,robust,circatidal,0.25,7,2,143,672,12.42,12.4,12.5,1,1,0,12.5,12.5,12.408996778399407,12.19047619047619,12.412121212121212,0,
27,robust,circatidal,0.25,7,2,144,672,12.42,12.45,12.5,1,1,0,12.5,12.5,12.430386278809358,12.19047619047619,12.42153146322972,0,
27,robust,circatidal,0.25,7,2,145,672,12.42,12.4,12.5,1,1,0,12.5,12.5,12.415539219475104,12.19047619047619,12.42153146322972,0,
27,robust,circatidal,0.25,7,2,146,672,12.42,12.45,12.5,1,1,0,12.5,12.5,12.425844707322545,12.19047619047619,12.412121212121212,0,
27,robust,circatidal,0.25,7,2,147,672,12.42,12.4,12.5,1,1,0,12.5,12.5,12.40776853435998,12.19047619047619,12.412121212121212,0,
27,robust,circatidal,0.25,7,2,148,672,12.42,12.4,12.5,1,1,0,12.5,12.5,12.418101923416627,12.19047619047619,12.42153146322972,0,
27,robust,circatidal,0.25,7,2,149,672,12.42,12.4,12.5,1,1,0,12.5,12.5,12.420197572617973,12.19047619047619,12.412121212121212,0,
27,robust,circatidal,0.25,7,2,150,672,12.42,12.4,12.5,1,1,0,12.5,12.5,12.424972234564137,12.19047619047619,12.430955993930198,0,
27,robust,circatidal,0.25,7,2,151,672,12.42,12.4,12.5,1,1,0,12.5,12.5,12.41537649858829,12.19047619047619,12.412121212121212,0,
27,robust,circatidal,0.25,7,2,152,672,12.42,12.45,12.5,1,1,0,12.5,12.5,12.429407871118626,12.19047619047619,12.430955993930198,0,
27,robust,circatidal,0.25,7,2,153,672,12.42,12.4,12.5,1,1,0,12.5,12.5,12.401184612873388,12.19047619047619,12.393343419062028,0,
27,robust,circatidal,0.25,7,2,154,672,12.42,12.4,12.5,1,1,0,12.5,12.5,12.416372871669951,12.19047619047619,12.412121212121212,0,
27,robust,circatidal,0.25,7,2,155,672,12.42,12.4,12.5,1,1,0,12.5,12.5,12.423133541401027,12.19047619047619,12.430955993930198,0,
27,robust,circatidal,0.25,7,2,156,672,12.42,12.4,12.5,1,1,0,12.5,12.5,12.413489159658765,12.19047619047619,12.412121212121212,0,
27,robust,circatidal,0.25,7,2,157,672,12.42,12.4,12.5,1,1,0,12.5,12.5,12.416704417486264,12.19047619047619,12.430955993930198,0,
27,robust,circatidal,0.25,7,2,158,672,12.42,12.4,12.5,1,1,0,12.5,12.5,12.412138728588392,12.19047619047619,12.412121212121212,0,
27,robust,circatidal,0.25,7,2,159,672,12.42,12.4,12.5,1,1,0,12.5,12.5,12.392738903690324,12.19047619047619,12.383975812547241,0,
27,robust,circatidal,0.25,7,2,160,672,12.42,12.45,12.5,1,1,0,12.5,12.5,12.434396782953774,12.19047619047619,12.42153146322972,0,
27,robust,circatidal,0.25,7,2,161,672,12.42,12.4,12.5,1,1,0,12.5,12.5,12.393734649047115,12.19047619047619,12.402725208175625,0,
27,robust,circatidal,0.25,7,2,162,672,12.42,12.45,12.5,1,1,0,12.5,12.5,12.429365431235794,12.19047619047619,12.44039483675019,0,
27,robust,circatidal,0.25,7,2,163,672,12.42,12.4,12.5,1,1,0,12.5,12.5,12.408067614321848,12.19047619047619,12.402725208175625,0,
27,robust,circatidal,0.25,7,2,164,672,12.42,12.4,12.5,1,1,0,12.5,12.5,12.412181409822795,12.19047619047619,12.42153146322972,0,
27,robust,circatidal,0.25,7,2,165,672,12.42,12.45,12.5,1,1,0,12.5,12.5,12.434233392318761,12.19047619047619,12.42153146322972,0,
27,robust,circatidal,0.25,7,2,166,672,12.42,12.4,12.5,1,1,0,12.5,12.5,12.42031007679308,12.19047619047619,12.412121212121212,0,
27,robust,circatidal,0.25,7,2,167,672,12.42,12.4,12.5,1,1,0,12.5,12.5,12.42076374000927,12.19047619047619,12.412121212121212,0,
27,robust,circatidal,0.25,7,2,168,672,12.42,12.45,12.5,1,1,0,12.5,12.5,12.434724911162395,12.19047619047619,12.430955993930198,0,
27,robust,circatidal,0.25,7,2,169,672,12.42,12.4,12.5,1,1,0,12.5,12.5,12.422120132770054,12.19047619047619,12.430955993930198,0,
27,robust,circatidal,0.25,7,2,170,672,12.42,12.4,12.5,1,1,0,12.5,12.5,12.409776146260286,12.19047619047619,12.402725208175625,0,
27,robust,circatidal,0.25,7,2,171,672,12.42,12.4,12.5,1,1,0,12.5,12.5,12.409372058094396,12.19047619047619,12.412121212121212,0,
27,robust,circatidal,0.25,7,2,172,672,12.42,12.45,12.5,1,1,0,12.5,12.5,12.43094733082765,12.19047619047619,12.430955993930198,0,
27,robust,circatidal,0.25,7,2,173,672,12.42,12.4,12.5,1,1,0,12.5,12.5,12.403658425908752,12.19047619047619,12.402725208175625,0,
27,robust,circatidal,0.25,7,2,174,672,12.42,12.4,12.5,1,1,0,12.5,12.5,12.410793541996386,12.19047619047619,12.402725208175625,0,
27,robust,circatidal,0.25,7,2,175,672,12.42,12.45,12.5,1,1,0,12.5,12.5,12.428870622616806,12.19047619047619,12.430955993930198,0,
27,robust,circatidal,0.25,7,2,176,672,12.42,12.45,12.5,1,1,0,12.5,12.5,12.425694213108304,12.19047619047619,12.430955993930198,0,
27,robust,circatidal,0.25,7,2,177,672,12.42,12.4,12.5,1,1,0,12.5,12.5,12.416137269973818,12.19047619047619,12.412121212121212,0,
27,robust,circatidal,0.25,7,2,178,672,12.42,12.4,12.5,1,1,0,12.5,12.5,12.410019911074377,12.19047619047619,12.402725208175625,0,
27,robust,circatidal,0.25,7,2,179,672,12.42,12.4,12.5,1,1,0,12.5,12.5,12.407793988988525,12.19047619047619,12.42153146322972,0,
27,robust,circatidal,0.25,7,2,180,672,12.42,12.4,12.5,1,1,0,12.5,12.5,12.411775428092463,12.19047619047619,12.402725208175625,0,
27,robust,circatidal,0.25,7,2,181,672,12.42,12.45,12.5,1,1,0,12.5,12.5,12.434858923310319,12.19047619047619,12.44039483675019,0,
27,robust,circatidal,0.25,7,2,182,672,12.42,12.4,12.5,1,1,0,12.5,12.5,12.417937741135763,12.19047619047619,12.42153146322972,0,
27,robust,circatidal,0.25,7,2,183,672,12.42,12.4,12.5,1,1,0,12.5,12.5,12.422407854655281,12.19047619047619,12.42153146322972,0,
27,robust,circatidal,0.25,7,2,184,672,12.42,12.45,12.5,1,1,0,12.5,12.5,12.43135437297438,12.19047619047619,12.42153146322972,0,
27,robust,circatidal,0.25,7,2,185,672,12.42,12.4,12.5,1,1,0,12.5,12.5,12.424027401530754,12.19047619047619,12.42153146322972,0,
27,robust,circatidal,0.25,7,2,186,672,12.42,12.4,12.5,1,1,0,12.5,12.5,12.407564260373748,12.19047619047619,12.412121212121212,0,
27,robust,circatidal,0.25,7,2,187,672,12.42,12.4,12.5,1,1,0,12.5,12.5,12.417698264581295,12.19047619047619,12.42153146322972,0,
27,robust,circatidal,0.25,7,2,188,672,12.42,12.4,12.5,1,1,0,12.5,12.5,12.414853325636635,12.19047619047619,12.42153146322972,0,
27,robust,circatidal,0.25,7,2,189,672,12.42,12.4,12.5,1,1,0,12.5,12.5,12.419288322202815,12.19047619047619,12.412121212121212,0,
27,robust,circatidal,0.25,7,2,190,672,12.42,12.4,12.5,1,1,0,12.5,12.5,12.421286110884965,12.19047619047619,12.430955993930198,0,
27,robust,circatidal,0.25,7,2,191,672,12.42,12.4,12.5,1,1,0,12.25,12.5,12.381719637658998,12.19047619047619,12.383975812547241,0,
27,robust,circatidal,0.25,7,2,192,672,12.42,12.4,12.5,1,1,0,12.5,12.5,12.41294731937454,12.19047619047619,12.402725208175625,0,
27,robust,circatidal,0.25,7,2,193,672,12.42,12.4,12.5,1,1,0,12.5,12.5,12.411243138599895,12.19047619047619,12.42153146322972,0,
27,robust,circatidal,0.25,7,2,194,672,12.42,12.45,12.5,1,1,0,12.5,12.5,12.426855284687244,12.19047619047619,12.430955993930198,0,
27,robust,circatidal,0.25,7,2,195,672,12.42,12.45,12.5,1,1,0,12.5,12.5,12.431595879221781,12.19047619047619,12.430955993930198,0,
27,robust,circatidal,0.25,7,2,196,672,12.42,12.4,12.5,1,1,0,12.5,12.5,12.406256771933725,12.19047619047619,12.393343419062028,0,
27,robust,circatidal,0.25,7,2,197,672,12.42,12.45,12.5,1,1,0,12.5,12.5,12.445734686708127,12.19047619047619,12.44039483675019,0,
27,robust,circatidal,0.25,7,2,198,672,12.42,12.4,12.5,1,1,0,12.5,12.5,12.409154806235652,12.19047619047619,12.402725208175625,0,
27,robust,circatidal,0.25,7,2,199,672,12.42,12.4,12.5,1,1,0,12.5,12.5,12.39336936227451,12.19047619047619,12.402725208175625,0,
33,robust,pulse25,0.25,7,0.5,0,672,22.48562257923186,22.2,22.25,1,1,3.756647992680939e-9,22.25,22.5,22.190850144196126,21.333333333333332,22.14054054054054,5.062616992290714e-14,
33,robust,pulse25,0.25,7,0.5,1,672,25.369988152757287,25.05,24.75,1,1,0.0000042131682639334755,24.75,24.75,25.030063724230217,25.6,25.013740458015267,6.09512440519211e-14,
33,robust,pulse25,0.25,7,0.5,2,672,22.26031030341983,22.4,22.25,1,1,1.4002871751017665e-8,22.25,22,22.381895456019294,23.272727272727273,22.382513661202186,0,
33,robust,pulse25,0.25,7,0.5,3,672,26.194005098193884,26.1,26.25,1,1,5.710361072885917e-9,26.25,25.75,26.072254929791818,25.6,26.17252396166134,1.5543122344752192e-15,
33,robust,pulse25,0.25,7,0.5,4,672,22.93588750064373,23,22.75,1,1,3.3183643610712465e-8,22.75,22.75,23.007475410129413,23.272727272727273,23.043600562587905,8.978484622446103e-12,
33,robust,pulse25,0.25,7,0.5,5,672,25.062682896852493,24.9,25.5,1,1,1.5314638446284334e-11,25.5,25,24.906552616235413,25.6,24.89969604863222,8.881784197001252e-16,
33,robust,pulse25,0.25,7,0.5,6,672,21.117484474554658,21.2,21.25,1,1,1.48885348494332e-11,21.25,21.25,21.19886360521681,21.333333333333332,21.22279792746114,0,
33,robust,pulse25,0.25,7,0.5,7,672,24.678987776860595,25.25,24.5,1,1,0.0000037638678819229554,24.5,24.75,25.26609561282708,25.6,25.244992295839754,3.394995395922251e-11,
33,robust,pulse25,0.25,7,0.5,8,672,20.06164882518351,20.25,20,1,1,8.744033536123297e-7,20,20,20.242886002886316,19.692307692307693,20.22716049382716,5.543339121061308e-10,
33,robust,pulse25,0.25,7,0.5,9,672,23.371991941705346,23.15,23.5,1,1,1.4035242379417667e-7,23.5,23.5,23.158573670549256,23.272727272727273,23.173974540311175,9.880984919163893e-15,
33,robust,pulse25,0.25,7,0.5,10,672,27.123485766351223,27.450000000000003,26.75,1,1,1.6456135676357064e-8,26.75,27.75,27.443468705427314,28.444444444444443,27.48993288590604,2.2581936320875684e-13,
33,robust,pulse25,0.25,7,0.5,11,672,24.539799185469747,24.45,24.5,1,1,1.1908354613510141e-7,24.5,24.5,24.47012229085294,25.6,24.417287630402384,7.09432512735475e-14,
33,robust,pulse25,0.25,7,0.5,12,672,27.953995630145073,27.6,28,1,1,0.0000026824166134975513,28,28.25,27.610429629945035,28.444444444444443,27.62900505902192,4.785061236134425e-14,
33,robust,pulse25,0.25,7,0.5,13,672,21.162555143237114,21.3,21.25,1,1,7.438800686543345e-10,21.25,21.25,21.313124171809267,21.333333333333332,21.333333333333332,0,
33,robust,pulse25,0.25,7,0.5,14,672,20.546555556356907,20.3,20.5,1,1,0.000004158494872674723,20.5,20.5,20.283021258975666,19.692307692307693,20.277227722772277,2.5979218776228663e-14,
33,robust,pulse25,0.25,7,0.5,15,672,26.886645581573248,27.05,27,1,1,4.4973439750073396e-7,27,27.5,27.065799921196493,28.444444444444443,27.08099173553719,8.881784197001252e-16,
33,robust,pulse25,0.25,7,0.5,16,672,25.69971733354032,26.200000000000003,25.75,1,1,0.0000025117447987055286,25.75,25.75,26.207764397800307,25.6,26.256410256410255,9.082035123952892e-11,
33,robust,pulse25,0.25,7,0.5,17,672,24.383093221113086,24.1,24.75,1,1,1.5340732295587856e-7,24.75,24.5,24.08005821532762,23.272727272727273,24.16519174041298,2.220446049250313e-16,
33,robust,pulse25,0.25,7,0.5,18,672,26.68780928850174,26.3,26.25,1,1,1.1553458856283783e-7,26.25,26.75,26.281888182664456,25.6,26.2144,1.1401990462900358e-13,
33,robust,pulse25,0.25,7,0.5,19,672,23.590975020080805,23.9,23.5,1,1,1.2493335255214788e-8,23.5,23.5,23.914581157012602,23.272727272727273,23.848617176128094,3.480549182199866e-13,
33,robust,pulse25,0.25,7,0.5,20,672,20.08645585551858,20.15,30.25,0,1,0.04644096297090117,20,20,20.13611887018216,19.692307692307693,20.152521525215253,1.4793788416511688e-10,
33,robust,pulse25,0.25,7,0.5,21,672,23.208085911348462,23.55,23.5,1,1,0.0000031261913954194753,23.5,23.25,23.55483497823383,23.272727272727273,23.57410071942446,1.8037793481084918e-12,
33,robust,pulse25,0.25,7,0.5,22,672,24.150144644081593,24.15,24,1,1,4.2538337297060025e-9,24,24,24.14920211679033,23.272727272727273,24.20088626292467,1.7774670624248756e-13,
33,robust,pulse25,0.25,7,0.5,23,672,27.446273114532232,27.200000000000003,27.5,1,1,4.381130290775914e-7,27.5,27.5,27.17741364463847,13.473684210526315,13.826160337552743,1.0271309358600433e-9,
33,robust,pulse25,0.25,7,0.5,24,672,24.197450732812285,24.3,24,1,1,0.00000843447008513909,24,24,24.280172198587806,23.272727272727273,24.344725111441306,2.4890534078281235e-11,
33,robust,pulse25,0.25,7,0.5,25,672,26.67885636910796,26.700000000000003,27,1,1,2.6864066526854913e-10,27,27,26.692337786763893,25.6,26.72756933115824,0,
33,robust,pulse25,0.25,7,0.5,26,672,27.412753090262413,27.25,27.5,1,1,2.0800957845068524e-8,26.5,27.5,27.23681053469997,13.473684210526315,13.562913907284768,8.950618024528012e-13,
33,robust,pulse25,0.25,7,0.5,27,672,27.83223490603268,28.450000000000003,28,1,1,3.5460393732478224e-8,28,27.5,28.462304912314334,28.444444444444443,28.346020761245676,4.3665071558507407e-13,
33,robust,pulse25,0.25,7,0.5,28,672,23.242897037416697,23.15,23,1,1,1.7644705230246416e-7,23,23.25,23.17243878944982,23.272727272727273,23.173974540311175,1.1102230246251565e-16,
33,robust,pulse25,0.25,7,0.5,29,672,23.422378016635776,23.35,23.5,1,1,5.4337090382716724e-11,23.5,23.5,23.372176490405444,23.272727272727273,23.372325249643367,0,
33,robust,pulse25,0.25,7,0.5,30,672,26.07934356108308,26.3,26.25,1,1,1.326671605905716e-8,26.25,26.25,26.279176276745037,25.6,26.2144,0,
33,robust,pulse25,0.25,7,0.5,31,672,26.940815133973956,26.8,26.5,1,1,8.050387081404153e-7,26.5,27.75,26.801220460941483,25.6,26.81505728314239,6.661338147750939e-16,
33,robust,pulse25,0.25,7,0.5,32,672,23.17658333107829,22.95,23.25,1,1,9.952935675627828e-8,23.25,23.25,22.93917031538027,23.272727272727273,22.914685314685315,2.728065551238501e-10,
33,robust,pulse25,0.25,7,0.5,33,672,26.921166954562068,27.6,27.25,1,1,7.26889659574681e-11,27.25,27.25,27.598277564677744,28.444444444444443,27.722504230118442,0,
33,robust,pulse25,0.25,7,0.5,34,672,23.905326064676046,23.95,24,1,1,5.0803477535943387e-8,24,24,23.924456657919023,12.19047619047619,11.967859751643536,6.8613781323279e-10,
33,robust,pulse25,0.25,7,0.5,35,672,26.957315815612674,27.1,27,1,1,7.706169036225674e-12,27,27,27.097363642658966,28.444444444444443,27.08099173553719,0,
33,robust,pulse25,0.25,7,0.5,36,672,25.314049506559968,25,25,1,1,3.1718107029732323e-9,25,25,25.021634079085473,25.6,25.013740458015267,1.7053025658242404e-13,
33,robust,pulse25,0.25,7,0.5,37,672,27.205581972375512,27.200000000000003,27.75,1,1,6.143030226724022e-7,27.75,27.75,27.18473742529049,28.444444444444443,27.170812603648425,7.540301716346676e-12,
33,robust,pulse25,0.25,7,0.5,38,672,22.360572692006826,22.1,22.5,1,1,2.057765347007745e-8,22.5,22.75,22.08030570504121,21.333333333333332,22.021505376344088,9.992007221626409e-16,
33,robust,pulse25,0.25,7,0.5,39,672,23.584326868876815,23.8,23.5,1,1,3.1455743110253565e-7,23.5,23.75,23.81749623416134,12.19047619047619,11.941690962099125,2.6513178319476083e-8,
33,robust,pulse25,0.25,7,0.5,40,672,24.285578697919846,24.4,24.25,1,1,6.94244622900797e-8,24.25,24.25,24.390195237778723,25.6,24.453731343283582,1.554312234475219e-14,
33,robust,pulse25,0.25,7,0.5,41,672,26.51932894065976,26.4,26.75,1,1,0.0000014925899951556687,26.75,26.75,26.392133418587694,25.6,26.383252818035427,2.4885649096972884e-12,
33,robust,pulse25,0.25,7,0.5,42,672,25.230014961212873,25.15,25,1,1,6.121815087078986e-7,25,25,25.155544348177155,25.6,25.167434715821813,2.2362112161999903e-12,
33,robust,pulse25,0.25,7,0.5,43,672,27.76129357330501,27.9,27.25,1,1,8.080293878443001e-9,27.25,27.75,27.878493505372592,28.444444444444443,27.911413969335605,0,
33,robust,pulse25,0.25,7,0.5,44,672,24.53353536501527,24.05,24,1,1,7.164715465357574e-8,24,24,24.04778558183879,23.272727272727273,24.023460410557185,7.771561172376096e-14,
33,robust,pulse25,0.25,7,0.5,45,672,20.5537026245147,20.85,20.5,1,1,1.6899140198312068e-8,20.5,20.25,20.86731687613764,21.333333333333332,20.818297331639137,2.7960345150290777e-10,
33,robust,pulse25,0.25,7,0.5,46,672,23.16950793750584,23.1,23.25,1,1,8.180001120905445e-11,23.25,23.25,23.075202906736035,23.272727272727273,23.108603667136812,4.440892098500626e-16,
33,robust,pulse25,0.25,7,0.5,47,672,23.60301566310227,23.6,23.75,1,1,1.9583309418536032e-9,23.75,23.5,23.610780868656498,23.272727272727273,23.57410071942446,8.881784197001252e-16,
33,robust,pulse25,0.25,7,0.5,48,672,27.39817237108946,27.25,27.5,1,1,2.856158600739178e-7,27.5,27,27.259226684292674,28.444444444444443,27.261231281198004,2.5157653738006047e-13,
33,robust,pulse25,0.25,7,0.5,49,672,22.881355414167047,22.85,23,1,1,0.000023022989617427214,23,22.5,22.843978402722183,23.272727272727273,11.401530967292972,1.1820758882841176e-7,
33,robust,pulse25,0.25,7,0.5,50,672,24.17457958497107,24.6,24,1,1,2.3841328911089477e-10,24,24,24.61279463487475,12.19047619047619,24.563718140929534,7.94031507211912e-12,
33,robust,pulse25,0.25,7,0.5,51,672,20.963259629905224,20.95,21,1,1,5.408891545766181e-8,21,21,20.933755354429344,21.333333333333332,20.897959183673468,7.438494264988549e-15,
33,robust,pulse25,0.25,7,0.5,52,672,21.800761224702,21.8,21.75,1,1,3.3062674820172333e-10,21.75,21.75,21.804765583504718,21.333333333333332,21.78723404255319,7.771561172376096e-16,
33,robust,pulse25,0.25,7,0.5,53,672,23.103220535442233,23.7,23.25,1,1,1.2829122486568423e-7,23.25,23.25,23.713841788007176,23.272727272727273,23.710564399421127,2.220446049250313e-16,
33,robust,pulse25,0.25,7,0.5,54,672,22.2335560079664,22.15,22.25,1,1,5.124872748396569e-10,22.25,22.25,22.169759225700147,21.333333333333332,22.14054054054054,4.440892098500626e-16,
33,robust,pulse25,0.25,7,0.5,55,672,25.171394620090723,25.05,25,1,1,3.388331160092406e-8,25,25,25.066235527936787,25.6,25.090352220520675,7.216449660063518e-15,
33,robust,pulse25,0.25,7,0.5,56,672,26.085665868595243,25.85,26.25,1,1,0.000004000237403323226,26,26.25,25.831511173874805,25.6,25.88309636650869,2.6276758546828205e-12,
33,robust,pulse25,0.25,7,0.5,57,672,23.683353304862976,23.8,23.75,1,1,2.3359894019137073e-9,23.75,23.75,23.80819725421211,23.272727272727273,23.744927536231884,2.220446049250313e-16,
33,robust,pulse25,0.25,7,0.5,58,672,23.328876234591007,23.3,23.25,1,1,0.0000020174445155562992,23.25,23,23.292135898735317,23.272727272727273,23.305832147937412,9.14734954449159e-11,
33,robust,pulse25,0.25,7,0.5,59,672,25.325876533985138,25.55,25.25,1,1,1.0611663248116798e-7,25.25,25.25,25.535407663399955,25.6,25.5600624024961,1.1615564066147499e-10,
33,robust,pulse25,0.25,7,0.5,60,672,23.109797351062298,23.2,23,1,1,7.183142969324763e-14,23,23,23.200108207566174,23.272727272727273,23.206798866855525,0,
33,robust,pulse25,0.25,7,0.5,61,672,27.83203567750752,27.8,28,1,1,3.3994547177229606e-8,28,28,27.81661596604671,28.444444444444443,27.816638370118845,3.3306690738754696e-16,
33,robust,pulse25,0.25,7,0.5,62,672,23.407101592049003,23.25,23.5,1,1,1.4620327559722313e-7,23.5,23.25,23.241660449965227,23.272727272727273,23.23971631205674,9.797718192317006e-13,
33,robust,pulse25,0.25,7,0.5,63,672,26.771735275164247,27.05,27,1,1,2.768750495540928e-8,27,27,27.030963963741037,28.444444444444443,27.036303630363037,1.5543122344752192e-15,
33,robust,pulse25,0.25,7,0.5,64,672,26.724611131474376,26.4,26.75,1,1,0.0000019329672037438073,25.75,27.25,26.398585300712444,25.6,26.468497576736674,9.592326932761353e-14,
33,robust,pulse25,0.25,7,0.5,65,672,24.12780142389238,23.85,24,1,1,2.6689317422778913e-11,24,24,23.830258220245142,23.272727272727273,23.88338192419825,4.6629367034256575e-15,
33,robust,pulse25,0.25,7,0.5,66,672,20.845707280561328,20.85,20.75,1,1,1.3507051033201378e-10,20.75,21,20.866622635134487,21.333333333333332,20.897959183673468,0,
33,robust,pulse25,0.25,7,0.5,67,672,20.339569829404354,20.35,20.5,1,1,7.342692209810764e-8,20.5,20.5,20.365749938823885,19.692307692307693,20.3527950310559,5.617728504603292e-14,
33,robust,pulse25,0.25,7,0.5,68,672,25.786634173244238,25.55,26,1,1,0.00001171285932377586,26,25.75,25.54998033754808,25.6,25.5202492211838,8.81639206085083e-11,
33,robust,pulse25,0.25,7,0.5,69,672,27.763057503849268,27.5,27.75,1,1,1.902467932080043e-7,27.75,27.75,27.514830912401713,28.444444444444443,27.48993288590604,1.7696955012524995e-12,
33,robust,pulse25,0.25,7,0.5,70,672,22.995301777496934,22.8,23.25,1,1,0.000001568297819498632,23.25,23,22.786607912102685,23.272727272727273,22.787204450625868,2.786659791809143e-14,
33,robust,pulse25,0.25,7,0.5,71,672,24.030397737398744,24.4,24,1,1,2.8391535233929233e-8,24,24,24.425736671657443,25.6,24.38095238095238,6.661338147750939e-16,
33,robust,pulse25,0.25,7,0.5,72,672,20.15347432345152,20.7,20.25,1,1,2.718497573717116e-7,20.25,20.25,20.70739506171391,21.333333333333332,20.68686868686869,6.451330580858894e-9,
33,robust,pulse25,0.25,7,0.5,73,672,21.39479018934071,21.65,21.5,1,1,9.739483760595746e-7,21.5,21.25,21.674256709383247,21.333333333333332,21.67195767195767,6.861065049434956e-10,
33,robust,pulse25,0.25,7,0.5,74,672,26.486438946798444,26.700000000000003,26,1,1,0.000004376082006873894,26,26.25,26.713330454967167,25.6,26.684039087947884,2.9152836811263683e-9,
33,robust,pulse25,0.25,7,0.5,75,672,22.65092301554978,22.5,22.75,1,1,1.492150722981478e-7,22.75,22.75,22.509422913681004,23.272727272727273,22.505494505494507,6.920291006906609e-10,
33,robust,pulse25,0.25,7,0.5,76,672,24.933286927640438,25.25,25.25,1,1,7.097542209510976e-8,25.25,25.25,25.24060666420051,25.6,25.206153846153846,5.551115123125783e-15,
33,robust,pulse25,0.25,7,0.5,77,672,20.52809320949018,20.7,20.5,1,1,2.55351295663786e-15,20.5,20.5,20.68058832692466,21.333333333333332,20.68686868686869,0,
33,robust,pulse25,0.25,7,0.5,78,672,21.341071082279086,21.3,21,1,1,1.5569657785263757e-9,21,27.75,21.28783823038933,21.333333333333332,21.30559167750325,1.1102230246251565e-16,
33,robust,pulse25,0.25,7,0.5,79,672,27.49321024119854,27.450000000000003,27.25,1,1,1.200026594760928e-7,27.25,27.75,27.454192216239104,28.444444444444443,27.39799331103679,0,
33,robust,pulse25,0.25,7,0.5,80,672,20.47433279827237,20.45,20.5,1,1,1.3032908086074713e-11,20.5,20.75,20.43876716703264,19.692307692307693,20.454431960049938,0,
33,robust,pulse25,0.25,7,0.5,81,672,26.04761393368244,25.85,26,1,1,1.9111258753312654e-7,26,26,25.83212081318177,25.6,25.88309636650869,8.552047958687581e-13,
33,robust,pulse25,0.25,7,0.5,82,672,22.936188096180558,22.6,22.75,1,1,2.2499688778765403e-9,22.75,22.75,22.59309635813334,23.272727272727273,22.629834254143645,0,
33,robust,pulse25,0.25,7,0.5,83,672,22.74815683066845,22.95,22.75,1,1,8.393958261798673e-8,22.75,22.75,22.943952368105524,23.272727272727273,22.946778711484594,1.0408442996379108e-9,
33,robust,pulse25,0.25,7,0.5,84,672,24.28971652314067,24.5,24.5,1,1,0.000014175050040088344,24.5,24.5,24.48935533901765,25.6,24.453731343283582,1.38355993328787e-12,
33,robust,pulse25,0.25,7,0.5,85,672,20.360484762117267,20.45,20,1,1,9.192107852662446e-9,20,20.25,20.428993439330807,19.692307692307693,20.428927680798004,4.226619054747971e-13,
33,robust,pulse25,0.25,7,0.5,86,672,23.595796555280685,23.55,23.5,1,1,2.5239366818752274e-8,23.5,24,23.56177782036077,23.272727272727273,23.608069164265128,0,
33,robust,pulse25,0.25,7,0.5,87,672,22.977494686841965,23.05,23,1,1,0.000003781258612112204,23,23,23.034500961376562,23.272727272727273,23.01123595505618,1.6959766924173891e-12,
33,robust,pulse25,0.25,7,0.5,88,672,25.477968713268638,25.15,25.75,1,1,1.5068369885185007e-9,25.75,25.25,25.144682770427504,25.6,25.12883435582822,0,
33,robust,pulse25,0.25,7,0.5,89,672,26.19313152693212,26.3,26,1,1,8.285279505804155e-7,26,26,26.303550103026463,25.6,26.256410256410255,2.3150581451858443e-10,
33,robust,pulse25,0.25,7,0.5,90,672,27.778460616245866,27.450000000000003,27.5,1,1,1.0838401987012247e-7,27.5,27.5,27.418250896621572,28.444444444444443,27.352253756260435,4.440892098500626e-15,
33,robust,pulse25,0.25,7,0.5,91,672,20.10504186525941,20.25,20,1,1,1.7884582703686647e-12,20,20.5,20.26651834100383,19.692307692307693,20.277227722772277,1.1102230246251565e-16,
33,robust,pulse25,0.25,7,0.5,92,672,23.176824862137437,23.2,23,1,1,0.000012365163838179427,23,23.75,23.201787058452826,23.272727272727273,23.206798866855525,1.6548096226642883e-10,
33,robust,pulse25,0.25,7,0.5,93,672,20.39703544229269,20.15,20.25,1,1,1.1545551070746285e-8,20.25,20.25,20.12702086902444,19.692307692307693,20.152521525215253,2.7384394751805985e-10,
33,robust,pulse25,0.25,7,0.5,94,672,22.603779973462224,22.45,22.75,1,1,0.00001375625961808069,22.75,22.75,22.46512871136222,23.272727272727273,22.474622770919066,1.2354073319897907e-10,
33,robust,pulse25,0.25,7,0.5,95,672,21.898309329524636,22.25,22.25,1,1,1.6941812153170588e-7,22.25,22.25,22.22879164906596,21.333333333333332,22.200542005420054,4.9395598722412615e-11,
33,robust,pulse25,0.25,7,0.5,96,672,25.795659188181162,26,25.75,1,1,9.172304582527602e-9,25.75,25.75,26.013795928258396,25.6,26.006349206349206,1.587618925213974e-14,
33,robust,pulse25,0.25,7,0.5,97,672,22.541953314095736,22.75,22.75,1,1,0.0000016116012881983721,22.75,22.75,22.745958021303654,11.130434782608695,11.191256830601093,1.2373267077592232e-8,
33,robust,pulse25,0.25,7,0.5,98,672,25.96350901015103,26.85,26.25,1,1,3.732080995355602e-7,26.25,26.25,26.829848349357924,25.6,26.81505728314239,2.3940283089274317e-10,
33,robust,pulse25,0.25,7,0.5,99,672,20.969245489686728,21.2,20.5,1,1,1.3760106498672542e-8,20.5,20.75,21.1872041456467,21.333333333333332,21.140645161290323,0,
33,robust,pulse25,0.25,7,0.5,100,672,22.440495243296027,22.25,22.25,1,1,0.0000011237302319777598,22.25,22.25,22.26391835668708,21.333333333333332,22.200542005420054,3.673727988484643e-13,
33,robust,pulse25,0.25,7,0.5,101,672,25.553199999034405,25.45,25.5,1,1,2.4286041533372327e-7,25.5,25.75,25.451919862954217,25.6,25.480559875583204,5.1922133259552083e-11,
33,robust,pulse25,0.25,7,0.5,102,672,21.071609945967793,21.05,21.25,1,1,4.602611181070415e-8,21.25,21.5,21.052468808401553,21.333333333333332,21.11340206185567,0,
33,robust,pulse25,0.25,7,0.5,103,672,27.8204586468637,27.35,27.5,1,1,3.5322869085252506e-7,27.5,27.5,27.343369081574224,28.444444444444443,27.39799331103679,3.175237850427948e-14,
33,robust,pulse25,0.25,7,0.5,104,672,22.90680981054902,22.9,23.25,1,1,7.774008659033882e-9,22.5,22.75,22.876548911706145,23.272727272727273,22.914685314685315,0,
33,robust,pulse25,0.25,7,0.5,105,672,24.107381589710712,24,24,1,1,4.3112604597439486e-9,24,24,23.997225350225058,23.272727272727273,23.953216374269005,2.220446049250313e-16,
33,robust,pulse25,0.25,7,0.5,106,672,24.08602910861373,24.2,24,1,1,1.111727709890431e-9,24,24,24.222159457117804,23.272727272727273,24.236686390532544,2.3314683517128287e-15,
33,robust,pulse25,0.25,7,0.5,107,672,23.594648016616702,24.3,23.5,1,1,1.7759874015865762e-8,23.5,23.5,24.291699146932565,23.272727272727273,24.20088626292467,9.992007221626409e-16,
33,robust,pulse25,0.25,7,0.5,108,672,22.823367696255445,22.5,22.75,1,1,2.0574716264043502e-7,22.75,22.75,22.515510661733455,23.272727272727273,22.474622770919066,2.0958790258873705e-12,
33,robust,pulse25,0.25,7,0.5,109,672,20.945084219798446,20.7,21,1,1,7.220424258491676e-10,21,21,20.719987009354373,21.333333333333332,20.739240506329114,0,
33,robust,pulse25,0.25,7,0.5,110,672,24.76661873422563,24.65,24.75,1,1,9.045653115435925e-12,24.75,24.75,24.63507099577034,25.6,24.674698795180724,0,
33,robust,pulse25,0.25,7,0.5,111,672,24.63976838439703,24.85,24.75,1,1,5.80252109694257e-8,24.75,24.5,24.872180255345157,25.6,24.861911987860395,2.6645352591003757e-15,
33,robust,pulse25,0.25,7,0.5,112,672,22.23577624373138,22.5,22.25,1,1,0.000003641181841818053,22.25,22.25,22.49430931379309,23.272727272727273,22.536451169188446,6.772360450213455e-15,
33,robust,pulse25,0.25,7,0.5,113,672,22.992212498560548,23.3,23.25,1,1,3.1922575693954514e-11,23.25,23.25,23.276787818565644,23.272727272727273,23.272727272727273,0,
33,robust,pulse25,0.25,7,0.5,114,672,23.833906419575214,23.7,23.5,1,1,6.917464379085914e-10,23.5,23.75,23.693009108552836,23.272727272727273,23.744927536231884,1.1102230246251565e-16,
33,robust,pulse25,0.25,7,0.5,115,672,22.500332234427333,22.95,22.5,1,1,5.851029816206221e-8,22.5,22.5,22.939210908953733,23.272727272727273,22.914685314685315,4.836131495267182e-13,
33,robust,pulse25,0.25,7,0.5,116,672,21.380332903936505,21.35,21.25,1,1,0.000025905294489647623,21.25,21.25,21.357513171430213,21.333333333333332,21.333333333333332,3.724909269919863e-12,
33,robust,pulse25,0.25,7,0.5,117,672,26.28864185884595,26.35,26.25,1,1,0.000022339577384622444,26.25,27.5,26.322672990508188,25.6,26.298555377207062,6.010356656815929e-10,
33,robust,pulse25,0.25,7,0.5,118,672,22.896695237606764,23.1,23.25,1,1,2.1763538748942324e-9,23.25,23,23.119290206180242,23.272727272727273,23.141242937853107,0,
33,robust,pulse25,0.25,7,0.5,119,672,22.384066240862012,22.25,22,1,1,1.7985701816769506e-10,22,22,22.249205204301866,11.130434782608695,22.230664857530527,5.662137425588298e-15,
33,robust,pulse25,0.25,7,0.5,120,672,20.653526697307825,21,20.75,1,1,6.663848362009617e-10,20.75,20.75,21.00316815805223,21.333333333333332,21.005128205128205,3.5452751845355124e-12,
33,robust,pulse25,0.25,7,0.5,121,672,27.63736678287387,27.85,27.5,1,1,2.4525138586639628e-9,27.5,28,27.871116315172667,28.444444444444443,27.769491525423728,2.6645352591003757e-15,
33,robust,pulse25,0.25,7,0.5,122,672,23.622885627672076,23.45,23.75,1,1,0.000003819484625466885,23.75,23.75,23.45086748947576,23.272727272727273,23.43919885550787,4.092282068768327e-13,
33,robust,pulse25,0.25,7,0.5,123,672,20.349672632291913,20.15,20.5,1,1,6.260870377694516e-9,20.5,20.5,20.136829056141238,19.692307692307693,20.152521525215253,3.219646771412954e-15,
33,robust,pulse25,0.25,7,0.5,124,672,22.222343057394028,22,22.5,1,1,8.82805274105003e-7,22.5,22.5,21.99426737951562,21.333333333333332,22.021505376344088,3.952393967665557e-14,
33,robust,pulse25,0.25,7,0.5,125,672,21.913395730778575,22.2,22.5,1,1,0.000001695893480313515,22,22.25,22.17848363659138,21.333333333333332,22.14054054054054,1.5785150964120476e-12,
33,robust,pulse25,0.25,7,0.5,126,672,20.417150545865297,20.6,30.75,0,1,0.018985646804004053,20.5,20.5,20.576217764784978,21.333333333333332,20.582914572864322,9.058309657916652e-13,
33,robust,pulse25,0.25,7,0.5,127,672,26.395567504689097,26.5,26.5,1,1,6.513550254716449e-9,26.5,26.5,26.48027214769506,25.6,26.511326860841425,0,
33,robust,pulse25,0.25,7,0.5,128,672,25.599616184830666,25.55,25.75,1,1,5.809686065560982e-12,25.75,25.75,25.55582279360747,25.6,25.5202492211838,4.3853809472693683e-14,
33,robust,pulse25,0.25,7,0.5,129,672,22.746315468102694,22.65,22.75,1,1,3.060526576614819e-8,22.75,22.75,22.66322548853889,23.272727272727273,22.629834254143645,2.874700477661918e-12,
33,robust,pulse25,0.25,7,0.5,130,672,23.31225122511387,23.25,23.5,1,1,1.575202634995776e-9,23.5,23.5,23.247138527955244,23.272727272727273,23.23971631205674,1.1102230246251565e-16,
33,robust,pulse25,0.25,7,0.5,131,672,22.53963465988636,22.55,22.25,1,1,6.659982565437872e-10,22.25,22.5,22.534441594508237,23.272727272727273,22.56749311294766,3.3306690738754696e-16,
33,robust,pulse25,0.25,7,0.5,132,672,20.918107332661748,21.25,21,1,1,2.31690101548665e-8,21,21,21.255987226364393,21.333333333333332,21.22279792746114,6.5503158452884236e-15,
33,robust,pulse25,0.25,7,0.5,133,672,22.865090427920222,23,23.25,1,1,7.202450047483211e-8,23,22.75,22.996588948417195,23.272727272727273,22.978962131837307,6.259437412836633e-13,
33,robust,pulse25,0.25,7,0.5,134,672,21.69924079813063,22.2,21.75,1,1,2.4391716424432275e-9,21.75,22.25,22.199075067098505,21.333333333333332,22.200542005420054,1.3322676295501878e-15,
33,robust,pulse25,0.25,7,0.5,135,672,24.446396766230464,24.75,24.75,1,1,1.7483067216161885e-9,24.75,23.75,24.738493513140764,25.6,24.71191553544495,0,
33,robust,pulse25,0.25,7,0.5,136,672,24.57421027123928,24.1,24.75,1,1,0.0000033359950021294438,24.75,24.75,24.120923731201735,23.272727272727273,24.20088626292467,4.6629367034256575e-15,
33,robust,pulse25,0.25,7,0.5,137,672,21.494508896023035,21.3,21.5,1,1,7.426299575286066e-10,21.5,21.5,21.294208821114882,21.333333333333332,21.333333333333332,1.6653345369377348e-13,
33,robust,pulse25,0.25,7,0.5,138,672,23.517149444669485,23.65,23.5,1,1,1.1614225137179801e-9,23.5,23.5,23.65532548905759,23.272727272727273,23.710564399421127,8.564848830161509e-11,
33,robust,pulse25,0.25,7,0.5,139,672,23.711951127275825,24.15,23.75,1,1,5.936529046124406e-11,23.75,23.75,24.149724580565437,23.272727272727273,24.12960235640648,1.1102230246251565e-16,
33,robust,pulse25,0.25,7,0.5,140,672,27.70932479761541,27.85,27.75,1,1,1.2763458978604092e-7,27.75,27.5,27.843669786552674,28.444444444444443,27.722504230118442,0,
33,robust,pulse25,0.25,7,0.5,141,672,24.037256667390466,23.95,24,1,1,1.8612407171048062e-9,24,24,23.955751407121102,23.272727272727273,23.988286969253295,0,
33,robust,pulse25,0.25,7,0.5,142,672,20.37636466883123,20.45,20.5,1,1,8.545164575934905e-12,20.5,20.5,20.44936285993383,19.692307692307693,20.454431960049938,0,
33,robust,pulse25,0.25,7,0.5,143,672,20.212372919544578,20.05,20.25,1,1,1.799149718095805e-11,20.25,20.25,20.059815568189478,19.692307692307693,20.07843137254902,0,
33,robust,pulse25,0.25,7,0.5,144,672,21.17172884568572,21,31.75,0,1,0.023023952143051862,21.25,21.25,21.009675943762968,21.333333333333332,21.005128205128205,1.107517411114145e-10,
33,robust,pulse25,0.25,7,0.5,145,672,25.199276173487306,25.05,25,1,1,4.3327119891856114e-8,24.5,24.5,25.06641351183619,25.6,25.090352220520675,0,
33,robust,pulse25,0.25,7,0.5,146,672,25.54703290387988,25.2,25.5,1,1,6.719880651928634e-8,25.5,25.25,25.23000812366178,25.6,25.244992295839754,2.1378565584484477e-11,
33,robust,pulse25,0.25,7,0.5,147,672,22.022848639637232,21.9,22.25,1,1,0.000010737321074705264,22.25,22.25,21.906226545267366,21.333333333333332,21.874499332443257,1.6991719142822603e-10,
33,robust,pulse25,0.25,7,0.5,148,672,22.159831300377846,22.45,22.25,1,1,0.0000025636043692323085,22.25,22.25,22.44233660510367,23.272727272727273,22.474622770919066,5.316946882771845e-11,
33,robust,pulse25,0.25,7,0.5,149,672,20.397357178851962,20.2,20.5,1,1,0.000006371851218434088,20,20.5,20.186108414321897,19.692307692307693,20.177339901477833,8.632983217182755e-12,
33,robust,pulse25,0.25,7,0.5,150,672,23.063005536794662,22.85,23,1,1,3.993203147034663e-7,23,23,22.841468449486328,23.272727272727273,22.88268156424581,3.442213181159559e-11,
33,robust,pulse25,0.25,7,0.5,151,672,27.900707809254527,28.200000000000003,28,1,1,1.0671308281473557e-10,28,28,28.182976902413813,28.444444444444443,28.151202749140893,4.4853010194856324e-14,
33,robust,pulse25,0.25,7,0.5,152,672,21.221811113879085,21.15,21.25,1,1,7.67856744854356e-9,21.25,21.25,21.149028740694845,21.333333333333332,21.140645161290323,2.3314683517128287e-14,
33,robust,pulse25,0.25,7,0.5,153,672,22.120284317061305,21.7,22,1,1,9.517053811691767e-12,22,22,21.71802422861531,21.333333333333332,21.72944297082228,0,
33,robust,pulse25,0.25,7,0.5,154,672,21.6039867233485,21.35,21.75,1,1,0.000002102763515532402,21.75,21.5,21.35549941103949,21.333333333333332,21.389033942558747,1.4432899320127035e-15,
33,robust,pulse25,0.25,7,0.5,155,672,27.674857581034303,27.3,27.75,1,1,0.000005861668781026452,27.75,27.25,27.28976520050955,28.444444444444443,27.261231281198004,4.785061236134425e-14,
33,robust,pulse25,0.25,7,0.5,156,672,27.621759729459882,27.15,27.5,1,1,6.575714417422773e-10,27.5,27.5,27.130001390788088,28.444444444444443,27.125827814569536,1.0502709812953981e-13,
33,robust,pulse25,0.25,7,0.5,157,672,20.187111610546708,20.5,20.25,1,1,6.947672779311631e-7,20.25,20.5,20.499527089982617,21.333333333333332,20.505632040050063,6.808997810026085e-13,
33,robust,pulse25,0.25,7,0.5,158,672,24.898607436567545,24.85,25.25,1,1,7.836549376083468e-8,25.25,25.25,24.863256899549828,25.6,24.861911987860395,1.1102230246251565e-16,
33,robust,pulse25,0.25,7,0.5,159,672,23.740196209400892,23.4,23.25,1,1,0.000002055491524877162,23.25,23.25,23.414856369766444,23.272727272727273,23.43919885550787,6.706857291760571e-13,
33,robust,pulse25,0.25,7,0.5,160,672,27.529013589024544,27.05,27.5,1,1,0.000005122595893136683,27.5,27.5,27.066618980594924,28.444444444444443,27.08099173553719,9.245157972515017e-10,
33,robust,pulse25,0.25,7,0.5,161,672,23.287940450012684,23.2,23.5,1,1,1.440146774056572e-7,23.5,23.5,23.202542965612643,23.272727272727273,23.206798866855525,6.320499679191016e-12,
33,robust,pulse25,0.25,7,0.5,162,672,27.52105227857828,27.9,27.75,1,1,0.0000020742653227268093,27.75,27.5,27.915859840470766,28.444444444444443,27.816638370118845,1.27675647831893e-14,
33,robust,pulse25,0.25,7,0.5,163,672,25.305327218025923,25.1,24.5,1,1,0.000002286133604090246,24.5,24.5,25.090389142589636,25.6,25.051987767584098,1.1567746760476894e-11,
33,robust,pulse25,0.25,7,0.5,164,672,25.86555279791355,25.95,25.75,1,1,2.1409447770182055e-8,25.75,25.75,25.939049419882437,25.6,26.047694753577108,1.1102230246251565e-15,
33,robust,pulse25,0.25,7,0.5,165,672,26.144763305783272,26.05,25.5,1,1,0.00009527478464332884,25.5,29.75,26.045964960183188,25.6,26.047694753577108,5.485957244033557e-10,
33,robust,pulse25,0.25,7,0.5,166,672,23.096731584519148,22.85,23,1,1,1.2143533956177066e-9,23,23,22.851979712718357,23.272727272727273,22.88268156424581,1.1102230246251565e-16,
33,robust,pulse25,0.25,7,0.5,167,672,23.834860181435943,23.7,23.25,1,1,3.890604050038604e-8,23.25,23.25,23.707338240657503,23.272727272727273,23.779390420899855,0,
33,robust,pulse25,0.25,7,0.5,168,672,20.190631037577987,19.95,20.25,1,1,5.293013227714027e-7,19.75,20.25,19.925635482920363,19.692307692307693,19.907654921020654,1.733835297557107e-12,
33,robust,pulse25,0.25,7,0.5,169,672,23.812688002362847,23.5,23.25,1,1,0.0000027371870658932096,23.25,23.75,23.520866572345813,23.272727272727273,23.506456241033,1.1368683772161603e-13,
33,robust,pulse25,0.25,7,0.5,170,672,20.896007826551795,21.1,21,1,1,2.569533474883201e-11,21,21,21.089306751196567,21.333333333333332,21.03209242618742,0,
33,robust,pulse25,0.25,7,0.5,171,672,22.808653820306063,22.75,22.75,1,1,1.4503809264709844e-10,22.75,22.75,22.754110195330302,23.272727272727273,22.818941504178273,7.105427357601002e-15,
33,robust,pulse25,0.25,7,0.5,172,672,25.073105284944177,24.9,24.75,1,1,1.9050914368268224e-7,24.75,25.25,24.919372904415074,25.6,24.89969604863222,2.0905499553691698e-13,
33,robust,pulse25,0.25,7,0.5,173,672,20.106685178354383,20.1,20.5,1,1,1.0102574332648828e-10,20.25,20.5,20.121235883321848,19.692307692307693,20.152521525215253,0,
33,robust,pulse25,0.25,7,0.5,174,672,21.383508739992976,21.8,21.5,1,1,4.0335066064933756e-8,21.5,21.5,21.78558443772716,21.333333333333332,21.78723404255319,1.1102230246251565e-15,
33,robust,pulse25,0.25,7,0.5,175,672,22.364890042692423,22.3,22.5,1,1,3.4923610670034577e-9,22.5,22.5,22.30016544490187,23.272727272727273,22.321525885558582,6.772360450213455e-15,
33,robust,pulse25,0.25,7,0.5,176,672,25.640340508893132,25.3,25.5,1,1,6.516456263483406e-10,25.5,25.5,25.304633277354117,25.6,25.323029366306027,2.1094237467877974e-15,
33,robust,pulse25,0.25,7,0.5,177,672,22.633946692571044,23.1,22.75,1,1,1.0452838594687819e-10,22.75,22.75,23.095305055277528,23.272727272727273,23.07605633802817,8.326672684688674e-15,
33,robust,pulse25,0.25,7,0.5,178,672,26.668017918244004,26.950000000000003,26.5,1,1,3.818440563740921e-9,26.5,26.5,26.943303414392567,25.6,26.94736842105263,1.284528039491306e-13,
33,robust,pulse25,0.25,7,0.5,179,672,27.17062385752797,26.8,27.25,1,1,0.0006992169142765459,27.25,27,26.809944359882287,25.6,26.81505728314239,1.5421441901253274e-11,
33,robust,pulse25,0.25,7,0.5,180,672,27.781497633084655,28.200000000000003,28,1,1,0.0000022758487249197046,28,27.75,28.220544213602807,28.444444444444443,28.199655765920827,1.3001566490089544e-10,
33,robust,pulse25,0.25,7,0.5,181,672,26.54327891394496,26.65,26.75,1,1,2.844100399634897e-9,26.75,26.75,26.642612609898812,25.6,26.640650406504065,0,
33,robust,pulse25,0.25,7,0.5,182,672,22.109608070924878,22.35,22.5,1,1,0.0001612195374204317,22.5,22,22.36124175742533,23.272727272727273,22.41313269493844,3.6921043999882386e-10,
33,robust,pulse25,0.25,7,0.5,183,672,26.044751128181815,25.85,26,1,1,1.8480261765319028e-9,26,26,25.866814744048224,25.6,25.96513470681458,2.1871393585115584e-14,
33,robust,pulse25,0.25,7,0.5,184,672,22.883772894740105,22.9,23.25,1,1,0.000005281621097030786,23.25,23,22.914232526264797,23.272727272727273,22.946778711484594,5.830380622739995e-11,
33,robust,pulse25,0.25,7,0.5,185,672,22.06153559498489,22.15,22,1,1,1.216347966792597e-8,22,22,22.1288450085133,21.333333333333332,22.110661268556004,1.887379141862766e-15,
33,robust,pulse25,0.25,7,0.5,186,672,21.025477388873696,20.85,21,1,1,0.000003212897540794124,21,21,20.857103543779647,21.333333333333332,20.871337579617833,1.8467433615665385e-7,
33,robust,pulse25,0.25,7,0.5,187,672,22.904906280338764,22.8,22.75,1,1,1.6933414426212323e-7,22.75,22.75,22.80290513213198,23.272727272727273,22.818941504178273,2.220446049250313e-16,
33,robust,pulse25,0.25,7,0.5,188,672,26.83398248255253,27.05,27,1,1,4.078665294393602e-9,27,27,27.044289032758208,28.444444444444443,27.08099173553719,4.510836149052011e-13,
33,robust,pulse25,0.25,7,0.5,189,672,27.445691725239158,27.35,27.25,1,1,0.000002096047263089318,27.25,28,27.35945620417248,28.444444444444443,27.39799331103679,3.3306690738754696e-16,
33,robust,pulse25,0.25,7,0.5,190,672,25.149720715358853,25.35,25.25,1,1,1.2535900095755892e-9,25.25,25.25,25.366960811260626,25.6,25.323029366306027,0,
33,robust,pulse25,0.25,7,0.5,191,672,20.132424687966704,19.95,20.25,1,1,0.000013927784304201829,20.25,20.25,19.96171965990062,19.692307692307693,19.931873479318735,1.223399159755445e-11,
33,robust,pulse25,0.25,7,0.5,192,672,24.35785456188023,24.3,24.25,1,1,0.00005757769366154797,24.25,23.75,24.284011242920283,23.272727272727273,24.236686390532544,1.0398570893244141e-11,
33,robust,pulse25,0.25,7,0.5,193,672,26.701952699571848,26.75,26.5,1,1,2.4500658168946643e-9,26.5,26.75,26.767147765202495,25.6,26.77124183006536,1.887379141862766e-15,
33,robust,pulse25,0.25,7,0.5,194,672,26.9096507281065,26.5,27,1,1,0.000001151039658919828,27,26.75,26.518481155922423,25.6,26.511326860841425,1.6005564651422333e-9,
33,robust,pulse25,0.25,7,0.5,195,672,21.112570982426405,21.05,21,1,1,4.3413929118329975e-9,21,21,21.029159729336126,21.333333333333332,21.005128205128205,0,
33,robust,pulse25,0.25,7,0.5,196,672,21.557554667815566,21.3,21.75,1,1,9.203548698710762e-7,21.75,21.5,21.297538749764147,10.666666666666666,10.78604344963792,1.2905686075370681e-8,
33,robust,pulse25,0.25,7,0.5,197,672,25.741103883832693,25.8,25.75,1,1,3.0961840646881456e-8,25.75,25.75,25.788868420243638,25.6,25.72056514913658,2.220446049250313e-16,
33,robust,pulse25,0.25,7,0.5,198,672,21.928552016615868,22.05,21.75,1,1,0.000034795683076405126,21.75,22,22.05249374883128,21.333333333333332,22.080862533692724,1.583578823627363e-10,
33,robust,pulse25,0.25,7,0.5,199,672,22.05467360280454,22.05,22,1,1,3.26688565088773e-10,22,22,22.04952376856606,21.333333333333332,22.080862533692724,1.4210854715202004e-14,
39,robust,random20,0.25,7,2,0,533,27.805234666913748,27.9,27.75,1,1,0,27.75,27.25,27.854642677235844,26.907268170426065,27.775244563020458,0,
39,robust,random20,0.25,7,2,1,533,21.473145492374897,21.45,21.25,1,1,0,21.25,21.25,21.462501680502108,21.493734335839598,21.44904881746987,0,
39,robust,random20,0.25,7,2,2,540,24.614780496805906,24.5,24.5,1,1,0,24.5,24.5,24.51970673094898,24.441843870415298,24.739189902902105,0,
39,robust,random20,0.25,7,2,3,539,21.221217239275575,21.2,21,1,1,0,21,21,21.217467255557523,21.28574969021066,21.241496572351593,0,
39,robust,random20,0.25,7,2,4,540,23.753360267728567,23.7,23.75,1,1,0,23.75,24,23.687474996964195,24.5149136577708,23.88338192419825,0,
39,robust,random20,0.25,7,2,5,528,23.169974599033594,23.15,23.25,1,1,0,23.25,23.25,23.13138565638667,23.247492545405258,23.195716392742884,0,
39,robust,random20,0.25,7,2,6,549,22.63876573368907,22.55,22.5,1,1,0,22.5,22.5,22.550248427515097,22.389989572471325,22.69392608250487,0,
39,robust,random20,0.25,7,2,7,554,20.047952216118574,20.1,20.25,1,1,0,20,20.25,20.09052425183877,20.677516576250753,20.214272824033323,0,
39,robust,random20,0.25,7,2,8,533,25.251911010593176,25.3,25.25,1,1,0,25.25,25.25,25.31172751977863,24.83747831116252,24.957466129090843,0,
39,robust,random20,0.25,7,2,9,532,26.001486226916313,26.05,26,1,1,0,26,26,26.032762734804116,26.91776522284997,25.84105461393597,0,
39,robust,random20,0.25,7,2,10,526,22.980130910873413,23.05,23,1,1,0,23,23,23.03436539380213,23.3708843537415,22.910626237365847,0,
39,robust,random20,0.25,7,2,11,543,23.543846033513546,23.65,23.75,1,1,0,23.75,23.75,23.626319671639965,24.379222253760997,23.97578358762311,0,
39,robust,random20,0.25,7,2,12,523,25.292084116488695,25.3,25.25,1,1,0,25.25,25.25,25.303667201944123,25.20011788977306,25.20011788977306,0,
39,robust,random20,0.25,7,2,13,524,27.563881112262607,27.55,27.75,1,1,0,27.75,28,27.567688973614946,27.32950924155513,28.06024478277318,0,
39,robust,random20,0.25,7,2,14,534,25.020976269617677,25.2,25.25,1,1,0,25.25,25.25,25.20015253189604,24.790878914706305,25.215172685862647,0,
39,robust,random20,0.25,7,2,15,545,26.70338825508952,26.8,27,1,1,0,27,26.75,26.787448767803976,26.313725490196074,26.2453781512605,0,
39,robust,random20,0.25,7,2,16,541,23.063862724229693,23.05,23,1,1,0,23,23,23.03648949055767,22.72169312169312,23.03013239483828,0,
39,robust,random20,0.25,7,2,17,530,22.762098506093025,22.8,22.75,1,1,0,22.75,23,22.775291995950706,23.159600324061575,22.604577222613475,0,
39,robust,random20,0.25,7,2,18,535,27.741628617048264,27.85,27.75,1,1,0,27.75,28,27.824218851710725,26.7665418227216,27.930304510666016,0,
39,robust,random20,0.25,7,2,19,531,25.499097326770425,25.45,25.25,1,1,0,25,25.25,25.445172653531785,24.89404934687953,25.444532010569745,0,
39,robust,random20,0.25,7,2,20,548,24.671151546761394,24.65,24.75,1,1,0,24.75,24.75,24.65100635688218,24.15637744339756,24.569811776169644,0,
39,robust,random20,0.25,7,2,21,535,27.002325102686882,26.85,27,1,1,0,26.75,27,26.862807763621152,26.7665418227216,27.04829489453972,0,
39,robust,random20,0.25,7,2,22,550,20.088643664494157,20.05,20,1,1,0,20,20,20.040494795473023,19.526411657559198,20.015060597938554,0,
39,robust,random20,0.25,7,2,23,539,25.658710220828652,25.6,25.5,1,1,0,25.5,25.5,25.594038998085885,26.607187112763324,25.80090871540686,0,
39,robust,random20,0.25,7,2,24,551,23.633356319740415,23.55,23.75,1,1,0,23.75,24,23.559855719205494,24.024615384615384,23.543557126030624,0,
39,robust,random20,0.25,7,2,25,543,25.343705397099257,25.5,25.75,1,1,0,25.75,25.75,25.47946538819365,26.371463714637144,25.572328450557233,0,
39,robust,random20,0.25,7,2,26,537,23.969879161566496,23.95,24,1,1,0,24,23.5,23.95073646240428,24.578645235361652,23.778410274210344,0,
39,robust,random20,0.25,7,2,27,539,20.207402367144823,20.2,20.25,1,1,0,20.25,20,20.213749416319565,19.925650557620816,20.201847694063087,0,
39,robust,random20,0.25,7,2,28,541,24.93458098731935,24.9,25,1,1,0,25,25,24.92213765545805,24.46951566951567,24.70708378281194,0,
39,robust,random20,0.25,7,2,29,561,27.96387547068298,27.9,27.75,1,1,0,27.75,27.75,27.885887999545314,27.885714285714283,27.806717927964385,0,
39,robust,random20,0.25,7,2,30,541,22.39220671541989,22.35,22.25,1,1,0,22.25,22.25,22.325372443751228,22.72169312169312,22.421406428454887,0,
39,robust,random20,0.25,7,2,31,535,22.986437695100904,23.05,23.25,1,1,0,23.25,23,23.053407383669132,22.97699304440878,23.448047571515108,0,
39,robust,random20,0.25,7,2,32,554,23.07057425007224,23.05,23.25,1,1,0,23,23,23.031259428894447,22.187548437096353,23.00930949032215,0,
39,robust,random20,0.25,7,2,33,549,26.658451510593295,26.75,26.75,1,1,0,26.75,26.75,26.73744491699607,26.121654501216543,26.258417090228154,0,
39,robust,random20,0.25,7,2,34,541,27.651668155565858,27.6,28,1,1,0,27.5,28,27.613590823832116,28.832323232323233,28.270133085731974,0,
39,robust,random20,0.25,7,2,35,536,20.155948597937822,20.2,20.25,1,1,0,20.25,20.25,20.20216011190257,20.067289719626167,20.106560345300583,0,
39,robust,random20,0.25,7,2,36,561,24.470413206145167,24.45,24.5,1,1,0,24.5,24.75,24.4544080156253,23.560439560439562,24.502857142857145,0,
39,robust,random20,0.25,7,2,37,544,20.517837895080447,20.5,20.5,1,1,0,20.5,20.5,20.486556057168197,21.08974831184776,20.492063137018064,0,
39,robust,random20,0.25,7,2,38,544,27.598839370533824,27.55,27.5,1,1,0,27.25,27.5,27.53284465233351,26.28360957642726,27.426375210184965,0,
39,robust,random20,0.25,7,2,39,527,25.28012838587165,25.25,25,1,1,0,25,25,25.25554510173335,25.12079555425563,25.303271066756274,0,
39,robust,random20,0.25,7,2,40,540,23.730723068118095,23.75,23.5,1,1,0,23.5,23.5,23.746644465232954,24.5149136577708,23.7720374863232,0,
39,robust,random20,0.25,7,2,41,542,20.394744718447328,20.4,20.5,1,1,0,20.5,20.5,20.386335193439564,19.844731977818853,20.240045363831182,0,
39,robust,random20,0.25,7,2,42,522,23.781067807227373,23.85,23.75,1,1,0,23.75,23.75,23.846100188900724,23.515217987386894,23.834429091288076,0,
39,robust,random20,0.25,7,2,43,556,20.825092462822795,20.8,20.75,1,1,0,20.75,20.75,20.797882217771235,20.57225225225225,21.077227494303266,0,
39,robust,random20,0.25,7,2,44,547,26.274418395012617,26.15,26.25,1,1,0,26,26.25,26.170223155857272,26.17826617826618,26.246616742700294,0,
39,robust,random20,0.25,7,2,45,528,22.282965015619993,22.25,22,1,1,0,22,22.25,22.24862214640193,21.697659709044906,22.112264671638123,0,
39,robust,random20,0.25,7,2,46,538,22.712911238893867,22.65,22.75,1,1,0,22.75,22.75,22.649175312610343,22.84862995477521,22.797742137503995,0,
39,robust,random20,0.25,7,2,47,542,23.48779170587659,23.45,23.75,1,1,0,23.25,23.75,23.464432331630675,24.387885681785868,23.704113186034856,0,
39,robust,random20,0.25,7,2,48,534,24.443379677832127,24.55,24.5,1,1,0,24.5,24.5,24.56604682502959,24.716986578149807,24.136775625611083,0,
39,robust,random20,0.25,7,2,49,546,21.041653698310256,21.05,21,1,1,0,21,21,21.039568656719382,21.012354740061163,21.188929149641506,0,
39,robust,random20,0.25,7,2,50,548,26.66156079992652,26.700000000000003,26.75,1,1,0,26.75,27,26.697881081153497,26.16940889701402,26.797474710542353,0,
39,robust,random20,0.25,7,2,51,526,26.429689712822437,26.4,26.25,1,1,0,26.25,26.25,26.409777268091556,27.184761904761906,26.698078187796856,0,
39,robust,random20,0.25,7,2,52,528,20.281243735924363,20.25,20.25,1,1,0,20.25,20.25,20.255022623780174,20.3719165085389,20.25324515023673,0,
39,robust,random20,0.25,7,2,53,529,24.842134470120072,24.95,24.75,1,1,0,24.75,25,24.9505822596183,25.025641025641026,25.268608414239477,0,
39,robust,random20,0.25,7,2,54,518,22.219238370656967,22.3,22.25,1,1,0,22.25,22.25,22.310923639381436,22.150354609929078,22.525784349080418,0,
39,robust,random20,0.25,7,2,55,537,21.891141653060913,21.9,22,1,1,0,21.75,22,21.9153268804752,21.365174129353235,21.5900706991359,0,
39,robust,random20,0.25,7,2,56,534,22.776741582900286,22.9,23,1,1,0,23,23,22.900092661143415,22.917180380595013,22.815326245570148,0,
39,robust,random20,0.25,7,2,57,525,22.65760188177228,22.65,22.75,1,1,0,22.75,22.75,22.67305956679063,21.85445292620865,22.60805475125033,0,
39,robust,random20,0.25,7,2,58,518,26.06520912796259,26.1,26.25,1,1,0,25.75,26,26.081496456091482,25.52001190299063,26.21314802875087,0,
39,robust,random20,0.25,7,2,59,547,24.644966043531895,24.65,24.75,1,1,0,24.5,24.5,24.663311340222815,24.200619892927588,24.735768735768737,0,
39,robust,random20,0.25,7,2,60,532,23.999334385618567,23.95,23.75,1,1,0,23.75,24,23.97318153686144,24.88425322323628,24.018211927764018,0,
39,robust,random20,0.25,7,2,61,535,21.360243555158377,21.25,21.25,1,1,0,21.25,21.25,21.261045492302358,21.44519350811486,21.007536497745168,0,
39,robust,random20,0.25,7,2,62,542,23.454638613387942,23.45,23.5,1,1,0,23.25,23.5,23.46625767117508,24.387885681785868,23.539119358753876,0,
39,robust,random20,0.25,7,2,63,541,23.540647296234965,23.5,23.5,1,1,0,23.5,23.5,23.51545009633689,24.433048433048434,23.69265302598636,0,
39,robust,random20,0.25,7,2,64,547,23.602324584499,23.6,23.75,1,1,0,23.75,23.25,23.619871511599985,24.164553395322624,23.877563450010005,0,
39,robust,random20,0.25,7,2,65,539,27.08119118399918,27,27,1,1,0,27,27,27.011821883343305,26.607187112763324,26.81669252310004,0,
39,robust,random20,0.25,7,2,66,553,23.083368182182312,23.15,23,1,1,0,23,23.25,23.127501677225204,23.937569676700107,23.320910973084885,0,
39,robust,random20,0.25,7,2,67,535,24.265371575951576,24.3,24.25,1,1,0,24.25,24.25,24.323795578005615,24.633823105733214,24.169033990530703,0,
39,robust,random20,0.25,7,2,68,524,20.688775753602386,20.65,20.5,1,1,0,20.5,20.75,20.66890667260471,20.52772466539197,20.28995179281986,0,
39,robust,random20,0.25,7,2,69,535,21.708830758929253,21.7,21.5,1,1,0,21.5,21.75,21.68699062006314,21.44519350811486,21.44519350811486,0,
39,robust,random20,0.25,7,2,70,533,27.871802624315023,27.85,28,1,1,0,27.5,28,27.840613712747793,26.827067669172934,27.917598875236877,0,
39,robust,random20,0.25,7,2,71,526,22.40199587866664,22.45,22.5,1,1,0,22.25,22.5,22.44243844773715,21.8128253968254,22.372128612128616,0,
39,robust,random20,0.25,7,2,72,533,24.257423765957355,24.25,24.25,1,1,0,24.25,24.25,24.23414955324026,24.83747831116252,24.542496383476507,0,
39,robust,random20,0.25,7,2,73,536,22.071284839883447,22.15,22,1,1,0,22,22,22.138705787279644,21.405109034267912,21.814123856578767,0,
39,robust,random20,0.25,7,2,74,531,23.919334216043353,23.85,24,1,1,0,24,23.75,23.856041610504708,24.931204644412194,24.063529308759797,0,
39,robust,random20,0.25,7,2,75,536,23.81854771077633,23.85,23.75,1,1,0,23.75,23.75,23.84465055732455,24.69820273184759,24.061949265687584,0,
39,robust,random20,0.25,7,2,76,547,21.28191163018346,21.25,21.25,1,1,0,21.25,21.5,21.234929302298113,20.942612942612943,20.986334472764536,0,
39,robust,random20,0.25,7,2,77,537,23.187416592612863,23.1,23,1,1,0,23,23,23.099690305809403,22.891257995735607,23.045581083347308,0,
39,robust,random20,0.25,7,2,78,538,22.48478695563972,22.5,22.5,1,1,0,22.5,22.5,22.498087437251975,22.84862995477521,22.25257873856368,0,
39,robust,random20,0.25,7,2,79,541,23.356924341991544,23.4,23.5,1,1,0,23.5,23.5,23.38204038811269,22.62010582010582,23.403712257291932,0,
39,robust,random20,0.25,7,2,80,524,27.032345663756132,27,27,1,1,0,27,27,27.005163908101085,27.37029955385596,26.8802941909992,0,
39,robust,random20,0.25,7,2,81,546,21.202154790982604,21.15,21,1,1,0,21,21.25,21.14825179493106,21.012354740061163,21.233537421535488,0,
39,robust,random20,0.25,7,2,82,523,25.366685912013054,25.3,25.25,1,1,0,25.25,25.25,25.292773899700343,25.313292071912763,25.435578507042774,0,
39,robust,random20,0.25,7,2,83,558,26.466384168714285,26.450000000000003,26.5,1,1,0,26.5,26.25,26.44446660791004,25.69958108916816,26.492990975142483,0,
39,robust,random20,0.25,7,2,84,561,26.46937127225101,26.450000000000003,26.25,1,1,0,26.25,26.5,26.415068475090397,25.56190476190476,26.601006581494385,0,
39,robust,random20,0.25,7,2,85,531,23.42305821366608,23.45,23.5,1,1,0,23.5,23.25,23.465762485821244,23.115902964959567,23.536192109777016,0,
39,robust,random20,0.25,7,2,86,540,25.789713595062494,25.85,25.75,1,1,0,25.75,25.75,25.8704723646982,26.518243661100804,25.64988807522093,0,
39,robust,random20,0.25,7,2,87,533,25.687406551092863,25.65,25.75,1,1,0,25.5,26,25.667507234175094,26.8671679197995,25.987386602526467,0,
39,robust,random20,0.25,7,2,88,531,24.876168429851532,24.9,25,1,1,0,25,25,24.892802117227713,24.89404934687953,24.65696316262354,0,
39,robust,random20,0.25,7,2,89,520,25.2822125274688,25.4,25.25,1,1,0,25.25,25.5,25.385553571991903,25.383726100489106,25.383726100489106,0,
39,robust,random20,0.25,7,2,90,546,20.618102895095944,20.55,20.5,1,1,0,20.5,20.5,20.52205119798229,19.6697247706422,20.263378435752127,0,
39,robust,random20,0.25,7,2,91,539,24.141865300014615,24.2,24.25,1,1,0,24.25,24.25,24.19024433108525,24.523877609379465,24.40653848206186,0,
39,robust,random20,0.25,7,2,92,537,22.924452178180218,22.9,22.75,1,1,0,22.75,22.75,22.874676594116554,22.857142857142854,22.80623608017817,0,
39,robust,random20,0.25,7,2,93,541,26.081624375656247,26.200000000000003,26.25,1,1,0,26,26.25,26.189866842468476,26.508641975308645,26.37129149875264,0,
39,robust,random20,0.25,7,2,94,536,21.061635432764888,21.05,21,1,1,0,20.75,21,21.05581954552441,21.309408099688476,21.13329728894725,0,
39,robust,random20,0.25,7,2,95,537,25.190542180091143,25.15,25,1,1,0,25,25,25.13100730222961,24.615384615384613,25.159705159705158,0,
39,robust,random20,0.25,7,2,96,530,21.23586711846292,21.25,21.25,1,1,0,21.25,21.25,21.276336437235567,21.647889098928793,21.03438616899964,0,
39,robust,random20,0.25,7,2,97,526,20.773644970729947,20.65,20.5,1,1,0,20.5,20.75,20.656163496548118,20.419047619047618,20.33959607189179,0,
39,robust,random20,0.25,7,2,98,528,26.992721596732736,26.950000000000003,27,1,1,0,27,27,26.9634017466224,27.162555344718534,26.67626918765196,0,
39,robust,random20,0.25,7,2,99,546,23.34945880062878,23.4,23.5,1,1,0,23,24,23.395268248480818,24.24502470007057,23.620445609436434,0,
39,robust,random20,0.25,7,2,100,526,21.751480942592025,21.75,22,1,1,0,21.75,22,21.7752783302902,21.8128253968254,21.8128253968254,0,
39,robust,random20,0.25,7,2,101,546,26.091059740632772,26.15,26,1,1,0,26,26.5,26.129686125176043,26.265443425076448,26.753130703526146,0,
39,robust,random20,0.25,7,2,102,533,27.07889435812831,27,27,1,1,0,26.75,26.75,27.008190700351534,26.8671679197995,27.221616045390522,0,
39,robust,random20,0.25,7,2,103,541,23.54306112602353,23.5,23.5,1,1,0,23.5,23.25,23.504885246111787,22.68783068783069,23.2589202474786,0,
39,robust,random20,0.25,7,2,104,521,27.82386302947998,27.75,28,1,1,0,27.75,27.5,27.758564190880563,27.52820512820513,27.965160765160764,0,
39,robust,random20,0.25,7,2,105,536,21.544407522305846,21.45,21.5,1,1,0,21.25,21.5,21.436839512872062,21.405109034267912,21.22820730671198,0,
39,robust,random20,0.25,7,2,106,546,22.061872255057096,22.1,22,1,1,0,22,22,22.094856447168425,22.479685452162517,22.2315653036839,0,
39,robust,random20,0.25,7,2,107,539,27.226397501304746,27.25,27,1,1,0,27,27,27.249906228840324,26.567534076827755,27.42455130511252,0,
39,robust,random20,0.25,7,2,108,517,22.545354997739196,22.55,22.5,1,1,0,22.5,22.5,22.561878611451718,22.193281653746773,22.713806383365565,0,
39,robust,random20,0.25,7,2,109,554,26.27213603258133,26.35,26.5,1,1,0,26.5,26.75,26.364731369223612,25.885473176612415,26.613177241818384,0,
39,robust,random20,0.25,7,2,110,557,27.650791404768825,27.5,27.5,1,1,0,27.5,27.75,27.519435099881736,28.086330935251798,27.577094809508047,0,
39,robust,random20,0.25,7,2,111,547,26.704266464337707,26.6,26.25,1,1,0,26.25,27,26.614121927889315,26.17826617826618,26.664334781045657,0,
39,robust,random20,0.25,7,2,112,526,25.473906129598618,25.6,25.5,1,1,0,25.25,25.25,25.586129306967294,25.13113553113553,25.623902894491128,0,
39,robust,random20,0.25,7,2,113,551,24.596037732437253,24.65,24.75,1,1,0,24.25,24.75,24.627544587127524,24.024615384615384,24.555872235872236,0,
39,robust,random20,0.25,7,2,114,533,22.92148662917316,22.9,22.75,1,1,0,22.75,22.75,22.87523268229805,22.99462943071966,22.943416447577746,0,
39,robust,random20,0.25,7,2,115,544,20.41122877597809,20.45,20.5,1,1,0,20.5,20.5,20.459721907592865,21.058317986494785,20.420187138419184,0,
39,robust,random20,0.25,7,2,116,528,22.513069113716483,22.55,22.25,1,1,0,22.25,22.5,22.530842005668017,21.730044275774826,22.0516305546975,0,
39,robust,random20,0.25,7,2,117,538,20.61430247500539,20.6,20.5,1,1,0,20.5,20.75,20.588810645517675,21.293606455617624,21.03072242530136,0,
39,robust,random20,0.25,7,2,118,518,22.378771936520934,22.35,22.25,1,1,0,22.25,22.5,22.36985933185295,22.150354609929078,22.243033917920414,0,
39,robust,random20,0.25,7,2,119,528,21.473544485867023,21.45,21.5,1,1,0,21.5,21.5,21.440071233147258,21.730044275774826,21.20004319587788,0,
39,robust,random20,0.25,7,2,120,540,26.9366553183645,26.85,27,1,1,0,26.5,26.75,26.831697516236073,26.557823129251698,26.979375877335062,0,
39,robust,random20,0.25,7,2,121,528,21.720541125163436,21.7,21.75,1,1,0,21.5,21.75,21.727355383536732,21.697659709044906,21.97231362941256,0,
39,robust,random20,0.25,7,2,122,557,26.78607725724578,26.75,26.75,1,1,0,26.75,26.75,26.728872789096513,25.707434052757797,26.752451697178845,0,
39,robust,random20,0.25,7,2,123,515,21.369921701028943,21.35,21.5,1,1,0,21.5,21.25,21.340948739206283,22.27963683527886,21.64823012334788,0,
39,robust,random20,0.25,7,2,124,541,24.098000472411513,24.05,24,1,1,0,24,24,24.035642670220383,24.46951566951567,23.89511389323596,0,
39,robust,random20,0.25,7,2,125,519,23.784997647628188,23.75,23.5,1,1,0,23.5,23.5,23.738761257263818,23.651406508549364,24.02682565947872,0,
39,robust,random20,0.25,7,2,126,541,24.879419242963195,24.8,25,1,1,0,24.75,24.75,24.810709368963938,24.3965811965812,24.814126596033688,0,
39,robust,random20,0.25,7,2,127,524,25.00135779194534,25,25,1,1,0,25,25,25.00134088071724,25.227239299897043,24.577357257042554,0,
39,robust,random20,0.25,7,2,128,530,27.133853873237967,27.15,27.25,1,1,0,27.25,27.5,27.15135972813968,27.059861373660997,27.27293114825675,0,
39,robust,random20,0.25,7,2,129,543,23.409628277644515,23.45,23.5,1,1,0,23.5,23.5,23.43178433135673,24.379222253760997,23.640457943040968,0,
39,robust,random20,0.25,7,2,130,522,27.478585824370384,27.5,27.5,1,1,0,27.5,27.75,27.484223407912978,27.475367882277673,27.404003290375652,0,
39,robust,random20,0.25,7,2,131,546,21.05111706070602,21.1,21,1,1,0,21,21,21.080749357803256,20.98103975535168,20.98103975535168,0,
39,robust,random20,0.25,7,2,132,540,27.063692593947053,27,27,1,1,0,27,27,26.981523529476878,26.557823129251698,26.90819018900436,0,
39,robust,random20,0.25,7,2,133,531,24.20880127325654,24.2,24.25,1,1,0,24,24.25,24.186765412087457,23.150404312668464,23.842255476035568,0,
39,robust,random20,0.25,7,2,134,533,22.963799448683858,23,23,1,1,0,23,23.25,22.9934591909768,23.06337271750806,23.11496862962776,0,
39,robust,random20,0.25,7,2,135,541,21.446435207501054,21.35,21.5,1,1,0,21.5,21.5,21.35699678792005,21.17530864197531,21.219515966906364,0,
39,robust,random20,0.25,7,2,136,529,26.456211069598794,26.5,26.5,1,1,0,26.5,26.5,26.4779038762909,27.111111111111107,26.557823129251698,0,
39,robust,random20,0.25,7,2,137,530,24.65158144943416,24.65,24.5,1,1,0,24.5,24.5,24.671793116041375,24.97833357568707,24.918433495169836,0,
39,robust,random20,0.25,7,2,138,542,24.917417775839567,24.95,24.75,1,1,0,24.75,25,24.95548312690239,24.387885681785868,25.17459167152089,0,
39,robust,random20,0.25,7,2,139,533,26.97691192664206,26.8,26.75,1,1,0,26.75,27.25,26.814262058789776,26.8671679197995,26.658895300266167,0,
39,robust,random20,0.25,7,2,140,546,21.820900205522776,21.85,22,1,1,0,21.75,22,21.863799070647644,22.412581913499345,21.87546121404729,0,
39,robust,random20,0.25,7,2,141,529,24.28547086007893,24.3,24.25,1,1,0,24.25,24.25,24.278233545066726,25.025641025641026,24.611505122143416,0,
39,robust,random20,0.25,7,2,142,540,25.150277284905314,25.1,25.25,1,1,0,25,25.25,25.118608114957077,24.478378764093048,25.081294497198787,0,
39,robust,random20,0.25,7,2,143,520,20.27740667760372,20.3,20.25,1,1,0,20.25,20.25,20.321394997759587,20.685934489402698,20.56543390014404,0,
39,robust,random20,0.25,7,2,144,545,20.763046771287918,20.75,20.75,1,1,0,20.75,21,20.744247018211876,20.988235294117647,20.729121278140887,0,
39,robust,random20,0.25,7,2,145,532,27.92815082333982,27.950000000000003,28.25,1,1,0,28,28,27.966894951068582,29.364834788563606,28.24158974200653,0,
39,robust,random20,0.25,7,2,146,528,21.535536328330636,21.55,21.5,1,1,0,21.5,21.5,21.52530107597183,21.730044275774826,21.417702776944388,0,
39,robust,random20,0.25,7,2,147,540,25.11054890602827,25.1,25,1,1,0,24.75,25,25.09466798139539,24.441843870415298,24.982326904404825,0,
39,robust,random20,0.25,7,2,148,531,24.841412715613842,24.75,24.75,1,1,0,24.75,24.75,24.75333105923259,24.89404934687953,25.25835250805338,0,
39,robust,random20,0.25,7,2,149,552,21.26231954433024,21.25,21.25,1,1,0,21.25,21.25,21.260009110038737,20.78354506957048,21.430937987956668,0,
39,robust,random20,0.25,7,2,150,537,22.77657701075077,22.95,23,1,1,0,23,23,22.94125966211523,22.857142857142854,23.01123595505618,0,
39,robust,random20,0.25,7,2,151,533,25.47214699536562,25.5,25.5,1,1,0,25.5,25.5,25.521642580327637,24.83747831116252,25.449238860698543,0,
39,robust,random20,0.25,7,2,152,532,26.257221983745694,26.1,26,1,1,0,26,26.25,26.103764778262548,26.91776522284997,26.036327066938007,0,
39,robust,random20,0.25,7,2,153,518,24.397367287427187,24.4,24.25,1,1,0,24.25,24.25,24.38164268514495,23.69715390991987,24.51807148185705,0,
39,robust,random20,0.25,7,2,154,549,20.36485828831792,20.35,20.25,1,1,0,20.25,20.25,20.37384740722572,20.897323600973237,20.596951393156374,0,
39,robust,random20,0.25,7,2,155,546,22.530665267258883,22.6,22.5,1,1,0,22.5,22.75,22.59575002644679,22.5132372214941,22.818846776537008,0,
39,robust,random20,0.25,7,2,156,532,25.249951662495732,25.25,25.25,1,1,0,25,25,25.245759979935393,24.88425322323628,25.125847914724005,0,
39,robust,random20,0.25,7,2,157,529,20.154079541563988,20.1,20,1,1,0,20,20,20.111175859379472,20.333333333333332,20.097812097812096,0,
39,robust,random20,0.25,7,2,158,534,25.449879007413983,25.55,25.5,1,1,0,25.25,25.5,25.55635735424725,24.753932746428056,25.679890330459028,0,
39,robust,random20,0.25,7,2,159,547,20.317287547513843,20.35,20.25,1,1,0,20.25,20.25,20.339717419440966,20.911355311355315,20.44287280947159,0,
39,robust,random20,0.25,7,2,160,539,26.595862908288836,26.55,26.5,1,1,0,26.25,26.25,26.563966394459346,26.567534076827755,26.77672725853506,0,
39,robust,random20,0.25,7,2,161,542,22.4994427356869,22.5,22.5,1,1,0,22.25,22.5,22.50068843075306,22.645893847372587,22.545245430273155,0,
39,robust,random20,0.25,7,2,162,548,27.307275261729956,27.35,27.5,1,1,0,27.25,27.25,27.349095483703085,26.16940889701402,27.233206006648736,0,
39,robust,random20,0.25,7,2,163,536,26.708241242915392,26.700000000000003,26.5,1,1,0,26.5,26.5,26.706163363731747,26.75638629283489,26.75638629283489,0,
39,robust,random20,0.25,7,2,164,520,25.95281447842717,25.95,26.25,1,1,0,25.75,26.25,25.970605455915308,25.459611679264857,26.0226006353174,0,
39,robust,random20,0.25,7,2,165,548,26.647063422948122,26.55,26.75,1,1,0,26.75,26.75,26.533191557605974,26.16940889701402,26.237736335387424,0,
39,robust,random20,0.25,7,2,166,549,24.523205200210214,24.55,24.5,1,1,0,24.25,24.75,24.54372026500873,24.112296462661426,24.82850328828503,0,
39,robust,random20,0.25,7,2,167,555,22.926344512030482,22.95,22.75,1,1,0,22.75,22.75,22.95008696399722,23.851152457650652,23.12839026196427,0,
39,robust,random20,0.25,7,2,168,538,27.492256864905357,27.5,27.5,1,1,0,27.5,28,27.52346985696773,26.656734947237744,27.44285849796057,0,
39,robust,random20,0.25,7,2,169,535,21.303828183561563,21.3,21.25,1,1,0,21.25,21.25,21.290406000662202,21.413233458177277,21.062196844108797,0,
39,robust,random20,0.25,7,2,170,534,22.362578663975,22.3,22.5,1,1,0,22.5,22.5,22.32286879389275,23.02010184937014,22.66594643630291,0,
39,robust,random20,0.25,7,2,171,540,22.557105066254735,22.55,22.5,1,1,0,22.5,22.5,22.530276543982332,22.763848396501455,22.41363534424759,0,
39,robust,random20,0.25,7,2,172,532,26.08210321329534,26.05,26.25,1,1,0,26.25,26.25,26.061885684347228,24.88425322323628,25.815085638070553,0,
39,robust,random20,0.25,7,2,173,539,21.624924330040812,21.55,21.5,1,1,0,21.5,21.5,21.571830042658917,21.28574969021066,21.37481140439564,0,
39,robust,random20,0.25,7,2,174,530,20.637326627969742,20.6,20.5,1,1,0,20.5,20.5,20.60891697304236,20.294896030245745,20.334612069443878,0,
39,robust,random20,0.25,7,2,175,515,20.424655366688967,20.35,20.5,1,1,0,20.5,20.25,20.37480098998157,20.85603112840467,20.30092763829504,0,
39,robust,random20,0.25,7,2,176,533,27.280189031735063,27.35,27,1,1,0,27,28,27.327790472377128,26.907268170426065,28.001059559467773,0,
39,robust,random20,0.25,7,2,177,527,24.28520441055298,24.25,24.25,1,1,0,24.25,24.25,24.231298573338826,23.29168929929386,23.932744968081764,0,
39,robust,random20,0.25,7,2,178,553,26.297964921221137,26.35,26.25,1,1,0,26.25,26.25,26.357336506093443,25.932367149758452,26.41386998808288,0,
39,robust,random20,0.25,7,2,179,524,21.649173295125365,21.6,21.5,1,1,0,21.5,21.5,21.590800204400754,21.896239643084765,21.537284894837477,0,
39,robust,random20,0.25,7,2,180,539,27.05150219425559,27.200000000000003,27.25,1,1,0,27.25,27.25,27.190104957704087,26.607187112763324,26.746491757332763,0,
39,robust,random20,0.25,7,2,181,548,23.161978758871555,23.15,23.25,1,1,0,23,23.25,23.129394763115677,22.4309219117263,22.943043416560236,0,
39,robust,random20,0.25,7,2,182,524,27.11131525412202,27.05,27,1,1,0,26.75,27,27.030229585134517,27.37029955385596,26.949218022258172,0,
39,robust,random20,0.25,7,2,183,548,23.354624720290303,23.4,23.5,1,1,0,23.25,23.5,23.392569347614824,24.15637744339756,23.261696797345795,0,
39,robust,random20,0.25,7,2,184,538,22.44530438631773,22.3,22.5,1,1,0,22.25,22.25,22.323714697025267,22.84862995477521,22.34975157148317,0,
39,robust,random20,0.25,7,2,185,541,21.944377778097987,22,22.25,1,1,0,22,22.25,22.01689908041531,22.72169312169312,22.3230669265757,0,
39,robust,random20,0.25,7,2,186,554,27.414675198495388,27.450000000000003,27.5,1,1,0,27.25,28,27.42893304393565,28.15452901528851,27.41464512691993,0,
39,robust,random20,0.25,7,2,187,522,22.38047043606639,22.3,22.25,1,1,0,22.25,22.25,22.319983899209443,21.980294305822138,22.30558407356158,0,
39,robust,random20,0.25,7,2,188,548,27.105107840150595,27.15,27,1,1,0,27,27.25,27.161276295009554,28.54844606946984,27.456429006703235,0,
39,robust,random20,0.25,7,2,189,553,22.951830184087157,22.95,23,1,1,0,22.75,23,22.923361574554484,22.22774327122153,22.683437324617874,0,
39,robust,random20,0.25,7,2,190,534,27.785538068041205,27.950000000000003,28,1,1,0,28,28,27.916508334528945,26.85678549093183,27.64880865554376,0,
39,robust,random20,0.25,7,2,191,518,26.401892775669694,26.35,26.25,1,1,0,26.25,26.5,26.365680491630627,25.55810147299509,26.123268336034293,0,
39,robust,random20,0.25,7,2,192,526,27.438047962263227,27.450000000000003,27.5,1,1,0,27.5,27.25,27.45908811156029,27.266031746031747,27.33722242944175,0,
39,robust,random20,0.25,7,2,193,552,24.765288203954697,24.7,24.75,1,1,0,24.75,24.75,24.726443660491142,25.979431336963096,24.940254083484575,0,
39,robust,random20,0.25,7,2,194,551,23.354530716314912,23.3,23.25,1,1,0,23,23.5,23.309117836068378,23.98881118881119,23.180825678386658,0,
39,robust,random20,0.25,7,2,195,560,22.471922790631652,22.45,22.5,1,1,0,22.25,22.5,22.43478338785765,21.94939943777153,22.247355086248067,0,
39,robust,random20,0.25,7,2,196,541,27.70327654108405,27.700000000000003,27.75,1,1,0,27.75,28,27.712243040553723,28.87542087542088,27.695226561711575,0,
39,robust,random20,0.25,7,2,197,544,26.183000318706036,26.1,26,1,1,0,26,26,26.09126003824819,26.3621853898097,25.824181606344194,0,
39,robust,random20,0.25,7,2,198,525,25.930656388401985,25.9,25.75,1,1,0,25.75,26,25.896040520237026,25.216676453317678,25.64825771290991,0,
39,robust,random20,0.25,7,2,199,541,23.457675736397505,23.4,23.5,1,1,0,23.25,23.5,23.384282666143523,24.46951566951567,23.56323731138546,0,
