cell,block,cond,dt,days,snr,rep,n,tau,LS,CHI,CHI_sigPeak,CHI_sigAny,CHI_pPeak,CHI_rel,ENR,COS,FFTauto,FFTfine,COSfixTrue_p,SURR_p
5,main,cosine,0.25,7,0.5,0,672,24.155316665768623,24.2,24.25,1,1,8.21697663799803e-7,24.25,24.25,24.22237847402884,23.272727272727273,24.16519174041298,0,0.015
5,main,cosine,0.25,7,0.5,1,672,24.582943437620997,24.7,25.25,1,1,0.000003512638282576752,25.25,24.25,24.688855080786272,25.6,24.637593984962407,0,0.025
5,main,cosine,0.25,7,0.5,2,672,27.350282423198223,27.25,27.25,1,1,4.640623219032136e-9,27.25,27.25,27.23156986920914,28.444444444444443,27.170812603648425,0,0.035
5,main,cosine,0.25,7,0.5,3,672,27.92334995418787,27.75,28,1,1,3.1286052637469197e-9,27.75,27,27.76297959215022,28.444444444444443,27.722504230118442,0,0.14
5,main,cosine,0.25,7,0.5,4,672,22.191641440615058,22.15,22.75,1,1,0.000015605250538119897,22,22.75,22.141204187947146,21.333333333333332,22.170500676589988,0,0.02
5,main,cosine,0.25,7,0.5,5,672,24.904543230310082,25,25,1,1,5.418132720258484e-9,25,25,25.02539438708027,25.6,25.013740458015267,0,0.01
5,main,cosine,0.25,7,0.5,6,672,24.630679741501808,24.3,25.5,1,1,0.00023229578576844379,23.25,25,24.323982978452683,23.272727272727273,24.38095238095238,1.6209256159527285e-14,0.025
5,main,cosine,0.25,7,0.5,7,672,27.680243162438273,27.8,27.75,1,1,0.000003951021947279365,27.75,28.75,27.81795155736238,28.444444444444443,27.86394557823129,0,0.18
5,main,cosine,0.25,7,0.5,8,672,22.822603955864906,22.85,23,1,1,0.000015154541232687002,23,23,22.845789114572604,23.272727272727273,22.818941504178273,5.3179682879545e-14,0.01
5,main,cosine,0.25,7,0.5,9,672,26.05012646690011,26.15,25.75,1,1,0.000017024626318362657,25.75,25.75,26.157929240122378,25.6,26.130781499202552,1.8351986597053838e-13,0.005
5,main,cosine,0.25,7,0.5,10,672,20.760691791772842,20.7,20.75,1,1,4.880292159281652e-7,20.75,20.75,20.70911371467724,21.333333333333332,20.713021491782555,2.220446049250313e-16,0.015
5,main,cosine,0.25,7,0.5,11,672,26.807229053229094,26.4,27.75,1,1,0.00006146922690852819,27.75,26.75,26.38139551749645,25.6,26.383252818035427,2.220446049250313e-16,0.005
5,main,cosine,0.25,7,0.5,12,672,25.37637012079358,25.55,25.5,1,1,8.340055845934558e-8,25.5,25.75,25.557460900022384,25.6,25.5600624024961,0,0.005
5,main,cosine,0.25,7,0.5,13,672,21.512560211122036,21.65,21.25,1,1,6.027636134664505e-8,21.25,21.25,21.631880658313513,21.333333333333332,21.614775725593667,0,0.005
5,main,cosine,0.25,7,0.5,14,672,24.639428494498134,24.7,24.75,1,1,9.638851469206955e-7,24.75,24.75,24.691977508862045,25.6,24.637593984962407,0,0.015
5,main,cosine,0.25,7,0.5,15,672,25.451419435441494,25.7,26.75,1,1,0.00001409037523736334,26.75,26.5,25.712261561198204,25.6,25.801574803149606,0,0.01
5,main,cosine,0.25,7,0.5,16,672,22.88922667503357,23.05,24,1,1,0.0000023499815854366446,23,23,23.06015990652319,23.272727272727273,23.07605633802817,0,0.01
5,main,cosine,0.25,7,0.5,17,672,24.895181925967336,24.8,25,1,1,2.8157354337032814e-8,25,25,24.77639709527715,25.6,24.786686838124055,0,0.005
5,main,cosine,0.25,7,0.5,18,672,22.581810796633363,22.5,21.75,1,1,0.000006233148289069845,21.75,22,22.480012083913685,23.272727272727273,22.505494505494507,0,0.005
5,main,cosine,0.25,7,0.5,19,672,23.97978333942592,23.95,23.75,1,1,2.766695650358031e-7,23.5,24,23.925110710452937,23.272727272727273,23.91824817518248,0,0.01
5,main,cosine,0.25,7,0.5,20,672,22.78888842277229,22.5,22.25,1,1,0.00000309492101702169,22.25,22.25,22.491013525853962,23.272727272727273,22.536451169188446,2.4202861936828413e-14,0.025
5,main,cosine,0.25,7,0.5,21,672,24.946458995342255,25.15,25,1,1,0.0000011077444056484254,25,25,25.17554132719261,25.6,25.167434715821813,1.1102230246251565e-16,0.005
5,main,cosine,0.25,7,0.5,22,672,27.586022581905127,27.3,26.75,1,1,0.00001167729473661172,26.75,27.5,27.31168156870085,28.444444444444443,27.352253756260435,1.1102230246251565e-16,0.17
5,main,cosine,0.25,7,0.5,23,672,23.226935921236873,23.05,23.75,1,1,0.000020407108375031235,23.75,23.5,23.052002607520183,23.272727272727273,23.043600562587905,5.2735593669694936e-14,0.01
5,main,cosine,0.25,7,0.5,24,672,21.703584292903543,21.7,21.75,1,1,9.086653574019721e-8,21.75,21.75,21.68549253398407,21.333333333333332,21.67195767195767,0,0.005
5,main,cosine,0.25,7,0.5,25,672,24.467349467799067,24.25,25,1,1,0.00004040266916449653,25,24.75,24.263782552096323,23.272727272727273,24.236686390532544,5.295763827461997e-14,0.025
5,main,cosine,0.25,7,0.5,26,672,22.85287188924849,22.75,22.75,1,1,0.0000010215736776508777,22.75,22.75,22.736847115818634,23.272727272727273,22.723994452149793,0,0.005
5,main,cosine,0.25,7,0.5,27,672,20.38249919936061,20.3,20.25,1,1,0.000001118650941545063,20.25,20.25,20.28445128531576,19.692307692307693,20.302354399008674,0,0.075
5,main,cosine,0.25,7,0.5,28,672,26.487709272652864,26.25,26.75,1,1,0.000003940525584389398,26.75,26.75,26.237682969133303,25.6,26.17252396166134,0,0.005
5,main,cosine,0.25,7,0.5,29,672,24.107638027518988,24.3,23.75,1,1,1.2666457616106186e-7,23.75,23.75,24.29507374708372,23.272727272727273,24.236686390532544,9.325873406851315e-15,0.01
5,main,cosine,0.25,7,0.5,30,672,22.848300265148282,22.95,22.75,1,1,5.056095542244066e-10,22.75,23.75,22.93535195533614,23.272727272727273,22.946778711484594,0,0.005
5,main,cosine,0.25,7,0.5,31,672,27.52090410143137,27.85,29,1,1,0.00009667284228465078,27.5,27.5,27.844705832248763,28.444444444444443,27.911413969335605,1.1102230246251565e-16,0.275
5,main,cosine,0.25,7,0.5,32,672,23.082347007468343,23.3,23.75,1,1,0.00007934638314621711,23.75,23.75,23.289116314052457,23.272727272727273,23.305832147937412,8.881784197001252e-16,0.005
5,main,cosine,0.25,7,0.5,33,672,24.11308821476996,24,23.75,1,1,0.00003082419060684849,23.75,23.75,24.003042533968905,23.272727272727273,23.953216374269005,8.141931573391048e-12,0.02
5,main,cosine,0.25,7,0.5,34,672,24.938019515946507,24.95,24.75,1,1,4.7174692130447227e-7,24.75,24.75,24.968761254092836,25.6,24.975609756097562,3.3306690738754696e-16,0.015
5,main,cosine,0.25,7,0.5,35,672,27.14511238411069,27.15,27.75,1,1,9.646590648504372e-8,27.75,28,27.144209004187037,28.444444444444443,27.170812603648425,0,0.04
5,main,cosine,0.25,7,0.5,36,672,22.392814429476857,22.65,22.75,1,1,1.2220368938997694e-8,22.75,22.75,22.665014554127872,23.272727272727273,22.59862068965517,0,0.015
5,main,cosine,0.25,7,0.5,37,672,23.587422352284193,23.65,23.5,1,1,2.3520344893945833e-8,23.5,23.5,23.637602670477953,23.272727272727273,23.608069164265128,0,0.005
5,main,cosine,0.25,7,0.5,38,672,25.66940265521407,25.65,25,1,1,3.972821072117938e-9,25,25,25.63386192858032,25.6,25.5600624024961,0,0.005
5,main,cosine,0.25,7,0.5,39,672,27.464980633929372,27.5,27.5,1,1,1.764330683773352e-7,27.5,26.75,27.48368667191399,28.444444444444443,27.39799331103679,0,0.09
5,main,cosine,0.25,7,0.5,40,672,22.30765382386744,22.3,22.75,1,1,0.000007107738750344872,22.75,22.75,22.28761895585082,21.333333333333332,22.230664857530527,6.006306563222097e-14,0.02
5,main,cosine,0.25,7,0.5,41,672,27.610034504905343,28,29.5,1,1,0.00001794471513238971,27.75,27.75,28.003795165031708,28.444444444444443,28.006837606837607,0,0.325
5,main,cosine,0.25,7,0.5,42,672,21.455544516444206,21.5,22.25,1,1,0.00008269355336387729,22,22,21.51242480744877,21.333333333333332,21.47313237221494,1.1102230246251565e-16,0.01
5,main,cosine,0.25,7,0.5,43,672,23.7036959156394,24,24,1,1,0.000001202486536899805,24,23.75,24.000925448136126,23.272727272727273,23.953216374269005,0,0.005
5,main,cosine,0.25,7,0.5,44,672,24.20387315377593,24,25,1,1,2.2560266654814143e-8,23.5,24,24.007666529216657,23.272727272727273,24.094117647058823,0,0.01
5,main,cosine,0.25,7,0.5,45,672,22.810118552297354,22.9,22.75,1,1,2.6597870506073207e-7,22.75,22.75,22.89057940356223,23.272727272727273,22.850767085076708,0,0.005
5,main,cosine,0.25,7,0.5,46,672,25.06737050972879,25.05,24.5,1,1,4.2895091922900974e-8,24.5,24.5,25.06878868784538,25.6,25.090352220520675,0,0.005
5,main,cosine,0.25,7,0.5,47,672,22.775553930550814,22.75,23.25,1,1,2.0439808734451503e-8,23.25,23.25,22.763250613768925,23.272727272727273,22.818941504178273,0,0.01
5,main,cosine,0.25,7,0.5,48,672,20.59182277880609,20.65,31,0,1,0.17782415071900126,20.25,20.25,20.634317373949187,21.333333333333332,20.66078184110971,1.1879386363489175e-14,0.005
5,main,cosine,0.25,7,0.5,49,672,21.755077367648482,21.85,22,1,1,5.712875295049713e-8,22,22,21.849661260128013,21.333333333333332,21.845333333333333,0,0.005
5,main,cosine,0.25,7,0.5,50,672,22.56592001207173,22.85,23.25,1,1,9.357677488441851e-8,23.25,23.25,22.848065097141962,23.272727272727273,22.818941504178273,0,0.005
5,main,cosine,0.25,7,0.5,51,672,27.156399393454194,27.1,27.25,1,1,0.0002895350288261156,27.25,27,27.07042318986527,28.444444444444443,27.08099173553719,2.8976820942716586e-14,0.055
5,main,cosine,0.25,7,0.5,52,672,21.699364876374602,21.85,31.5,0,1,0.011267745062279122,21.75,21.75,21.851778094682473,21.333333333333332,21.845333333333333,1.1102230246251565e-16,0.025
5,main,cosine,0.25,7,0.5,53,672,23.043925216421485,23,23,1,1,2.562273726525177e-10,23,23.25,23.004739627842092,23.272727272727273,23.01123595505618,0,0.01
5,main,cosine,0.25,7,0.5,54,672,27.938352281227708,28,28.75,1,1,2.9387362820987306e-7,28.75,27.75,27.997178498008058,28.444444444444443,28.102915951972555,0,0.445
5,main,cosine,0.25,7,0.5,55,672,27.762197572737932,27.950000000000003,29.25,1,1,0.00006412746157480331,27,27.5,27.96158071390725,28.444444444444443,28.006837606837607,0,0.225
5,main,cosine,0.25,7,0.5,56,672,27.581715255975723,27.75,27.75,1,1,0.000004567124302301551,27.75,26.5,27.73278245275999,28.444444444444443,27.816638370118845,2.4424906541753444e-15,0.28
5,main,cosine,0.25,7,0.5,57,672,27.18290882743895,27.200000000000003,27.5,1,1,0.0000013756671588538438,27.5,27.5,27.1784617187848,28.444444444444443,27.21594684385382,0,0.065
5,main,cosine,0.25,7,0.5,58,672,22.603665553033352,22.8,23,1,1,0.00005998540490137483,22.75,22.75,22.77432746564931,23.272727272727273,22.818941504178273,1.1102230246251565e-16,0.015
5,main,cosine,0.25,7,0.5,59,672,27.842672504484653,28.3,29,1,1,4.1314905818712333e-7,27.75,29,28.306926119101806,28.444444444444443,28.199655765920827,0,0.375
5,main,cosine,0.25,7,0.5,60,672,22.11883033812046,22.2,22,1,1,0.0000011960393692111992,22,22.25,22.177547957092358,21.333333333333332,22.200542005420054,0,0.01
5,main,cosine,0.25,7,0.5,61,672,21.848797483369708,21.55,21.5,1,1,3.7932545993157873e-11,21.5,21.5,21.529367621384697,21.333333333333332,21.557894736842105,0,0.005
5,main,cosine,0.25,7,0.5,62,672,27.589708384126425,27.9,27.5,1,1,0.00002992981654592608,27.5,18.25,27.888008354812072,28.444444444444443,27.769491525423728,9.592326932761353e-14,0.27
5,main,cosine,0.25,7,0.5,63,672,26.019665010273457,26.35,26,1,1,0.000028102666229545825,26,26.5,26.342194651654154,25.6,26.425806451612903,1.3244960683778118e-13,0.02
5,main,cosine,0.25,7,0.5,64,672,22.718302201479673,22.9,22.75,1,1,0.000013757069031616886,22.5,22.75,22.910325159583348,23.272727272727273,22.946778711484594,0,0.01
5,main,cosine,0.25,7,0.5,65,672,22.66946147568524,22.45,23,1,1,1.4095086142695834e-7,22.25,22.25,22.448702901483404,23.272727272727273,22.41313269493844,0,0.02
5,main,cosine,0.25,7,0.5,66,672,25.23050439544022,25.6,25.25,1,1,7.253336542500932e-8,25.25,25.5,25.58379359239743,25.6,25.640062597809077,0,0.005
5,main,cosine,0.25,7,0.5,67,672,21.85024131461978,21.65,22,1,1,4.928395336278868e-8,22,22,21.633905804608933,21.333333333333332,21.614775725593667,0,0.01
5,main,cosine,0.25,7,0.5,68,672,25.295527143403888,25.2,25.25,1,1,0.0002179992143854781,25.25,25.25,25.181248964731786,25.6,25.206153846153846,5.289102489314246e-13,0.02
5,main,cosine,0.25,7,0.5,69,672,27.79651348851621,28.15,30,1,1,0.000029730505033187526,30,30,28.134627688702942,28.444444444444443,28.151202749140893,2.4424906541753444e-15,0.46
5,main,cosine,0.25,7,0.5,70,672,21.037169083952904,20.75,30,0,1,0.057679695225991034,21.75,20.75,20.769885557483146,21.333333333333332,20.739240506329114,4.527045405211538e-12,0.01
5,main,cosine,0.25,7,0.5,71,672,23.23743524774909,23.35,23.5,1,1,0.000014651999180936848,23.5,27.75,23.352020928717888,23.272727272727273,23.33903133903134,4.440892098500626e-16,0.005
5,main,cosine,0.25,7,0.5,72,672,25.19712533429265,25.25,24.5,1,1,0.000004619419051832274,24.5,24.5,25.258330825205523,25.6,25.244992295839754,1.2212453270876722e-15,0.005
5,main,cosine,0.25,7,0.5,73,672,27.309140007942915,27.200000000000003,28.25,1,1,0.000002558634775606805,28.25,27.5,27.21533102449729,28.444444444444443,27.21594684385382,0,0.035
5,main,cosine,0.25,7,0.5,74,672,25.168547336012125,25.3,24.5,1,1,0.0000014423053005252484,24.5,26.75,25.31929937502258,25.6,25.323029366306027,6.217248937900877e-15,0.005
5,main,cosine,0.25,7,0.5,75,672,23.83164558559656,23.8,24,1,1,0.000012074831472919101,24,24,23.806950095024728,23.272727272727273,23.744927536231884,5.551115123125783e-16,0.03
5,main,cosine,0.25,7,0.5,76,672,27.958221251145005,28.15,27.75,1,1,1.233692400459674e-7,27.75,27.75,28.150451758775837,28.444444444444443,28.006837606837607,0,0.335
5,main,cosine,0.25,7,0.5,77,672,24.09182244166732,23.95,23.25,1,1,1.727215837021845e-8,23.25,24.25,23.940175587956517,23.272727272727273,24.023460410557185,0,0.025
5,main,cosine,0.25,7,0.5,78,672,27.54385500587523,27.35,27.25,1,1,0.000010647282266185165,27.25,27.25,27.33720715072331,28.444444444444443,27.30666666666667,1.1102230246251565e-16,0.075
5,main,cosine,0.25,7,0.5,79,672,21.11609709262848,21.1,21.25,1,1,0.00001265261208094337,21.25,21.25,21.08291989524317,21.333333333333332,21.140645161290323,0,0.005
5,main,cosine,0.25,7,0.5,80,672,24.793179566040635,24.85,25.5,1,1,0.000018194354456602113,24.5,25.25,24.86827210503276,25.6,24.861911987860395,0,0.005
5,main,cosine,0.25,7,0.5,81,672,23.416095720604062,23.3,23.25,1,1,1.0071258160770924e-8,23.25,23.5,23.281058405744833,23.272727272727273,23.305832147937412,0,0.005
5,main,cosine,0.25,7,0.5,82,672,22.298590384423733,22.2,22,1,1,0.00003893049894787559,22,22.5,22.182525988167797,21.333333333333332,22.170500676589988,1.0103029524088925e-14,0.035
5,main,cosine,0.25,7,0.5,83,672,24.72302038781345,24.6,24.5,1,1,3.498545324553959e-7,24.5,25.5,24.59996384413855,25.6,24.637593984962407,0,0.01
5,main,cosine,0.25,7,0.5,84,672,27.728521022945642,27.75,28,1,1,3.351733424139525e-8,28,28,27.74711249572189,28.444444444444443,27.769491525423728,0,0.18
5,main,cosine,0.25,7,0.5,85,672,26.277099883183837,26.65,27.25,1,1,1.9838728326782018e-8,27.25,27.25,26.64612025130611,25.6,26.684039087947884,0,0.02
5,main,cosine,0.25,7,0.5,86,672,22.16625188291073,21.85,22,1,1,0.000014671299945701044,22,22.25,21.871712059261068,21.333333333333332,21.845333333333333,4.218847493575595e-15,0.02
5,main,cosine,0.25,7,0.5,87,672,26.65238513238728,26.9,26.75,1,1,0.000258316408804693,26.75,27,26.879699852112285,25.6,26.859016393442623,2.864375403532904e-13,0.02
5,main,cosine,0.25,7,0.5,88,672,25.647445453330874,26,26.5,1,1,0.000001713490057619893,25.25,27.75,26.0096330217282,25.6,25.88309636650869,0,0.01
5,main,cosine,0.25,7,0.5,89,672,27.869815438985825,27.8,29.5,1,1,0.0003994044946522557,29.5,29.5,27.822958406043774,28.444444444444443,27.911413969335605,7.704947790898586e-14,0.3
5,main,cosine,0.25,7,0.5,90,672,22.404902152717113,22.5,22,1,1,0.0000660355673149926,22,22.25,22.481870048186313,23.272727272727273,22.443835616438356,2.7755575615628914e-15,0.035
5,main,cosine,0.25,7,0.5,91,672,22.15854512155056,22.25,22.75,1,1,0.00008669374656489204,21.5,22.5,22.2662618560069,23.272727272727273,22.26086956521739,1.3700152123874432e-13,0.035
5,main,cosine,0.25,7,0.5,92,672,22.861329386010766,22.8,22.75,1,1,1.5771461936431308e-7,22.75,22.5,22.786017123928357,23.272727272727273,22.850767085076708,0,0.01
5,main,cosine,0.25,7,0.5,93,672,23.480489099398255,23.25,23.75,1,1,3.642352752741829e-8,23.75,23.75,23.236708685635925,23.272727272727273,23.23971631205674,0,0.005
5,main,cosine,0.25,7,0.5,94,672,22.809567200019956,22.8,22.5,1,1,0.000005497790602104757,22.5,22.5,22.784402210689997,23.272727272727273,22.787204450625868,0,0.005
5,main,cosine,0.25,7,0.5,95,672,24.41670085117221,24.1,23.75,1,1,0.0000021491330809420006,23.75,23.75,24.08229884159278,23.272727272727273,24.094117647058823,0,0.015
5,main,cosine,0.25,7,0.5,96,672,26.87350096553564,27,26.25,1,1,3.3158793733001346e-7,26.25,26.25,27.00193560369092,28.444444444444443,27.036303630363037,0,0.04
5,main,cosine,0.25,7,0.5,97,672,24.489804282784462,24.35,24.25,1,1,3.626870026529616e-9,24.25,24.25,24.354449297156876,25.6,24.417287630402384,0,0.025
5,main,cosine,0.25,7,0.5,98,672,21.156584771350026,20.85,20.75,1,1,0.000006119398552439925,20.75,20.75,20.84621125225778,21.333333333333332,20.897959183673468,3.099742684753437e-13,0.015
5,main,cosine,0.25,7,0.5,99,672,27.656870000064373,27.450000000000003,28.5,1,1,5.719847152585444e-7,27,27.75,27.41984834668169,28.444444444444443,27.352253756260435,0,0.06
5,main,cosine,0.25,7,0.5,100,672,22.987953146919608,23.35,24.25,1,1,0.0000605084010775192,24.25,24.25,23.363094955693004,23.272727272727273,23.372325249643367,6.772360450213455e-15,0.005
5,main,cosine,0.25,7,0.5,101,672,20.86598247848451,21.05,20.75,1,1,0.0000014022832971472,20.75,20.75,21.045768944904378,21.333333333333332,21.005128205128205,0,0.01
5,main,cosine,0.25,7,0.5,102,672,23.65724457986653,23.85,24,1,1,3.930930414508538e-8,24,24.5,23.848964761188437,23.272727272727273,23.88338192419825,0,0.01
5,main,cosine,0.25,7,0.5,103,672,22.2393751591444,22.25,23.25,1,1,0.0000014640968963863799,22.25,22.75,22.236853479883813,23.272727272727273,22.291156462585032,0,0.035
5,main,cosine,0.25,7,0.5,104,672,24.15950713120401,24.4,25,1,1,0.0000024741081738888226,24.25,24.25,24.408144682622705,25.6,24.38095238095238,0,0.03
5,main,cosine,0.25,7,0.5,105,672,22.712560448795557,22.75,22.75,1,1,9.103440234969895e-8,22.75,22.75,22.751869863275296,23.272727272727273,22.787204450625868,0,0.005
5,main,cosine,0.25,7,0.5,106,672,23.512271827086806,23.3,23.25,1,1,0.00011281624309134042,23.25,27.5,23.3091956568952,23.272727272727273,23.33903133903134,2.220446049250313e-16,0.005
5,main,cosine,0.25,7,0.5,107,672,22.6384905166924,22.45,21.75,1,1,7.666312262788466e-8,21.75,21.75,22.46329587535804,23.272727272727273,22.41313269493844,0,0.02
5,main,cosine,0.25,7,0.5,108,672,20.182716159150004,20.4,21,1,1,0.00004618972972614266,21,20.75,20.412719682621674,19.692307692307693,20.428927680798004,2.091660178393795e-13,0.025
5,main,cosine,0.25,7,0.5,109,672,26.68364668637514,26.9,26.25,1,1,0.000004028939122768804,26.25,27.25,26.878080660484432,25.6,26.90311986863711,0,0.01
5,main,cosine,0.25,7,0.5,110,672,26.521958587691188,26.6,27.75,1,1,3.879752208391096e-7,27.75,27.25,26.569024094582623,25.6,26.5974025974026,0,0.01
5,main,cosine,0.25,7,0.5,111,672,21.687719335779548,21.75,21.75,1,1,4.215364057813531e-9,21.75,21.75,21.77433361181724,21.333333333333332,21.758300132802123,0,0.005
5,main,cosine,0.25,7,0.5,112,672,24.97552183456719,25.05,26,1,1,0.000006844446084341982,26,26,25.060531368506197,25.6,25.090352220520675,0,0.005
5,main,cosine,0.25,7,0.5,113,672,23.616115376353264,23.2,23.25,1,1,0.000004523036977288619,23.25,23.25,23.183483965017512,23.272727272727273,23.173974540311175,1.1102230246251565e-16,0.005
5,main,cosine,0.25,7,0.5,114,672,20.683249674737453,20.65,20.5,1,1,0.000001983598219790217,20.5,27.75,20.630938823211775,21.333333333333332,20.60880503144654,0,0.02
5,main,cosine,0.25,7,0.5,115,672,21.165161421522498,21.2,22.5,1,1,0.0006566092311550698,22.5,20.75,21.223101870633013,21.333333333333332,21.250324254215304,2.35755859279152e-12,0.005
5,main,cosine,0.25,7,0.5,116,672,26.45230266265571,26.15,26.25,1,1,0.000020302715831754803,25.25,26.25,26.14337121703747,25.6,26.089171974522294,2.3314683517128287e-15,0.005
5,main,cosine,0.25,7,0.5,117,672,26.840506359934807,26.85,26.75,1,1,0.00001803662049271182,26.75,26.75,26.841144739632735,25.6,26.859016393442623,9.059419880941277e-14,0.04
5,main,cosine,0.25,7,0.5,118,672,23.699917847290635,23.8,24,1,1,0.000023679738996862376,24,23.5,23.7956133260529,23.272727272727273,23.848617176128094,0,0.015
5,main,cosine,0.25,7,0.5,119,672,26.13532120361924,26.4,27,1,1,0.000008186752329830682,27,26.25,26.37810355729395,25.6,26.425806451612903,0,0.005
5,main,cosine,0.25,7,0.5,120,672,21.609386175870895,21.2,31.5,0,1,0.1149053006826386,21,21,21.220278087281805,21.333333333333332,21.195342820181114,7.936873380742782e-12,0.005
5,main,cosine,0.25,7,0.5,121,672,22.59708713926375,22.4,23.25,1,1,0.000011384638676004144,22,23,22.405876601041484,23.272727272727273,22.382513661202186,1.1102230246251565e-15,0.015
5,main,cosine,0.25,7,0.5,122,672,24.307245206087828,24.5,24.75,1,1,7.282718820222911e-7,24.75,24.75,24.49877414693377,25.6,24.453731343283582,0,0.015
5,main,cosine,0.25,7,0.5,123,672,21.689155956730247,21.75,22.5,1,1,0.00007386524386399085,22.5,22.5,21.731368736227743,21.333333333333332,21.72944297082228,1.1242291542146177e-9,0.015
5,main,cosine,0.25,7,0.5,124,672,22.458901470527053,22.25,22.5,1,1,4.54131847682504e-8,22.5,22.5,22.2425232213911,21.333333333333332,22.200542005420054,0,0.015
5,main,cosine,0.25,7,0.5,125,672,22.55458625778556,22.45,22.5,1,1,0.000011795888681942479,22.5,23,22.45142959741018,23.272727272727273,22.41313269493844,1.1102230246251565e-16,0.015
5,main,cosine,0.25,7,0.5,126,672,21.94115879572928,21.85,21.5,1,1,0.0000030677996271100128,21.5,22.25,21.858575975266564,21.333333333333332,21.874499332443257,0,0.005
5,main,cosine,0.25,7,0.5,127,672,22.779592856764793,23,22.75,1,1,1.3145031729777656e-8,22.75,22.5,22.988104720034123,23.272727272727273,22.978962131837307,0,0.005
5,main,cosine,0.25,7,0.5,128,672,23.73294279538095,23.9,24,1,1,0.00003477738100821082,23.75,23.75,23.89874853369052,23.272727272727273,23.813953488372093,7.771561172376096e-16,0.005
5,main,cosine,0.25,7,0.5,129,672,25.54357593692839,25.75,25.5,1,1,0.0000858871591261634,25.5,25.5,25.746182577294338,25.6,25.72056514913658,4.3298697960381105e-15,0.005
5,main,cosine,0.25,7,0.5,130,672,24.03425387106836,23.7,23.75,1,1,3.749111010531436e-8,23.75,23.75,23.687658471738537,23.272727272727273,23.67630057803468,0,0.01
5,main,cosine,0.25,7,0.5,131,672,24.642183423042297,24.6,25.25,1,1,0.000013853964302867894,24.25,24.25,24.582333339973776,25.6,24.6006006006006,0,0.005
5,main,cosine,0.25,7,0.5,132,672,23.249786879867315,22.8,23,1,1,3.095410165965262e-7,23,23,22.792273420192583,23.272727272727273,22.818941504178273,0,0.005
5,main,cosine,0.25,7,0.5,133,672,21.413027729839087,21.15,21.25,1,1,2.2478527383906766e-7,21.25,21.25,21.135413712909926,21.333333333333332,21.16795865633075,0,0.01
5,main,cosine,0.25,7,0.5,134,672,24.862723173573613,24.8,24.5,1,1,0.000005621600315919295,24.5,24.75,24.822997537250185,25.6,24.786686838124055,1.2212453270876722e-15,0.025
5,main,cosine,0.25,7,0.5,135,672,27.17690503410995,27.35,28.25,1,1,0.000008931072016715724,27,27.75,27.343974933345912,28.444444444444443,27.352253756260435,0,0.105
5,main,cosine,0.25,7,0.5,136,672,26.14861347898841,26.05,26.25,1,1,0.00003280316364373537,26,26.75,26.06823423548238,25.6,26.006349206349206,0,0.005
5,main,cosine,0.25,7,0.5,137,672,25.23376827314496,25.05,25.75,1,1,0.000018325438789768,24.75,20.75,25.041522264865577,25.6,25.013740458015267,0,0.005
5,main,cosine,0.25,7,0.5,138,672,20.18663678318262,20.45,20.5,1,1,1.650637134753552e-7,20.5,21.25,20.438702444492204,19.692307692307693,20.454431960049938,0,0.03
5,main,cosine,0.25,7,0.5,139,672,23.275064514949918,23.25,23.5,1,1,0.000005766007535989992,23.25,23.25,23.23858171443097,23.272727272727273,23.23971631205674,0,0.005
5,main,cosine,0.25,7,0.5,140,672,27.401624340564013,27.6,27.5,1,1,0.00002246078838152865,27.5,26.5,27.57777438449492,28.444444444444443,27.48993288590604,2.8746338642804403e-11,0.075
5,main,cosine,0.25,7,0.5,141,672,23.849945718422532,23.8,23.75,1,1,7.255891443236351e-8,23,23.5,23.82235793773539,23.272727272727273,23.779390420899855,0,0.01
5,main,cosine,0.25,7,0.5,142,672,25.34114584699273,25.45,26,1,1,3.676537148056269e-7,26,25.25,25.475217537475437,25.6,25.480559875583204,0,0.005
5,main,cosine,0.25,7,0.5,143,672,25.291144147515297,25.1,25.5,1,1,2.2557541434764516e-7,25.5,25.5,25.116003568488587,25.6,25.090352220520675,0,0.005
5,main,cosine,0.25,7,0.5,144,672,20.79004435054958,21,21.25,1,1,0.000005840202357498825,21.25,20.5,21.013500618712563,21.333333333333332,20.978233034571062,0,0.005
5,main,cosine,0.25,7,0.5,145,672,22.78894640132785,22.85,23.25,1,1,0.00008452700945460467,23.25,23.75,22.857897039501445,23.272727272727273,22.88268156424581,0,0.01
5,main,cosine,0.25,7,0.5,146,672,26.512563578784466,25.85,25.75,1,1,0.0000010972252378893543,25,26,25.867927499439656,25.6,25.88309636650869,0,0.005
5,main,cosine,0.25,7,0.5,147,672,27.34783515520394,27.6,28.75,1,1,0.0000023132521167479325,27.5,28,27.584386565415095,28.444444444444443,27.675675675675677,0,0.14
5,main,cosine,0.25,7,0.5,148,672,23.289320770651102,23.2,23,1,1,0.0000028981132849104085,23,23.25,23.19432212064677,23.272727272727273,23.206798866855525,0,0.005
5,main,cosine,0.25,7,0.5,149,672,21.996446415781975,21.95,22.5,1,1,0.0000018826799237370295,22.5,22.5,21.974540824503688,21.333333333333332,21.962466487935657,0,0.01
5,main,cosine,0.25,7,0.5,150,672,22.209585594013333,22.25,22,1,1,4.6619081339738244e-7,22,22,22.227252808221184,21.333333333333332,22.170500676589988,0,0.04
5,main,cosine,0.25,7,0.5,151,672,27.206838296726346,27.5,28.5,1,1,0.0000026852828532986095,28.5,26.75,27.497920299085802,28.444444444444443,27.536134453781514,0,0.07
5,main,cosine,0.25,7,0.5,152,672,26.734810134395957,26.950000000000003,26.5,1,1,0.000007051464555152265,26.5,27.75,26.949094242799983,25.6,26.94736842105263,1.1102230246251565e-16,0.03
5,main,cosine,0.25,7,0.5,153,672,25.83582217246294,25.6,25.5,1,1,0.0000018408846914619303,25.5,25.5,25.621800128364583,25.6,25.5600624024961,0,0.005
5,main,cosine,0.25,7,0.5,154,672,27.24248724989593,27.4,28,1,1,0.0006093181429730476,27,27.75,27.37534387923545,28.444444444444443,27.30666666666667,1.3322676295501878e-15,0.085
5,main,cosine,0.25,7,0.5,155,672,23.01866806484759,23,22.75,1,1,0.000023031961504105247,22.75,22.75,23.021009089424062,23.272727272727273,23.01123595505618,0,0.01
5,main,cosine,0.25,7,0.5,156,672,22.551851326599717,22.5,22.75,1,1,7.064270501899728e-9,22.75,22.75,22.4949390980426,23.272727272727273,22.443835616438356,0,0.035
5,main,cosine,0.25,7,0.5,157,672,23.49880290031433,23.25,23.5,1,1,0.0007529666021250936,23.25,23.75,23.27441826069732,23.272727272727273,23.272727272727273,8.196776590807531e-13,0.01
5,main,cosine,0.25,7,0.5,158,672,20.88974948786199,20.95,21,1,1,0.0000022298353846705865,21,21,20.94728365629622,21.333333333333332,20.95140664961637,0,0.01
5,main,cosine,0.25,7,0.5,159,672,21.057368030771613,21,21,1,1,1.8211838703763306e-9,21,20.5,21.015102427072186,21.333333333333332,20.978233034571062,0,0.005
5,main,cosine,0.25,7,0.5,160,672,24.594584928825498,24.4,25.25,1,1,0.000043573731534185534,24,24,24.39081000361596,23.272727272727273,24.344725111441306,1.1102230246251565e-16,0.02
5,main,cosine,0.25,7,0.5,161,672,23.51667538844049,23.9,24.5,1,1,0.000005997547711356077,24.5,24.25,23.903708272513576,23.272727272727273,23.91824817518248,0,0.005
5,main,cosine,0.25,7,0.5,162,672,20.637736726552248,20.9,29.75,0,1,0.05232293112094999,20.5,21.25,20.92276209100667,21.333333333333332,20.871337579617833,2.6345592374354965e-13,0.01
5,main,cosine,0.25,7,0.5,163,672,23.510128440335393,23.45,23.5,1,1,0.0000012748286152275412,23.5,23.75,23.44854982848376,23.272727272727273,23.43919885550787,0,0.005
5,main,cosine,0.25,7,0.5,164,672,26.7240101210773,26.200000000000003,27.25,1,1,0.000175592933123081,27,25.75,26.178599386162535,25.6,26.130781499202552,1.2734258092450546e-13,0.005
5,main,cosine,0.25,7,0.5,165,672,25.46686628833413,25.95,26,1,1,0.0000390708945975371,26,26,25.971773954256722,25.6,26.047694753577108,4.440892098500626e-13,0.005
5,main,cosine,0.25,7,0.5,166,672,21.12483294121921,21.25,21.75,1,1,0.000017452503030312982,21.75,21.75,21.234285501967886,21.333333333333332,21.250324254215304,1.1102230246251565e-16,0.005
5,main,cosine,0.25,7,0.5,167,672,24.812095822766423,24.95,25.25,1,1,0.00007394131730753539,25.25,25.25,24.931629882657923,25.6,24.93759512937595,4.440892098500626e-16,0.005
5,main,cosine,0.25,7,0.5,168,672,22.173304649069905,22.05,22.25,1,1,1.141706695850786e-8,22.25,22.25,22.044926228618046,21.333333333333332,22.021505376344088,0,0.01
5,main,cosine,0.25,7,0.5,169,672,21.547584623098373,21.6,21.75,1,1,2.9516952104735594e-7,21.75,21.75,21.586495668754704,21.333333333333332,21.586297760210805,3.3306690738754696e-16,0.005
5,main,cosine,0.25,7,0.5,170,672,21.75783246383071,21.5,21.5,1,1,0.000002155207780241142,21.5,20.75,21.49038122413669,21.333333333333332,21.501312335958005,0,0.005
5,main,cosine,0.25,7,0.5,171,672,24.608585136011243,24.25,24.25,1,1,0.0000031484823829197595,24.25,24.25,24.242776685308677,23.272727272727273,24.20088626292467,1.1102230246251565e-15,0.025
5,main,cosine,0.25,7,0.5,172,672,24.420868698507547,24.35,24.5,1,1,0.000002297195280220876,24.5,23.75,24.355882108217216,23.272727272727273,24.344725111441306,0,0.045
5,main,cosine,0.25,7,0.5,173,672,20.569744994863868,20.5,31,0,1,0.2711657221093413,20.5,20.75,20.505864614747868,21.333333333333332,20.531328320802004,3.008704396734174e-14,0.04
5,main,cosine,0.25,7,0.5,174,672,27.000564865767956,27.1,27.5,1,1,0.000027205520575779296,27.5,27.75,27.0981777371528,28.444444444444443,27.125827814569536,4.509725926027386e-13,0.045
5,main,cosine,0.25,7,0.5,175,672,24.441231094300747,24.05,25,1,1,0.000006047186075774924,25,23.75,24.04375070772415,23.272727272727273,24.023460410557185,5.551115123125783e-16,0.01
5,main,cosine,0.25,7,0.5,176,672,21.3396569006145,21.25,21,1,1,0.0000010088886374104433,20.75,20.5,21.233490217872152,21.333333333333332,21.195342820181114,0,0.01
5,main,cosine,0.25,7,0.5,177,672,24.04979383200407,24.25,24.5,1,1,0.0000033565763398746284,24.5,23.75,24.272366633008644,23.272727272727273,24.30860534124629,0,0.03
5,main,cosine,0.25,7,0.5,178,672,21.644952891394496,21.3,21.25,1,1,7.60370436614366e-8,21.25,21.5,21.302834547333127,21.333333333333332,21.333333333333332,0,0.005
5,main,cosine,0.25,7,0.5,179,672,26.171847565099597,26.65,26.75,1,1,0.0000033485697452650953,26.75,27.5,26.63179749841133,25.6,26.5974025974026,0,0.01
5,main,cosine,0.25,7,0.5,180,672,21.970626205205917,21.8,22.75,1,1,0.00000846029357903788,22.75,31.75,21.82274482373925,21.333333333333332,21.81624500665779,7.771561172376096e-16,0.005
5,main,cosine,0.25,7,0.5,181,672,21.240786712616682,21.2,21.75,1,1,0.000007654740305285124,21.75,21.25,21.19768616881844,21.333333333333332,21.16795865633075,2.220446049250313e-16,0.005
5,main,cosine,0.25,7,0.5,182,672,25.371362570673227,24.85,24.5,1,1,0.0000030506318764444984,24.5,24.5,24.843881080520397,25.6,24.861911987860395,1.7763568394002505e-15,0.005
5,main,cosine,0.25,7,0.5,183,672,24.429876681417227,24.45,24.75,1,1,0.0000015479860692169112,24,24,24.43835702290502,25.6,24.490284005979074,0,0.01
5,main,cosine,0.25,7,0.5,184,672,27.484798533841968,27.4,26.75,1,1,5.847435535777379e-9,26.75,27.25,27.400898260102952,28.444444444444443,27.352253756260435,0,0.07
5,main,cosine,0.25,7,0.5,185,672,22.23093155026436,22.7,22.75,1,1,0.00009723279144802088,22.75,22.75,22.692628073354495,23.272727272727273,22.755555555555556,2.445166291664691e-10,0.02
5,main,cosine,0.25,7,0.5,186,672,25.8717526756227,25.7,25.5,1,1,0.000023977273239439434,25.5,27.5,25.71928224261486,25.6,25.761006289308177,0,0.005
5,main,cosine,0.25,7,0.5,187,672,23.799959048628807,23.9,23.75,1,1,2.6290522581184916e-7,23.75,23.5,23.89358338445932,23.272727272727273,23.91824817518248,0,0.005
5,main,cosine,0.25,7,0.5,188,672,22.091394813731313,22.3,23.5,1,1,0.00008748924682988601,21.75,22.5,22.288088761715564,23.272727272727273,22.351978171896317,1.1102230246251565e-16,0.03
5,main,cosine,0.25,7,0.5,189,672,25.724771980196238,25.6,26.5,1,1,3.2755249068650016e-7,26.5,25.5,25.62042833368234,25.6,25.5600624024961,0,0.01
5,main,cosine,0.25,7,0.5,190,672,23.15326458774507,23.2,23,1,1,0.00002443944957120081,23,23,23.217950419888716,23.272727272727273,23.23971631205674,4.6629367034256575e-15,0.005
5,main,cosine,0.25,7,0.5,191,672,24.401182983070612,24.35,25,1,1,0.000010532596435464114,23.75,24.25,24.337334342102693,23.272727272727273,24.30860534124629,0,0.04
5,main,cosine,0.25,7,0.5,192,672,21.921634431928396,21.7,21.25,1,1,5.185936347018583e-9,21.25,21.5,21.679971030429975,21.333333333333332,21.67195767195767,0,0.005
5,main,cosine,0.25,7,0.5,193,672,20.787590531632304,20.7,21,1,1,2.476362115366726e-9,20.75,20.75,20.721152411893048,21.333333333333332,20.713021491782555,0,0.005
5,main,cosine,0.25,7,0.5,194,672,25.35071129538119,25.15,25.75,1,1,0.00002091653558666806,25.5,24.75,25.175436720225996,25.6,25.167434715821813,0,0.005
5,main,cosine,0.25,7,0.5,195,672,26.801841152831912,26.65,28,1,1,0.0004072441637328339,28,26.5,26.6180817327304,25.6,26.684039087947884,6.328271240363392e-15,0.01
5,main,cosine,0.25,7,0.5,196,672,25.299580553546548,25.4,26.25,1,1,0.0005491451299854955,26.25,25.75,25.397520243295336,25.6,25.440993788819874,2.6867397195928788e-14,0.02
5,main,cosine,0.25,7,0.5,197,672,26.29701165854931,26.1,26.25,1,1,0.000004470036528259058,26.25,26.25,26.096011713621312,25.6,26.047694753577108,0,0.005
5,main,cosine,0.25,7,0.5,198,672,24.23274784348905,24.1,24.5,1,1,5.103906209891207e-7,24.5,24.5,24.123932729013905,23.272727272727273,24.058737151248163,0,0.005
5,main,cosine,0.25,7,0.5,199,672,24.97433392331004,25,25.75,1,1,0.0001343957403699969,24.5,26.5,24.98330762264284,25.6,24.975609756097562,2.3203661214665772e-14,0.01
11,main,cosine,0.25,14,2,0,1344,27.730117354542017,27.75,27.75,1,1,0,27.75,27.75,27.768495789810622,28.444444444444443,27.769491525423728,0,
11,main,cosine,0.25,14,2,1,1344,20.680629851296544,20.7,20.75,1,1,0,20.75,20.75,20.68026073648084,20.48,20.68686868686869,0,
11,main,cosine,0.25,14,2,2,1344,21.554290607571602,21.6,21.5,1,1,0,21.5,21.5,21.590642046968938,21.333333333333332,21.586297760210805,0,
11,main,cosine,0.25,14,2,3,1344,22.244491819292307,22.2,22.25,1,1,0,22.25,22.25,22.215364405708026,22.26086956521739,22.230664857530527,0,
11,main,cosine,0.25,14,2,4,1344,24.472505435347557,24.45,24.5,1,1,0,24.5,24.5,24.467858828144152,24.38095238095238,24.453731343283582,0,
11,main,cosine,0.25,14,2,5,1344,21.34813886322081,21.35,21.25,1,1,0,21.25,21.25,21.32942132853606,21.333333333333332,21.333333333333332,0,
11,main,cosine,0.25,14,2,6,1344,27.22604620270431,27.25,27.25,1,1,0,27.25,27.25,27.245155667309774,26.94736842105263,27.261231281198004,0,
11,main,cosine,0.25,14,2,7,1344,27.199925661087036,27.200000000000003,27.25,1,1,0,27.25,27.25,27.207681533394123,26.94736842105263,27.21594684385382,0,
11,main,cosine,0.25,14,2,8,1344,27.42822358570993,27.450000000000003,27.5,1,1,0,27.5,27.5,27.43013215538353,26.94736842105263,27.44388609715243,0,
11,main,cosine,0.25,14,2,9,1344,24.517779974266887,24.5,24.5,1,1,0,24.5,24.5,24.509989812039883,24.38095238095238,24.526946107784433,0,
11,main,cosine,0.25,14,2,10,1344,26.409311903640628,26.4,26.5,1,1,0,26.5,26.5,26.403370624119994,26.94736842105263,26.383252818035427,0,
11,main,cosine,0.25,14,2,11,1344,21.72486083395779,21.7,21.75,1,1,0,21.75,21.75,21.724339630463913,21.333333333333332,21.72944297082228,0,
11,main,cosine,0.25,14,2,12,1344,27.69860104098916,27.700000000000003,27.75,1,1,0,27.75,28,27.72066807670152,28.444444444444443,27.722504230118442,0,
11,main,cosine,0.25,14,2,13,1344,26.33104046061635,26.3,26.25,1,1,0,26.25,26.25,26.313980263286627,26.94736842105263,26.298555377207062,0,
11,main,cosine,0.25,14,2,14,1344,23.221434216946363,23.2,23.25,1,1,0,23.25,23.25,23.198160548174855,23.272727272727273,23.206798866855525,0,
11,main,cosine,0.25,14,2,15,1344,24.857334123924375,24.9,24.75,1,1,0,24.75,24.75,24.88588204692384,24.38095238095238,24.861911987860395,0,
11,main,cosine,0.25,14,2,16,1344,22.886134181171656,22.85,22.75,1,1,0,22.75,22.75,22.866308083092058,23.272727272727273,22.850767085076708,0,
11,main,cosine,0.25,14,2,17,1344,22.60167271643877,22.6,22.5,1,1,0,22.5,22.5,22.6075308971062,22.26086956521739,22.59862068965517,0,
11,main,cosine,0.25,14,2,18,1344,25.733036436140537,25.7,25.75,1,1,0,25.75,25.75,25.7179769608128,25.6,25.72056514913658,0,
11,main,cosine,0.25,14,2,19,1344,22.793109882622957,22.8,22.75,1,1,0,22.75,22.75,22.79922169852225,23.272727272727273,22.787204450625868,0,
11,main,cosine,0.25,14,2,20,1344,24.645943466573954,24.65,24.75,1,1,0,24.75,24.75,24.65102303142603,24.38095238095238,24.637593984962407,0,
11,main,cosine,0.25,14,2,21,1344,25.78687939979136,25.8,25.75,1,1,0,25.75,25.75,25.794738754317223,25.6,25.801574803149606,0,
11,main,cosine,0.25,14,2,22,1344,22.13226511143148,22.15,22.25,1,1,0,22,22.25,22.13773240386337,22.26086956521739,22.14054054054054,0,
11,main,cosine,0.25,14,2,23,1344,23.307277165353298,23.35,23.25,1,1,0,23.25,23.25,23.341533996968128,23.272727272727273,23.372325249643367,0,
11,main,cosine,0.25,14,2,24,1344,25.31724923849106,25.3,25.25,1,1,0,25.25,25.25,25.312837050005438,25.6,25.323029366306027,0,
11,main,cosine,0.25,14,2,25,1344,24.334350276738405,24.35,24.25,1,1,0,24.25,24.25,24.326892029066865,24.38095238095238,24.30860534124629,0,
11,main,cosine,0.25,14,2,26,1344,22.53603063337505,22.55,22.5,1,1,0,22.5,22.5,22.529645690499663,22.26086956521739,22.536451169188446,0,
11,main,cosine,0.25,14,2,27,1344,26.552358800545335,26.55,26.5,1,1,0,26.5,26.5,26.530773102367537,26.94736842105263,26.511326860841425,0,
11,main,cosine,0.25,14,2,28,1344,27.898370020091534,27.9,28,1,1,0,27.75,27.75,27.913016880574734,28.444444444444443,27.86394557823129,0,
11,main,cosine,0.25,14,2,29,1344,23.99386322312057,24,24,1,1,0,24,24,24.021621853479743,24.38095238095238,23.988286969253295,0,
11,main,cosine,0.25,14,2,30,1344,27.75253476202488,27.75,27.75,1,1,0,27.75,27.75,27.762535167289307,28.444444444444443,27.769491525423728,0,
11,main,cosine,0.25,14,2,31,1344,26.393719229847193,26.35,26.25,1,1,0,26.25,26.25,26.355767078022982,26.94736842105263,26.340836012861736,0,
11,main,cosine,0.25,14,2,32,1344,26.981100670993328,27,27,1,1,0,27,27,26.97936820096801,26.94736842105263,26.94736842105263,0,
11,main,cosine,0.25,14,2,33,1344,21.273882938548923,21.25,21.25,1,1,0,21.25,21.25,21.260686465893105,21.333333333333332,21.250324254215304,0,
11,main,cosine,0.25,14,2,34,1344,25.073762131854892,25.05,25,1,1,0,25,25,25.0615251089233,25.6,25.051987767584098,0,
11,main,cosine,0.25,14,2,35,1344,26.51209804788232,26.55,26.5,1,1,0,26.5,26.5,26.5295076907609,26.94736842105263,26.511326860841425,0,
11,main,cosine,0.25,14,2,36,1344,22.523585656657815,22.55,22.5,1,1,0,22.5,22.5,22.534903820225516,22.26086956521739,22.536451169188446,0,
11,main,cosine,0.25,14,2,37,1344,25.367622278630733,25.35,25.5,1,1,0,25.25,25.25,25.36762873344087,25.6,25.362229102167184,0,
11,main,cosine,0.25,14,2,38,1344,23.61180628836155,23.6,23.5,1,1,0,23.5,23.5,23.610336632234812,23.272727272727273,23.608069164265128,0,
11,main,cosine,0.25,14,2,39,1344,24.354490818455815,24.35,24.5,1,1,0,24.25,24.5,24.366375806607415,24.38095238095238,24.38095238095238,0,
11,main,cosine,0.25,14,2,40,1344,22.31850657425821,22.3,22.25,1,1,0,22.25,22.25,22.308725471534842,22.26086956521739,22.291156462585032,0,
11,main,cosine,0.25,14,2,41,1344,20.75676658563316,20.75,20.75,1,1,0,20.75,20.75,20.748076208285887,20.48,20.739240506329114,0,
11,main,cosine,0.25,14,2,42,1344,22.37893713451922,22.35,22.25,1,1,0,22.25,22.25,22.35935822980106,22.26086956521739,22.351978171896317,0,
11,main,cosine,0.25,14,2,43,1344,21.940931793302298,21.95,22,1,1,0,22,22,21.954182758651054,22.26086956521739,21.962466487935657,0,
11,main,cosine,0.25,14,2,44,1344,26.059764850884676,26.05,26,1,1,0,26,26,26.050603046427014,25.6,26.047694753577108,0,
11,main,cosine,0.25,14,2,45,1344,22.25576069764793,22.25,22.25,1,1,0,22.25,22.25,22.264990812751233,22.26086956521739,22.26086956521739,0,
11,main,cosine,0.25,14,2,46,1344,25.96370784379542,25.95,26,1,1,0,26,26,25.951935275539746,25.6,25.96513470681458,0,
11,main,cosine,0.25,14,2,47,1344,25.90911260060966,25.95,26,1,1,0,26,26,25.934745930860647,25.6,25.96513470681458,0,
11,main,cosine,0.25,14,2,48,1344,21.91817351989448,21.9,22,1,1,0,22,22,21.913626309139477,22.26086956521739,21.90374331550802,0,
11,main,cosine,0.25,14,2,49,1344,27.210417909547687,27.200000000000003,27.25,1,1,0,27.25,27.25,27.198852446857902,26.94736842105263,27.21594684385382,0,
11,main,cosine,0.25,14,2,50,1344,24.480635337531567,24.5,24.5,1,1,0,24.5,24.5,24.50350334885034,24.38095238095238,24.490284005979074,0,
11,main,cosine,0.25,14,2,51,1344,22.527093233540654,22.55,22.5,1,1,0,22.5,22.5,22.532544455432433,22.26086956521739,22.536451169188446,0,
11,main,cosine,0.25,14,2,52,1344,25.647784937173128,25.65,25.75,1,1,0,25.75,25.75,25.641201090241424,25.6,25.640062597809077,0,
11,main,cosine,0.25,14,2,53,1344,23.237940303981304,23.25,23.25,1,1,0,23.25,23.25,23.256745769912502,23.272727272727273,23.23971631205674,0,
11,main,cosine,0.25,14,2,54,1344,22.253207582980394,22.3,22.25,1,1,0,22.25,22.25,22.281804451849705,22.26086956521739,22.26086956521739,0,
11,main,cosine,0.25,14,2,55,1344,21.850891763344407,21.9,22,1,1,0,21.75,22,21.881348160583304,22.26086956521739,21.874499332443257,0,
11,main,cosine,0.25,14,2,56,1344,21.098511058837175,21.1,21,1,1,0,21,21,21.098968160935094,21.333333333333332,21.11340206185567,0,
11,main,cosine,0.25,14,2,57,1344,22.666098592802882,22.65,22.75,1,1,0,22.75,22.75,22.631134517118063,22.26086956521739,22.629834254143645,0,
11,main,cosine,0.25,14,2,58,1344,21.837503120303154,21.85,21.75,1,1,0,21.75,22,21.865084848256533,22.26086956521739,21.874499332443257,0,
11,main,cosine,0.25,14,2,59,1344,21.064690386876464,21.1,21,1,1,0,21,21,21.083970744670964,21.333333333333332,21.05912596401028,0,
11,main,cosine,0.25,14,2,60,1344,22.545121870934963,22.55,22.5,1,1,0,22.5,22.5,22.528861695780428,22.26086956521739,22.505494505494507,0,
11,main,cosine,0.25,14,2,61,1344,23.266176706179976,23.25,23.25,1,1,0,23.25,23.25,23.2648118419116,23.272727272727273,23.23971631205674,0,
11,main,cosine,0.25,14,2,62,1344,20.238622093573213,20.25,20.25,1,1,0,20.25,20.25,20.246565075583995,20.48,20.252163164400493,0,
11,main,cosine,0.25,14,2,63,1344,25.515669832006097,25.55,25.5,1,1,0,25.5,25.5,25.54618434562168,25.6,25.5202492211838,0,
11,main,cosine,0.25,14,2,64,1344,27.410084227100015,27.450000000000003,27.5,1,1,0,27.5,27.5,27.438841928243477,26.94736842105263,27.44388609715243,0,
11,main,cosine,0.25,14,2,65,1344,26.67126331664622,26.65,26.75,1,1,0,26.5,26.5,26.6425561615225,26.94736842105263,26.640650406504065,0,
11,main,cosine,0.25,14,2,66,1344,20.814248563721776,20.8,20.75,1,1,0,20.75,20.75,20.809294672860936,20.48,20.79187817258883,0,
11,main,cosine,0.25,14,2,67,1344,26.86731504276395,26.9,27,1,1,0,27,27,26.88645305763521,26.94736842105263,26.90311986863711,0,
11,main,cosine,0.25,14,2,68,1344,26.076878298074007,26.1,26,1,1,0,26,26,26.083130999310786,25.6,26.089171974522294,0,
11,main,cosine,0.25,14,2,69,1344,27.913808992132545,27.9,28,1,1,0,28,27.75,27.90228417852118,28.444444444444443,27.86394557823129,0,
11,main,cosine,0.25,14,2,70,1344,27.473227474838495,27.5,27.5,1,1,0,27.5,27.5,27.47755613421057,26.94736842105263,27.48993288590604,0,
11,main,cosine,0.25,14,2,71,1344,27.29628347977996,27.3,27.25,1,1,0,27.25,27.25,27.285938611455602,26.94736842105263,27.30666666666667,0,
11,main,cosine,0.25,14,2,72,1344,20.550506863743067,20.55,20.5,1,1,0,20.5,20.5,20.560561049968168,20.48,20.557089084065243,0,
11,main,cosine,0.25,14,2,73,1344,26.045862888917327,26.05,26,1,1,0,26,26,26.064319385313,25.6,26.047694753577108,0,
11,main,cosine,0.25,14,2,74,1344,24.34612130187452,24.35,24.25,1,1,0,24.25,24.25,24.34234930361331,24.38095238095238,24.344725111441306,0,
11,main,cosine,0.25,14,2,75,1344,23.22674352489412,23.25,23.25,1,1,0,23.25,23.25,23.237509503047317,23.272727272727273,23.23971631205674,0,
11,main,cosine,0.25,14,2,76,1344,23.773853320628405,23.8,23.75,1,1,0,23.75,23.75,23.79716301570044,23.272727272727273,23.779390420899855,0,
11,main,cosine,0.25,14,2,77,1344,20.966682262718678,20.95,21,1,1,0,21,21,20.967577622042075,21.333333333333332,20.978233034571062,0,
11,main,cosine,0.25,14,2,78,1344,26.382084257900715,26.4,26.5,1,1,0,26.5,26.5,26.406848529636562,26.94736842105263,26.425806451612903,0,
11,main,cosine,0.25,14,2,79,1344,23.751819118857384,23.75,23.75,1,1,0,23.75,23.75,23.756933941106414,23.272727272727273,23.744927536231884,0,
11,main,cosine,0.25,14,2,80,1344,20.3929909709841,20.4,20.25,1,1,0,20.25,20.5,20.38308379075294,20.48,20.378109452736318,0,
11,main,cosine,0.25,14,2,81,1344,21.238907979801297,21.25,21.25,1,1,0,21.25,21.25,21.246002901705292,21.333333333333332,21.250324254215304,0,
11,main,cosine,0.25,14,2,82,1344,20.500293161720037,20.5,20.5,1,1,0,20.5,20.5,20.484456776790147,20.48,20.48,0,
11,main,cosine,0.25,14,2,83,1344,26.384766718372703,26.4,26.5,1,1,0,26.25,26.5,26.389621292188185,26.94736842105263,26.383252818035427,0,
11,main,cosine,0.25,14,2,84,1344,26.978317759931087,26.950000000000003,27,1,1,0,27,27,26.962194454950602,26.94736842105263,26.99176276771005,0,
11,main,cosine,0.25,14,2,85,1344,26.662524715065956,26.65,26.75,1,1,0,26.5,26.75,26.669427595394122,26.94736842105263,26.684039087947884,0,
11,main,cosine,0.25,14,2,86,1344,25.76760882139206,25.75,25.75,1,1,0,25.75,25.75,25.77017594065647,25.6,25.801574803149606,0,
11,main,cosine,0.25,14,2,87,1344,20.157521760091186,20.15,20.25,1,1,0,20.25,20.25,20.149323148694425,20.48,20.152521525215253,0,
11,main,cosine,0.25,14,2,88,1344,21.211405793204904,21.2,21.25,1,1,0,21.25,21.25,21.20039032755391,21.333333333333332,21.195342820181114,0,
11,main,cosine,0.25,14,2,89,1344,22.891242368146777,22.9,23,1,1,0,23,23,22.895012999081484,23.272727272727273,22.88268156424581,0,
11,main,cosine,0.25,14,2,90,1344,25.831795962527394,25.85,25.75,1,1,0,25.75,26,25.834706683664226,25.6,25.842271293375394,0,
11,main,cosine,0.25,14,2,91,1344,25.2329611312598,25.2,25.25,1,1,0,25.25,25.25,25.18400634062271,25.6,25.167434715821813,0,
11,main,cosine,0.25,14,2,92,1344,27.067360661923885,27.1,27.25,1,1,0,27,27.25,27.097662021185396,26.94736842105263,27.125827814569536,0,
11,main,cosine,0.25,14,2,93,1344,24.7067207172513,24.75,24.75,1,1,0,24.75,24.75,24.735356449068593,24.38095238095238,24.71191553544495,0,
11,main,cosine,0.25,14,2,94,1344,26.65372900851071,26.65,26.75,1,1,0,26.5,26.5,26.625479301701134,26.94736842105263,26.5974025974026,0,
11,main,cosine,0.25,14,2,95,1344,20.12809131667018,20.1,20,1,1,0,20,20,20.11763531823932,20.48,20.127764127764127,0,
11,main,cosine,0.25,14,2,96,1344,25.780420729890466,25.75,25.75,1,1,0,25.75,25.75,25.769233428881016,25.6,25.761006289308177,0,
11,main,cosine,0.25,14,2,97,1344,22.937829103320837,22.9,23,1,1,0,23,23,22.921683233722625,23.272727272727273,22.914685314685315,0,
11,main,cosine,0.25,14,2,98,1344,22.194420404732227,22.2,22.25,1,1,0,22.25,22.25,22.175892757884586,22.26086956521739,22.170500676589988,0,
11,main,cosine,0.25,14,2,99,1344,25.329557169228792,25.35,25.25,1,1,0,25.25,25.25,25.329622792344228,25.6,25.323029366306027,0,
11,main,cosine,0.25,14,2,100,1344,23.30375965870917,23.3,23.25,1,1,0,23.25,23.25,23.287531066829754,23.272727272727273,23.305832147937412,0,
11,main,cosine,0.25,14,2,101,1344,22.726470297202468,22.7,22.75,1,1,0,22.75,22.75,22.7092461821779,22.26086956521739,22.723994452149793,0,
11,main,cosine,0.25,14,2,102,1344,27.288602098822594,27.3,27.25,1,1,0,27.25,27.25,27.278631374257902,26.94736842105263,27.30666666666667,0,
11,main,cosine,0.25,14,2,103,1344,21.222584821283817,21.2,21.25,1,1,0,21.25,21.25,21.217551427254016,21.333333333333332,21.22279792746114,0,
11,main,cosine,0.25,14,2,104,1344,22.14817957393825,22.15,22.25,1,1,0,22.25,22.25,22.14911292486474,22.26086956521739,22.170500676589988,0,
11,main,cosine,0.25,14,2,105,1344,24.064155913889408,24.1,24,1,1,0,24,24,24.07895896787152,24.38095238095238,24.058737151248163,0,
11,main,cosine,0.25,14,2,106,1344,27.528520964086056,27.55,27.5,1,1,0,27.5,27.5,27.53510196767351,26.94736842105263,27.536134453781514,0,
11,main,cosine,0.25,14,2,107,1344,26.218028167262673,26.200000000000003,26.25,1,1,0,26.25,26.25,26.20997766731246,25.6,26.2144,0,
11,main,cosine,0.25,14,2,108,1344,21.556431280449033,21.55,21.5,1,1,0,21.5,21.5,21.566232046776495,21.333333333333332,21.557894736842105,0,
11,main,cosine,0.25,14,2,109,1344,22.024076195433736,22.05,22,1,1,0,22,22,22.02610569050916,22.26086956521739,22.021505376344088,0,
11,main,cosine,0.25,14,2,110,1344,22.103628609329462,22.1,22,1,1,0,22,22,22.10382968446632,22.26086956521739,22.110661268556004,0,
11,main,cosine,0.25,14,2,111,1344,22.34665720164776,22.35,22.25,1,1,0,22.25,22.25,22.355633949230874,22.26086956521739,22.351978171896317,0,
11,main,cosine,0.25,14,2,112,1344,21.76286295428872,21.75,21.75,1,1,0,21.75,21.75,21.767469495855988,21.333333333333332,21.758300132802123,0,
11,main,cosine,0.25,14,2,113,1344,22.922966299578547,22.9,23,1,1,0,23,23,22.910979024374164,23.272727272727273,22.914685314685315,0,
11,main,cosine,0.25,14,2,114,1344,20.02825822122395,20,20,1,1,0,20,20,20.022748742833045,19.692307692307693,20.029339853300733,0,
11,main,cosine,0.25,14,2,115,1344,25.79882548749447,25.75,25.75,1,1,0,25.75,25.75,25.76355462043392,25.6,25.761006289308177,0,
11,main,cosine,0.25,14,2,116,1344,26.82768950611353,26.8,26.75,1,1,0,26.75,26.75,26.816775868898734,26.94736842105263,26.81505728314239,0,
11,main,cosine,0.25,14,2,117,1344,22.692704249173403,22.65,22.75,1,1,0,22.75,22.75,22.657836665947187,22.26086956521739,22.661134163208853,0,
11,main,cosine,0.25,14,2,118,1344,27.067507119849324,27,27,1,1,0,27,27,27.014739583693576,26.94736842105263,26.99176276771005,0,
11,main,cosine,0.25,14,2,119,1344,24.97385578416288,24.95,25,1,1,0,25,25,24.93050267157789,24.38095238095238,24.93759512937595,0,
11,main,cosine,0.25,14,2,120,1344,20.4508999530226,20.45,20.5,1,1,0,20.5,20.5,20.45339895083814,20.48,20.454431960049938,0,
11,main,cosine,0.25,14,2,121,1344,23.301784086972475,23.3,23.25,1,1,0,23.25,23.25,23.284304836400388,23.272727272727273,23.272727272727273,0,
11,main,cosine,0.25,14,2,122,1344,23.335490690544248,23.35,23.25,1,1,0,23.25,23.25,23.34580135506467,23.272727272727273,23.33903133903134,0,
11,main,cosine,0.25,14,2,123,1344,24.108708564192057,24.1,24,1,1,0,24,24,24.123968301295047,24.38095238095238,24.12960235640648,0,
11,main,cosine,0.25,14,2,124,1344,21.75084314122796,21.75,21.75,1,1,0,21.75,21.75,21.73083506201491,21.333333333333332,21.72944297082228,0,
11,main,cosine,0.25,14,2,125,1344,25.378355177119374,25.4,25.5,1,1,0,25.5,25.25,25.38978503167603,25.6,25.4015503875969,0,
11,main,cosine,0.25,14,2,126,1344,27.152667097747326,27.15,27.25,1,1,0,27.25,27.25,27.157745559237956,26.94736842105263,27.170812603648425,0,
11,main,cosine,0.25,14,2,127,1344,27.978360192850232,28,28,1,1,0,28,28,27.99661627363846,28.444444444444443,28.006837606837607,0,
11,main,cosine,0.25,14,2,128,1344,24.915666610002518,24.9,25,1,1,0,25,25,24.911603620316388,24.38095238095238,24.89969604863222,0,
11,main,cosine,0.25,14,2,129,1344,22.562009593471885,22.55,22.5,1,1,0,22.5,22.5,22.564933316907375,22.26086956521739,22.56749311294766,0,
11,main,cosine,0.25,14,2,130,1344,27.169974764809012,27.200000000000003,27.25,1,1,0,27.25,27.25,27.1981168382539,26.94736842105263,27.170812603648425,0,
11,main,cosine,0.25,14,2,131,1344,23.721100578084588,23.75,23.75,1,1,0,23.75,23.75,23.733324951774712,23.272727272727273,23.710564399421127,0,
11,main,cosine,0.25,14,2,132,1344,25.804204570129514,25.8,25.75,1,1,0,25.75,25.75,25.79287032852711,25.6,25.801574803149606,0,
11,main,cosine,0.25,14,2,133,1344,23.99562245234847,24,24,1,1,0,24,24,24.021457858347212,24.38095238095238,24.023460410557185,0,
11,main,cosine,0.25,14,2,134,1344,24.14094558916986,24.15,24.25,1,1,0,24.25,24.25,24.152072583516272,24.38095238095238,24.16519174041298,0,
11,main,cosine,0.25,14,2,135,1344,22.28771622851491,22.3,22.25,1,1,0,22.25,22.25,22.282526814606495,22.26086956521739,22.291156462585032,0,
11,main,cosine,0.25,14,2,136,1344,25.8969346601516,25.9,26,1,1,0,26,26,25.920352582915864,25.6,25.924050632911392,0,
11,main,cosine,0.25,14,2,137,1344,23.270309502258897,23.25,23.25,1,1,0,23.25,23.25,23.25649266151218,23.272727272727273,23.272727272727273,0,
11,main,cosine,0.25,14,2,138,1344,27.126000376418233,27.15,27.25,1,1,0,27,27.25,27.149831775654143,26.94736842105263,27.170812603648425,0,
11,main,cosine,0.25,14,2,139,1344,22.40458993986249,22.4,22.5,1,1,0,22.5,22.5,22.39967197196434,22.26086956521739,22.41313269493844,0,
11,main,cosine,0.25,14,2,140,1344,23.774266123771667,23.8,23.75,1,1,0,23.75,23.75,23.77639708318869,23.272727272727273,23.779390420899855,0,
11,main,cosine,0.25,14,2,141,1344,22.943433601409197,22.95,23,1,1,0,23,23,22.935460123124987,23.272727272727273,22.946778711484594,0,
11,main,cosine,0.25,14,2,142,1344,22.30249734222889,22.3,22.25,1,1,0,22.25,22.25,22.278987687229193,22.26086956521739,22.291156462585032,0,
11,main,cosine,0.25,14,2,143,1344,27.52762297913432,27.55,27.5,1,1,0,27.5,27.5,27.54290780560141,26.94736842105263,27.536134453781514,0,
11,main,cosine,0.25,14,2,144,1344,24.995004784315825,25,25,1,1,0,25,25,24.99203006803221,25.6,24.975609756097562,0,
11,main,cosine,0.25,14,2,145,1344,22.63592142611742,22.6,22.5,1,1,0,22.5,22.5,22.617068176291365,22.26086956521739,22.59862068965517,0,
11,main,cosine,0.25,14,2,146,1344,20.08053050003946,20.1,20,1,1,0,20,20,20.093128171110035,20.48,20.103067484662578,0,
11,main,cosine,0.25,14,2,147,1344,23.03958577848971,23,23,1,1,0,23,23,23.01226542097404,23.272727272727273,23.01123595505618,0,
11,main,cosine,0.25,14,2,148,1344,20.132183337584138,20.1,20,1,1,0,20,20,20.12056148976479,20.48,20.127764127764127,0,
11,main,cosine,0.25,14,2,149,1344,22.58212091960013,22.6,22.5,1,1,0,22.5,22.5,22.589940880291927,22.26086956521739,22.59862068965517,0,
11,main,cosine,0.25,14,2,150,1344,22.500985968858004,22.55,22.5,1,1,0,22.5,22.5,22.544099877479326,22.26086956521739,22.536451169188446,0,
11,main,cosine,0.25,14,2,151,1344,20.846401192247868,20.85,20.75,1,1,0,20.75,20.75,20.855164696765055,20.48,20.844783715012724,0,
11,main,cosine,0.25,14,2,152,1344,25.51072877831757,25.5,25.5,1,1,0,25.5,25.5,25.48442451135493,25.6,25.480559875583204,0,
11,main,cosine,0.25,14,2,153,1344,25.661696523427963,25.65,25.75,1,1,0,25.75,25.5,25.65432312512977,25.6,25.640062597809077,0,
11,main,cosine,0.25,14,2,154,1344,22.840122433379292,22.8,22.75,1,1,0,22.75,22.75,22.820584917626626,23.272727272727273,22.818941504178273,0,
11,main,cosine,0.25,14,2,155,1344,20.677016958594322,20.65,20.75,1,1,0,20.75,20.75,20.655689156594303,20.48,20.66078184110971,0,
11,main,cosine,0.25,14,2,156,1344,25.602026803418994,25.6,25.5,1,1,0,25.5,25.5,25.58869153867241,25.6,25.6,0,
11,main,cosine,0.25,14,2,157,1344,24.787823349237442,24.8,24.75,1,1,0,24.75,24.75,24.77851920254839,24.38095238095238,24.749244712990937,0,
11,main,cosine,0.25,14,2,158,1344,25.23182064667344,25.25,25.25,1,1,0,25.25,25.25,25.253064707305253,25.6,25.244992295839754,0,
11,main,cosine,0.25,14,2,159,1344,22.150060173124075,22.15,22.25,1,1,0,22.25,22.25,22.142174701849868,22.26086956521739,22.14054054054054,0,
11,main,cosine,0.25,14,2,160,1344,22.006572395563126,22,22,1,1,0,22,22,22.002267075981432,22.26086956521739,21.99194630872483,0,
11,main,cosine,0.25,14,2,161,1344,23.67592815309763,23.7,23.75,1,1,0,23.75,23.75,23.675666005733284,23.272727272727273,23.67630057803468,0,
11,main,cosine,0.25,14,2,162,1344,20.298332050442696,20.25,20.25,1,1,0,20.25,20.25,20.272101899197363,20.48,20.277227722772277,0,
11,main,cosine,0.25,14,2,163,1344,21.041738556697965,21.05,21,1,1,0,21,21,21.03176844589596,21.333333333333332,21.03209242618742,0,
11,main,cosine,0.25,14,2,164,1344,24.714543467387557,24.75,24.75,1,1,0,24.75,24.75,24.727647363888387,24.38095238095238,24.749244712990937,0,
11,main,cosine,0.25,14,2,165,1344,23.462395569309592,23.45,23.5,1,1,0,23.5,23.5,23.46234484880167,23.272727272727273,23.472779369627506,0,
11,main,cosine,0.25,14,2,166,1344,22.490353668108582,22.5,22.5,1,1,0,22.5,22.5,22.498951442136338,22.26086956521739,22.505494505494507,0,
11,main,cosine,0.25,14,2,167,1344,27.500675298273563,27.5,27.5,1,1,0,27.5,27.5,27.48833881767947,26.94736842105263,27.48993288590604,0,
11,main,cosine,0.25,14,2,168,1344,20.680025016888976,20.7,20.75,1,1,0,20.75,20.75,20.711820378873774,20.48,20.713021491782555,0,
11,main,cosine,0.25,14,2,169,1344,22.538906011730433,22.5,22.5,1,1,0,22.5,22.5,22.5127586869334,22.26086956521739,22.536451169188446,0,
11,main,cosine,0.25,14,2,170,1344,21.43414623849094,21.45,21.5,1,1,0,21.5,21.5,21.434053305761978,21.333333333333332,21.445026178010473,0,
11,main,cosine,0.25,14,2,171,1344,24.27412687987089,24.3,24.25,1,1,0,24.25,24.25,24.278571223045876,24.38095238095238,24.27259259259259,0,
11,main,cosine,0.25,14,2,172,1344,23.06039108335972,23.05,23,1,1,0,23,23,23.03891163941245,23.272727272727273,23.043600562587905,0,
11,main,cosine,0.25,14,2,173,1344,20.152828216552734,20.15,20.25,1,1,0,20,20.25,20.14081873863971,20.48,20.152521525215253,0,
11,main,cosine,0.25,14,2,174,1344,25.320032419636846,25.3,25.25,1,1,0,25.25,25.25,25.294640610318456,25.6,25.28395061728395,0,
11,main,cosine,0.25,14,2,175,1344,22.428129674866796,22.45,22.5,1,1,0,22.5,22.5,22.433788945523503,22.26086956521739,22.443835616438356,0,
11,main,cosine,0.25,14,2,176,1344,24.00722536817193,24,24,1,1,0,24,24,23.99625331530524,24.38095238095238,24.023460410557185,0,
11,main,cosine,0.25,14,2,177,1344,24.138080343604088,24.15,24.25,1,1,0,24.25,24.25,24.156626281696997,24.38095238095238,24.16519174041298,0,
11,main,cosine,0.25,14,2,178,1344,20.898904893547297,20.9,21,1,1,0,21,20.75,20.894317337250655,20.48,20.897959183673468,0,
11,main,cosine,0.25,14,2,179,1344,20.394636258482933,20.4,20.5,1,1,0,20.5,20.5,20.42108822254854,20.48,20.40348692403487,0,
11,main,cosine,0.25,14,2,180,1344,22.400118328630924,22.4,22.5,1,1,0,22.5,22.25,22.38760088553741,22.26086956521739,22.382513661202186,0,
11,main,cosine,0.25,14,2,181,1344,26.328499227762222,26.3,26.25,1,1,0,26.25,26.25,26.313081331871313,26.94736842105263,26.298555377207062,0,
11,main,cosine,0.25,14,2,182,1344,24.864071236923337,24.85,24.75,1,1,0,24.75,25,24.861781287203222,24.38095238095238,24.89969604863222,0,
11,main,cosine,0.25,14,2,183,1344,22.725758768618107,22.75,22.75,1,1,0,22.75,22.75,22.737286576705294,22.26086956521739,22.723994452149793,0,
11,main,cosine,0.25,14,2,184,1344,20.628933180123568,20.65,20.75,1,1,0,20.75,20.75,20.657585349102106,20.48,20.66078184110971,0,
11,main,cosine,0.25,14,2,185,1344,22.93492354080081,22.9,23,1,1,0,23,23,22.917975251995305,23.272727272727273,22.914685314685315,0,
11,main,cosine,0.25,14,2,186,1344,23.68874068930745,23.7,23.75,1,1,0,23.75,23.75,23.698010560982624,23.272727272727273,23.710564399421127,0,
11,main,cosine,0.25,14,2,187,1344,24.6463465038687,24.65,24.75,1,1,0,24.75,24.75,24.663651915892135,24.38095238095238,24.674698795180724,0,
11,main,cosine,0.25,14,2,188,1344,27.027632815763354,27.05,27,1,1,0,27,27,27.02632601806764,26.94736842105263,27.036303630363037,0,
11,main,cosine,0.25,14,2,189,1344,26.39506676234305,26.4,26.5,1,1,0,26.5,26.5,26.406294312541764,26.94736842105263,26.383252818035427,0,
11,main,cosine,0.25,14,2,190,1344,24.864046722650528,24.9,25,1,1,0,25,25,24.904574499063138,24.38095238095238,24.89969604863222,0,
11,main,cosine,0.25,14,2,191,1344,27.721808422356844,27.8,27.75,1,1,0,27.75,27.75,27.779444805312504,28.444444444444443,27.769491525423728,0,
11,main,cosine,0.25,14,2,192,1344,20.919484969228506,20.9,21,1,1,0,21,21,20.924388355755987,21.333333333333332,20.924648786717754,0,
11,main,cosine,0.25,14,2,193,1344,24.19191268272698,24.2,24.25,1,1,0,24.25,24.25,24.19739797813527,24.38095238095238,24.20088626292467,0,
11,main,cosine,0.25,14,2,194,1344,24.463110499083996,24.5,24.5,1,1,0,24.5,24.5,24.478393727146305,24.38095238095238,24.490284005979074,0,
11,main,cosine,0.25,14,2,195,1344,27.84888687543571,27.85,27.75,1,1,0,27.75,28,27.86685220886637,28.444444444444443,27.911413969335605,0,
11,main,cosine,0.25,14,2,196,1344,23.559522883966565,23.55,23.5,1,1,0,23.5,23.5,23.57001856987002,23.272727272727273,23.57410071942446,0,
11,main,cosine,0.25,14,2,197,1344,27.00314068980515,27.05,27,1,1,0,27,27,27.029111263837347,26.94736842105263,27.036303630363037,0,
11,main,cosine,0.25,14,2,198,1344,25.727391473948956,25.75,25.75,1,1,0,25.75,25.75,25.741301949247685,25.6,25.761006289308177,0,
11,main,cosine,0.25,14,2,199,1344,20.04173357412219,20.05,20,1,1,0,20,20,20.050898311584724,19.692307692307693,20.053855569155445,0,
17,main,cosine,1,7,0.5,0,168,27.625748915597796,26.85,26,1,1,0.0007903420225578994,26,27,26.850499224550326,25.6,26.859016393442623,0.000008501760077384013,0.1
17,main,cosine,1,7,0.5,1,168,22.9188869073987,23.45,24,0,0,0.055791205401933386,24,32,23.44990620055074,23.272727272727273,23.43919885550787,0.00013078854567238896,0.07
17,main,cosine,1,7,0.5,2,168,24.83986190892756,25.05,25,0,0,0.0035630944997778746,25,25,25.04616651120736,25.6,25.013740458015267,0.000006389766445735745,0.005
17,main,cosine,1,7,0.5,3,168,20.08592164888978,20.4,20,1,1,0.003060932200395161,20,21,20.380116594101846,19.692307692307693,20.378109452736318,0.0000012148456171034994,0.14
17,main,cosine,1,7,0.5,4,168,23.925336314365268,24.55,29,0,0,0.1234361833459986,23,29,24.536181330210205,25.6,24.563718140929534,0.0000036506140429493072,0.06
17,main,cosine,1,7,0.5,5,168,25.93013969063759,25.35,25,1,1,0.0009676982410370405,25,25,25.33027694406726,25.6,25.28395061728395,0.000004749635199585711,0.005
17,main,cosine,1,7,0.5,6,168,23.784041369333863,23.65,25,0,1,0.005063252453812339,23,23,23.645243262741534,23.272727272727273,23.608069164265128,1.043758235397263e-7,0.01
17,main,cosine,1,7,0.5,7,168,21.806157514452934,21.9,22,1,1,0.0002308067384492185,22,22,21.879845211645485,21.333333333333332,21.874499332443257,5.3738022365301674e-8,0.005
17,main,cosine,1,7,0.5,8,168,23.91563308238983,23.8,24,1,1,0.002166696191583939,24,24,23.810787386552697,23.272727272727273,23.779390420899855,0.0000015380172767587297,0.005
17,main,cosine,1,7,0.5,9,168,26.831584431231022,28.200000000000003,28,0,0,0.005341890299498608,28,27,28.2160761281718,28.444444444444443,28.29706390328152,0.0006374243289487547,0.43
17,main,cosine,1,7,0.5,10,168,22.54187952913344,22.45,24,0,0,0.016885036719694546,23,27,22.455876040336847,23.272727272727273,22.505494505494507,0.00005373089764193484,0.075
17,main,cosine,1,7,0.5,11,168,22.344808608293533,22.65,22,1,1,0.0006936233322152319,22,22,22.660336785024842,23.272727272727273,22.69252077562327,0.0000022217015890335645,0.04
17,main,cosine,1,7,0.5,12,168,26.574891982600093,27.4,26,0,0,0.0036510484217386896,26,27,27.391267422810145,28.444444444444443,27.44388609715243,0.000015884139152877452,0.125
17,main,cosine,1,7,0.5,13,168,25.38218111731112,24.5,24,1,1,0.0003012695113078223,24,25,24.51329664621761,25.6,24.526946107784433,3.797109671133114e-8,0.01
17,main,cosine,1,7,0.5,14,168,23.977333867922425,24.1,24,0,0,0.003938544386740461,24,24,24.07609016955551,23.272727272727273,24.094117647058823,0.000015923307825738142,0.135
17,main,cosine,1,7,0.5,15,168,27.90574462711811,28.6,27,0,0,0.004023350749725374,27,23,28.594277640677717,28.444444444444443,28.69352014010508,0.000010568342827088628,0.745
17,main,cosine,1,7,0.5,16,168,24.42848427966237,24.9,25,0,0,0.004362605407385423,25,25,24.923685239562733,25.6,24.93759512937595,0.00005932406885400532,0.02
17,main,cosine,1,7,0.5,17,168,26.034665651619434,26.35,29,0,0,0.1460434152085015,22,26,26.3389551662417,3.657142857142857,3.6376554174067497,0.002256330915834548,0.095
17,main,cosine,1,7,0.5,18,168,22.70917454175651,22.55,23,1,1,0.0030427970393923642,23,23,22.55554497757815,23.272727272727273,22.629834254143645,2.828607781335535e-7,0.025
17,main,cosine,1,7,0.5,19,168,22.8949133194983,22.25,23,0,0,0.00910037626090543,23,23,22.228501610229806,23.272727272727273,22.26086956521739,0.00031209131203235874,0.075
17,main,cosine,1,7,0.5,20,168,26.886881310492754,27.200000000000003,30,0,0,0.02029322246843912,27,27,27.186715896799228,28.444444444444443,27.170812603648425,0.000010471220785679414,0.105
17,main,cosine,1,7,0.5,21,168,26.66560237854719,26.6,30,0,0,0.05621060805794087,22,22,26.581508130280906,25.6,26.554294975688816,0.00007899236644903773,0.06
17,main,cosine,1,7,0.5,22,168,24.449851129204035,24.1,23,0,0,0.024391789433794164,23,24,24.10898684486239,23.272727272727273,24.023460410557185,0.00045357872151852163,0.09
17,main,cosine,1,7,0.5,23,168,22.921586893498898,23.45,24,1,1,0.0032041741833742643,24,23,23.461974504582383,23.272727272727273,23.43919885550787,0.00001295564290326734,0.005
17,main,cosine,1,7,0.5,24,168,23.751985907554626,24.55,24,1,1,0.002423219575014235,24,24,24.54178869263122,25.6,24.563718140929534,0.000024907421049324974,0.07
17,main,cosine,1,7,0.5,25,168,25.213322630152106,25.35,25,1,1,0.00038259489388059453,25,25,25.377096506530936,25.6,25.440993788819874,1.8882625485439064e-7,0.025
17,main,cosine,1,7,0.5,26,168,26.279211062937975,25.35,25,1,1,0.0005269287148007562,25,25,25.35005916716846,25.6,25.4015503875969,0.000024314796709390407,0.015
17,main,cosine,1,7,0.5,27,168,20.43515828065574,21.8,32,0,0,0.05108557926000323,32,32,21.824021907416146,21.333333333333332,21.81624500665779,0.0035105245031445964,0.02
17,main,cosine,1,7,0.5,28,168,26.258116779848933,26.55,27,1,1,0.0002715526189317474,27,27,26.5196355142328,25.6,26.554294975688816,5.36304624931816e-7,0.02
17,main,cosine,1,7,0.5,29,168,27.203404301777482,25.95,25,0,0,0.012124581037570192,25,26,25.957483297110922,25.6,26.047694753577108,0.0040167950705166655,0.1
17,main,cosine,1,7,0.5,30,168,21.316087594255805,21.15,21,0,0,0.05241118712315296,21,21,21.167294833655248,21.333333333333332,21.195342820181114,0.00006627319847041235,0.035
17,main,cosine,1,7,0.5,31,168,26.02458420023322,26.1,28,0,0,0.10389417295798697,24,26,26.095014138975216,25.6,26.047694753577108,0.00013112953172289554,0.075
17,main,cosine,1,7,0.5,32,168,26.777091776952147,26.950000000000003,27,0,0,0.011302322510077012,27,27,26.948827488311224,2.245614035087719,2.2425403777716943,0.0005235141436917834,0.155
17,main,cosine,1,7,0.5,33,168,24.479776853695512,24.35,25,1,1,0.0030757382529517097,24,24,24.331387864220442,25.6,24.38095238095238,0.000001066563872997861,0.04
17,main,cosine,1,7,0.5,34,168,25.296273954212666,24.95,26,1,1,0.0018951122422624644,26,25,24.950662649166514,25.6,24.93759512937595,0.0000012056928684334167,0.01
17,main,cosine,1,7,0.5,35,168,26.384577993303537,25.6,27,0,0,0.009028650996675935,24,26,25.58811632931673,25.6,25.5202492211838,0.00001617829245548208,0.03
17,main,cosine,1,7,0.5,36,168,23.641486164182425,23.65,24,0,0,0.013459867150296012,24,24,23.668792765168448,23.272727272727273,23.67630057803468,0.0001792193199502412,0.015
17,main,cosine,1,7,0.5,37,168,25.38624156266451,24.8,24,0,0,0.010622910611661651,24,24,24.829172909878242,25.6,24.824242424242424,0.000013941276706397332,0.03
17,main,cosine,1,7,0.5,38,168,25.00320821814239,24.9,25,1,1,0.0026115062273927014,25,25,24.91984561170165,25.6,24.89969604863222,6.019214823238528e-7,0.03
17,main,cosine,1,7,0.5,39,168,22.407844049856067,22.85,23,1,1,0.0024889294009238228,23,31,22.850861677018877,23.272727272727273,22.818941504178273,0.0000036941494200304348,0.005
17,main,cosine,1,7,0.5,40,168,26.771622486412525,26.6,28,0,0,0.049289229201399665,28,28,26.60382996240519,2.8131868131868134,2.8098096381409707,0.001303227909414395,0.065
17,main,cosine,1,7,0.5,41,168,27.119795832782984,27.450000000000003,27,0,0,0.07763283738558557,27,26,27.43551878593583,28.444444444444443,27.48993288590604,0.0005240685414218405,0.265
17,main,cosine,1,7,0.5,42,168,21.920141234993935,21.45,22,1,1,0.0004583422765449541,22,22,21.4334802440577,21.333333333333332,21.416993464052286,2.182186003008013e-7,0.005
17,main,cosine,1,7,0.5,43,168,27.86387449130416,27.5,28,1,1,0.0024574244678267076,28,28,27.478646285184126,28.444444444444443,27.536134453781514,0.000013460441428247982,0.155
17,main,cosine,1,7,0.5,44,168,22.340065671131015,22.2,22,1,1,0.0002066270542003812,22,22,22.190895646925142,21.333333333333332,22.14054054054054,0.000006506069167078188,0.015
17,main,cosine,1,7,0.5,45,168,26.517187351360917,26.5,31,0,0,0.05706180618693979,19,19,26.473385901834455,25.6,26.554294975688816,0.0004216024861115608,0.08
17,main,cosine,1,7,0.5,46,168,27.208964297547936,27.15,28,0,0,0.011567746522171629,28,27,27.13728272831794,28.444444444444443,27.125827814569536,4.226624334968676e-7,0.09
17,main,cosine,1,7,0.5,47,168,20.99321185052395,20.45,20,1,1,0.001987550208484845,20,20,20.46254539564541,19.692307692307693,20.48,0.000003111092780616609,0.18
17,main,cosine,1,7,0.5,48,168,21.09831747226417,21.25,23,0,0,0.03137548614675967,21,21,21.242036343267397,21.333333333333332,21.22279792746114,0.000027827625248777466,0.03
17,main,cosine,1,7,0.5,49,168,26.245338147506118,26,32,0,0,0.0639676541131764,27,32,25.973739232481652,25.6,26.089171974522294,0.00046609317149248763,0.045
17,main,cosine,1,7,0.5,50,168,26.46016818098724,27.25,29,0,0,0.042112543126845536,26,29,27.2659162282859,2.2857142857142856,2.2879486105292557,0.005287785506595366,0.185
17,main,cosine,1,7,0.5,51,168,27.574506413191557,27.85,28,1,1,0.002760705575191147,28,28,27.838077759999777,28.444444444444443,27.86394557823129,0.00000648514616907736,0.335
17,main,cosine,1,7,0.5,52,168,21.67724628187716,21.85,32,0,0,0.026088454904307445,32,32,21.87393811914624,21.333333333333332,21.845333333333333,0.0006121668003167269,0.045
17,main,cosine,1,7,0.5,53,168,24.854140229523182,24.9,26,0,0,0.005002318227611879,26,24,24.895889449832584,25.6,24.89969604863222,0.000010217369386888997,0.015
17,main,cosine,1,7,0.5,54,168,20.631222857162356,20.05,20,1,1,0.0005455262204628886,20,20,20.043826934942327,19.692307692307693,20.004884004884005,0.001074480304009584,0.285
17,main,cosine,1,7,0.5,55,168,23.69901061989367,24.25,24,0,0,0.0038287944419312936,24,24,24.242935186982848,23.272727272727273,24.236686390532544,0.0016666490439769532,0.135
17,main,cosine,1,7,0.5,56,168,21.8685981053859,21.05,21,1,1,0.000047054720080819123,21,21,21.059327949298204,21.333333333333332,21.140645161290323,0.0001496233624107557,0.01
17,main,cosine,1,7,0.5,57,168,26.872538089752197,26.25,25,0,0,0.05021067866225437,25,23,26.239775560095392,25.6,26.340836012861736,0.0001429547223540384,0.045
17,main,cosine,1,7,0.5,58,168,22.143673289567232,22.25,22,1,1,0.0028300157244688373,22,22,22.2502678165192,23.272727272727273,22.291156462585032,8.821662801361541e-7,0.025
17,main,cosine,1,7,0.5,59,168,27.566098526120186,27.55,27,1,1,0.0010357113495557124,27,27,27.555932118423474,28.444444444444443,27.62900505902192,2.847833835417646e-7,0.11
17,main,cosine,1,7,0.5,60,168,22.404361395165324,21.95,21,0,0,0.018117208547001162,21,22,21.932040171325248,21.333333333333332,21.90374331550802,0.0001552922704445292,0.025
17,main,cosine,1,7,0.5,61,168,20.63471894711256,20.75,21,0,0,0.010730541662845483,21,21,20.76876348341816,21.333333333333332,20.739240506329114,0.00019189627415105992,0.095
17,main,cosine,1,7,0.5,62,168,21.286127103492618,21.25,31,0,0,0.10791655021241298,22,31,21.26372226138666,21.333333333333332,21.277922077922078,0.00016998368068499303,0.005
17,main,cosine,1,7,0.5,63,168,26.108768418431282,26.450000000000003,26,0,0,0.01550765120705333,26,26,26.42511041693638,25.6,26.511326860841425,0.000025741113681698735,0.04
17,main,cosine,1,7,0.5,64,168,25.82926620170474,26.85,27,0,0,0.06213613221127301,19,19,26.84861574415237,3.1604938271604937,3.16476723971412,0.01519542771283322,0.165
17,main,cosine,1,7,0.5,65,168,23.514010675251484,23.35,23,1,1,0.0013631932771048794,23,23,23.362812842495593,23.272727272727273,23.372325249643367,1.232460635769428e-7,0.01
17,main,cosine,1,7,0.5,66,168,27.762458220124245,27.950000000000003,29,0,0,0.012792756673459249,29,29,27.965091386019235,28.444444444444443,28.006837606837607,0.000060890222628229296,0.77
17,main,cosine,1,7,0.5,67,168,22.341513765975833,22.5,22,0,0,0.019810361142533872,22,32,22.480285015812758,23.272727272727273,22.56749311294766,0.000029734221063781874,0.035
17,main,cosine,1,7,0.5,68,168,20.50700142234564,20.4,26,0,0,0.032618151420549024,20,20,20.411640627003653,19.692307692307693,20.428927680798004,0.00014185855711945639,0.12
17,main,cosine,1,7,0.5,69,168,24.07224505022168,23.8,28,0,0,0.05327948305731489,22,22,23.808295984138592,2.56,2.55600624024961,0.02779240151013751,0.105
17,main,cosine,1,7,0.5,70,168,23.525013679638505,22.65,23,1,1,0.0008015345645342453,23,23,22.638060917026177,23.272727272727273,22.59862068965517,0.00001576666215952205,0.01
17,main,cosine,1,7,0.5,71,168,26.63187618739903,26.55,27,0,0,0.010715553445013626,27,27,26.565851696617397,25.6,26.554294975688816,1.8116990796457344e-7,0.02
17,main,cosine,1,7,0.5,72,168,24.614195296540856,24.85,26,0,0,0.03336560321406168,26,32,24.858063759706663,25.6,24.861911987860395,0.00006618459484730721,0.09
17,main,cosine,1,7,0.5,73,168,23.51807836815715,23.05,23,1,1,0.0015050096249695777,23,23,23.042002502240322,23.272727272727273,23.043600562587905,0.0000037199123148479174,0.005
17,main,cosine,1,7,0.5,74,168,27.505515590310097,25.95,31,0,0,0.15607027250042116,31,31,25.952493860998114,25.6,26.17252396166134,0.004626738481905757,0.14
17,main,cosine,1,7,0.5,75,168,22.22146219201386,22,23,0,0,0.00945481242736812,23,23,21.9805297270343,21.333333333333332,21.933065595716197,0.00013726655818668831,0.055
17,main,cosine,1,7,0.5,76,168,26.957484506070614,26.6,29,0,0,0.007588924459510649,29,25,26.58782478636664,4.830188679245283,4.833038348082596,0.007978021222430076,0.15
17,main,cosine,1,7,0.5,77,168,25.614654436707497,25.45,25,1,1,0.0006225249346389905,25,32,25.431973032117682,3.5555555555555554,3.574171029668412,0.0017429382130922377,0.015
17,main,cosine,1,7,0.5,78,168,23.15386052057147,23.2,23,1,1,0.00023539143414608166,23,23,23.217949473860095,23.272727272727273,23.206798866855525,0.0000010413497492089974,0.01
17,main,cosine,1,7,0.5,79,168,20.3135599847883,19.85,20,0,0,0.011384152999342034,20,20,19.85155331250531,19.692307692307693,19.83535108958838,0.0014901065561281346,0.365
17,main,cosine,1,7,0.5,80,168,20.3302068579942,20,20,1,1,0.001159455760724959,20,20,19.98810910471809,19.692307692307693,19.956151035322776,0.000001069938199038667,0.385
17,main,cosine,1,7,0.5,81,168,20.477404026314616,19.95,20,1,1,0.0010373658541140696,20,20,19.963890247931538,19.692307692307693,20.004884004884005,0.000005202613735710848,0.285
17,main,cosine,1,7,0.5,82,168,23.686104852706194,23.75,24,0,0,0.008688647623709134,24,24,23.758646005466804,23.272727272727273,23.710564399421127,0.000008093695837430026,0.045
17,main,cosine,1,7,0.5,83,168,21.68588501214981,21.9,29,0,0,0.2028535657842515,21,32,21.902441954975554,21.333333333333332,21.874499332443257,0.00022595468648278771,0.02
17,main,cosine,1,7,0.5,84,168,20.45177706517279,20.85,26,0,0,0.004501020958081248,26,26,20.8291738757714,12.8,12.850196078431372,0.015094481799095782,0.22
17,main,cosine,1,7,0.5,85,168,25.086759343743324,24.6,24,0,0,0.027838263271411923,23,24,24.627124008877754,25.6,24.563718140929534,0.00029726524102480223,0.095
17,main,cosine,1,7,0.5,86,168,22.761944690719247,22.9,22,0,0,0.008675473037342396,22,22,22.89706851957154,23.272727272727273,22.850767085076708,0.00008446858133337454,0.055
17,main,cosine,1,7,0.5,87,168,20.90273030847311,20.95,21,1,1,0.0003446524902908088,21,21,20.93522220080114,21.333333333333332,20.924648786717754,0.0000015908157064981054,0.03
17,main,cosine,1,7,0.5,88,168,24.685275001451373,24.9,29,0,0,0.2994520215585944,29,29,24.911345126026482,3.9384615384615387,24.89969604863222,0.005105634267515868,0.105
17,main,cosine,1,7,0.5,89,168,21.335984017699957,21.4,21,0,0,0.009908782978041764,21,27,21.42157074028093,21.333333333333332,21.445026178010473,0.00001867524039056434,0.035
17,main,cosine,1,7,0.5,90,168,25.941204600036144,26.1,27,0,0,0.0034721617700443907,27,26,26.11542513402759,25.6,26.2144,1.651705109351198e-7,0.005
17,main,cosine,1,7,0.5,91,168,20.99076404608786,20.85,23,0,0,0.018512376779106443,23,21,20.872042912675653,2.8764044943820224,20.844783715012724,0.00021464638219492738,0.03
17,main,cosine,1,7,0.5,92,168,23.170481085777283,18.85,30,0,0,0.06459765385051841,30,22,18.846851140167463,5.953488372093023,5.93193338160753,0.537856112269353,0.675
17,main,cosine,1,7,0.5,93,168,24.033413041383028,24.2,31,0,0,0.07867313910908891,31,31,24.180681109506097,23.272727272727273,24.094117647058823,0.00007094572895527396,0.085
17,main,cosine,1,7,0.5,94,168,25.325163662433624,25.8,26,1,1,0.0030001936048356104,26,26,25.784731920976853,25.6,25.801574803149606,0.00012252816284541446,0.035
17,main,cosine,1,7,0.5,95,168,26.092359745875,25.35,25,0,0,0.004600258386014744,25,26,25.362052291461072,25.6,25.323029366306027,0.000002351242291531719,0.01
17,main,cosine,1,7,0.5,96,168,23.532560504972935,23.45,24,1,1,0.0002061292837429729,24,24,23.47202989946206,23.272727272727273,23.506456241033,1.4625056721229157e-10,0.005
17,main,cosine,1,7,0.5,97,168,22.062117751687765,21.95,31,0,0,0.18387192576685896,22,22,21.9647021110581,16,7.301247771836007,0.031740650428506156,0.28
17,main,cosine,1,7,0.5,98,168,27.671840351074934,27.950000000000003,29,1,1,0.001655871815179677,28,28,27.954371776296778,28.444444444444443,28.006837606837607,3.0278701768082783e-10,0.345
17,main,cosine,1,7,0.5,99,168,24.532424934208393,24.65,25,1,1,0.0014529398718442499,25,25,24.654629569544937,25.6,24.674698795180724,0.00006119514344749,0.045
17,main,cosine,1,7,0.5,100,168,25.572118740528822,25.85,30,0,0,0.025820726394938154,30,30,25.848109098524954,2.3063063063063063,2.30533277050795,0.004501511441600714,0.11
17,main,cosine,1,7,0.5,101,168,24.837298775091767,25.2,25,0,0,0.023953213840299137,25,31,25.22570828296167,25.6,25.244992295839754,0.0011611126392045978,0.11
17,main,cosine,1,7,0.5,102,168,23.99231986142695,24.2,25,0,0,0.06383156220355957,18,25,24.206392685207533,23.272727272727273,24.16519174041298,0.0005161079011722913,0.17
17,main,cosine,1,7,0.5,103,168,21.187429409474134,21.4,21,1,1,0.0012115543419216612,21,21,21.41971405752759,21.333333333333332,21.445026178010473,2.363255033888123e-7,0.01
17,main,cosine,1,7,0.5,104,168,20.91525168158114,20.85,28,0,0,0.012788276196945114,28,28,20.874447592179695,21.333333333333332,20.924648786717754,0.0000577461878640273,0.095
17,main,cosine,1,7,0.5,105,168,25.784178161993623,26.65,28,0,0,0.020054301907013294,26,28,26.6296758362297,25.6,26.72756933115824,0.00014631949399512845,0.05
17,main,cosine,1,7,0.5,106,168,21.8222473859787,22,22,0,0,0.017151084221583957,22,32,21.9868799104982,21.333333333333332,22.021505376344088,9.44278875092408e-7,0.025
17,main,cosine,1,7,0.5,107,168,20.268226018175483,20.5,21,0,0,0.00802365904062985,21,21,20.51453244266783,21.333333333333332,20.531328320802004,0.0000203629285900897,0.125
17,main,cosine,1,7,0.5,108,168,21.60949364118278,21.8,21,0,0,0.009763450034588117,21,21,21.787740663683604,21.333333333333332,21.78723404255319,0.0008303424571514118,0.04
17,main,cosine,1,7,0.5,109,168,23.191955352202058,23.25,32,0,0,0.20146538829926153,25,32,23.25561365383828,23.272727272727273,23.23971631205674,0.00016825149054677802,0.02
17,main,cosine,1,7,0.5,110,168,20.5344345215708,20.45,29,0,0,0.07917091376972374,21,29,20.43945001236329,19.692307692307693,20.428927680798004,0.00003177371275897567,0.12
17,main,cosine,1,7,0.5,111,168,21.77828409522772,21.9,32,0,0,0.14996637006171776,27,27,21.893324925571427,21.333333333333332,21.90374331550802,0.001285285785010526,0.095
17,main,cosine,1,7,0.5,112,168,21.035916816443205,20.85,30,0,0,0.07189047669846205,30,30,20.83712718983506,7.529411764705882,7.505267979844251,0.002538069450377156,0.11
17,main,cosine,1,7,0.5,113,168,22.815182274207473,23,31,0,0,0.07116066516520847,22,31,23.004952420252458,23.272727272727273,23.01123595505618,1.4149003824126538e-7,0.01
17,main,cosine,1,7,0.5,114,168,26.042600432410836,25.85,24,0,0,0.019541966881353567,24,24,25.85696622327311,25.6,25.924050632911392,0.0056492599243898045,0.205
17,main,cosine,1,7,0.5,115,168,23.12920517474413,22.5,30,0,0,0.12808051418182675,22,31,22.48561913583605,23.272727272727273,22.443835616438356,0.00039301440394823306,0.14
17,main,cosine,1,7,0.5,116,168,24.908151330426335,24.95,26,0,0,0.011640873670379248,26,26,24.935428778961295,25.6,24.93759512937595,0.000012003836312057814,0.07
17,main,cosine,1,7,0.5,117,168,25.66950565762818,24.9,24,1,1,0.0020578878425506764,24,24,24.89034283331674,25.6,24.861911987860395,0.00004046226241116724,0.05
17,main,cosine,1,7,0.5,118,168,26.349080335348845,27.3,32,0,0,0.03858906247222105,26,26,27.295408573105938,28.444444444444443,27.352253756260435,0.0009497870974103373,0.175
17,main,cosine,1,7,0.5,119,168,27.129973594099283,27.25,28,1,1,0.0001758323463215694,28,27,27.249298180186578,28.444444444444443,27.261231281198004,1.4854952823384338e-9,0.13
17,main,cosine,1,7,0.5,120,168,25.723714657127857,26.15,25,0,0,0.016496672439916926,25,25,26.134285273776264,25.6,26.047694753577108,0.00039502860017104346,0.025
17,main,cosine,1,7,0.5,121,168,24.323286924511194,24.7,26,1,1,0.0032118280973330027,26,25,24.72528867627765,25.6,24.71191553544495,7.250867062325028e-8,0.01
17,main,cosine,1,7,0.5,122,168,24.018185164779425,24.6,24,0,0,0.07562993126353779,18,18,24.577774904048272,18.285714285714285,24.6006006006006,0.00012549018357221886,0.115
17,main,cosine,1,7,0.5,123,168,21.9058879557997,22.25,22,1,1,0.0021667698541347757,22,22,22.25870167817348,23.272727272727273,22.291156462585032,3.131242660714406e-7,0.04
17,main,cosine,1,7,0.5,124,168,27.028565887361765,26.4,26,0,0,0.009263850630442105,26,27,26.37324068021883,25.6,26.383252818035427,0.000006671689840698214,0.02
17,main,cosine,1,7,0.5,125,168,26.87152986228466,27.1,27,1,1,0.0005661983256778358,27,27,27.080316140259,28.444444444444443,27.08099173553719,0.00001731742353883181,0.125
17,main,cosine,1,7,0.5,126,168,26.79454443976283,27.4,30,0,0,0.007310081675800162,30,30,27.392576117674167,4.266666666666667,27.44388609715243,0.001472326003665203,0.245
17,main,cosine,1,7,0.5,127,168,20.670354440808296,20.8,21,1,1,0.0010070533294520567,21,21,20.78610046167436,21.333333333333332,20.818297331639137,0.000001909657917464891,0.01
17,main,cosine,1,7,0.5,128,168,25.137439474463463,25.2,27,0,0,0.006267714597450569,27,27,25.19695374285054,25.6,25.167434715821813,5.764293217191963e-7,0.02
17,main,cosine,1,7,0.5,129,168,20.394920298829675,20.35,29,0,0,0.05922569235492858,27,29,20.356957312622903,28.444444444444443,20.3527950310559,0.0006915029181820964,0.385
17,main,cosine,1,7,0.5,130,168,27.583577055484056,27.8,27,0,0,0.006136704884482813,27,28,27.814092828847794,28.444444444444443,27.911413969335605,0.000021846776321998718,0.245
17,main,cosine,1,7,0.5,131,168,22.967880591750145,22.7,32,0,0,0.08096644099348049,22,31,22.713421530562492,23.272727272727273,22.661134163208853,0.0012246307410986867,0.165
17,main,cosine,1,7,0.5,132,168,22.935021931305528,23.05,22,0,0,0.005411148537233346,22,24,23.0523220224849,23.272727272727273,23.07605633802817,0.000005259758618980648,0.01
17,main,cosine,1,7,0.5,133,168,25.18885764479637,24.65,25,1,1,0.0007339210442294242,24,25,24.67087653577031,25.6,24.71191553544495,3.536183668106929e-8,0.01
17,main,cosine,1,7,0.5,134,168,22.9959806073457,23,22,0,0,0.005121002429659849,22,32,22.989335386606463,23.272727272727273,22.914685314685315,0.00012459672089293328,0.055
17,main,cosine,1,7,0.5,135,168,24.04903701134026,24.2,24,0,0,0.007618907068508762,24,24,24.200523562561365,23.272727272727273,24.27259259259259,0.00032817896015990833,0.12
17,main,cosine,1,7,0.5,136,168,24.269522162154317,24.15,30,0,0,0.09266761742381147,25,24,24.163396238622568,23.272727272727273,24.20088626292467,0.00012873146132352797,0.175
17,main,cosine,1,7,0.5,137,168,22.21600077673793,22.15,30,0,0,0.16272692981697223,21,21,22.128533666288863,21.333333333333332,22.110661268556004,0.00046852918752005035,0.07
17,main,cosine,1,7,0.5,138,168,26.32024721428752,25.85,25,1,1,0.00023132710020834502,25,25,25.843663862772374,25.6,25.924050632911392,1.7406836194666653e-8,0.005
17,main,cosine,1,7,0.5,139,168,26.60179083608091,26.6,29,0,1,0.004625845110397542,27,29,26.60491551658975,25.6,26.640650406504065,2.4400236497967853e-7,0.02
17,main,cosine,1,7,0.5,140,168,22.309028381481767,22.2,22,0,0,0.008203394677897768,22,31,22.191091254684356,21.333333333333332,22.14054054054054,0.0009776332019767464,0.065
17,main,cosine,1,7,0.5,141,168,25.73694978840649,25.95,32,0,0,0.21181764261087932,25,27,25.928178418702043,25.6,25.801574803149606,0.00004689127655033154,0.045
17,main,cosine,1,7,0.5,142,168,22.0816604886204,22.45,21,0,0,0.032846252721017266,21,27,22.429699660821843,7.111111111111111,22.474622770919066,0.009808489877368043,0.09
17,main,cosine,1,7,0.5,143,168,27.16751764714718,27.65,26,0,0,0.00547541143867547,26,23,27.62039603528896,28.444444444444443,27.536134453781514,0.00004027504578807406,0.26
17,main,cosine,1,7,0.5,144,168,27.000330734997988,26.6,25,0,0,0.004197547130267099,25,26,26.594829169420564,25.6,26.5974025974026,3.0794307448456237e-7,0.03
17,main,cosine,1,7,0.5,145,168,21.44363077543676,20.65,30,0,0,0.14122065238772064,21,30,20.627013897655786,21.333333333333332,20.60880503144654,0.0050973365161176565,0.175
17,main,cosine,1,7,0.5,146,168,21.66745162382722,21.9,24,0,0,0.03254173772252966,21,21,21.89870971958877,21.333333333333332,21.874499332443257,0.0000031918858662827176,0.02
17,main,cosine,1,7,0.5,147,168,22.474900225177407,21.7,31,0,0,0.15252030860269294,21,26,21.692323720513933,21.333333333333332,21.70066225165563,0.0034092392166096275,0.1
17,main,cosine,1,7,0.5,148,168,26.8022555205971,26.85,27,0,0,0.005345566105051103,27,27,26.840557210163603,25.6,26.859016393442623,0.0000037629869911182112,0.05
17,main,cosine,1,7,0.5,149,168,21.198276670649648,20.9,21,1,1,0.0005652952014475465,21,21,20.920349786120823,21.333333333333332,20.871337579617833,5.41175437795971e-10,0.01
17,main,cosine,1,7,0.5,150,168,21.772545823827386,21.75,22,0,0,0.010668568877939988,22,22,21.75281369918513,21.333333333333332,21.72944297082228,0.00005454208787869508,0.055
17,main,cosine,1,7,0.5,151,168,24.368979474529624,24.1,24,1,1,0.0007040224036584108,24,24,24.087144010135166,23.272727272727273,24.023460410557185,1.1931890919747445e-8,0.04
17,main,cosine,1,7,0.5,152,168,21.33519266359508,21.4,21,1,1,0.0014317938519013973,21,21,21.39591548312458,21.333333333333332,21.416993464052286,6.992725398724531e-9,0.005
17,main,cosine,1,7,0.5,153,168,25.09741534292698,25.4,26,0,0,0.018081471623391354,26,26,25.38575972991054,25.6,25.362229102167184,0.00003393112390259745,0.03
17,main,cosine,1,7,0.5,154,168,23.66952728666365,24.15,25,1,1,0.00021395917319422253,25,25,24.171728105226215,23.272727272727273,24.236686390532544,1.360056578469937e-8,0.025
17,main,cosine,1,7,0.5,155,168,25.209103889763355,25.15,24,0,0,0.0054772661131249345,24,24,25.17448128645465,25.6,25.206153846153846,0.00036493555927097354,0.01
17,main,cosine,1,7,0.5,156,168,24.889393845573068,25.05,31,0,0,0.0998143784663742,31,31,25.03544787561663,25.6,25.051987767584098,0.000115574256190909,0.03
17,main,cosine,1,7,0.5,157,168,22.80147071927786,22.35,22,0,0,0.011481712875454964,22,22,22.358106249000812,23.272727272727273,22.382513661202186,0.0010686391592815703,0.215
17,main,cosine,1,7,0.5,158,168,26.093362908810377,26.25,26,0,0,0.01915404454213121,24,26,26.228071364498547,25.6,26.298555377207062,0.0000011623171698449397,0.005
17,main,cosine,1,7,0.5,159,168,25.425778513774276,25.9,26,1,1,0.0009387991734243206,26,26,25.92242774160794,25.6,25.801574803149606,6.419318612227443e-7,0.035
17,main,cosine,1,7,0.5,160,168,20.06587245129049,19.6,20,0,0,0.010833376592806032,20,20,19.610641334818435,19.692307692307693,19.645083932853716,0.00008040568087741562,0.41
17,main,cosine,1,7,0.5,161,168,23.282095592468977,23,29,0,0,0.17045061437817943,24,27,22.999875883450915,23.272727272727273,23.01123595505618,0.0010035099909564416,0.05
17,main,cosine,1,7,0.5,162,168,27.98391237668693,27.35,28,0,0,0.027100789409163606,28,28,27.338311316026054,28.444444444444443,27.30666666666667,0.00007329054356797204,0.11
17,main,cosine,1,7,0.5,163,168,25.91491236165166,25.75,32,0,0,0.005388821892497786,32,32,25.757139740523655,2.2857142857142856,2.279671629330736,0.0026008126064596127,0.1
17,main,cosine,1,7,0.5,164,168,24.409282075241208,24.55,25,1,1,0.00095961698944802,25,25,24.574540071628718,25.6,24.526946107784433,3.6834237882032994e-9,0.045
17,main,cosine,1,7,0.5,165,168,20.61964911594987,20.5,32,0,0,0.24525308732721585,20,27,20.51810050397479,6.7368421052631575,6.7479406919275124,0.06044546468731904,0.3
17,main,cosine,1,7,0.5,166,168,25.71793983504176,25.6,26,1,1,0.00008077759234714765,26,26,25.578025419078067,25.6,25.640062597809077,3.179367880079553e-11,0.015
17,main,cosine,1,7,0.5,167,168,27.007833067327738,27.3,29,0,0,0.00536031498399836,29,26,27.27609229327752,28.444444444444443,27.21594684385382,0.0002470399984166871,0.11
17,main,cosine,1,7,0.5,168,168,26.76379788853228,26.4,26,1,1,0.00032803894822874824,26,26,26.408412677487306,25.6,26.468497576736674,0.000004561430825167356,0.06
17,main,cosine,1,7,0.5,169,168,27.33226937800646,27.450000000000003,28,0,0,0.036808201697755005,28,27,27.469719434135275,28.444444444444443,27.536134453781514,0.0019907408506036894,0.61
17,main,cosine,1,7,0.5,170,168,22.808950196951628,23.2,31,0,0,0.29524233526327937,26,23,23.21449219060726,23.272727272727273,23.206798866855525,0.009730267915474489,0.07
17,main,cosine,1,7,0.5,171,168,21.281377522274852,21.2,21,1,1,0.0020322528304074217,21,21,21.213310253643446,21.333333333333332,21.22279792746114,0.000001230461516121828,0.005
17,main,cosine,1,7,0.5,172,168,26.660188883543015,26.3,27,0,0,0.005276620471662552,27,27,26.276446243810764,25.6,26.340836012861736,0.00001716733191792219,0.025
17,main,cosine,1,7,0.5,173,168,21.48120437376201,21.05,21,1,1,0.0008091290253833261,21,21,21.05300861613215,21.333333333333332,21.086229086229086,0.00020002181609557468,0.01
17,main,cosine,1,7,0.5,174,168,26.380677992478013,26.35,26,0,0,0.003870611815071756,26,26,26.344682567530807,25.6,26.298555377207062,0.000002104758000665008,0.03
17,main,cosine,1,7,0.5,175,168,22.680291689932346,22.3,30,0,0,0.12311610273067419,22,22,22.320247638598026,23.272727272727273,22.351978171896317,0.00002823073527269404,0.09
17,main,cosine,1,7,0.5,176,168,23.08880195952952,22.9,24,1,1,0.0023276877916020844,23,24,22.905682683063826,23.272727272727273,22.946778711484594,1.4774143031193177e-7,0.01
17,main,cosine,1,7,0.5,177,168,23.135983169078827,22.9,23,0,0,0.0060543912393368204,23,23,22.910772904412756,23.272727272727273,22.946778711484594,0.00008326143616987913,0.015
17,main,cosine,1,7,0.5,178,168,21.682473588734865,21.35,29,0,0,0.2636354329027567,18,22,21.336342892699946,51.2,52.17834394904459,0.00736218264091093,0.18
17,main,cosine,1,7,0.5,179,168,26.872316667810082,27.05,31,0,0,0.2230118805560597,25,32,27.038920013709443,28.444444444444443,27.036303630363037,0.0006808864490835953,0.225
17,main,cosine,1,7,0.5,180,168,27.810864739120007,29.9,30,0,0,0.02174577564364466,30,31,29.917220914823112,28.444444444444443,30.007326007326007,0.00022735680151741988,0.75
17,main,cosine,1,7,0.5,181,168,27.717768589034677,28.05,29,0,0,0.04498320640677078,29,32,28.049795792204886,28.444444444444443,27.911413969335605,0.00021428269109557974,0.555
17,main,cosine,1,7,0.5,182,168,23.852128192782402,23.95,24,0,0,0.00729181641462584,24,24,23.933442840187,23.272727272727273,23.988286969253295,0.000028736441068488716,0.025
17,main,cosine,1,7,0.5,183,168,27.385049587115645,27.25,28,1,1,0.0023058075514155174,27,27,27.22131449424856,28.444444444444443,27.21594684385382,1.226436574519596e-8,0.12
17,main,cosine,1,7,0.5,184,168,26.818830747157335,26.75,27,0,0,0.004596887903579927,27,26,26.754931262192542,25.6,26.77124183006536,1.7676381347531134e-7,0.035
17,main,cosine,1,7,0.5,185,168,22.50295857153833,22.65,23,1,1,0.0020970281647462174,23,23,22.657619556889504,23.272727272727273,22.629834254143645,0.000007478519923775906,0.02
17,main,cosine,1,7,0.5,186,168,25.965687703341246,25.5,25,0,0,0.09653386295430633,25,25,25.50177719300091,25.6,25.5600624024961,0.0014808014934434288,0.115
17,main,cosine,1,7,0.5,187,168,22.718994710594416,22.85,22,1,1,0.0007094763622168543,22,23,22.852374018569225,23.272727272727273,22.88268156424581,0.000016532212414155367,0.02
17,main,cosine,1,7,0.5,188,168,26.42301296815276,26.3,27,0,0,0.026439090785585928,27,26,26.320263882033515,25.6,26.256410256410255,0.00002379855277834242,0.04
17,main,cosine,1,7,0.5,189,168,21.022210467606783,20.75,32,0,0,0.10731643356597631,21,21,20.741260238208408,21.333333333333332,20.713021491782555,0.00003412377949485457,0.07
17,main,cosine,1,7,0.5,190,168,24.164758577942848,23.95,23,0,0,0.004973626731267222,23,23,23.950199510973768,23.272727272727273,23.91824817518248,0.00008138724696138411,0.035
17,main,cosine,1,7,0.5,191,168,27.45222276635468,26.75,27,0,0,0.008697060644511478,27,27,26.737623073639686,25.6,26.72756933115824,0.000008346911322010264,0.025
17,main,cosine,1,7,0.5,192,168,23.695737151429057,23.5,23,0,0,0.0070776785119794905,23,23,23.52310867225477,23.272727272727273,23.57410071942446,0.00014009878627574412,0.025
17,main,cosine,1,7,0.5,193,168,26.504059409722686,26.65,28,0,0,0.022179620991512494,26,26,26.630944565446413,25.6,26.684039087947884,0.00002412706935717157,0.08
17,main,cosine,1,7,0.5,194,168,20.353127798065543,20.25,21,0,0,0.040091704161730024,21,27,20.257171490609267,19.692307692307693,20.252163164400493,0.0020085928913311513,0.345
17,main,cosine,1,7,0.5,195,168,21.842411352321506,21.65,22,1,1,0.00005651138307971593,22,22,21.65499222607245,21.333333333333332,21.64332892998679,2.9588132144375834e-7,0.01
17,main,cosine,1,7,0.5,196,168,25.556235011667013,25.45,31,0,0,0.22841187793211137,22,31,25.464664654654158,11.130434782608695,11.252747252747254,0.0033567112287561374,0.03
17,main,cosine,1,7,0.5,197,168,27.570018345490098,27.3,28,0,0,0.005013436525558412,28,28,27.31350899678439,28.444444444444443,27.352253756260435,0.000013620243825007705,0.31
17,main,cosine,1,7,0.5,198,168,22.556296356022358,22.55,23,1,1,0.0019275832788026026,23,23,22.539536435890568,23.272727272727273,22.505494505494507,0.0000032484251777376016,0.015
17,main,cosine,1,7,0.5,199,168,24.425360532477498,24.5,32,0,0,0.017133686576643048,32,32,24.504052599831983,25.6,24.526946107784433,0.000033273201007211206,0.115
23,main,cosine,1,14,2,0,336,21.348444059491158,21.35,21,1,1,0,21,21,21.338561999549977,21.333333333333332,21.333333333333332,0,
23,main,cosine,1,14,2,1,336,24.0331022311002,24,24,1,1,0,24,24,23.99399256195401,24.38095238095238,24.023460410557185,0,
23,main,cosine,1,14,2,2,336,21.033531311899424,21.1,21,1,1,0,21,21,21.09761697268945,21.333333333333332,21.086229086229086,0,
23,main,cosine,1,14,2,3,336,21.909637009724975,21.9,22,1,1,0,22,22,21.914846740349503,22.26086956521739,21.90374331550802,0,
23,main,cosine,1,14,2,4,336,26.81633406318724,26.8,27,1,1,0,27,27,26.82362057456145,26.94736842105263,26.81505728314239,0,
23,main,cosine,1,14,2,5,336,22.761512018740177,22.75,23,1,1,0,23,23,22.74580287541729,22.26086956521739,22.755555555555556,0,
23,main,cosine,1,14,2,6,336,24.728625832125545,24.7,25,1,1,0,25,25,24.683625948326622,24.38095238095238,24.674698795180724,0,
23,main,cosine,1,14,2,7,336,25.815363125875592,25.85,26,1,1,0,26,26,25.855715290107295,25.6,25.842271293375394,0,
23,main,cosine,1,14,2,8,336,24.589435789734125,24.6,25,1,1,0,25,25,24.60788473046631,24.38095238095238,24.6006006006006,0,
23,main,cosine,1,14,2,9,336,23.936357263475657,24,24,1,1,0,24,24,24.017824917291268,24.38095238095238,24.023460410557185,0,
23,main,cosine,1,14,2,10,336,26.239629624411464,26.25,26,1,1,0,26,26,26.263129350169763,26.94736842105263,26.256410256410255,0,
23,main,cosine,1,14,2,11,336,22.39346049167216,22.35,22,1,1,0,22,22,22.361435230782867,22.26086956521739,22.382513661202186,0,
23,main,cosine,1,14,2,12,336,20.16751517355442,20.15,20,1,1,0,20,20,20.1445420637517,20.48,20.152521525215253,0,
23,main,cosine,1,14,2,13,336,27.248256769031286,27.25,27,1,1,0,27,27,27.22434257532912,26.94736842105263,27.261231281198004,0,
23,main,cosine,1,14,2,14,336,25.962638441473246,25.9,26,1,1,0,26,26,25.925064798750817,25.6,25.924050632911392,0,
23,main,cosine,1,14,2,15,336,25.47224162146449,25.45,25,1,1,0,25,25,25.4408110194201,25.6,25.440993788819874,0,
23,main,cosine,1,14,2,16,336,23.867182958871126,23.85,24,1,1,0,24,24,23.85316641762874,24.38095238095238,23.848617176128094,0,
23,main,cosine,1,14,2,17,336,21.762122198939323,21.8,22,1,1,0,22,22,21.80918344578531,22.26086956521739,21.81624500665779,0,
23,main,cosine,1,14,2,18,336,21.917581785470247,21.95,22,1,1,0,22,22,21.939116402377152,22.26086956521739,21.933065595716197,0,
23,main,cosine,1,14,2,19,336,24.608610901981592,24.55,25,1,1,0,25,25,24.56700403628652,24.38095238095238,24.563718140929534,0,
23,main,cosine,1,14,2,20,336,22.242892123758793,22.25,22,1,1,0,22,22,22.226107776280678,22.26086956521739,22.230664857530527,0,
23,main,cosine,1,14,2,21,336,23.08939243108034,23.1,23,1,1,0,23,23,23.081023060383913,23.272727272727273,23.07605633802817,0,
23,main,cosine,1,14,2,22,336,25.867325395345688,25.9,26,1,1,0,26,26,25.917902774733154,25.6,25.924050632911392,0,
23,main,cosine,1,14,2,23,336,25.44064899533987,25.55,26,1,1,0,26,26,25.527820966153566,25.6,25.5202492211838,0,
23,main,cosine,1,14,2,24,336,27.775670897215605,27.700000000000003,28,1,1,0,28,28,27.70559461035956,28.444444444444443,27.675675675675677,0,
23,main,cosine,1,14,2,25,336,24.51549477316439,24.5,25,1,1,0,25,25,24.522055805177693,24.38095238095238,24.526946107784433,0,
23,main,cosine,1,14,2,26,336,23.751824010163546,23.7,24,1,1,0,24,24,23.719076943345208,23.272727272727273,23.710564399421127,0,
23,main,cosine,1,14,2,27,336,20.544397491961718,20.55,21,1,1,0,21,21,20.52487733195088,20.48,20.531328320802004,0,
23,main,cosine,1,14,2,28,336,21.1016550604254,21.1,21,1,1,0,21,21,21.116303766633305,21.333333333333332,21.11340206185567,0,
23,main,cosine,1,14,2,29,336,22.01277680695057,22,22,1,1,0,22,22,21.984175786138266,22.26086956521739,21.99194630872483,0,
23,main,cosine,1,14,2,30,336,21.846997771412134,21.85,22,1,1,0,22,22,21.873653986418383,22.26086956521739,21.874499332443257,0,
23,main,cosine,1,14,2,31,336,20.59607093781233,20.6,21,1,1,0,21,21,20.58816914740182,20.48,20.582914572864322,0,
23,main,cosine,1,14,2,32,336,27.897172147408128,27.9,28,1,1,0,28,28,27.878164243385932,28.444444444444443,27.911413969335605,0,
23,main,cosine,1,14,2,33,336,22.170954393222928,22.15,22,1,1,0,22,22,22.162129524482577,22.26086956521739,22.170500676589988,0,
23,main,cosine,1,14,2,34,336,27.565274368971586,27.450000000000003,27,1,1,0,27,27,27.4658243404563,26.94736842105263,27.44388609715243,0,
23,main,cosine,1,14,2,35,336,23.248603897169232,23.25,23,1,1,0,23,23,23.22733406757873,23.272727272727273,23.23971631205674,0,
23,main,cosine,1,14,2,36,336,27.005051854997873,27,27,1,1,0,27,27,27.000934904329565,26.94736842105263,26.99176276771005,0,
23,main,cosine,1,14,2,37,336,24.640213744714856,24.7,25,1,1,0,25,25,24.686744699827916,24.38095238095238,24.674698795180724,0,
23,main,cosine,1,14,2,38,336,22.961206033825874,23,23,1,1,0,23,23,23.00071896042321,23.272727272727273,23.01123595505618,0,
23,main,cosine,1,14,2,39,336,23.025598239153624,23,23,1,1,0,23,23,23.00255226690473,23.272727272727273,23.01123595505618,0,
23,main,cosine,1,14,2,40,336,27.535907657817006,27.55,28,1,1,0,28,28,27.55085453275075,26.94736842105263,27.58249158249158,0,
23,main,cosine,1,14,2,41,336,21.60415585897863,21.65,22,1,1,0,22,22,21.64101330619319,21.333333333333332,21.64332892998679,0,
23,main,cosine,1,14,2,42,336,21.502908300608397,21.5,22,1,1,0,22,22,21.504596854332746,21.333333333333332,21.501312335958005,0,
23,main,cosine,1,14,2,43,336,21.960356533527374,22,22,1,1,0,22,22,21.981574580734026,22.26086956521739,21.99194630872483,0,
23,main,cosine,1,14,2,44,336,26.389262901619077,26.35,26,1,1,0,26,26,26.33647023591115,26.94736842105263,26.340836012861736,0,
23,main,cosine,1,14,2,45,336,24.522428687661886,24.5,24,1,1,0,24,24,24.495627130022836,24.38095238095238,24.490284005979074,0,
23,main,cosine,1,14,2,46,336,27.066590301692486,27.1,27,1,1,0,27,27,27.089513729027153,26.94736842105263,27.08099173553719,0,
23,main,cosine,1,14,2,47,336,25.98893235437572,26.05,26,1,1,0,26,26,26.04991549020981,25.6,26.047694753577108,0,
23,main,cosine,1,14,2,48,336,26.746654922142625,26.8,27,1,1,0,27,27,26.807626699628322,26.94736842105263,26.81505728314239,0,
23,main,cosine,1,14,2,49,336,24.306513361632824,24.35,24,1,1,0,24,24,24.32763276260334,24.38095238095238,24.344725111441306,0,
23,main,cosine,1,14,2,50,336,26.917186489328742,26.9,27,1,1,0,27,27,26.880165648074186,26.94736842105263,26.859016393442623,0,
23,main,cosine,1,14,2,51,336,23.682807881385088,23.65,24,1,1,0,24,24,23.62672019706682,23.272727272727273,23.642135642135642,0,
23,main,cosine,1,14,2,52,336,24.189511446282268,24.15,24,1,1,0,24,24,24.1458443479256,24.38095238095238,24.16519174041298,0,
23,main,cosine,1,14,2,53,336,27.300134032964706,27.3,27,1,1,0,27,27,27.31941199305289,26.94736842105263,27.30666666666667,0,
23,main,cosine,1,14,2,54,336,25.560741344466805,25.6,26,1,1,0,26,26,25.604284133120686,25.6,25.6,0,
23,main,cosine,1,14,2,55,336,23.237605141475797,23.2,23,1,1,0,23,23,23.208818361328138,23.272727272727273,23.206798866855525,0,
23,main,cosine,1,14,2,56,336,23.86219434067607,23.85,24,1,1,0,24,24,23.84799348549062,24.38095238095238,23.848617176128094,0,
23,main,cosine,1,14,2,57,336,23.492783652618527,23.5,24,1,1,0,23,23,23.488991789302318,23.272727272727273,23.472779369627506,0,
23,main,cosine,1,14,2,58,336,22.988315019756556,23,23,1,1,0,23,23,22.996560389953597,23.272727272727273,22.978962131837307,0,
23,main,cosine,1,14,2,59,336,24.243759648874402,24.25,24,1,1,0,24,24,24.239222592854702,24.38095238095238,24.236686390532544,0,
23,main,cosine,1,14,2,60,336,21.384630512446165,21.35,21,1,1,0,21,21,21.354465919594745,21.333333333333332,21.36114732724902,0,
23,main,cosine,1,14,2,61,336,23.34163069538772,23.35,23,1,1,0,23,23,23.325650663080886,23.272727272727273,23.33903133903134,0,
23,main,cosine,1,14,2,62,336,20.157695142552257,20.15,20,1,1,0,20,20,20.149239245874703,20.48,20.152521525215253,0,
23,main,cosine,1,14,2,63,336,25.815152689814568,25.8,26,1,1,0,26,26,25.805250177143467,25.6,25.801574803149606,0,
23,main,cosine,1,14,2,64,336,27.32450739108026,27.3,27,1,1,0,27,27,27.284419674096778,26.94736842105263,27.261231281198004,0,
23,main,cosine,1,14,2,65,336,26.947854863479733,26.950000000000003,27,1,1,0,27,27,26.955311226628186,26.94736842105263,26.94736842105263,0,
23,main,cosine,1,14,2,66,336,24.931224394589663,24.9,25,1,1,0,25,25,24.878557554678437,24.38095238095238,24.861911987860395,0,
23,main,cosine,1,14,2,67,336,24.102042954415083,24.05,24,1,1,0,24,24,24.073944460973983,24.38095238095238,24.094117647058823,0,
23,main,cosine,1,14,2,68,336,26.3365151938051,26.35,26,1,1,0,26,26,26.3324043393295,26.94736842105263,26.340836012861736,0,
23,main,cosine,1,14,2,69,336,25.344039848074317,25.3,25,1,1,0,25,25,25.318826158699096,25.6,25.323029366306027,0,
23,main,cosine,1,14,2,70,336,22.49501865170896,22.5,23,1,1,0,23,23,22.501269834390715,22.26086956521739,22.505494505494507,0,
23,main,cosine,1,14,2,71,336,27.991549430415034,27.950000000000003,28,1,1,0,28,28,27.954725739115737,28.444444444444443,27.911413969335605,0,
23,main,cosine,1,14,2,72,336,23.077752470970154,23.15,23,1,1,0,23,23,23.128234011418776,23.272727272727273,23.141242937853107,0,
23,main,cosine,1,14,2,73,336,20.839996077120304,20.9,21,1,1,0,21,21,20.88613021787056,20.48,20.897959183673468,0,
23,main,cosine,1,14,2,74,336,22.87828867509961,22.85,23,1,1,0,23,23,22.855076020172646,23.272727272727273,22.850767085076708,0,
23,main,cosine,1,14,2,75,336,23.26538277603686,23.25,23,1,1,0,23,23,23.27419955333466,23.272727272727273,23.272727272727273,0,
23,main,cosine,1,14,2,76,336,26.978227013722062,26.950000000000003,27,1,1,0,27,27,26.954546431468145,26.94736842105263,26.94736842105263,0,
23,main,cosine,1,14,2,77,336,27.195702960714698,27.200000000000003,27,1,1,0,27,27,27.207827274201456,26.94736842105263,27.21594684385382,0,
23,main,cosine,1,14,2,78,336,26.190287966281176,26.200000000000003,26,1,1,0,26,26,26.197222817797726,25.6,26.17252396166134,0,
23,main,cosine,1,14,2,79,336,22.53117268718779,22.45,22,1,1,0,22,22,22.460538358146977,22.26086956521739,22.443835616438356,0,
23,main,cosine,1,14,2,80,336,26.11094961501658,26.1,26,1,1,0,26,26,26.08217285478531,25.6,26.089171974522294,0,
23,main,cosine,1,14,2,81,336,27.4153698887676,27.5,28,1,1,0,27,28,27.512375899684706,26.94736842105263,27.48993288590604,0,
23,main,cosine,1,14,2,82,336,23.35622992552817,23.35,23,1,1,0,23,23,23.361104416126206,23.272727272727273,23.372325249643367,0,
23,main,cosine,1,14,2,83,336,22.130735091865063,22.15,22,1,1,0,22,22,22.137348623802968,22.26086956521739,22.14054054054054,0,
23,main,cosine,1,14,2,84,336,20.588045317679644,20.6,21,1,1,0,21,21,20.579401483111823,20.48,20.582914572864322,0,
23,main,cosine,1,14,2,85,336,27.02858585305512,26.950000000000003,27,1,1,0,27,27,26.971276613315943,26.94736842105263,26.94736842105263,0,
23,main,cosine,1,14,2,86,336,24.817407000809908,24.85,25,1,1,0,25,25,24.86385373329582,24.38095238095238,24.861911987860395,0,
23,main,cosine,1,14,2,87,336,24.170243628323078,24.15,24,1,1,0,24,24,24.127434529327285,24.38095238095238,24.12960235640648,0,
23,main,cosine,1,14,2,88,336,26.656178621575236,26.65,27,1,1,0,27,27,26.6533196903346,26.94736842105263,26.640650406504065,0,
23,main,cosine,1,14,2,89,336,27.304392041638494,27.25,27,1,1,0,27,27,27.262168335288354,26.94736842105263,27.261231281198004,0,
23,main,cosine,1,14,2,90,336,26.66086607426405,26.700000000000003,27,1,1,0,27,27,26.67784359426958,26.94736842105263,26.684039087947884,0,
23,main,cosine,1,14,2,91,336,24.807379009202123,24.8,25,1,1,0,25,25,24.78911807749536,24.38095238095238,24.786686838124055,0,
23,main,cosine,1,14,2,92,336,20.164361039176583,20.1,20,1,1,0,20,20,20.114202905195054,20.48,20.127764127764127,0,
23,main,cosine,1,14,2,93,336,20.46118792332709,20.5,21,1,1,0,21,21,20.495713642768806,20.48,20.505632040050063,0,
23,main,cosine,1,14,2,94,336,20.580944104120135,20.55,21,1,1,0,21,21,20.559712792830396,20.48,20.557089084065243,0,
23,main,cosine,1,14,2,95,336,20.218621741980314,20.25,20,1,1,0,20,20,20.243717775777778,20.48,20.252163164400493,0,
23,main,cosine,1,14,2,96,336,20.11906555481255,20.1,20,1,1,0,20,20,20.11250501651724,20.48,20.103067484662578,0,
23,main,cosine,1,14,2,97,336,24.800672493875027,24.8,25,1,1,0,25,25,24.798523993473857,24.38095238095238,24.824242424242424,0,
23,main,cosine,1,14,2,98,336,21.413728615269065,21.4,21,1,1,0,21,21,21.419553342509587,21.333333333333332,21.416993464052286,0,
23,main,cosine,1,14,2,99,336,22.466627715155482,22.4,22,1,1,0,22,22,22.416198220615772,22.26086956521739,22.41313269493844,0,
23,main,cosine,1,14,2,100,336,20.511957556009293,20.55,21,1,1,0,21,21,20.539558649816733,20.48,20.557089084065243,0,
23,main,cosine,1,14,2,101,336,23.210338508710265,23.15,23,1,1,0,23,23,23.15558008079302,23.272727272727273,23.173974540311175,0,
23,main,cosine,1,14,2,102,336,22.983215568587184,22.95,23,1,1,0,23,23,22.95616403168944,23.272727272727273,22.946778711484594,0,
23,main,cosine,1,14,2,103,336,23.705163145437837,23.7,24,1,1,0,24,24,23.71086049199333,23.272727272727273,23.710564399421127,0,
23,main,cosine,1,14,2,104,336,25.725099431350827,25.8,26,1,1,0,26,26,25.78156352895588,25.6,25.801574803149606,0,
23,main,cosine,1,14,2,105,336,20.956188773736358,20.95,21,1,1,0,21,21,20.95085762215881,21.333333333333332,20.95140664961637,0,
23,main,cosine,1,14,2,106,336,26.560037640854716,26.450000000000003,26,1,1,0,26,26,26.44996084860846,26.94736842105263,26.468497576736674,0,
23,main,cosine,1,14,2,107,336,25.616853710263968,25.6,26,1,1,0,26,26,25.5778344878547,25.6,25.6,0,
23,main,cosine,1,14,2,108,336,24.718385856598616,24.75,25,1,1,0,25,25,24.73576521778254,24.38095238095238,24.71191553544495,0,
23,main,cosine,1,14,2,109,336,24.272362764924765,24.25,24,1,1,0,24,24,24.264235584739236,24.38095238095238,24.27259259259259,0,
23,main,cosine,1,14,2,110,336,26.945865981280804,26.85,27,1,1,0,27,27,26.86846518441977,26.94736842105263,26.859016393442623,0,
23,main,cosine,1,14,2,111,336,21.725711070001125,21.7,22,1,1,0,22,22,21.680964942118475,21.333333333333332,21.67195767195767,0,
23,main,cosine,1,14,2,112,336,22.214235365390778,22.2,22,1,1,0,22,22,22.190930570429003,22.26086956521739,22.170500676589988,0,
23,main,cosine,1,14,2,113,336,25.638113426044583,25.65,26,1,1,0,26,26,25.625380566666276,25.6,25.6,0,
23,main,cosine,1,14,2,114,336,26.816628547385335,26.85,27,1,1,0,27,27,26.846490329041917,26.94736842105263,26.859016393442623,0,
23,main,cosine,1,14,2,115,336,25.359438732266426,25.4,25,1,1,0,25,25,25.418540653250073,25.6,25.4015503875969,0,
23,main,cosine,1,14,2,116,336,27.300113674253225,27.3,27,1,1,0,27,27,27.305436586423454,26.94736842105263,27.30666666666667,0,
23,main,cosine,1,14,2,117,336,26.45857965014875,26.5,26,1,1,0,26,26,26.477674751841235,26.94736842105263,26.468497576736674,0,
23,main,cosine,1,14,2,118,336,21.22881898842752,21.25,21,1,1,0,21,21,21.261262084917867,21.333333333333332,21.250324254215304,0,
23,main,cosine,1,14,2,119,336,26.790417382493615,26.75,27,1,1,0,27,27,26.73679672632986,26.94736842105263,26.77124183006536,0,
23,main,cosine,1,14,2,120,336,25.44818943180144,25.45,25,1,1,0,25,25,25.44859764910311,25.6,25.440993788819874,0,
23,main,cosine,1,14,2,121,336,21.945885457098484,21.95,22,1,1,0,22,22,21.97003923862293,22.26086956521739,21.962466487935657,0,
23,main,cosine,1,14,2,122,336,22.75645088776946,22.75,23,1,1,0,23,23,22.752065175685345,22.26086956521739,22.755555555555556,0,
23,main,cosine,1,14,2,123,336,21.423141142353415,21.4,21,1,1,0,21,21,21.37838612778165,21.333333333333332,21.389033942558747,0,
23,main,cosine,1,14,2,124,336,27.067450603470206,26.950000000000003,27,1,1,0,27,27,26.96188516291217,26.94736842105263,26.94736842105263,0,
23,main,cosine,1,14,2,125,336,23.971553476527333,23.9,24,1,1,0,24,24,23.895705979489392,24.38095238095238,23.88338192419825,0,
23,main,cosine,1,14,2,126,336,20.688051028177142,20.65,21,1,1,0,21,21,20.648243003545513,20.48,20.66078184110971,0,
23,main,cosine,1,14,2,127,336,20.37424703873694,20.35,20,1,1,0,20,20,20.37011978222923,20.48,20.3527950310559,0,
23,main,cosine,1,14,2,128,336,27.420761538669467,27.35,27,1,1,0,27,27,27.367602606418465,26.94736842105263,27.352253756260435,0,
23,main,cosine,1,14,2,129,336,25.513919109478593,25.6,26,1,1,0,26,26,25.593212906415975,25.6,25.6,0,
23,main,cosine,1,14,2,130,336,25.019879499450326,25,25,1,1,0,25,25,24.97532283551649,24.38095238095238,24.93759512937595,0,
23,main,cosine,1,14,2,131,336,27.500166980549693,27.6,28,1,1,0,28,28,27.588856114233145,26.94736842105263,27.58249158249158,0,
23,main,cosine,1,14,2,132,336,26.21204773336649,26.15,26,1,1,0,26,26,26.16386352296073,25.6,26.17252396166134,0,
23,main,cosine,1,14,2,133,336,22.26018756441772,22.25,22,1,1,0,22,22,22.2549884530434,22.26086956521739,22.26086956521739,0,
23,main,cosine,1,14,2,134,336,23.41380256973207,23.4,23,1,1,0,23,23,23.389463569350575,23.272727272727273,23.405714285714286,0,
23,main,cosine,1,14,2,135,336,26.764382760971785,26.8,27,1,1,0,27,27,26.78787201044984,26.94736842105263,26.81505728314239,0,
23,main,cosine,1,14,2,136,336,22.64073026739061,22.6,23,1,1,0,23,23,22.602589427665677,22.26086956521739,22.59862068965517,0,
23,main,cosine,1,14,2,137,336,24.69729010015726,24.7,25,1,1,0,25,25,24.676117404725,24.38095238095238,24.674698795180724,0,
23,main,cosine,1,14,2,138,336,21.611642533913255,21.6,22,1,1,0,22,22,21.579211463189075,21.333333333333332,21.586297760210805,0,
23,main,cosine,1,14,2,139,336,23.62281760200858,23.6,24,1,1,0,24,24,23.591839946668497,23.272727272727273,23.608069164265128,0,
23,main,cosine,1,14,2,140,336,24.02437005750835,24,24,1,1,0,24,24,24.006787615211458,24.38095238095238,24.023460410557185,0,
23,main,cosine,1,14,2,141,336,24.23528282903135,24.2,24,1,1,0,24,24,24.22347033927291,24.38095238095238,24.20088626292467,0,
23,main,cosine,1,14,2,142,336,24.585669614374638,24.55,25,1,1,0,25,25,24.55314782286109,24.38095238095238,24.563718140929534,0,
23,main,cosine,1,14,2,143,336,27.805635418742895,27.85,28,1,1,0,28,28,27.826330644679008,28.444444444444443,27.86394557823129,0,
23,main,cosine,1,14,2,144,336,20.40692188963294,20.4,20,1,1,0,20,20,20.381036341312967,20.48,20.378109452736318,0,
23,main,cosine,1,14,2,145,336,20.241796439513564,20.25,20,1,1,0,20,20,20.254192767477047,20.48,20.252163164400493,0,
23,main,cosine,1,14,2,146,336,26.171786293387413,26.25,26,1,1,0,26,26,26.229283152143196,25.6,26.256410256410255,0,
23,main,cosine,1,14,2,147,336,24.163092713803053,24.15,24,1,1,0,24,24,24.17146555782683,24.38095238095238,24.16519174041298,0,
23,main,cosine,1,14,2,148,336,26.56795433536172,26.55,27,1,1,0,27,27,26.539909045837756,26.94736842105263,26.511326860841425,0,
23,main,cosine,1,14,2,149,336,27.43412601388991,27.35,27,1,1,0,27,27,27.373649915380632,26.94736842105263,27.352253756260435,0,
23,main,cosine,1,14,2,150,336,26.065914360806346,26.1,26,1,1,0,26,26,26.078994916756187,25.6,26.089171974522294,0,
23,main,cosine,1,14,2,151,336,26.28505628556013,26.35,26,1,1,0,26,26,26.370701073024733,26.94736842105263,26.383252818035427,0,
23,main,cosine,1,14,2,152,336,25.148266788572073,25.15,25,1,1,0,25,25,25.16384710745323,25.6,25.167434715821813,0,
23,main,cosine,1,14,2,153,336,25.407640328630805,25.4,25,1,1,0,25,25,25.409022008272796,25.6,25.4015503875969,0,
23,main,cosine,1,14,2,154,336,24.128147572278976,24.15,24,1,1,0,24,24,24.170582147958754,24.38095238095238,24.16519174041298,0,
23,main,cosine,1,14,2,155,336,22.178673330694437,22.2,22,1,1,0,22,22,22.19708310709492,22.26086956521739,22.200542005420054,0,
23,main,cosine,1,14,2,156,336,27.32234888896346,27.3,27,1,1,0,27,27,27.32089389763879,26.94736842105263,27.30666666666667,0,
23,main,cosine,1,14,2,157,336,22.23184553347528,22.2,22,1,1,0,22,22,22.187935795894145,22.26086956521739,22.200542005420054,0,
23,main,cosine,1,14,2,158,336,26.74292580783367,26.75,27,1,1,0,27,27,26.75925764383631,26.94736842105263,26.72756933115824,0,
23,main,cosine,1,14,2,159,336,26.54471470043063,26.450000000000003,26,1,1,0,26,26,26.442370199694533,26.94736842105263,26.425806451612903,0,
23,main,cosine,1,14,2,160,336,27.599507346749306,27.700000000000003,28,1,1,0,28,28,27.706063904479404,28.444444444444443,27.675675675675677,0,
23,main,cosine,1,14,2,161,336,21.666535928845406,21.7,22,1,1,0,22,22,21.689284980998874,21.333333333333332,21.70066225165563,0,
23,main,cosine,1,14,2,162,336,21.89756378903985,21.85,22,1,1,0,22,22,21.863885553314187,22.26086956521739,21.874499332443257,0,
23,main,cosine,1,14,2,163,336,24.895888667553663,24.9,25,1,1,0,25,25,24.90451960425032,24.38095238095238,24.89969604863222,0,
23,main,cosine,1,14,2,164,336,25.049066627398133,25.15,25,1,1,0,25,25,25.125729678756116,25.6,25.12883435582822,0,
23,main,cosine,1,14,2,165,336,22.699574233964086,22.7,23,1,1,0,23,23,22.691837062804037,22.26086956521739,22.69252077562327,0,
23,main,cosine,1,14,2,166,336,23.019503502175212,23,23,1,1,0,23,23,23.00173394404694,23.272727272727273,23.01123595505618,0,
23,main,cosine,1,14,2,167,336,20.818816605955362,20.75,21,1,1,0,21,21,20.75693431243553,20.48,20.76552598225602,0,
23,main,cosine,1,14,2,168,336,25.499755492433906,25.4,25,1,1,0,25,25,25.379185228619836,25.6,25.362229102167184,0,
23,main,cosine,1,14,2,169,336,21.317658588290215,21.35,21,1,1,0,21,21,21.33230711789651,21.333333333333332,21.333333333333332,0,
23,main,cosine,1,14,2,170,336,20.545996939763427,20.6,21,1,1,0,21,21,20.62029705004249,20.48,20.60880503144654,0,
23,main,cosine,1,14,2,171,336,21.62112019211054,21.65,22,1,1,0,22,22,21.632902239096236,21.333333333333332,21.64332892998679,0,
23,main,cosine,1,14,2,172,336,22.00401427783072,21.95,22,1,1,0,22,22,21.958273379805025,22.26086956521739,21.962466487935657,0,
23,main,cosine,1,14,2,173,336,25.32399372383952,25.35,25,1,1,0,25,25,25.361162029263046,25.6,25.362229102167184,0,
23,main,cosine,1,14,2,174,336,23.789294306188822,23.8,24,1,1,0,24,24,23.78812385924854,23.272727272727273,23.779390420899855,0,
23,main,cosine,1,14,2,175,336,25.456548672169447,25.45,25,1,1,0,25,25,25.465031895279626,25.6,25.480559875583204,0,
23,main,cosine,1,14,2,176,336,24.30847506970167,24.3,24,1,1,0,24,24,24.315617763356627,24.38095238095238,24.30860534124629,0,
23,main,cosine,1,14,2,177,336,27.64531279914081,27.6,28,1,1,0,28,28,27.60243797498984,26.94736842105263,27.58249158249158,0,
23,main,cosine,1,14,2,178,336,27.44699639081955,27.450000000000003,27,1,1,0,27,27,27.443269263568023,26.94736842105263,27.44388609715243,0,
23,main,cosine,1,14,2,179,336,23.645322792232037,23.65,24,1,1,0,24,24,23.64462575381996,23.272727272727273,23.642135642135642,0,
23,main,cosine,1,14,2,180,336,27.84514120221138,27.8,28,1,1,0,28,28,27.782707408929255,28.444444444444443,27.769491525423728,0,
23,main,cosine,1,14,2,181,336,26.37564984150231,26.35,26,1,1,0,26,26,26.34179151380946,26.94736842105263,26.340836012861736,0,
23,main,cosine,1,14,2,182,336,22.071763588115573,22.1,22,1,1,0,22,22,22.100588368071573,22.26086956521739,22.110661268556004,0,
23,main,cosine,1,14,2,183,336,24.35235151834786,24.4,24,1,1,0,24,24,24.375279044153405,24.38095238095238,24.38095238095238,0,
23,main,cosine,1,14,2,184,336,25.409302407875657,25.4,25,1,1,0,25,25,25.38876777998239,25.6,25.4015503875969,0,
23,main,cosine,1,14,2,185,336,25.279239961877465,25.3,25,1,1,0,25,25,25.31949477277564,25.6,25.323029366306027,0,
23,main,cosine,1,14,2,186,336,26.08833483979106,26.15,26,1,1,0,26,26,26.147187858949174,25.6,26.17252396166134,0,
23,main,cosine,1,14,2,187,336,26.973685758188367,27,27,1,1,0,27,27,26.996529936635365,26.94736842105263,26.99176276771005,0,
23,main,cosine,1,14,2,188,336,24.478766690939665,24.55,25,1,1,0,25,25,24.53003825191227,24.38095238095238,24.526946107784433,0,
23,main,cosine,1,14,2,189,336,20.56141242571175,20.55,21,1,1,0,21,21,20.56720588628507,20.48,20.582914572864322,0,
23,main,cosine,1,14,2,190,336,20.282594576478004,20.25,20,1,1,0,20,20,20.27075090421035,20.48,20.277227722772277,0,
23,main,cosine,1,14,2,191,336,23.976138040423393,24,24,1,1,0,24,24,24.00544366206391,24.38095238095238,24.023460410557185,0,
23,main,cosine,1,14,2,192,336,22.508823117241263,22.5,23,1,1,0,22,23,22.498039599470744,22.26086956521739,22.505494505494507,0,
23,main,cosine,1,14,2,193,336,22.55012645572424,22.55,23,1,1,0,23,23,22.55025500237415,22.26086956521739,22.536451169188446,0,
23,main,cosine,1,14,2,194,336,20.901894746348262,20.95,21,1,1,0,21,21,20.947419914436836,21.333333333333332,20.95140664961637,0,
23,main,cosine,1,14,2,195,336,21.108107175678015,21.05,21,1,1,0,21,21,21.04668269921815,21.333333333333332,21.05912596401028,0,
23,main,cosine,1,14,2,196,336,21.589989254251122,21.55,22,1,1,0,22,22,21.57188660025535,21.333333333333332,21.557894736842105,0,
23,main,cosine,1,14,2,197,336,27.175872910767794,27.200000000000003,27,1,1,0,27,27,27.181766128910006,26.94736842105263,27.170812603648425,0,
23,main,cosine,1,14,2,198,336,27.74415324255824,27.8,28,1,1,0,28,28,27.77963269168827,28.444444444444443,27.769491525423728,0,
23,main,cosine,1,14,2,199,336,25.92122974060476,25.9,26,1,1,0,26,26,25.902756475541658,25.6,25.88309636650869,0,
29,robust,square,0.25,7,0.5,0,672,20.238379707559943,20.4,20.25,1,1,8.322353917122882e-10,20.25,20.25,20.38749758940239,19.692307692307693,20.378109452736318,0,
29,robust,square,0.25,7,0.5,1,672,21.520795732736588,21.55,21.5,1,1,1.8563744985655717e-9,21.5,21.5,21.539636474561952,21.333333333333332,21.557894736842105,0,
29,robust,square,0.25,7,0.5,2,672,20.897334024310112,21,21.25,1,1,2.8669067120290492e-11,21.25,21.25,21.015648222772356,21.333333333333332,21.03209242618742,0,
29,robust,square,0.25,7,0.5,3,672,23.662580884993076,23.65,23.5,1,1,3.70847796915541e-12,23.5,23.75,23.634275503052628,23.272727272727273,23.67630057803468,0,
29,robust,square,0.25,7,0.5,4,672,27.612883841618896,27.55,27.5,1,1,1.435018770479246e-10,27.5,28,27.55802990067719,28.444444444444443,27.675675675675677,0,
29,robust,square,0.25,7,0.5,5,672,27.81123219244182,27.65,27.5,1,1,2.470787685560083e-9,27.25,27.5,27.669008324888953,28.444444444444443,27.62900505902192,0,
29,robust,square,0.25,7,0.5,6,672,26.00018410757184,25.9,26.25,1,1,2.0649526533134122e-10,26.25,26.25,25.917522491081055,25.6,25.88309636650869,0,
29,robust,square,0.25,7,0.5,7,672,25.200822431594133,24.85,25.25,1,1,1.02470476548433e-10,25.25,25,24.84008386241719,25.6,24.861911987860395,0,
29,robust,square,0.25,7,0.5,8,672,24.72930164821446,24.6,25,1,1,3.47755935159455e-10,24.25,24.25,24.607853932681692,25.6,24.637593984962407,0,
29,robust,square,0.25,7,0.5,9,672,25.49529542028904,25.4,25.75,1,1,6.218880965747076e-10,25.75,25.75,25.406357753681228,25.6,25.362229102167184,0,
29,robust,square,0.25,7,0.5,10,672,20.69188355281949,20.7,20.75,1,1,3.2662761384472105e-13,20.75,20.75,20.719109269394927,21.333333333333332,20.68686868686869,0,
29,robust,square,0.25,7,0.5,11,672,27.75409036874771,27.85,28,1,1,1.1090461882190539e-11,28,27.75,27.855588704648376,28.444444444444443,27.769491525423728,0,
29,robust,square,0.25,7,0.5,12,672,27.745206801220775,27.55,27.75,1,1,4.451244384195974e-8,27.75,27.25,27.525260745696723,28.444444444444443,27.58249158249158,0,
29,robust,square,0.25,7,0.5,13,672,21.17381677776575,21.35,21.25,1,1,2.540412324947283e-10,21.25,21,21.35100818586578,21.333333333333332,21.389033942558747,0,
29,robust,square,0.25,7,0.5,14,672,24.944073256105185,25.2,25.25,1,1,1.904422175513787e-10,25,25.25,25.182711608283377,25.6,25.206153846153846,0,
29,robust,square,0.25,7,0.5,15,672,24.162604611366987,23.9,24,1,1,4.8627768478581856e-14,24,24,23.907939694758987,23.272727272727273,23.848617176128094,0,
29,robust,square,0.25,7,0.5,16,672,24.261648444458842,24.2,24.25,1,1,7.144285163462882e-13,23.75,23.75,24.188573183125367,23.272727272727273,24.12960235640648,0,
29,robust,square,0.25,7,0.5,17,672,26.54100453481078,26.200000000000003,26.25,1,1,1.4737011611032358e-10,26.25,26.25,26.19627351160458,25.6,26.17252396166134,0,
29,robust,square,0.25,7,0.5,18,672,24.2809901162982,24.2,24,1,1,2.7755575615628914e-15,24,24,24.216311732048954,23.272727272727273,24.16519174041298,0,
29,robust,square,0.25,7,0.5,19,672,22.68063179962337,22.75,22.75,1,1,1.741236932417678e-9,22.75,22.75,22.750923372756855,23.272727272727273,22.787204450625868,0,
29,robust,square,0.25,7,0.5,20,672,26.606904795393348,26.55,26.5,1,1,1.4296918315892526e-7,26.5,27.5,26.519186367011596,25.6,26.5974025974026,0,
29,robust,square,0.25,7,0.5,21,672,22.851660145446658,22.6,22.25,1,1,3.6321847862730294e-8,22.25,23,22.595174086975735,23.272727272727273,22.661134163208853,0,
29,robust,square,0.25,7,0.5,22,672,20.13159620575607,20.2,20.25,1,1,3.8647818279002877e-10,20.25,20.25,20.1987773187947,19.692307692307693,20.177339901477833,0,
29,robust,square,0.25,7,0.5,23,672,24.80662450939417,24.7,24.75,1,1,5.684333004296604e-10,24.75,24.75,24.701584973680983,25.6,24.674698795180724,0,
29,robust,square,0.25,7,0.5,24,672,25.115201057866216,25.2,25,1,1,6.050715484207103e-14,25,25,25.192030961957236,25.6,25.206153846153846,0,
29,robust,square,0.25,7,0.5,25,672,26.808299822732806,26.75,27.25,1,1,6.778443362165376e-10,27,27,26.727659210873433,25.6,26.72756933115824,0,
29,robust,square,0.25,7,0.5,26,672,23.434794034808874,23.45,23.5,1,1,1.5946444165138018e-10,23.5,23.75,23.440012761312023,23.272727272727273,23.472779369627506,0,
29,robust,square,0.25,7,0.5,27,672,23.72245082259178,23.8,23.5,1,1,3.7556624477019795e-12,23.5,23.5,23.809561956260758,23.272727272727273,23.813953488372093,0,
29,robust,square,0.25,7,0.5,28,672,23.157094683498144,23.25,23,1,1,5.60307356067824e-11,23,23.5,23.249108773204966,23.272727272727273,23.272727272727273,0,
29,robust,square,0.25,7,0.5,29,672,26.889374438673258,26.85,27,1,1,4.477973547523106e-12,27,27.25,26.819921254546554,25.6,26.81505728314239,0,
29,robust,square,0.25,7,0.5,30,672,25.647040056064725,25.35,25.75,1,1,8.933098705199427e-11,25.75,25.75,25.362704766574712,25.6,25.362229102167184,0,
29,robust,square,0.25,7,0.5,31,672,20.71750048547983,20.55,20.75,1,1,2.653433028854124e-14,20.75,20.75,20.56409458968404,21.333333333333332,20.582914572864322,0,
29,robust,square,0.25,7,0.5,32,672,23.837418848648667,24.1,24.25,1,1,6.362910198731697e-12,24.25,23.75,24.112484948183816,23.272727272727273,24.094117647058823,0,
29,robust,square,0.25,7,0.5,33,672,25.31988726556301,25.25,25.25,1,1,1.8239183163792916e-8,25.25,25.25,25.243788012412555,25.6,25.244992295839754,0,
29,robust,square,0.25,7,0.5,34,672,26.602792842313647,26.75,27.25,1,1,1.7339019109385845e-11,27.25,26.5,26.76032743796603,25.6,26.72756933115824,0,
29,robust,square,0.25,7,0.5,35,672,21.127945993095636,21.1,21.25,1,1,2.8341040625434744e-10,21,21,21.100390571589205,21.333333333333332,21.086229086229086,0,
29,robust,square,0.25,7,0.5,36,672,24.796250253915787,24.8,24.75,1,1,2.4555901756428966e-10,24.75,24.75,24.78485755639531,25.6,24.786686838124055,0,
29,robust,square,0.25,7,0.5,37,672,21.868155989795923,21.8,21.75,1,1,4.476419235288631e-13,21.75,21.75,21.788060326435478,21.333333333333332,21.78723404255319,0,
29,robust,square,0.25,7,0.5,38,672,23.23482583463192,23.1,23.25,1,1,3.1579883152943466e-10,23.25,23.25,23.082934341887068,23.272727272727273,23.07605633802817,0,
29,robust,square,0.25,7,0.5,39,672,22.282714664936066,22.15,22.25,1,1,8.670841822322473e-14,22.25,22.25,22.150722519112225,21.333333333333332,22.170500676589988,0,
29,robust,square,0.25,7,0.5,40,672,24.679535491392016,25,24.75,1,1,2.4639934537162844e-10,24.75,24.75,24.984894471141704,25.6,24.975609756097562,0,
29,robust,square,0.25,7,0.5,41,672,26.329325545579195,26.4,26.25,1,1,1.1123324483719443e-12,26.25,26.25,26.382941849883824,25.6,26.425806451612903,0,
29,robust,square,0.25,7,0.5,42,672,24.472696686163545,24.45,24.25,1,1,1.0513812043200232e-13,24.25,24.5,24.47489384595556,25.6,24.417287630402384,0,
29,robust,square,0.25,7,0.5,43,672,27.347812432795763,27.4,27,1,1,1.8155477121695185e-12,27,27.25,27.37370077136477,28.444444444444443,27.352253756260435,0,
29,robust,square,0.25,7,0.5,44,672,26.822665885090828,26.450000000000003,26.75,1,1,3.371403045626664e-9,26.75,26.5,26.442028171823576,25.6,26.383252818035427,0,
29,robust,square,0.25,7,0.5,45,672,25.35358054563403,25.1,24.75,1,1,1.375566327510569e-13,24.75,25.25,25.109356021216158,25.6,25.090352220520675,0,
29,robust,square,0.25,7,0.5,46,672,25.59999076090753,25.25,25.5,1,1,4.375488860119958e-11,25.5,25.5,25.2560695235343,25.6,25.28395061728395,0,
29,robust,square,0.25,7,0.5,47,672,26.785408802330494,26.85,26.5,1,1,4.699524991380599e-9,26.5,27.25,26.831021805361942,25.6,26.81505728314239,0,
29,robust,square,0.25,7,0.5,48,672,21.308720448985696,21.3,21.25,1,1,4.144603993339047e-9,21.25,21,21.289713881321557,21.333333333333332,21.277922077922078,0,
29,robust,square,0.25,7,0.5,49,672,27.35280834697187,27.200000000000003,26.5,1,1,4.8410301323187355e-9,26.5,27.5,27.207100133713652,28.444444444444443,27.170812603648425,0,
29,robust,square,0.25,7,0.5,50,672,27.912030659615993,27.9,28,1,1,5.908606937055083e-12,28,28,27.921858489119977,28.444444444444443,28.054794520547944,0,
29,robust,square,0.25,7,0.5,51,672,27.657328080385923,27.65,27.5,1,1,3.1791236310141358e-12,27.5,27.5,27.670496231526315,28.444444444444443,27.769491525423728,0,
29,robust,square,0.25,7,0.5,52,672,27.970930881798267,28.200000000000003,28,1,1,1.0930354399363296e-9,28,28,28.210034648129657,28.444444444444443,28.29706390328152,0,
29,robust,square,0.25,7,0.5,53,672,22.310999685898423,22.4,22.25,1,1,8.835689957464865e-10,22.25,22.5,22.387543396989603,23.272727272727273,22.382513661202186,0,
29,robust,square,0.25,7,0.5,54,672,24.949773678556085,25.05,25,1,1,1.5411495413175658e-9,25,25,25.072033969040916,25.6,25.090352220520675,0,
29,robust,square,0.25,7,0.5,55,672,23.510012013837695,23.4,23.5,1,1,1.5987211554602254e-14,23.5,23.5,23.371417404308193,23.272727272727273,23.372325249643367,0,
29,robust,square,0.25,7,0.5,56,672,25.555036643519998,25.6,26,1,1,1.1520773224305003e-10,26,26,25.583166204590388,25.6,25.5202492211838,0,
29,robust,square,0.25,7,0.5,57,672,21.51044813171029,21.25,21.5,1,1,1.7584933509340317e-11,21.5,21.5,21.25830744087472,21.333333333333332,21.250324254215304,0,
29,robust,square,0.25,7,0.5,58,672,24.27473348006606,24.15,24.25,1,1,4.409783649350629e-11,24.25,24.25,24.164974303835734,23.272727272727273,24.236686390532544,0,
29,robust,square,0.25,7,0.5,59,672,22.1510179489851,22.2,22.5,1,1,2.083141437125846e-10,22.5,22,22.19660526850387,23.272727272727273,22.26086956521739,0,
29,robust,square,0.25,7,0.5,60,672,23.91686613112688,23.85,23.5,1,1,2.4111490581901762e-11,23.5,24,23.868245547405863,23.272727272727273,23.953216374269005,0,
29,robust,square,0.25,7,0.5,61,672,20.04105495661497,20.15,20,1,1,1.4210854715202004e-14,20,20,20.1300736548623,19.692307692307693,20.127764127764127,0,
29,robust,square,0.25,7,0.5,62,672,25.10656863823533,24.9,25.25,1,1,4.2765021524004965e-9,25,25.25,24.89856636333634,25.6,24.89969604863222,0,
29,robust,square,0.25,7,0.5,63,672,20.950563725084066,20.85,21,1,1,9.694767211243516e-10,21,21,20.844498813024813,21.333333333333332,20.897959183673468,0,
29,robust,square,0.25,7,0.5,64,672,21.959337379783392,21.9,22,1,1,6.415112885349572e-11,22,22,21.876567314616768,21.333333333333332,21.845333333333333,0,
29,robust,square,0.25,7,0.5,65,672,20.14049610681832,20.25,20.25,1,1,4.815703391614079e-12,20.25,20,20.227377507106606,19.692307692307693,20.252163164400493,0,
29,robust,square,0.25,7,0.5,66,672,21.504782928153872,21.45,21.25,1,1,2.453592884421596e-13,21.25,21.25,21.43904734245396,21.333333333333332,21.47313237221494,0,
29,robust,square,0.25,7,0.5,67,672,24.674726381897926,24.75,25,1,1,1.3621609284975023e-8,25,25,24.750609477501865,25.6,24.786686838124055,0,
29,robust,square,0.25,7,0.5,68,672,27.542756404727697,27.65,27.5,1,1,2.653385289264065e-10,27.5,27.25,27.639741581547735,28.444444444444443,27.722504230118442,0,
29,robust,square,0.25,7,0.5,69,672,24.10258622840047,24.15,23.75,1,1,2.2007140554336502e-10,23.75,23.75,24.151061483701447,23.272727272727273,24.16519174041298,0,
29,robust,square,0.25,7,0.5,70,672,23.581502774730325,23.8,23.75,1,1,3.3662295173542134e-11,23.75,24.25,23.78320415830021,23.272727272727273,23.710564399421127,0,
29,robust,square,0.25,7,0.5,71,672,21.388015111908317,21.3,21.25,1,1,1.4193202169110464e-11,21.25,21.25,21.280569514768505,21.333333333333332,21.277922077922078,0,
29,robust,square,0.25,7,0.5,72,672,22.072684686630964,22.15,22.25,1,1,8.172351684265777e-13,22.25,22.25,22.14880711183718,21.333333333333332,22.110661268556004,0,
29,robust,square,0.25,7,0.5,73,672,24.33119702152908,24.25,24.25,1,1,4.157267863291736e-10,24.25,24.25,24.252112368477324,23.272727272727273,24.27259259259259,0,
29,robust,square,0.25,7,0.5,74,672,20.178251584991813,20.2,20.25,1,1,1.9984014443252818e-15,20.25,20.25,20.19687623710628,19.692307692307693,20.20221948212084,0,
29,robust,square,0.25,7,0.5,75,672,25.47264507226646,25.4,25.5,1,1,5.123376167759375e-10,25.5,25.5,25.383380076912132,25.6,25.362229102167184,0,
29,robust,square,0.25,7,0.5,76,672,26.11309240758419,26.05,26,1,1,1.2734258092450546e-12,26,26,26.06748712926749,25.6,26.089171974522294,0,
29,robust,square,0.25,7,0.5,77,672,22.968107741326094,22.95,23,1,1,2.8006230667898535e-10,23,23.25,22.93455679687383,23.272727272727273,22.946778711484594,0,
29,robust,square,0.25,7,0.5,78,672,27.23494678363204,26.950000000000003,27.5,1,1,4.51160930836636e-7,27.5,27.5,26.956217744077705,28.444444444444443,26.94736842105263,0,
29,robust,square,0.25,7,0.5,79,672,27.30433875322342,27.450000000000003,27.25,1,1,6.909961491885497e-11,27.25,27,27.451898588839562,28.444444444444443,27.536134453781514,0,
29,robust,square,0.25,7,0.5,80,672,26.827271485701203,26.65,26.75,1,1,6.35819175087704e-11,26.75,26.75,26.636785062378753,25.6,26.640650406504065,0,
29,robust,square,0.25,7,0.5,81,672,24.964794935658574,25.1,25,1,1,2.98037150514574e-11,25,25,25.116558064449062,25.6,25.12883435582822,0,
29,robust,square,0.25,7,0.5,82,672,26.175647104158998,26.4,26.25,1,1,1.5817347431834605e-12,26.25,26.25,26.41243272822759,25.6,26.383252818035427,0,
29,robust,square,0.25,7,0.5,83,672,21.987210996448994,22,22.25,1,1,5.156615134893627e-10,22.25,22.25,21.982131788568143,21.333333333333332,22.021505376344088,0,
29,robust,square,0.25,7,0.5,84,672,22.89530973881483,22.7,22.5,1,1,1.7569462551492165e-9,22.5,23,22.705259635331256,23.272727272727273,22.69252077562327,0,
29,robust,square,0.25,7,0.5,85,672,20.895975464954972,20.95,21,1,1,4.0545344859310717e-13,21,20.75,20.942361051128746,21.333333333333332,20.95140664961637,0,
29,robust,square,0.25,7,0.5,86,672,23.935776107013226,23.95,23.75,1,1,1.481306188821918e-10,23.75,23.75,23.949877394047892,23.272727272727273,23.988286969253295,0,
29,robust,square,0.25,7,0.5,87,672,20.406421437859535,20.5,20.5,1,1,1.673106098110111e-12,20.5,20.5,20.477350638777025,19.692307692307693,20.48,0,
29,robust,square,0.25,7,0.5,88,672,27.13412501476705,27,27,1,1,7.074446398691592e-7,27,27,26.99048024436657,28.444444444444443,26.99176276771005,0,
29,robust,square,0.25,7,0.5,89,672,27.823056757450104,27.950000000000003,28.25,1,1,2.7227275989361033e-10,28.25,27.5,27.93729633117582,28.444444444444443,27.816638370118845,0,
29,robust,square,0.25,7,0.5,90,672,20.313231773674488,20.45,21,1,1,2.4879289961532436e-7,20.5,21,20.441344885939692,19.692307692307693,20.454431960049938,0,
29,robust,square,0.25,7,0.5,91,672,26.420538883656263,26.15,26,1,1,3.469339371342528e-9,26,26,26.139789302792884,25.6,26.130781499202552,0,
29,robust,square,0.25,7,0.5,92,672,25.432689072564244,25.65,25.5,1,1,2.1785700687892984e-8,25.5,25.5,25.66459487160265,25.6,25.68025078369906,0,
29,robust,square,0.25,7,0.5,93,672,21.07005180232227,21.2,21.25,1,1,6.352088854910676e-10,21.25,21.25,21.19240689963225,21.333333333333332,21.22279792746114,0,
29,robust,square,0.25,7,0.5,94,672,20.1657073199749,20.05,20,1,1,2.220446049250313e-16,20,20,20.05302570381351,19.692307692307693,20.029339853300733,0,
29,robust,square,0.25,7,0.5,95,672,21.505723129957914,21.35,21.5,1,1,0,21.5,21.5,21.376560448941465,21.333333333333332,21.36114732724902,0,
29,robust,square,0.25,7,0.5,96,672,23.770866628736258,23.95,23.75,1,1,1.014299755297543e-11,23.75,23.75,23.952157846091218,23.272727272727273,23.88338192419825,0,
29,robust,square,0.25,7,0.5,97,672,22.69259460642934,22.45,22.75,1,1,2.904431140038355e-10,22.75,22.25,22.443462633087616,23.272727272727273,22.474622770919066,0,
29,robust,square,0.25,7,0.5,98,672,25.746882235631347,25.3,25.5,1,1,2.7599875718209432e-9,25.5,25.5,25.304644052152423,25.6,25.244992295839754,0,
29,robust,square,0.25,7,0.5,99,672,26.544123586267233,26.25,26.5,1,1,2.3811508320648045e-11,26.5,26.5,26.2522756092494,25.6,26.340836012861736,0,
29,robust,square,0.25,7,0.5,100,672,22.71183325909078,23,22.5,1,1,7.537082069575263e-12,22.5,22.5,22.987356524050846,23.272727272727273,23.01123595505618,0,
29,robust,square,0.25,7,0.5,101,672,21.31163659133017,21.6,21.25,1,1,1.0384249016226477e-11,21.25,21.25,21.586854029557408,21.333333333333332,21.586297760210805,0,
29,robust,square,0.25,7,0.5,102,672,26.40204156190157,26.3,26.25,1,1,1.7725027001702642e-9,26.25,27.75,26.317436575535208,25.6,26.2144,0,
29,robust,square,0.25,7,0.5,103,672,23.723821375519037,23.55,23.75,1,1,4.14792644676254e-11,23.75,23.75,23.569073159646344,23.272727272727273,23.54022988505747,0,
29,robust,square,0.25,7,0.5,104,672,23.665105110034347,23.65,24,1,1,3.12071359864774e-8,24,23.75,23.64242741796041,23.272727272727273,23.608069164265128,0,
29,robust,square,0.25,7,0.5,105,672,26.33903057873249,26.5,26.75,1,1,2.1283687035023036e-9,26.25,26.25,26.475477507406133,25.6,26.511326860841425,0,
29,robust,square,0.25,7,0.5,106,672,23.6724153701216,23.65,23.75,1,1,1.3922196728799463e-13,23.75,23.75,23.626414791317746,23.272727272727273,23.608069164265128,0,
29,robust,square,0.25,7,0.5,107,672,20.090238129720092,20.15,20,1,1,3.0198166189876474e-10,20,20,20.17031314276183,19.692307692307693,20.152521525215253,0,
29,robust,square,0.25,7,0.5,108,672,22.483702067285776,22.6,22.5,1,1,2.5496937894331495e-11,22.5,22.5,22.592896032694775,23.272727272727273,22.536451169188446,0,
29,robust,square,0.25,7,0.5,109,672,21.187373207882047,20.95,21.25,1,1,7.957257075474899e-10,21.25,21,20.951766410473258,21.333333333333332,20.978233034571062,0,
29,robust,square,0.25,7,0.5,110,672,21.04063000716269,21.15,21.25,1,1,2.8334602442114942e-9,20.75,21,21.158138618674318,21.333333333333332,21.195342820181114,0,
29,robust,square,0.25,7,0.5,111,672,21.209828346967697,21.15,21.25,1,1,2.682554178790042e-11,21.25,21.5,21.171607984752086,21.333333333333332,21.195342820181114,0,
29,robust,square,0.25,7,0.5,112,672,25.04334038309753,24.75,24.25,1,1,2.7599127427890835e-9,24.25,25,24.759867325014746,25.6,24.749244712990937,0,
29,robust,square,0.25,7,0.5,113,672,22.432309083640575,22.35,22.5,1,1,7.37854222165879e-13,22.5,22.5,22.359714923954964,23.272727272727273,22.321525885558582,0,
29,robust,square,0.25,7,0.5,114,672,22.757065646350384,22.65,22.75,1,1,1.1376899422543829e-11,22.75,23,22.645939046280173,23.272727272727273,22.69252077562327,0,
29,robust,square,0.25,7,0.5,115,672,21.426953356713057,21.25,21.5,1,1,8.594607248113562e-10,21.25,21.5,21.274805216824653,21.333333333333332,21.22279792746114,0,
29,robust,square,0.25,7,0.5,116,672,23.444216391071677,23.15,23.25,1,1,1.6986412276764895e-14,23.25,23.5,23.141495813727566,23.272727272727273,23.141242937853107,0,
29,robust,square,0.25,7,0.5,117,672,21.579905711114407,21.45,21,1,1,3.1127322941415514e-11,21,21,21.457669574142006,21.333333333333332,21.47313237221494,0,
29,robust,square,0.25,7,0.5,118,672,25.45261682383716,25.05,25.5,1,1,2.4057972280999707e-9,25.5,25.5,25.044870286082055,25.6,25.013740458015267,0,
29,robust,square,0.25,7,0.5,119,672,27.90642120502889,27.9,28.25,1,1,5.651235035486479e-11,28.25,28.25,27.921102532761697,28.444444444444443,27.816638370118845,0,
29,robust,square,0.25,7,0.5,120,672,22.5081252977252,22.35,22.25,1,1,8.840705945090122e-13,22.25,22.5,22.36049116204905,23.272727272727273,22.321525885558582,0,
29,robust,square,0.25,7,0.5,121,672,26.469741942360997,26.3,26.75,1,1,3.3910518837387826e-10,26.75,26.5,26.29793272261862,25.6,26.256410256410255,0,
29,robust,square,0.25,7,0.5,122,672,21.858711389824748,21.75,22,1,1,3.415173599474741e-7,21.75,21.75,21.769791582293983,21.333333333333332,21.78723404255319,0,
29,robust,square,0.25,7,0.5,123,672,24.057479495182633,24,24,1,1,3.503802191717753e-7,24,24,24.017650505594485,23.272727272727273,24.058737151248163,0,
29,robust,square,0.25,7,0.5,124,672,21.518813330680132,21.4,21.5,1,1,0,21.5,21.5,21.386640735698563,21.333333333333332,21.389033942558747,0,
29,robust,square,0.25,7,0.5,125,672,22.013653999194503,21.9,22,1,1,2.4724666758402236e-13,22,22,21.883931069360315,21.333333333333332,21.874499332443257,0,
29,robust,square,0.25,7,0.5,126,672,21.19000311009586,21.25,21.25,1,1,7.896985176891747e-9,21.25,21,21.229859485887626,21.333333333333332,21.277922077922078,0,
29,robust,square,0.25,7,0.5,127,672,25.50881357304752,25.6,25.5,1,1,5.040682312662526e-7,25.5,25.5,25.60807982871422,25.6,25.640062597809077,0,
29,robust,square,0.25,7,0.5,128,672,24.987711649388075,24.9,24.75,1,1,3.384617774937482e-8,24.75,24.75,24.913427678563043,25.6,24.89969604863222,0,
29,robust,square,0.25,7,0.5,129,672,25.091588394716382,24.95,24.75,1,1,7.220520403805608e-9,24.75,25,24.94605969322909,25.6,24.93759512937595,0,
29,robust,square,0.25,7,0.5,130,672,22.92459179274738,23,22.75,1,1,9.586065274902467e-11,22.75,23,23.019658872125067,23.272727272727273,23.043600562587905,0,
29,robust,square,0.25,7,0.5,131,672,26.656891422346234,26.6,26.5,1,1,5.795220785476118e-7,26.5,26.5,26.600727047805893,25.6,26.5974025974026,0,
29,robust,square,0.25,7,0.5,132,672,22.812094435095787,22.7,23,1,1,3.2734948085533233e-10,23,23,22.707505569767214,23.272727272727273,22.755555555555556,0,
29,robust,square,0.25,7,0.5,133,672,20.75823881663382,20.7,20.75,1,1,1.2004730542969355e-11,20.75,20.75,20.685092410269174,21.333333333333332,20.713021491782555,0,
29,robust,square,0.25,7,0.5,134,672,24.794745091348886,25.05,24.5,1,1,4.776179785004331e-9,24.5,24.5,25.064128705966034,25.6,25.090352220520675,0,
29,robust,square,0.25,7,0.5,135,672,22.229307970032096,22.25,22.25,1,1,2.653433028854124e-14,22.25,22.25,22.272927517968924,21.333333333333332,22.230664857530527,0,
29,robust,square,0.25,7,0.5,136,672,26.56385320983827,26.200000000000003,26.5,1,1,3.19647701640946e-8,26.5,27.5,26.217559247820287,25.6,26.17252396166134,0,
29,robust,square,0.25,7,0.5,137,672,22.405345981940627,22.4,22.5,1,1,2.083329120328159e-8,22.5,22.5,22.40767011380606,23.272727272727273,22.351978171896317,0,
29,robust,square,0.25,7,0.5,138,672,21.645947698503733,21.55,21.25,1,1,7.729130668820972e-9,21.25,21.75,21.559702692338984,21.333333333333332,21.529566360052563,0,
29,robust,square,0.25,7,0.5,139,672,27.756866920739412,28.1,28,1,1,1.779639768884067e-10,27.25,28,28.088419400307068,28.444444444444443,28.102915951972555,0,
29,robust,square,0.25,7,0.5,140,672,23.857972618192434,23.65,24,1,1,2.4440449664098196e-12,24,23.75,23.651852855497154,23.272727272727273,23.608069164265128,0,
29,robust,square,0.25,7,0.5,141,672,23.053902234882116,23.1,23.5,1,1,7.035483307049617e-13,23.5,22.75,23.08449870156213,23.272727272727273,23.07605633802817,0,
29,robust,square,0.25,7,0.5,142,672,23.884054051712155,23.95,24,1,1,2.609768068317919e-9,23.75,23.75,23.95648691151754,23.272727272727273,23.988286969253295,0,
29,robust,square,0.25,7,0.5,143,672,23.40243554674089,23.4,23.5,1,1,3.461675390781238e-12,23.5,23.5,23.38029282080465,23.272727272727273,23.405714285714286,0,
29,robust,square,0.25,7,0.5,144,672,25.80997926928103,25.9,25.75,1,1,2.247979580261017e-12,25.75,25.75,25.88942979246274,25.6,25.88309636650869,0,
29,robust,square,0.25,7,0.5,145,672,25.024693926796317,25.1,25,1,1,1.6476109365726188e-10,25,25,25.0789228945276,25.6,25.051987767584098,0,
29,robust,square,0.25,7,0.5,146,672,27.88480311073363,28.05,28,1,1,3.129651290345592e-7,28,27.75,28.068511166496858,28.444444444444443,28.151202749140893,0,
29,robust,square,0.25,7,0.5,147,672,27.7253806181252,27.55,27.75,1,1,5.749033471502685e-10,27.75,27.75,27.56689746879238,28.444444444444443,27.62900505902192,0,
29,robust,square,0.25,7,0.5,148,672,25.207600010558963,25.35,25,1,1,1.6656853674135164e-10,25,25.75,25.349998918553585,25.6,25.362229102167184,0,
29,robust,square,0.25,7,0.5,149,672,24.211207080632448,24.4,24.25,1,1,1.2152501227546963e-12,24.25,24.25,24.38358729814184,23.272727272727273,24.38095238095238,0,
29,robust,square,0.25,7,0.5,150,672,22.805523367598653,22.7,22.75,1,1,6.972200594645983e-14,22.75,22.75,22.67293758222217,23.272727272727273,22.723994452149793,0,
29,robust,square,0.25,7,0.5,151,672,22.682876866310835,22.7,22.75,1,1,2.5357493882438575e-13,22.5,22.75,22.69191111714811,23.272727272727273,22.723994452149793,0,
29,robust,square,0.25,7,0.5,152,672,20.265088383108377,20.4,20.5,1,1,1.4159784456069247e-11,20.5,20.5,20.404500323538294,19.692307692307693,20.40348692403487,0,
29,robust,square,0.25,7,0.5,153,672,21.829865261912346,21.7,21.75,1,1,7.601252960398597e-11,21.75,22,21.721118020149994,21.333333333333332,21.72944297082228,0,
29,robust,square,0.25,7,0.5,154,672,20.6658747009933,20.55,20.5,1,1,1.1102230246251565e-14,20.5,20.5,20.539981447713284,21.333333333333332,20.531328320802004,0,
29,robust,square,0.25,7,0.5,155,672,24.544655041769147,24.45,24.5,1,1,4.356071059419264e-12,24.5,24.75,24.437571554044137,25.6,24.490284005979074,0,
29,robust,square,0.25,7,0.5,156,672,23.35022898390889,23.05,24.25,1,1,2.3890693978678712e-8,23.25,23.25,23.06916308712115,23.272727272727273,23.07605633802817,0,
29,robust,square,0.25,7,0.5,157,672,27.873991480097175,27.9,28,1,1,1.145163538440741e-7,28,27.75,27.916286763628364,28.444444444444443,27.816638370118845,0,
29,robust,square,0.25,7,0.5,158,672,26.75753658823669,26.4,26.75,1,1,1.5362738181590174e-7,26.25,26.5,26.41391636002044,25.6,26.468497576736674,0,
29,robust,square,0.25,7,0.5,159,672,21.369575107470155,21.35,21,1,1,1.3866685577568205e-13,21,21.25,21.373976210665415,21.333333333333332,21.416993464052286,0,
29,robust,square,0.25,7,0.5,160,672,22.39634470641613,22.25,22.5,1,1,4.621205818011731e-8,22.5,22.75,22.262340785002625,23.272727272727273,22.321525885558582,0,
29,robust,square,0.25,7,0.5,161,672,26.33787453174591,26.4,26.5,1,1,1.0626122204371313e-10,26.5,26.25,26.37888429071403,25.6,26.383252818035427,0,
29,robust,square,0.25,7,0.5,162,672,21.078065304085612,21.25,21.25,1,1,7.771561172376096e-16,21.25,21,21.23662090391225,21.333333333333332,21.195342820181114,0,
29,robust,square,0.25,7,0.5,163,672,21.808936463668942,21.85,21.75,1,1,5.995204332975845e-15,21.75,21.75,21.826088759115834,21.333333333333332,21.81624500665779,0,
29,robust,square,0.25,7,0.5,164,672,26.63262422196567,26.8,26.5,1,1,1.7804503427143459e-9,26.5,26.5,26.793840886786878,25.6,26.77124183006536,0,
29,robust,square,0.25,7,0.5,165,672,25.915879994630814,26.15,25.75,1,1,1.68829561442152e-7,25.75,27.25,26.13761535112075,25.6,26.2144,0,
29,robust,square,0.25,7,0.5,166,672,27.47090899758041,27.5,27.5,1,1,2.303448543017339e-10,27.5,27.5,27.503289800009476,28.444444444444443,27.58249158249158,0,
29,robust,square,0.25,7,0.5,167,672,20.05449896492064,19.9,20,1,1,9.617517893190097e-11,20,20.75,19.887923807316675,19.692307692307693,19.907654921020654,0,
29,robust,square,0.25,7,0.5,168,672,23.878514094278216,23.85,23.75,1,1,1.7741363933510002e-13,23.75,23.75,23.84786111952707,23.272727272727273,23.779390420899855,0,
29,robust,square,0.25,7,0.5,169,672,27.094073962420225,27.15,27.25,1,1,5.764759003490383e-9,27.25,27,27.159257042962633,28.444444444444443,27.170812603648425,0,
29,robust,square,0.25,7,0.5,170,672,21.752918053418398,21.7,22,1,1,2.1380211390198411e-7,22,21.25,21.7213916983233,21.333333333333332,21.72944297082228,0,
29,robust,square,0.25,7,0.5,171,672,22.707300286740065,22.5,22.5,1,1,1.842044816680044e-8,22.5,22.75,22.506342675085744,23.272727272727273,22.505494505494507,0,
29,robust,square,0.25,7,0.5,172,672,21.092649552971125,21.1,21,1,1,2.1142483319636085e-9,21,21,21.092595790892396,21.333333333333332,21.086229086229086,0,
29,robust,square,0.25,7,0.5,173,672,26.06597181595862,26.15,26.25,1,1,3.439915019498585e-12,26.25,26,26.139606984855337,25.6,26.2144,0,
29,robust,square,0.25,7,0.5,174,672,24.872488047927618,24.9,25,1,1,7.950031744030639e-10,25,25,24.891531920621066,25.6,24.89969604863222,0,
29,robust,square,0.25,7,0.5,175,672,25.758516933768988,26.200000000000003,26,1,1,1.0802470029602773e-13,26,26,26.189090317191805,25.6,26.256410256410255,0,
29,robust,square,0.25,7,0.5,176,672,20.907429214566946,20.85,21,1,1,1.2749672650969046e-8,21,27.75,20.833354298669075,21.333333333333332,20.818297331639137,0,
29,robust,square,0.25,7,0.5,177,672,24.322360893711448,24.25,24.75,1,1,1.6901768873367473e-10,24.75,24.25,24.27461996089882,23.272727272727273,24.344725111441306,0,
29,robust,square,0.25,7,0.5,178,672,22.38507735915482,22.4,22.75,1,1,4.206190951094868e-12,22.75,22.25,22.402709739845285,23.272727272727273,22.382513661202186,0,
29,robust,square,0.25,7,0.5,179,672,26.781242057681084,26.75,27,1,1,3.891630240282495e-9,27,27,26.74204443949016,25.6,26.72756933115824,0,
29,robust,square,0.25,7,0.5,180,672,22.410431725904346,22.45,22.5,1,1,4.376277118467442e-12,22.5,22.5,22.447772391386525,23.272727272727273,22.443835616438356,0,
29,robust,square,0.25,7,0.5,181,672,26.26682163402438,26.3,26.25,1,1,5.021503035607111e-7,26.25,26.75,26.31415954448435,25.6,26.340836012861736,0,
29,robust,square,0.25,7,0.5,182,672,24.283992487937212,24.15,24.25,1,1,1.5211083093102928e-7,24.25,24.25,24.145646017889458,23.272727272727273,24.058737151248163,0,
29,robust,square,0.25,7,0.5,183,672,24.103223375976086,23.95,24.25,1,1,3.929856440265667e-12,24.25,24.25,23.92696051289391,23.272727272727273,23.848617176128094,0,
29,robust,square,0.25,7,0.5,184,672,25.078290097415447,25.1,25,1,1,4.623412763749002e-12,25,25,25.102317245433586,25.6,25.090352220520675,0,
29,robust,square,0.25,7,0.5,185,672,27.84009675309062,27.6,28,1,1,3.356963595990692e-10,28,28,27.611499395450625,28.444444444444443,27.536134453781514,0,
29,robust,square,0.25,7,0.5,186,672,24.84477448090911,25,25,1,1,8.169021015191902e-13,25,25,25.015104444858324,25.6,25.013740458015267,0,
29,robust,square,0.25,7,0.5,187,672,23.64113249257207,23.6,23.75,1,1,3.8906655674963986e-12,23.75,23.75,23.601035190090723,23.272727272727273,23.57410071942446,0,
29,robust,square,0.25,7,0.5,188,672,21.79415139555931,21.6,21.75,1,1,3.219646771412954e-15,21.75,21.75,21.5956459579534,21.333333333333332,21.614775725593667,0,
29,robust,square,0.25,7,0.5,189,672,24.74632320739329,25.2,24.75,1,1,7.699396675775461e-13,24.75,24.75,25.19569604765163,25.6,25.167434715821813,0,
29,robust,square,0.25,7,0.5,190,672,27.265702148899436,27.35,27.5,1,1,1.3028023104766362e-11,27.5,26.25,27.316483672128705,28.444444444444443,27.261231281198004,0,
29,robust,square,0.25,7,0.5,191,672,23.991840006783605,23.95,24,1,1,4.903533135092175e-11,24,24,23.931711547109014,23.272727272727273,23.88338192419825,0,
29,robust,square,0.25,7,0.5,192,672,23.263055935502052,23.3,23.25,1,1,1.0372813719072838e-12,23.25,23.75,23.288320488744123,23.272727272727273,23.272727272727273,0,
29,robust,square,0.25,7,0.5,193,672,26.239780977368355,26.200000000000003,26.25,1,1,3.672950832367405e-12,26.25,26,26.20920011135703,25.6,26.130781499202552,0,
29,robust,square,0.25,7,0.5,194,672,25.70320551842451,25.65,25.75,1,1,1.3877121673999682e-11,25.75,25.75,25.675646241529478,25.6,25.640062597809077,0,
29,robust,square,0.25,7,0.5,195,672,22.736120270565152,22.85,22.75,1,1,2.7755575615628914e-15,22.75,23.75,22.840728808038875,23.272727272727273,22.88268156424581,0,
29,robust,square,0.25,7,0.5,196,672,25.189232029020786,25.1,25,1,1,5.448086426440568e-12,25,25.25,25.11282878090987,25.6,25.090352220520675,0,
29,robust,square,0.25,7,0.5,197,672,25.925082748755813,26.15,26,1,1,1.652011860642233e-13,26,26,26.131062203722287,25.6,26.17252396166134,0,
29,robust,square,0.25,7,0.5,198,672,21.718951743096113,21.6,21.75,1,1,1.3343551263922393e-8,21.75,21.75,21.58261641249442,21.333333333333332,21.586297760210805,0,
29,robust,square,0.25,7,0.5,199,672,27.625559313222766,27.35,27.25,1,1,2.5716711204992748e-8,27.25,27.25,27.341408124874434,28.444444444444443,27.261231281198004,0,
35,robust,pulse25,0.25,7,2,0,672,22.628764430060983,22.55,22.5,1,1,0,22.5,22.75,22.572952158037197,23.272727272727273,22.59862068965517,0,
35,robust,pulse25,0.25,7,2,1,672,24.078097987920046,24.2,24,1,1,0,24,23.75,24.222797053529547,23.272727272727273,24.16519174041298,0,
35,robust,pulse25,0.25,7,2,2,672,23.496700260788202,23.4,23.5,1,1,0,23.5,23.5,23.42181628755397,23.272727272727273,23.43919885550787,0,
35,robust,pulse25,0.25,7,2,3,672,27.0209782384336,27.200000000000003,27,1,1,0,27,27,27.196779203386285,28.444444444444443,27.21594684385382,0,
35,robust,pulse25,0.25,7,2,4,672,24.780621202662587,24.8,24.75,1,1,0,24.75,24.75,24.784987844866134,25.6,24.786686838124055,0,
35,robust,pulse25,0.25,7,2,5,672,21.038769088685513,21.15,21,1,1,0,21,21,21.129516749296968,21.333333333333332,21.11340206185567,0,
35,robust,pulse25,0.25,7,2,6,672,21.278563130646944,21.25,21.25,1,1,0,21.25,21.25,21.23878610854985,21.333333333333332,21.250324254215304,0,
35,robust,pulse25,0.25,7,2,7,672,25.960917457938194,25.9,26,1,1,0,26,26,25.891345410951065,25.6,25.924050632911392,0,
35,robust,pulse25,0.25,7,2,8,672,25.56943885795772,25.55,25.5,1,1,0,25.5,25.5,25.550888391397322,25.6,25.6,0,
35,robust,pulse25,0.25,7,2,9,672,24.862240377813578,24.95,24.75,1,1,0,24.75,24.75,24.971211766898524,25.6,24.975609756097562,0,
35,robust,pulse25,0.25,7,2,10,672,24.467436963692307,24.4,24.5,1,1,0,24.5,24.5,24.387520895697754,25.6,24.417287630402384,0,
35,robust,pulse25,0.25,7,2,11,672,20.007366148754954,20.05,20,1,1,0,20,20,20.055875813897572,19.692307692307693,20.053855569155445,0,
35,robust,pulse25,0.25,7,2,12,672,24.321917198598385,24.3,24.25,1,1,0,24.25,24.25,24.275858359713578,23.272727272727273,24.344725111441306,0,
35,robust,pulse25,0.25,7,2,13,672,27.309103390201926,27.3,27.25,1,1,0,27.25,27.25,27.301699189840544,28.444444444444443,27.352253756260435,0,
35,robust,pulse25,0.25,7,2,14,672,20.23630139231682,20.25,20.25,1,1,0,20.25,20.25,20.244644059776405,19.692307692307693,20.252163164400493,0,
35,robust,pulse25,0.25,7,2,15,672,23.236545879393816,23.35,23.25,1,1,0,23.25,23.25,23.332130704041408,23.272727272727273,23.33903133903134,0,
35,robust,pulse25,0.25,7,2,16,672,20.7981351390481,20.8,20.75,1,1,0,20.75,20.75,20.7871194085446,21.333333333333332,20.79187817258883,0,
35,robust,pulse25,0.25,7,2,17,672,23.25964456051588,23.2,23.25,1,1,0,23.25,23.25,23.176198327768493,23.272727272727273,23.173974540311175,0,
35,robust,pulse25,0.25,7,2,18,672,20.2614483833313,20.2,20.25,1,1,0,20.25,20.25,20.193024817190135,19.692307692307693,20.177339901477833,0,
35,robust,pulse25,0.25,7,2,19,672,26.24897350370884,26.3,26.25,1,1,0,26.25,26.25,26.309569104187066,25.6,26.2144,0,
35,robust,pulse25,0.25,7,2,20,672,23.59908157028258,23.75,23.5,1,1,0,23.5,23.5,23.728149466509148,23.272727272727273,23.67630057803468,0,
35,robust,pulse25,0.25,7,2,21,672,27.692807588726282,27.5,27.75,1,1,0,27.75,27.75,27.49877164361406,28.444444444444443,27.48993288590604,0,
35,robust,pulse25,0.25,7,2,22,672,24.35755417495966,24.4,24.25,1,1,0,24.25,24.5,24.41348636042777,25.6,24.453731343283582,0,
35,robust,pulse25,0.25,7,2,23,672,21.811605716124177,21.75,21.75,1,1,0,21.75,21.75,21.727649138719194,21.333333333333332,21.72944297082228,0,
35,robust,pulse25,0.25,7,2,24,672,25.067706882953644,24.95,25,1,1,0,25,25,24.95819330650486,25.6,24.93759512937595,0,
35,robust,pulse25,0.25,7,2,25,672,24.693442348390818,24.65,24.75,1,1,0,24.75,24.75,24.647758484282264,25.6,24.637593984962407,0,
35,robust,pulse25,0.25,7,2,26,672,21.921274170279503,21.95,22,1,1,0,22,22,21.97653962445798,21.333333333333332,21.99194630872483,0,
35,robust,pulse25,0.25,7,2,27,672,25.057360261678696,25.25,25,1,1,0,25,25,25.240717101816685,25.6,25.244992295839754,0,
35,robust,pulse25,0.25,7,2,28,672,20.61024496331811,20.7,20.5,1,1,0,20.5,20.75,20.717103527945273,21.333333333333332,20.713021491782555,0,
35,robust,pulse25,0.25,7,2,29,672,22.640848245471716,22.6,22.75,1,1,0,22.75,22.75,22.609903377615268,23.272727272727273,22.661134163208853,0,
35,robust,pulse25,0.25,7,2,30,672,20.724823590368032,20.8,20.75,1,1,0,20.75,20.75,20.82031983716004,21.333333333333332,20.79187817258883,0,
35,robust,pulse25,0.25,7,2,31,672,23.088917383924127,23.1,23,1,1,0,23,23,23.08790228485358,23.272727272727273,23.07605633802817,0,
35,robust,pulse25,0.25,7,2,32,672,23.632627598941326,23.75,23.75,1,1,0,23.75,23.75,23.752160606438494,23.272727272727273,23.779390420899855,0,
35,robust,pulse25,0.25,7,2,33,672,27.30052775889635,27.4,27.25,1,1,0,27.25,27.25,27.409673601753287,28.444444444444443,27.352253756260435,0,
35,robust,pulse25,0.25,7,2,34,672,20.441418511793017,20.35,20.5,1,1,0,20.5,20.5,20.3590907878799,19.692307692307693,20.3527950310559,0,
35,robust,pulse25,0.25,7,2,35,672,24.697141848504543,24.65,24.75,1,1,0,24.75,24.75,24.671711123300835,25.6,24.71191553544495,0,
35,robust,pulse25,0.25,7,2,36,672,22.827362921088934,22.85,22.75,1,1,0,22.75,22.75,22.855307552311867,23.272727272727273,22.850767085076708,0,
35,robust,pulse25,0.25,7,2,37,672,26.3939151763916,26.35,26.5,1,1,0,26.5,26.5,26.33380995786511,25.6,26.383252818035427,0,
35,robust,pulse25,0.25,7,2,38,672,22.7584379427135,22.8,22.75,1,1,0,22.75,22.75,22.789785207305176,23.272727272727273,22.755555555555556,0,
35,robust,pulse25,0.25,7,2,39,672,20.088627085089684,20.15,20,1,1,0,20,20,20.149581567641025,19.692307692307693,20.127764127764127,0,
35,robust,pulse25,0.25,7,2,40,672,23.13066372461617,23.2,23.25,1,1,0,23,23,23.21070698382171,23.272727272727273,23.206798866855525,0,
35,robust,pulse25,0.25,7,2,41,672,20.31461350247264,20.45,20.25,1,1,0,20.25,20.5,20.44861336895729,19.692307692307693,20.454431960049938,0,
35,robust,pulse25,0.25,7,2,42,672,21.75561858341098,21.75,21.75,1,1,0,21.75,21.75,21.762176751528546,21.333333333333332,21.758300132802123,0,
35,robust,pulse25,0.25,7,2,43,672,22.379092501476407,22.45,22.25,1,1,0,22.25,22.25,22.47231575002955,23.272727272727273,22.443835616438356,0,
35,robust,pulse25,0.25,7,2,44,672,27.052595775574446,27.1,27,1,1,0,27,27,27.10760200626353,28.444444444444443,27.125827814569536,0,
35,robust,pulse25,0.25,7,2,45,672,23.380205120891333,23.6,23.5,1,1,0,23.5,23.5,23.579103671259226,23.272727272727273,23.54022988505747,0,
35,robust,pulse25,0.25,7,2,46,672,27.870202049613,27.700000000000003,27.75,1,1,0,27.75,28,27.695042188411563,28.444444444444443,27.722504230118442,0,
35,robust,pulse25,0.25,7,2,47,672,27.492120457813144,27.6,27.5,1,1,0,27.5,27.5,27.578436096199926,28.444444444444443,27.48993288590604,0,
35,robust,pulse25,0.25,7,2,48,672,24.307893315330148,24.25,24.25,1,1,0,24.25,24.25,24.243704358877924,23.272727272727273,24.27259259259259,0,
35,robust,pulse25,0.25,7,2,49,672,23.308039519935846,23.25,23.25,1,1,0,23.25,23.25,23.24707340758285,23.272727272727273,23.272727272727273,0,
35,robust,pulse25,0.25,7,2,50,672,24.737255746498704,24.95,24.75,1,1,0,24.75,24.75,24.949668318132055,25.6,24.93759512937595,0,
35,robust,pulse25,0.25,7,2,51,672,27.595461077988148,27.700000000000003,27.5,1,1,0,27.5,27.5,27.718433506891525,28.444444444444443,27.62900505902192,0,
35,robust,pulse25,0.25,7,2,52,672,23.155996507033706,23.1,23.25,1,1,0,23.25,23.25,23.087603561256525,23.272727272727273,23.108603667136812,0,
35,robust,pulse25,0.25,7,2,53,672,27.388409366831183,27.55,27.25,1,1,0,27.25,27.25,27.531946164147264,28.444444444444443,27.62900505902192,0,
35,robust,pulse25,0.25,7,2,54,672,23.75170753337443,23.65,23.75,1,1,0,23.75,23.75,23.637277329813536,23.272727272727273,23.608069164265128,0,
35,robust,pulse25,0.25,7,2,55,672,22.261611940339208,22.2,22.25,1,1,0,22.25,22.25,22.210516548891405,21.333333333333332,22.230664857530527,0,
35,robust,pulse25,0.25,7,2,56,672,26.594261653721333,26.5,26.5,1,1,0,26.5,26.75,26.510823282654286,25.6,26.511326860841425,0,
35,robust,pulse25,0.25,7,2,57,672,22.475360678508878,22.5,22.5,1,1,0,22.5,22.5,22.499044999589092,23.272727272727273,22.443835616438356,0,
35,robust,pulse25,0.25,7,2,58,672,25.259132800623775,25.3,25.25,1,1,0,25.25,25.25,25.320347665343547,25.6,25.28395061728395,0,
35,robust,pulse25,0.25,7,2,59,672,24.88757232390344,24.9,25,1,1,0,24.75,25,24.917955190055785,25.6,24.89969604863222,0,
35,robust,pulse25,0.25,7,2,60,672,26.207914028316736,26.15,26.25,1,1,0,26.25,26.25,26.12831209441544,25.6,26.089171974522294,0,
35,robust,pulse25,0.25,7,2,61,672,21.639531200751662,21.65,21.5,1,1,0,21.5,21.75,21.636737820773906,21.333333333333332,21.64332892998679,0,
35,robust,pulse25,0.25,7,2,62,672,22.9566638097167,23,23,1,1,0,23,23,22.9755372305724,23.272727272727273,23.01123595505618,0,
35,robust,pulse25,0.25,7,2,63,672,20.649228312075138,20.7,20.75,1,1,0,20.5,20.5,20.719859403136436,21.333333333333332,20.68686868686869,0,
35,robust,pulse25,0.25,7,2,64,672,24.081923773512244,23.9,24,1,1,0,24,24,23.912772967217037,23.272727272727273,23.953216374269005,0,
35,robust,pulse25,0.25,7,2,65,672,21.283033035695553,21.25,21.25,1,1,0,21.25,21.25,21.260019305431005,21.333333333333332,21.30559167750325,0,
35,robust,pulse25,0.25,7,2,66,672,20.15058663673699,20.15,20.25,1,1,0,20.25,20.25,20.14578107803902,19.692307692307693,20.177339901477833,0,
35,robust,pulse25,0.25,7,2,67,672,23.674378853291273,23.65,23.75,1,1,0,23.75,23.75,23.664037346386277,23.272727272727273,23.642135642135642,0,
35,robust,pulse25,0.25,7,2,68,672,22.061900790780783,22.1,22,1,1,0,22,22,22.123401935880437,21.333333333333332,22.080862533692724,0,
35,robust,pulse25,0.25,7,2,69,672,25.44292156212032,25.35,25.5,1,1,0,25.5,25.5,25.358054915658126,25.6,25.28395061728395,0,
35,robust,pulse25,0.25,7,2,70,672,24.065444141626358,24,24,1,1,0,24,24,24.01045790339034,23.272727272727273,24.058737151248163,0,
35,robust,pulse25,0.25,7,2,71,672,22.772728772833943,22.7,22.75,1,1,0,22.75,22.75,22.707573428754735,23.272727272727273,22.661134163208853,0,
35,robust,pulse25,0.25,7,2,72,672,21.04213527776301,21,21,1,1,0,21,21,21.010177027857768,21.333333333333332,21.005128205128205,0,
35,robust,pulse25,0.25,7,2,73,672,23.943322816863656,23.8,24,1,1,0,24,24,23.774026868377295,23.272727272727273,23.744927536231884,0,
35,robust,pulse25,0.25,7,2,74,672,20.518048990517855,20.5,20.5,1,1,0,20.5,20.5,20.489995198871284,21.333333333333332,20.48,0,
35,robust,pulse25,0.25,7,2,75,672,25.112717619165778,25.05,25,1,1,0,25,25,25.045928538568557,25.6,25.051987767584098,0,
35,robust,pulse25,0.25,7,2,76,672,21.072755010798573,21.1,21,1,1,0,21,21,21.079785966702755,21.333333333333332,21.03209242618742,0,
35,robust,pulse25,0.25,7,2,77,672,23.914085241034627,24.05,24,1,1,0,24,23.75,24.03151159920061,23.272727272727273,23.988286969253295,0,
35,robust,pulse25,0.25,7,2,78,672,20.816952733322978,20.95,20.75,1,1,0,20.75,20.75,20.973072860617002,21.333333333333332,20.95140664961637,0,
35,robust,pulse25,0.25,7,2,79,672,26.433734023943543,26.25,26.5,1,1,0,26.5,26.5,26.2488111396952,25.6,26.340836012861736,0,
35,robust,pulse25,0.25,7,2,80,672,26.024928467348218,26.05,26,1,1,0,26,26,26.0514233846922,25.6,25.96513470681458,0,
35,robust,pulse25,0.25,7,2,81,672,23.21674082055688,23.25,23.25,1,1,0,23.25,23.25,23.226417363796433,23.272727272727273,23.23971631205674,0,
35,robust,pulse25,0.25,7,2,82,672,20.825716137886047,20.9,20.75,1,1,0,20.75,20.75,20.90092085591895,21.333333333333332,20.897959183673468,0,
35,robust,pulse25,0.25,7,2,83,672,24.690091740339994,24.65,24.75,1,1,0,24.75,24.75,24.65403232698876,25.6,24.637593984962407,0,
35,robust,pulse25,0.25,7,2,84,672,24.9460345543921,25,25,1,1,0,25,25,25.010784478126634,25.6,25.013740458015267,0,
35,robust,pulse25,0.25,7,2,85,672,24.282061256468296,24.3,24.25,1,1,0,24.25,24.25,24.317793626144667,23.272727272727273,24.236686390532544,0,
35,robust,pulse25,0.25,7,2,86,672,22.31368851289153,22.3,22.25,1,1,0,22.25,22.25,22.295932408488348,23.272727272727273,22.351978171896317,0,
35,robust,pulse25,0.25,7,2,87,672,20.032149024307728,20,20,1,1,0,20,20,19.98465258477754,19.692307692307693,20.004884004884005,0,
35,robust,pulse25,0.25,7,2,88,672,26.356386048719287,26.3,26.25,1,1,0,26.25,26.25,26.287574189330638,25.6,26.256410256410255,0,
35,robust,pulse25,0.25,7,2,89,672,25.717435283586383,25.6,25.75,1,1,0,25.75,25.75,25.614124632973272,25.6,25.68025078369906,0,
35,robust,pulse25,0.25,7,2,90,672,21.85293824225664,21.9,22,1,1,0,22,21.75,21.885496359486222,21.333333333333332,21.874499332443257,0,
35,robust,pulse25,0.25,7,2,91,672,27.368186431005597,27.200000000000003,27.25,1,1,0,27.25,27.25,27.18460168918644,28.444444444444443,27.170812603648425,0,
35,robust,pulse25,0.25,7,2,92,672,23.64156419225037,23.7,23.75,1,1,0,23.5,23.75,23.691691920703075,23.272727272727273,23.642135642135642,0,
35,robust,pulse25,0.25,7,2,93,672,20.785946747288108,20.7,20.75,1,1,0,20.75,20.75,20.720897629861735,21.333333333333332,20.739240506329114,0,
35,robust,pulse25,0.25,7,2,94,672,22.540188994258642,22.5,22.5,1,1,0,22.5,22.5,22.520926542473507,23.272727272727273,22.56749311294766,0,
35,robust,pulse25,0.25,7,2,95,672,24.478347139433026,24.5,24.5,1,1,0,24.5,24.5,24.512060434187344,25.6,24.526946107784433,0,
35,robust,pulse25,0.25,7,2,96,672,20.89980712532997,21,21,1,1,0,21,20.75,21.01316910070456,21.333333333333332,20.978233034571062,0,
35,robust,pulse25,0.25,7,2,97,672,20.852515138685703,20.8,20.75,1,1,0,20.75,21,20.79381558456998,21.333333333333332,20.844783715012724,0,
35,robust,pulse25,0.25,7,2,98,672,22.35823494195938,22.4,22.25,1,1,0,22.25,22.25,22.380410599025044,23.272727272727273,22.321525885558582,0,
35,robust,pulse25,0.25,7,2,99,672,23.210779786109924,23.2,23.25,1,1,0,23.25,23.25,23.17054856751545,23.272727272727273,23.173974540311175,0,
35,robust,pulse25,0.25,7,2,100,672,20.00250876508653,19.9,20,1,1,0,20,20,19.88309425969909,19.692307692307693,19.83535108958838,0,
35,robust,pulse25,0.25,7,2,101,672,25.900310922414064,25.9,26,1,1,0,26,26,25.91526304794477,25.6,25.96513470681458,0,
35,robust,pulse25,0.25,7,2,102,672,22.959736036136746,23,23,1,1,0,23,23,22.992760824003675,23.272727272727273,22.978962131837307,0,
35,robust,pulse25,0.25,7,2,103,672,24.053914474323392,24.2,24,1,1,0,24,23.75,24.221524240612574,23.272727272727273,24.16519174041298,0,
35,robust,pulse25,0.25,7,2,104,672,21.145205600187182,21.25,21.25,1,1,0,21.25,21,21.251103381795136,21.333333333333332,21.22279792746114,0,
35,robust,pulse25,0.25,7,2,105,672,25.870541624724865,25.85,25.75,1,1,0,25.75,26,25.82754294460013,25.6,25.88309636650869,0,
35,robust,pulse25,0.25,7,2,106,672,26.19228141568601,26.3,26.25,1,1,0,26.25,26.25,26.281500909891317,25.6,26.340836012861736,0,
35,robust,pulse25,0.25,7,2,107,672,26.855518329888582,27,27,1,1,0,26.75,27,27.018432721193395,28.444444444444443,27.036303630363037,0,
35,robust,pulse25,0.25,7,2,108,672,27.95550192706287,28.05,28,1,1,0,28,28,28.06034773055806,28.444444444444443,28.151202749140893,0,
35,robust,pulse25,0.25,7,2,109,672,26.114979602396488,26.15,26.25,1,1,0,26.25,26.25,26.15017801470274,25.6,26.089171974522294,0,
35,robust,pulse25,0.25,7,2,110,672,24.263207226991653,24.1,24.25,1,1,0,24.25,24.25,24.079771136509244,23.272727272727273,23.988286969253295,0,
35,robust,pulse25,0.25,7,2,111,672,23.63280268572271,23.6,23.75,1,1,0,23.75,23.75,23.613155022340745,23.272727272727273,23.642135642135642,0,
35,robust,pulse25,0.25,7,2,112,672,21.200906125828624,21.25,21.25,1,1,0,21.25,21.25,21.274110607566115,21.333333333333332,21.277922077922078,0,
35,robust,pulse25,0.25,7,2,113,672,21.011680783703923,21.1,21,1,1,0,21,21,21.094945503303308,21.333333333333332,21.05912596401028,0,
35,robust,pulse25,0.25,7,2,114,672,24.06122635677457,24.05,24,1,1,0,24,24,24.044849267126512,23.272727272727273,24.094117647058823,0,
35,robust,pulse25,0.25,7,2,115,672,23.02422891370952,23,23,1,1,0,23,23,22.979313717718956,23.272727272727273,23.01123595505618,0,
35,robust,pulse25,0.25,7,2,116,672,23.412475487217307,23.45,23.5,1,1,0,23.5,23.5,23.455055142222992,23.272727272727273,23.43919885550787,0,
35,robust,pulse25,0.25,7,2,117,672,27.171137180179358,26.950000000000003,27.25,1,1,0,27.25,27.25,26.93928492105265,25.6,26.94736842105263,0,
35,robust,pulse25,0.25,7,2,118,672,26.516777211800218,26.6,26.5,1,1,0,26.5,26.5,26.619835894131317,25.6,26.5974025974026,0,
35,robust,pulse25,0.25,7,2,119,672,27.364228434860706,27.25,27.5,1,1,0,27.25,27.25,27.22498649643906,28.444444444444443,27.21594684385382,0,
35,robust,pulse25,0.25,7,2,120,672,23.76294818893075,23.8,23.75,1,1,0,23.75,23.75,23.82076755067988,23.272727272727273,23.779390420899855,0,
35,robust,pulse25,0.25,7,2,121,672,24.337087774649262,24.35,24.25,1,1,0,24.25,24.25,24.34924222603493,25.6,24.417287630402384,0,
35,robust,pulse25,0.25,7,2,122,672,23.106946256011724,23.15,23,1,1,0,23,23,23.12751307264563,23.272727272727273,23.108603667136812,0,
35,robust,pulse25,0.25,7,2,123,672,24.64968303218484,24.6,24.75,1,1,0,24.75,24.75,24.609516434212885,25.6,24.637593984962407,0,
35,robust,pulse25,0.25,7,2,124,672,26.778225800022483,26.9,26.75,1,1,0,26.75,26.75,26.890780276425556,25.6,26.90311986863711,0,
35,robust,pulse25,0.25,7,2,125,672,27.03945467621088,27.05,27,1,1,0,27,27,27.060003056858005,28.444444444444443,27.036303630363037,0,
35,robust,pulse25,0.25,7,2,126,672,21.430614668875933,21.45,21.5,1,1,0,21.5,21.5,21.475737150185847,21.333333333333332,21.445026178010473,0,
35,robust,pulse25,0.25,7,2,127,672,25.267582215368748,25.15,25.25,1,1,0,25.25,25.25,25.166269382170476,25.6,25.12883435582822,0,
35,robust,pulse25,0.25,7,2,128,672,23.465153269469738,23.35,23.5,1,1,0,23.5,23.5,23.33820040639765,23.272727272727273,23.33903133903134,0,
35,robust,pulse25,0.25,7,2,129,672,21.07677678577602,21.15,21,1,1,0,21,21,21.150820093897075,21.333333333333332,21.16795865633075,0,
35,robust,pulse25,0.25,7,2,130,672,21.21830254420638,21.15,21.25,1,1,0,21.25,21.25,21.175637679988835,21.333333333333332,21.16795865633075,0,
35,robust,pulse25,0.25,7,2,131,672,22.222337566316128,22.25,22.25,1,1,0,22.25,22.25,22.229077591061085,21.333333333333332,22.170500676589988,0,
35,robust,pulse25,0.25,7,2,132,672,26.460233995690942,26.450000000000003,26.5,1,1,0,26.5,26.5,26.437531541145955,25.6,26.425806451612903,0,
35,robust,pulse25,0.25,7,2,133,672,22.959729220718145,23,23,1,1,0,23,23,22.97638407866841,23.272727272727273,22.946778711484594,0,
35,robust,pulse25,0.25,7,2,134,672,26.38772822357714,26.3,26.5,1,1,0,26.5,26.25,26.300576119167264,25.6,26.383252818035427,0,
35,robust,pulse25,0.25,7,2,135,672,27.730438942089677,27.65,27.75,1,1,0,27.75,27.75,27.67087296278691,28.444444444444443,27.769491525423728,0,
35,robust,pulse25,0.25,7,2,136,672,27.178657868877053,27.200000000000003,27.25,1,1,0,27.25,27.25,27.214546236636238,28.444444444444443,27.21594684385382,0,
35,robust,pulse25,0.25,7,2,137,672,22.918211326003075,22.75,23,1,1,0,23,23,22.75062578855697,23.272727272727273,22.818941504178273,0,
35,robust,pulse25,0.25,7,2,138,672,27.889436971396208,27.950000000000003,28,1,1,0,28,28,27.959993520451203,28.444444444444443,28.054794520547944,0,
35,robust,pulse25,0.25,7,2,139,672,20.616596948355436,20.7,20.5,1,1,0,20.5,20.5,20.70447507747571,21.333333333333332,20.68686868686869,0,
35,robust,pulse25,0.25,7,2,140,672,27.309960566461086,27.35,27.25,1,1,0,27.25,27.25,27.330883509810985,28.444444444444443,27.30666666666667,0,
35,robust,pulse25,0.25,7,2,141,672,24.005814706906676,24.1,24,1,1,0,24,24,24.09484615280687,23.272727272727273,24.16519174041298,0,
35,robust,pulse25,0.25,7,2,142,672,24.665287990123034,24.55,24.75,1,1,0,24.75,24.75,24.539120150110598,25.6,24.526946107784433,0,
35,robust,pulse25,0.25,7,2,143,672,24.962199019268155,24.95,25,1,1,0,25,25,24.969584380896325,25.6,24.975609756097562,0,
35,robust,pulse25,0.25,7,2,144,672,24.7354595977813,24.65,24.75,1,1,0,24.75,24.75,24.667664256643583,25.6,24.674698795180724,0,
35,robust,pulse25,0.25,7,2,145,672,24.74750933982432,24.65,24.75,1,1,0,24.75,24.75,24.665862629511047,25.6,24.674698795180724,0,
35,robust,pulse25,0.25,7,2,146,672,24.747415421530604,24.75,24.75,1,1,0,24.75,24.75,24.7460992867511,25.6,24.749244712990937,0,
35,robust,pulse25,0.25,7,2,147,672,23.645719312131405,23.45,23.75,1,1,0,23.75,23.75,23.45700052553857,23.272727272727273,23.506456241033,0,
35,robust,pulse25,0.25,7,2,148,672,25.914667895063758,25.75,26,1,1,0,26,26,25.76393968582399,25.6,25.801574803149606,0,
35,robust,pulse25,0.25,7,2,149,672,20.204925037920475,20.3,20.25,1,1,0,20.25,20.25,20.28594646131229,19.692307692307693,20.302354399008674,0,
35,robust,pulse25,0.25,7,2,150,672,23.53844466805458,23.55,23.5,1,1,0,23.5,23.5,23.55933387052765,23.272727272727273,23.608069164265128,0,
35,robust,pulse25,0.25,7,2,151,672,27.888402115553617,28.200000000000003,28,1,1,0,28,27.75,28.198956093676255,28.444444444444443,28.102915951972555,0,
35,robust,pulse25,0.25,7,2,152,672,23.71121627651155,23.85,23.75,1,1,0,23.75,23.75,23.83997313633839,23.272727272727273,23.813953488372093,0,
35,robust,pulse25,0.25,7,2,153,672,27.799245964735746,27.700000000000003,27.75,1,1,0,27.75,28,27.724491269980074,28.444444444444443,27.816638370118845,0,
35,robust,pulse25,0.25,7,2,154,672,22.274627033621073,22.3,22.25,1,1,0,22.25,22.25,22.294715103046766,23.272727272727273,22.351978171896317,0,
35,robust,pulse25,0.25,7,2,155,672,20.011907944455743,20,20,1,1,0,20,20,20.02256187391758,19.692307692307693,20.004884004884005,0,
35,robust,pulse25,0.25,7,2,156,672,26.090515417978168,26.1,26.25,1,1,0,26,26.25,26.097307536411076,25.6,26.130781499202552,0,
35,robust,pulse25,0.25,7,2,157,672,27.226819034665823,27.1,27.25,1,1,0,27.25,27.25,27.10178785857135,28.444444444444443,27.125827814569536,0,
35,robust,pulse25,0.25,7,2,158,672,24.346975922584534,24.3,24.25,1,1,0,24.25,24.25,24.279263295800458,23.272727272727273,24.27259259259259,0,
35,robust,pulse25,0.25,7,2,159,672,25.752179319038987,25.65,25.75,1,1,0,25.75,25.75,25.625599319693418,25.6,25.5600624024961,0,
35,robust,pulse25,0.25,7,2,160,672,24.186608299613,24.15,24.25,1,1,0,24.25,24.25,24.157852318368708,23.272727272727273,24.094117647058823,0,
35,robust,pulse25,0.25,7,2,161,672,25.263800574466586,25.2,25.25,1,1,0,25.25,25.25,25.219880836824053,25.6,25.244992295839754,0,
35,robust,pulse25,0.25,7,2,162,672,24.80384862050414,24.75,24.75,1,1,0,24.75,24.75,24.729939876512844,25.6,24.749244712990937,0,
35,robust,pulse25,0.25,7,2,163,672,23.789683062583208,23.7,23.75,1,1,0,23.75,23.75,23.683167893948976,23.272727272727273,23.642135642135642,0,
35,robust,pulse25,0.25,7,2,164,672,20.95349050499499,20.95,21,1,1,0,21,21,20.95744900141278,21.333333333333332,20.924648786717754,0,
35,robust,pulse25,0.25,7,2,165,672,23.397451534867287,23.6,23.5,1,1,0,23.5,23.5,23.58678764130223,23.272727272727273,23.54022988505747,0,
35,robust,pulse25,0.25,7,2,166,672,21.28489156998694,21.25,21.25,1,1,0,21.25,21.25,21.271535952877112,21.333333333333332,21.30559167750325,0,
35,robust,pulse25,0.25,7,2,167,672,23.029324926435947,23,23,1,1,0,23,23,22.99598024128046,23.272727272727273,23.01123595505618,0,
35,robust,pulse25,0.25,7,2,168,672,24.867409793660045,24.8,25,1,1,0,24.75,25,24.781987331370168,25.6,24.786686838124055,0,
35,robust,pulse25,0.25,7,2,169,672,25.236849134787917,25.2,25.25,1,1,0,25.25,25.25,25.21472060635616,25.6,25.206153846153846,0,
35,robust,pulse25,0.25,7,2,170,672,26.06008532643318,26,26,1,1,0,26,26,26.010101150264124,25.6,26.006349206349206,0,
35,robust,pulse25,0.25,7,2,171,672,21.198809515684843,21.15,21.25,1,1,0,21.25,21.25,21.16001005142326,21.333333333333332,21.195342820181114,0,
35,robust,pulse25,0.25,7,2,172,672,27.917694067582488,27.9,28,1,1,0,28,28,27.910266003078064,28.444444444444443,28.006837606837607,0,
35,robust,pulse25,0.25,7,2,173,672,25.562729846686125,25.65,25.5,1,1,0,25.5,25.5,25.631771421701988,25.6,25.72056514913658,0,
35,robust,pulse25,0.25,7,2,174,672,24.74077553115785,24.65,24.75,1,1,0,24.75,24.75,24.67919692950995,25.6,24.674698795180724,0,
35,robust,pulse25,0.25,7,2,175,672,22.114462703466415,22.15,22,1,1,0,22,22,22.141810822320796,21.333333333333332,22.110661268556004,0,
35,robust,pulse25,0.25,7,2,176,672,24.566046725958586,24.55,24.5,1,1,0,24.5,24.5,24.537324022687372,25.6,24.526946107784433,0,
35,robust,pulse25,0.25,7,2,177,672,23.795983981341124,23.85,23.75,1,1,0,23.75,23.75,23.864801664875003,23.272727272727273,23.91824817518248,0,
35,robust,pulse25,0.25,7,2,178,672,26.939526539295912,26.85,27,1,1,0,27,27,26.851179462015462,25.6,26.859016393442623,0,
35,robust,pulse25,0.25,7,2,179,672,26.89194342494011,26.75,27,1,1,0,27,27,26.738573805332194,25.6,26.77124183006536,0,
35,robust,pulse25,0.25,7,2,180,672,23.855300825089216,23.85,24,1,1,0,23.75,24,23.827536289899914,23.272727272727273,23.779390420899855,0,
35,robust,pulse25,0.25,7,2,181,672,20.487665850669146,20.45,20.5,1,1,0,20.5,20.5,20.43334019567337,19.692307692307693,20.428927680798004,0,
35,robust,pulse25,0.25,7,2,182,672,22.417455742135644,22.45,22.5,1,1,0,22.5,22.5,22.47001921264998,23.272727272727273,22.443835616438356,0,
35,robust,pulse25,0.25,7,2,183,672,26.545617820695043,26.5,26.5,1,1,0,26.5,26.5,26.519704986348216,25.6,26.468497576736674,0,
35,robust,pulse25,0.25,7,2,184,672,24.20264284685254,24.2,24.25,1,1,0,24.25,24.25,24.212598957149595,23.272727272727273,24.16519174041298,0,
35,robust,pulse25,0.25,7,2,185,672,20.033746529370546,20.05,20,1,1,0,20,20,20.06246349196483,19.692307692307693,20.053855569155445,0,
35,robust,pulse25,0.25,7,2,186,672,27.17679718695581,27.15,27.25,1,1,0,27.25,27.25,27.116484152572234,28.444444444444443,27.125827814569536,0,
35,robust,pulse25,0.25,7,2,187,672,24.001000083982944,24.1,24,1,1,0,24,24,24.080155305131022,23.272727272727273,24.058737151248163,0,
35,robust,pulse25,0.25,7,2,188,672,26.932226061820984,26.950000000000003,27,1,1,0,27,27,26.926441340212534,25.6,26.94736842105263,0,
35,robust,pulse25,0.25,7,2,189,672,26.01572565548122,26.1,26,1,1,0,26,26,26.117740389126133,25.6,26.17252396166134,0,
35,robust,pulse25,0.25,7,2,190,672,27.314248083159328,27.200000000000003,27.25,1,1,0,27.25,27.25,27.182388647192525,28.444444444444443,27.21594684385382,0,
35,robust,pulse25,0.25,7,2,191,672,23.39625727571547,23.35,23.5,1,1,0,23.5,23.5,23.360622352691966,23.272727272727273,23.372325249643367,0,
35,robust,pulse25,0.25,7,2,192,672,23.568341562524438,23.5,23.5,1,1,0,23.5,23.5,23.514715521675154,23.272727272727273,23.57410071942446,0,
35,robust,pulse25,0.25,7,2,193,672,25.237798754125834,25.35,25.25,1,1,0,25.25,25.25,25.3553540506233,25.6,25.323029366306027,0,
35,robust,pulse25,0.25,7,2,194,672,25.083067210391164,25,25,1,1,0,25,25,25.014986845435168,25.6,25.013740458015267,0,
35,robust,pulse25,0.25,7,2,195,672,25.336810233071446,25.5,25.25,1,1,0,25.25,25.25,25.481547690566504,25.6,25.5600624024961,0,
35,robust,pulse25,0.25,7,2,196,672,24.66506044752896,24.6,24.75,1,1,0,24.75,24.75,24.59345781769443,25.6,24.563718140929534,0,
35,robust,pulse25,0.25,7,2,197,672,24.65663137473166,24.65,24.75,1,1,0,24.75,24.75,24.661679039594443,25.6,24.637593984962407,0,
35,robust,pulse25,0.25,7,2,198,672,24.183422146365047,24.3,24.25,1,1,0,24.25,24,24.31538096843441,23.272727272727273,24.27259259259259,0,
35,robust,pulse25,0.25,7,2,199,672,22.379170211032033,22.4,22.5,1,1,0,22.25,22.5,22.415704952243352,23.272727272727273,22.443835616438356,0,
41,robust,gap25,0.25,7,0.5,0,504,20.25782261043787,20.3,20.25,1,1,2.2996355042437244e-8,20.25,20.25,20.302184729622414,28.45858184227966,26.653891286427775,0,
41,robust,gap25,0.25,7,0.5,1,504,24.92325828038156,25.1,31.5,0,1,0.0036043810303812984,24.25,20.75,25.08645186003975,34.15029821073559,36.79493409910906,9.64783808399261e-14,
41,robust,gap25,0.25,7,0.5,2,504,23.081042233854532,23.4,23,1,1,0.0000016630535616402042,23,23.5,23.379321309386174,34.15029821073559,32.81710338569186,1.1102230246251565e-15,
41,robust,gap25,0.25,7,0.5,3,504,24.715919265523553,24.5,31.25,0,0,0.058507405216578934,24,23.75,24.506320700070635,34.15029821073559,35.13857050622312,2.6672009267869612e-8,
41,robust,gap25,0.25,7,0.5,4,504,25.35903374478221,25.55,26.75,0,0,0.005219373246162173,26.75,27.75,25.54579245863085,28.45858184227966,38.34419448222943,4.254984142804119e-10,
41,robust,gap25,0.25,7,0.5,5,504,21.682893002405763,21.85,21.5,1,1,0.00017901508405437916,21.5,21.5,21.869767653368875,28.45858184227966,29.615434762697532,1.371304181319033e-10,
41,robust,gap25,0.25,7,0.5,6,504,22.896654345095158,22.7,22.75,1,1,0.00027402280830768344,22.75,22.75,22.692965985888414,34.15029821073559,31.40257306734307,1.3766765505351941e-14,
41,robust,gap25,0.25,7,0.5,7,504,22.43697828054428,22.2,22,1,1,0.0002458678072654319,22,22,22.225710421107113,28.45858184227966,30.610911561443668,1.0436096431476471e-14,
41,robust,gap25,0.25,7,0.5,8,504,24.855387391522527,24.75,24.75,1,1,0.000005510681143072738,24.75,24.75,24.72666500936373,34.15029821073559,35.13857050622312,4.440892098500626e-16,
41,robust,gap25,0.25,7,0.5,9,504,22.833884652704,22.75,29,0,1,0.05817189478948104,22.25,23,22.732753394429334,34.15029821073559,31.76771926580055,5.773159728050814e-15,
41,robust,gap25,0.25,7,0.5,10,504,20.015172734856606,20.1,31.25,0,1,0.06301381281539165,19.75,20,20.09507359761025,28.45858184227966,26.2694601621043,1.9141022100654936e-11,
41,robust,gap25,0.25,7,0.5,11,504,22.82559983432293,23,23.5,1,1,0.00026993257643537216,23.5,23.5,23.005770015386794,34.15029821073559,32.04720066696595,3.1086244689504383e-15,
41,robust,gap25,0.25,7,0.5,12,504,22.230638928711414,22.25,22.75,1,1,0.00022812747401657063,22.5,22.25,22.231070076417947,28.45858184227966,30.78336740122645,5.10702591327572e-15,
41,robust,gap25,0.25,7,0.5,13,504,26.543314073234797,26.6,26,1,1,0.000004875036992979531,26,27,26.58953549363484,42.687872763419485,40.624890064815574,1.1102230246251565e-16,
41,robust,gap25,0.25,7,0.5,14,504,20.239175107330084,20.45,20.5,1,1,0.00021676326457453765,20.5,20.25,20.45255565154425,28.45858184227966,26.916491200579777,5.395683899678261e-14,
41,robust,gap25,0.25,7,0.5,15,504,20.890964455902576,20.9,21.5,1,1,0.000008515425433008872,21.5,21.25,20.89566043459385,28.45858184227966,27.806858593983176,5.551115123125783e-15,
41,robust,gap25,0.25,7,0.5,16,504,21.491681234911084,21.45,21.5,1,1,7.341515240177898e-8,21.5,21.5,21.47400892490017,28.45858184227966,28.986990523701298,0,
41,robust,gap25,0.25,7,0.5,17,504,21.733536245301366,21.6,22.25,1,1,0.00007177482653808465,22.25,27.75,21.577557460423375,28.45858184227966,29.14158780649437,1.9984014443252818e-15,
41,robust,gap25,0.25,7,0.5,18,504,21.044442346319556,21.05,20.25,1,1,0.000007763369160751488,20.25,20.5,21.037881754740017,28.45858184227966,27.949093164796388,4.440892098500626e-16,
41,robust,gap25,0.25,7,0.5,19,504,27.112856954336166,27,27,1,1,0.0006102592296811649,27,26.75,26.998392927533796,42.687872763419485,30.78336740122645,2.434052959188193e-12,
41,robust,gap25,0.25,7,0.5,20,504,22.133562095463276,22.1,22.5,1,1,0.000537301208835328,22,27,22.118597552579445,28.45858184227966,30.18810891556737,1.2390088954816747e-13,
41,robust,gap25,0.25,7,0.5,21,504,22.873134303838015,22.9,23.25,1,1,0.0007364351821903536,23.25,23,22.908306181067637,34.15029821073559,31.95349540185786,7.716050021144838e-14,
41,robust,gap25,0.25,7,0.5,22,504,23.539912911131978,23.9,24.25,1,1,0.000013529075265639179,24.25,23.75,23.91147303314758,34.15029821073559,33.52176511483248,5.607736497381666e-13,
41,robust,gap25,0.25,7,0.5,23,504,21.691175617277622,21.65,21.5,1,1,0.00008309001706252594,21.5,21.5,21.659801314503166,28.45858184227966,29.29784296899568,1.177946629127291e-13,
41,robust,gap25,0.25,7,0.5,24,504,27.229276971891522,26.950000000000003,27,1,1,0.00034625462744253266,27,27,26.973942748747213,42.687872763419485,41.39430086149769,1.6648460388068997e-11,
41,robust,gap25,0.25,7,0.5,25,504,22.17281425744295,22.3,23.25,1,1,0.0001255738167160736,23.25,23.25,22.299774769519306,28.45858184227966,30.957777414831128,1.829647544582258e-13,
41,robust,gap25,0.25,7,0.5,26,504,26.481412751600146,26.6,26.5,1,1,0.000007618505009521215,26.5,26.5,26.58351251740074,42.687872763419485,40.77647547550518,0,
41,robust,gap25,0.25,7,0.5,27,504,21.537205709144473,21.35,21.75,1,1,0.000005046782807771599,21.75,21.75,21.355716473616436,28.45858184227966,28.910305363585685,1.765254609153999e-14,
41,robust,gap25,0.25,7,0.5,28,504,22.501739157363772,22.45,22.75,1,1,2.7110997236068357e-7,22.75,22.75,22.43116649809141,34.15029821073559,31.045725646123266,0,
41,robust,gap25,0.25,7,0.5,29,504,21.209834810346365,21.25,25.75,0,0,0.007836091567995362,21,20.75,21.248272104221517,28.45858184227966,28.45858184227966,2.5107693701897915e-12,
41,robust,gap25,0.25,7,0.5,30,504,25.101127663627267,24.85,25,1,1,0.000055888468928788626,25,24.5,24.854268761494893,34.15029821073559,35.82982107355865,9.992007221626409e-16,
41,robust,gap25,0.25,7,0.5,31,504,27.726128885522485,27.5,27.5,1,1,0.00006494421131908457,27.5,27.5,27.501635435409085,42.687872763419485,42.3569590210674,8.359979375427429e-14,
41,robust,gap25,0.25,7,0.5,32,504,22.41309287585318,22.45,22.25,1,1,0.000014170167670468636,22.25,22,22.427554549396902,28.45858184227966,30.78336740122645,2.220446049250313e-16,
41,robust,gap25,0.25,7,0.5,33,504,25.16648794338107,25.05,24.75,1,1,0.000006347789936245185,24.75,24.75,25.0576215052291,34.15029821073559,37.55359253414223,9.992007221626409e-16,
41,robust,gap25,0.25,7,0.5,34,504,24.702978098765016,25,26.25,1,1,0.00017459811032494166,26.25,25,25.03806034556691,34.15029821073559,36.30596487520063,8.881784197001252e-16,
41,robust,gap25,0.25,7,0.5,35,504,27.89076896943152,27.8,28.75,0,0,0.020051382849188504,27,27.75,27.768755048806927,42.687872763419485,32.04720066696595,2.9902924580937906e-10,
41,robust,gap25,0.25,7,0.5,36,504,22.890700954943895,22.95,23.25,1,1,0.0007825334512694404,23.25,27.75,22.96898371174,34.15029821073559,32.14145713951585,4.374944850837892e-12,
41,robust,gap25,0.25,7,0.5,37,504,26.56769773364067,26.3,26,0,0,0.0014014430623744412,26,27,26.309001124617467,42.687872763419485,39.738528827037776,3.890581190546527e-10,
41,robust,gap25,0.25,7,0.5,38,504,21.401970440521836,21.8,27,0,0,0.010456800213536233,21.75,27,21.808704363012446,28.45858184227966,29.695911487596163,5.540901071299231e-12,
41,robust,gap25,0.25,7,0.5,39,504,22.903495831415057,22.95,23.25,1,1,0.00015246824124715008,23.25,23.25,22.932377417178436,34.15029821073559,32.23626969744952,3.019517968994023e-11,
41,robust,gap25,0.25,7,0.5,40,504,26.001714881509542,25.65,26.75,0,0,0.004125380265744161,24.75,27.75,25.64695730338855,28.45858184227966,37.813478987665704,5.102473998874757e-12,
41,robust,gap25,0.25,7,0.5,41,504,22.196631759405136,22.05,22.25,1,1,0.000039920088287126454,22.25,21.75,22.03407182006361,28.45858184227966,29.93998747242572,0,
41,robust,gap25,0.25,7,0.5,42,504,20.078897889703512,19.85,24,1,1,0.0008860235869272426,24,20,19.838199075953522,24.393070150525425,25.713165711612678,0.000004177407111338738,
41,robust,gap25,0.25,7,0.5,43,504,25.1321037132293,25,25,1,1,0.0006967225441416591,25,26,24.990851189376805,34.15029821073559,36.79493409910906,2.6965096822095802e-12,
41,robust,gap25,0.25,7,0.5,44,504,20.842511910945177,20.95,21.75,1,1,0.00004496524329700158,21.75,20.5,20.964962384648786,28.45858184227966,27.877794457743338,1.1102230246251565e-16,
41,robust,gap25,0.25,7,0.5,45,504,27.776348704472184,28.1,29,1,1,0.0006432828037378213,29,23.25,28.09814623895019,34.15029821073559,31.860336523135246,3.2307490016592055e-14,
41,robust,gap25,0.25,7,0.5,46,504,22.623086659237742,22.95,23,1,1,0.00010425137110747773,23,22.75,22.968601846936963,34.15029821073559,31.860336523135246,1.3211653993039363e-14,
41,robust,gap25,0.25,7,0.5,47,504,25.59380461461842,25.8,26.5,1,1,0.0008717721975172177,26.5,26.75,25.81025113864719,42.687872763419485,38.61517818881763,1.679630878825833e-10,
41,robust,gap25,0.25,7,0.5,48,504,24.751111013814807,25.1,30.75,0,0,0.0695502978849788,24.5,20.75,25.128405249423057,42.687872763419485,37.944775789706206,2.0288526414447006e-9,
41,robust,gap25,0.25,7,0.5,49,504,20.3941418454051,20.5,31,0,1,0.1517717946713637,20.75,20.5,20.501965994805996,28.45858184227966,26.98295167267997,3.890110455984086e-12,
41,robust,gap25,0.25,7,0.5,50,504,26.091708904132247,26.3,26,1,1,6.658844545759379e-7,26,27.25,26.300754544820748,42.687872763419485,40.325075377990366,0,
41,robust,gap25,0.25,7,0.5,51,504,23.449267087504268,23.35,23.25,1,1,0.00003392094636600618,23.25,23.25,23.36140428783394,34.15029821073559,32.91595008263671,1.1102230246251565e-16,
41,robust,gap25,0.25,7,0.5,52,504,26.814286639913917,27,27.5,1,1,0.0000595420617011122,27.5,27,26.974939732256082,42.687872763419485,42.19341863874667,0,
41,robust,gap25,0.25,7,0.5,53,504,24.263867754489183,24.3,24,1,1,0.000014546815912619415,24,24,24.2956515403995,34.15029821073559,34.914042899154595,8.881784197001252e-16,
41,robust,gap25,0.25,7,0.5,54,504,26.553521571680903,26.6,26.25,1,1,0.00003331683830098964,26.25,27.75,26.582866778250327,42.687872763419485,41.23809595258637,7.782663402622347e-14,
41,robust,gap25,0.25,7,0.5,55,504,27.601866099983454,27.55,27.75,1,1,0.00006292531892915232,27.75,27.75,27.577253747319823,42.687872763419485,42.85527618602113,2.032485291181274e-12,
41,robust,gap25,0.25,7,0.5,56,504,25.649357475340366,25.65,26.25,1,1,0.000686536156318418,26.25,26.25,25.63478438895416,42.687872763419485,38.479209251533064,2.406941312926847e-11,
41,robust,gap25,0.25,7,0.5,57,504,24.814457723870873,24.55,25.5,1,1,0.0002602335178816251,25.5,24.5,24.57016537303113,34.15029821073559,35.59640204376348,5.5000448639930255e-12,
41,robust,gap25,0.25,7,0.5,58,504,20.16369764506817,20.25,30.5,0,1,0.207015922898523,20.25,20.25,20.253883890311357,28.45858184227966,26.589039969429166,5.784261958297066e-14,
41,robust,gap25,0.25,7,0.5,59,504,22.792513009160757,22.55,22.5,1,1,0.00021146775702785003,22.5,22.75,22.528193033173483,34.15029821073559,31.045725646123266,5.96189764223709e-14,
41,robust,gap25,0.25,7,0.5,60,504,27.0073561668396,26.950000000000003,27.25,1,1,0.00006766505882482843,27.25,26,26.934843374889287,42.687872763419485,30.78336740122645,5.121458812595847e-13,
41,robust,gap25,0.25,7,0.5,61,504,22.687186036258936,22.25,22.5,1,1,0.0006258591870990093,21.5,20.75,22.229132692613174,28.45858184227966,30.271732485970606,4.692912725090537e-13,
41,robust,gap25,0.25,7,0.5,62,504,25.851981518790126,26.3,26.5,1,1,0.0006327009265387762,26.5,25.25,26.293387758036065,42.687872763419485,38.61517818881763,3.4361402612148595e-13,
41,robust,gap25,0.25,7,0.5,63,504,22.25897522456944,22.25,30.75,0,1,0.12076529468228381,22,21.75,22.25453033209004,28.45858184227966,30.610911561443668,1.9171331189227203e-12,
41,robust,gap25,0.25,7,0.5,64,504,26.175739428028464,26.25,26.25,1,1,0.0007597472225103763,26.25,26.25,26.263203230324358,42.687872763419485,39.738528827037776,2.220446049250313e-16,
41,robust,gap25,0.25,7,0.5,65,504,25.359707040712237,25.5,25.5,1,1,0.000011575967190924352,25.5,25.5,25.48589443536403,28.45858184227966,37.42498434053215,0,
41,robust,gap25,0.25,7,0.5,66,504,26.336179349571466,26.1,26.5,1,1,0.00007078364957413541,26.5,26.25,26.109010757002604,42.687872763419485,39.30969578214168,1.3211653993039363e-14,
41,robust,gap25,0.25,7,0.5,67,504,25.30297409184277,25.05,31.75,0,1,0.024628876258273702,25,25,25.03952766712816,34.15029821073559,37.044391279441996,4.833307198914838e-9,
41,robust,gap25,0.25,7,0.5,68,504,25.046029526740313,25.05,24.5,1,1,0.00021425741658975817,24.5,25.75,25.04263604035881,34.15029821073559,37.29725401855082,2.0339285811132868e-13,
41,robust,gap25,0.25,7,0.5,69,504,27.63682390935719,27.85,28.5,0,0,0.0019739477289542062,28.5,27.5,27.852193680360514,42.687872763419485,45.724248650357275,2.4135737852759576e-9,
41,robust,gap25,0.25,7,0.5,70,504,25.68818680383265,25.6,25,1,1,0.0004886347684283088,25,25,25.61356734785112,28.45858184227966,37.944775789706206,1.5795587060551952e-11,
41,robust,gap25,0.25,7,0.5,71,504,27.13985649496317,28.05,28,1,1,0.0005316283801394261,27,28.5,28.028018008371387,42.687872763419485,45.34479430471115,8.715250743307479e-14,
41,robust,gap25,0.25,7,0.5,72,504,24.69351961836219,24.75,25.25,1,1,0.000004522615236091099,25.25,24.5,24.776191961678727,34.15029821073559,36.30596487520063,0,
41,robust,gap25,0.25,7,0.5,73,504,21.00288350507617,21.65,21,1,1,0.00014418322162201846,21,21.5,21.652311058575552,28.45858184227966,29.376600611385456,7.931433287922118e-13,
41,robust,gap25,0.25,7,0.5,74,504,27.033419147133827,27.1,26.5,1,1,0.0000395356351579057,26.5,27.75,27.094496373667354,42.687872763419485,42.3569590210674,0,
41,robust,gap25,0.25,7,0.5,75,504,24.45535863377154,24.45,24.75,0,0,0.0020186093411210804,24.75,24.75,24.45200256926619,34.15029821073559,35.13857050622312,1.6022461135634103e-10,
41,robust,gap25,0.25,7,0.5,76,504,22.298517510294914,22.45,22.5,1,1,0.00010327454537706338,22.5,27.75,22.452923082189123,28.45858184227966,30.87032606620166,4.6629367034256575e-15,
41,robust,gap25,0.25,7,0.5,77,504,24.917824402451515,24.9,24.75,1,1,3.7087141191438633e-7,24.75,24.75,24.89008408124572,34.15029821073559,36.54881413857989,0,
41,robust,gap25,0.25,7,0.5,78,504,27.106521612033248,26.9,27.25,1,1,0.00014633353365456347,27.25,27,26.883156400760182,42.687872763419485,41.39430086149769,0,
41,robust,gap25,0.25,7,0.5,79,504,22.83808079175651,22.75,23,1,1,0.0000034064912163289662,22.25,27.5,22.768495449074628,34.15029821073559,31.95349540185786,0,
41,robust,gap25,0.25,7,0.5,80,504,25.47743634879589,25.4,25.75,0,0,0.0012045071569602994,25.75,25.75,25.395190724120592,28.45858184227966,37.813478987665704,2.4069812809557334e-10,
41,robust,gap25,0.25,7,0.5,81,504,23.46018622070551,23.55,23.75,1,1,0.0000965955108646055,23.75,23.75,23.536697551080902,34.15029821073559,33.0153940405903,3.385269842226535e-11,
41,robust,gap25,0.25,7,0.5,82,504,21.593662429600954,21.65,22.25,1,1,0.000043358358630229965,21.25,21.5,21.66993129882442,28.45858184227966,29.455782823275978,0,
41,robust,gap25,0.25,7,0.5,83,504,27.473664874210954,27.8,29,1,1,0.000030226983234515892,29,29,27.801861599921146,42.687872763419485,32.14145713951585,0,
41,robust,gap25,0.25,7,0.5,84,504,23.783194599673152,24,29.75,0,0,0.0022603385011432664,29.75,23.5,24.02203136442828,34.15029821073559,34.04391098889529,4.186019275653763e-8,
41,robust,gap25,0.25,7,0.5,85,504,22.207109548151493,22.35,22.5,1,1,3.1936369582208357e-7,22.5,22.5,22.344192874833347,28.45858184227966,30.696897268076935,3.3306690738754696e-15,
41,robust,gap25,0.25,7,0.5,86,504,21.63166155666113,21.8,21.75,1,1,3.6255157864761856e-7,21.75,21.75,21.815616698745828,28.45858184227966,29.615434762697532,3.3306690738754696e-16,
41,robust,gap25,0.25,7,0.5,87,504,23.871235447004437,23.9,23.75,1,1,5.202232763457104e-7,23.75,24.25,23.90194070847146,34.15029821073559,34.25735243710153,0,
41,robust,gap25,0.25,7,0.5,88,504,23.78327707760036,23.6,23.75,1,1,0.000025897160416565868,23,23.75,23.613666585216677,34.15029821073559,33.62490900749351,0,
41,robust,gap25,0.25,7,0.5,89,504,21.755984894931316,21.9,21.75,1,1,0.00005165697397102598,21.75,21.75,21.883394793341708,28.45858184227966,29.695911487596163,3.660960423701454e-12,
41,robust,gap25,0.25,7,0.5,90,504,26.142075713723898,26.15,27.25,1,1,0.000007504847366557321,26.5,26,26.147589632143184,42.687872763419485,38.61517818881763,0,
41,robust,gap25,0.25,7,0.5,91,504,22.69331479817629,22.7,22.75,1,1,0.0008139123982674468,22.75,27.75,22.704816108432095,34.15029821073559,31.860336523135246,5.867528685143952e-13,
41,robust,gap25,0.25,7,0.5,92,504,22.584007889032364,22.6,28,0,1,0.006726768998473687,22.75,23.25,22.584133579061398,34.15029821073559,31.40257306734307,0,
41,robust,gap25,0.25,7,0.5,93,504,26.163564587011933,25.85,29.25,0,0,0.04039396390430894,25.75,26.75,25.84692768619291,28.45858184227966,1.1113694119226472,4.022791599833653e-8,
41,robust,gap25,0.25,7,0.5,94,504,27.242312466725707,27.55,28,1,1,0.00019392752020008786,28,27.25,27.594235156858886,42.687872763419485,42.85527618602113,7.771561172376096e-15,
41,robust,gap25,0.25,7,0.5,95,504,23.268744697794318,23.4,23.75,1,1,0.00003840633031260143,23.75,23.75,23.369035587888686,34.15029821073559,32.91595008263671,1.7763568394002505e-14,
41,robust,gap25,0.25,7,0.5,96,504,24.187396332621574,24,24.25,1,1,0.000003919031612564794,24.25,23.75,24.003979018473522,34.15029821073559,34.47348715279303,0,
41,robust,gap25,0.25,7,0.5,97,504,27.749376511201262,27.85,28,1,1,0.0006094077513107976,28,27.5,27.859395072746732,42.687872763419485,32.23626969744952,9.137135492665038e-14,
41,robust,gap25,0.25,7,0.5,98,504,25.17091279104352,25.6,25.5,1,1,0.0000016151914438156112,25.5,25.5,25.57937289599605,42.687872763419485,38.34419448222943,5.551115123125783e-16,
41,robust,gap25,0.25,7,0.5,99,504,25.15581303089857,25.35,25.75,0,0,0.0009316358529578572,25.75,25.5,25.326944535358926,1.7603246500379168,37.813478987665704,4.6078052484688214e-10,
41,robust,gap25,0.25,7,0.5,100,504,21.517698829993606,21.7,22,1,1,0.0000497732035301679,22,22,21.686273125662286,28.45858184227966,29.455782823275978,2.4903856754576736e-10,
41,robust,gap25,0.25,7,0.5,101,504,23.935362428426743,24.05,29.5,0,1,0.007753568543845346,23.75,29.25,24.037760920951623,34.15029821073559,34.47348715279303,2.220446049250313e-16,
41,robust,gap25,0.25,7,0.5,102,504,21.924679540097713,21.85,21.75,1,1,3.916958023486572e-7,21.75,21.5,21.872239534443793,28.45858184227966,29.776826777753104,0,
41,robust,gap25,0.25,7,0.5,103,504,22.249469911679626,22.35,30.25,0,0,0.2461348896494141,22.25,22.75,22.369704191113872,28.45858184227966,30.525406221886563,8.76076988731711e-12,
41,robust,gap25,0.25,7,0.5,104,504,23.531790720298886,23.35,22.75,1,1,0.00003751272246199644,22.75,23.25,23.352270752798418,34.15029821073559,32.524093534033895,1.2211343047852097e-12,
41,robust,gap25,0.25,7,0.5,105,504,27.48708162456751,27.35,27.5,1,1,0.000009439551909684596,27.5,27.75,27.340363956751943,42.687872763419485,42.52177209118828,0,
41,robust,gap25,0.25,7,0.5,106,504,27.21582185663283,27.25,28.75,1,1,0.00017113929675993678,27.25,26.5,27.258338854675998,42.687872763419485,31.223129792672538,0,
41,robust,gap25,0.25,7,0.5,107,504,22.504097582772374,22.7,23,1,1,0.00002006680819077733,23,27,22.68390801952772,34.15029821073559,31.312594347952405,1.1102230246251565e-16,
41,robust,gap25,0.25,7,0.5,108,504,25.7931287009269,26.1,25.5,1,1,0.0000037293366370594327,25.5,26.5,26.107446495710864,42.687872763419485,39.1688008151806,0,
41,robust,gap25,0.25,7,0.5,109,504,22.67820672504604,22.65,22.75,1,1,0.000019369608225128232,22.75,27.25,22.661152068411603,34.15029821073559,31.493070396067402,1.1102230246251565e-16,
41,robust,gap25,0.25,7,0.5,110,504,23.365278530865908,23.5,23.5,1,1,0.000009438332090550006,23.5,23.5,23.489370716334008,34.15029821073559,33.21609552411972,5.551115123125783e-16,
41,robust,gap25,0.25,7,0.5,111,504,24.036515098065138,24.25,24,1,1,0.00003253245993461995,24,23.75,24.22993779499468,34.15029821073559,34.80285167973054,3.304023721284466e-13,
41,robust,gap25,0.25,7,0.5,112,504,27.080412980169058,27.65,28.25,0,0,0.0020232377192955786,28.25,27.75,27.62034461234921,42.687872763419485,30.78336740122645,1.4275025606025338e-9,
41,robust,gap25,0.25,7,0.5,113,504,21.455838276073337,21.3,31.75,0,1,0.16871397520459086,21.25,21.75,21.320616434578163,28.45858184227966,28.60757965297222,7.4495964952348e-13,
41,robust,gap25,0.25,7,0.5,114,504,25.189060064032674,25.35,25.75,0,0,0.0019850644757426483,25.75,25.25,25.369991939721153,28.45858184227966,38.21012387215171,3.0897506775318107e-13,
41,robust,gap25,0.25,7,0.5,115,504,26.989134527742863,27.200000000000003,27.5,1,1,0.0008642165863427254,27.5,27.5,27.1697010374715,42.687872763419485,42.3569590210674,3.653188862529078e-12,
41,robust,gap25,0.25,7,0.5,116,504,26.850535171106458,26.9,27,1,1,0.000001069603052572532,27,26.75,26.898060749884106,42.687872763419485,41.55169364043874,0,
41,robust,gap25,0.25,7,0.5,117,504,20.746414992958307,21.05,32,0,0,0.04035551042932073,18,21.25,21.062327193400307,28.45858184227966,28.09279030189046,1.1898013707600796e-7,
41,robust,gap25,0.25,7,0.5,118,504,22.896455239504576,23,23,1,1,0.00013955968487744386,23,23.75,23.017190647226602,34.15029821073559,32.23626969744952,5.773159728050814e-15,
41,robust,gap25,0.25,7,0.5,119,504,27.793671939522028,27.85,28.75,0,0,0.003710613542602492,28.75,27.5,27.83955196507749,42.687872763419485,32.14145713951585,2.1369572777985013e-12,
41,robust,gap25,0.25,7,0.5,120,504,22.73462773486972,23,22.25,1,1,0.00026841203492722343,22.25,23.5,22.986483905752003,34.15029821073559,32.14145713951585,2.3350321676218755e-11,
41,robust,gap25,0.25,7,0.5,121,504,26.803347453475,27.15,26.5,1,1,0.0003247650958267956,26.5,26.5,27.177350080883613,42.687872763419485,41.39430086149769,2.653433028854124e-14,
41,robust,gap25,0.25,7,0.5,122,504,24.934208881109953,24.9,25,1,1,0.0000021876535466480718,25,24.75,24.889004994201603,34.15029821073559,36.30596487520063,0,
41,robust,gap25,0.25,7,0.5,123,504,27.60652025975287,27.85,28,1,1,0.00008128889165337494,28,28,27.82794070716942,42.687872763419485,31.95349540185786,0,
41,robust,gap25,0.25,7,0.5,124,504,20.551535971462727,20.75,31.75,0,0,0.2700504386508267,20.75,20.75,20.74267717828506,28.45858184227966,27.457526199586404,1.2845835506425374e-11,
41,robust,gap25,0.25,7,0.5,125,504,22.201853200793266,22.75,29.75,0,1,0.006433916146392438,22.5,22.5,22.73382576226967,34.15029821073559,31.860336523135246,1.2549569927688964e-7,
41,robust,gap25,0.25,7,0.5,126,504,23.367553072050214,23.65,32,0,1,0.04000877471365949,23.5,23.75,23.627345012367503,34.15029821073559,33.72868959084997,1.5265122499386052e-10,
41,robust,gap25,0.25,7,0.5,127,504,26.654748611152172,26.450000000000003,27.75,0,0,0.0029316636357487047,27.75,27.75,26.464500890718515,42.687872763419485,40.47442750901996,1.3234413565044179e-11,
41,robust,gap25,0.25,7,0.5,128,504,23.472685240209103,23.25,24.25,1,1,0.000010289236534455348,24.25,24.25,23.25399874898137,34.15029821073559,32.62118038040415,6.661338147750939e-16,
41,robust,gap25,0.25,7,0.5,129,504,26.729699440300465,26.6,27.25,1,1,6.81514848999143e-8,27.25,27.25,26.601590350588243,42.687872763419485,40.624890064815574,0,
41,robust,gap25,0.25,7,0.5,130,504,23.522515263408422,23.85,29.75,0,1,0.018346495282489994,23.75,27.75,23.85025911367571,34.15029821073559,34.15029821073559,1.4910295220715852e-13,
41,robust,gap25,0.25,7,0.5,131,504,23.713728254660964,23.6,24,1,1,0.000005954909220728943,24,24,23.59062851993847,34.15029821073559,33.72868959084997,5.440092820663267e-15,
41,robust,gap25,0.25,7,0.5,132,504,23.936631735414267,23.85,23.75,1,1,9.59095263541876e-7,23.75,24,23.8600892966853,34.15029821073559,34.04391098889529,0,
41,robust,gap25,0.25,7,0.5,133,504,20.975034669041634,21.05,21.75,1,1,0.0005562910544233413,21.75,21.25,21.05985322850226,28.45858184227966,28.020757506244585,3.8125058665627876e-13,
41,robust,gap25,0.25,7,0.5,134,504,20.76538814790547,20.7,21,1,1,0.00005895931828425738,21,20.5,20.694341493645222,28.45858184227966,27.388710344449596,8.246736626915663e-13,
41,robust,gap25,0.25,7,0.5,135,504,21.20771743915975,21.05,21.5,1,1,0.00003418781045960717,21.5,21,21.061217074329743,28.45858184227966,28.09279030189046,6.217248937900877e-15,
41,robust,gap25,0.25,7,0.5,136,504,22.26057176478207,22.4,26.5,0,1,0.016327922363115865,22.5,26.5,22.379818830301488,28.45858184227966,30.957777414831128,2.967293077915656e-12,
41,robust,gap25,0.25,7,0.5,137,504,24.881923969835043,24.65,24.25,1,1,0.000011874344209350518,24.25,24.75,24.669993612165637,34.15029821073559,36.06632154269105,0,
41,robust,gap25,0.25,7,0.5,138,504,25.86944790184498,26.4,26,0,0,0.0014475067216047632,26,20.75,26.409492681729873,42.687872763419485,40.624890064815574,2.709145130452839e-10,
41,robust,gap25,0.25,7,0.5,139,504,26.12439019046724,26.35,27.75,0,0,0.0009723346490656537,27.75,27.75,26.36862882111063,42.687872763419485,39.59454865012822,6.4994676307605914e-12,
41,robust,gap25,0.25,7,0.5,140,504,23.025865629315376,23.2,23.5,1,1,0.000003075970294474928,23.5,27.75,23.208217535151604,34.15029821073559,32.33164327643606,0,
41,robust,gap25,0.25,7,0.5,141,504,26.445504343137145,26.5,27.25,1,1,0.00030312732783921437,27.25,27.75,26.5165352425515,42.687872763419485,40.77647547550518,8.983191968070514e-11,
41,robust,gap25,0.25,7,0.5,142,504,20.10436156578362,20.25,20.25,1,1,9.11743754161698e-7,20.25,20.25,20.26501031031687,28.45858184227966,26.524503464649,0,
41,robust,gap25,0.25,7,0.5,143,504,26.824281979352236,27.1,26.75,1,1,0.00011775102208022581,26.75,26.75,27.100403990848935,42.687872763419485,30.696897268076935,2.0433654768226006e-12,
41,robust,gap25,0.25,7,0.5,144,504,24.192348808050156,24.2,24.25,1,1,0.00013522458493131495,24.25,23.75,24.207700494212446,34.15029821073559,34.914042899154595,3.0531133177191805e-14,
41,robust,gap25,0.25,7,0.5,145,504,24.461496129631996,24.2,24.5,1,1,0.00007663670312141324,24.5,23.75,24.193496889051286,34.15029821073559,34.582580466567684,0,
41,robust,gap25,0.25,7,0.5,146,504,27.064069416373968,26.950000000000003,27.75,0,0,0.009944280917773107,26.5,27.5,26.94368116010627,42.687872763419485,41.8700974231241,1.6573409311604337e-12,
41,robust,gap25,0.25,7,0.5,147,504,27.81783919222653,28.05,29,0,0,0.0017866574040112937,27.25,27.75,28.106971812832157,42.687872763419485,32.23626969744952,1.5765166949677223e-14,
41,robust,gap25,0.25,7,0.5,148,504,23.426110493019223,23.3,24,1,1,7.623526202538145e-7,23,23.5,23.288624802492887,34.15029821073559,32.91595008263671,0,
41,robust,gap25,0.25,7,0.5,149,504,22.096993984654546,22.35,31,0,0,0.06511948416020641,23,31,22.36552070350549,28.45858184227966,30.696897268076935,6.08191275119907e-12,
41,robust,gap25,0.25,7,0.5,150,504,21.73331804573536,21.85,26.75,0,1,0.02097029729116351,22.25,22.75,21.8361869067581,28.45858184227966,29.776826777753104,1.581934583327893e-11,
41,robust,gap25,0.25,7,0.5,151,504,23.019427942112088,23.25,23.5,1,1,0.00020482338566363278,23.5,27.75,23.263785649917025,34.15029821073559,32.718848585135895,8.752221170027497e-12,
41,robust,gap25,0.25,7,0.5,152,504,24.467689786106348,24.75,30,0,0,0.09219625937996301,25.25,24,24.74615723285702,34.15029821073559,35.82982107355865,9.391284416793155e-10,
41,robust,gap25,0.25,7,0.5,153,504,24.45418414659798,24.2,31,0,1,0.06478195959307265,23.75,24,24.20010244342327,34.15029821073559,35.13857050622312,2.5716714757706427e-8,
41,robust,gap25,0.25,7,0.5,154,504,25.846524449065328,26.35,25.5,1,1,0.000014486448862927048,25.5,25.5,26.332856533501037,42.687872763419485,40.02965358034941,1.1102230246251565e-15,
41,robust,gap25,0.25,7,0.5,155,504,26.634332414716482,27.05,27,1,1,0.00041934898262652176,27,27,27.04481272781016,42.687872763419485,41.71028789097476,6.494804694057166e-14,
41,robust,gap25,0.25,7,0.5,156,504,23.125979276373982,23.05,23.75,1,1,0.00009799218333539361,23,23.75,23.04869642098691,34.15029821073559,32.23626969744952,1.4090950628542487e-12,
41,robust,gap25,0.25,7,0.5,157,504,23.367966709658504,23.35,23.25,0,0,0.0012880419737120175,23.25,23.25,23.345533760737922,34.15029821073559,32.81710338569186,2.9198865547641617e-13,
41,robust,gap25,0.25,7,0.5,158,504,26.210275374352932,26.55,27.25,0,0,0.0028730112253761986,27.25,27.75,26.539157416289505,28.45858184227966,29.53539304712267,1.5643646378293852e-9,
41,robust,gap25,0.25,7,0.5,159,504,24.137658439576626,24.2,24.25,1,1,0.000007313434564060195,24.25,24.25,24.18428913157393,34.15029821073559,34.69236643630282,0,
41,robust,gap25,0.25,7,0.5,160,504,21.214032663032413,21.35,21.25,1,1,0.000022077613278104202,21,21,21.351265287128538,28.45858184227966,28.758145861672077,2.864375403532904e-14,
41,robust,gap25,0.25,7,0.5,161,504,22.276504173874855,22.4,28.5,0,1,0.04359148690802184,23,26.5,22.42689311764675,34.15029821073559,30.957777414831128,9.594769423415528e-12,
41,robust,gap25,0.25,7,0.5,162,504,26.299312621355057,26.450000000000003,26.5,0,0,0.001124202390725082,26.5,27.75,26.434498852588042,42.687872763419485,41.39430086149769,3.1282754164863036e-12,
41,robust,gap25,0.25,7,0.5,163,504,26.8684521317482,26.9,26.5,1,1,2.178288726062405e-7,26.5,27.25,26.90501979853137,42.687872763419485,41.8700974231241,0,
41,robust,gap25,0.25,7,0.5,164,504,21.73775098286569,21.75,22,1,1,0.000039384381364748755,22,22,21.767805634973346,28.45858184227966,29.53539304712267,3.3306690738754696e-15,
41,robust,gap25,0.25,7,0.5,165,504,25.00961305014789,25.2,31.75,0,0,0.023348427618508305,25.75,25.5,25.181041418285915,34.15029821073559,37.044391279441996,8.159556674769419e-8,
41,robust,gap25,0.25,7,0.5,166,504,25.330446118488908,25.45,24.75,1,1,2.0158187630237023e-7,24.75,25.25,25.469235548089003,28.45858184227966,38.21012387215171,0,
41,robust,gap25,0.25,7,0.5,167,504,24.193046778440475,23.8,30,0,0,0.016576380388823697,24.25,23.5,23.805786790021447,34.15029821073559,33.93818455725276,3.300548723217389e-11,
41,robust,gap25,0.25,7,0.5,168,504,21.375090731307864,21.35,31.25,0,1,0.1106744817815406,21,21,21.355349344354128,28.45858184227966,28.68266516387241,2.1710411246544936e-12,
41,robust,gap25,0.25,7,0.5,169,504,27.902563747018576,28.1,28.75,0,1,0.000973121990283099,27.5,28,28.111525576522617,42.687872763419485,44.971586121133285,1.2717527031469444e-10,
41,robust,gap25,0.25,7,0.5,170,504,23.71002797782421,24.15,24.25,1,1,0.00020136378158486234,24.25,23.5,24.139588788908856,34.15029821073559,34.25735243710153,2.3114954394998222e-10,
41,robust,gap25,0.25,7,0.5,171,504,21.312058854848146,21.4,21,1,1,9.633973441225407e-7,21,21.75,21.403798161798466,28.45858184227966,28.910305363585685,0,
41,robust,gap25,0.25,7,0.5,172,504,23.253632437437773,23.35,23,1,1,0.00000796004886827184,23,23.75,23.324462871025286,34.15029821073559,32.81710338569186,2.886579864025407e-15,
41,robust,gap25,0.25,7,0.5,173,504,22.832090493291616,22.55,32,0,1,0.09837799227764366,22.5,22.5,22.56371557654569,34.15029821073559,31.045725646123266,1.272648653127817e-12,
41,robust,gap25,0.25,7,0.5,174,504,25.552219163626432,25.8,26.25,1,1,0.0000601938661074497,25.25,25.25,25.80646600945641,34.15029821073559,36.91924130890334,5.8328897267756474e-12,
41,robust,gap25,0.25,7,0.5,175,504,24.009035248309374,24,31.5,0,1,0.04074080417957382,23.75,23.5,23.99879911186088,34.15029821073559,34.47348715279303,1.1102230246251565e-15,
41,robust,gap25,0.25,7,0.5,176,504,20.43600640632212,20.65,27,0,1,0.012799344554924152,20.25,20.25,20.666589362217564,28.45858184227966,27.320238568588476,9.369013342919175e-10,
41,robust,gap25,0.25,7,0.5,177,504,27.917758461087942,27.3,28,0,0,0.0010400108106605188,28,27.75,27.304803720565786,42.687872763419485,42.85527618602113,6.794564910705958e-14,
41,robust,gap25,0.25,7,0.5,178,504,21.704392919316888,21.95,22,1,1,0.00007474629187365078,22,22,21.94050797251228,28.45858184227966,30.022240185262056,5.961819926625367e-11,
41,robust,gap25,0.25,7,0.5,179,504,20.311755806207657,20.5,31.5,0,1,0.45298407082972303,20,21,20.48936643727753,28.45858184227966,27.04974115701829,4.3876013933186186e-13,
41,robust,gap25,0.25,7,0.5,180,504,20.680309627205133,20.7,20.25,1,1,0.0000020259269740696695,20.25,20.25,20.719258402281906,28.45858184227966,27.388710344449596,0,
41,robust,gap25,0.25,7,0.5,181,504,27.969074284657836,27.950000000000003,28.25,1,1,0.00012782750934337006,28.25,28,27.948068648154376,42.687872763419485,44.78727634194832,6.272760089132134e-14,
41,robust,gap25,0.25,7,0.5,182,504,22.83987146615982,22.9,22.75,1,1,0.000004182015907683301,22.75,23,22.882994071587763,34.15029821073559,31.95349540185786,6.661338147750939e-16,
41,robust,gap25,0.25,7,0.5,183,504,23.24798879213631,22.95,30.25,0,0,0.09101432296297762,22.5,26.5,22.960012170604855,34.15029821073559,32.14145713951585,2.575433200036059e-10,
41,robust,gap25,0.25,7,0.5,184,504,22.099487559869885,22.4,31.25,0,1,0.24328977577388367,18.5,18.5,22.41827091744114,56.91716368455932,30.87032606620166,4.047924644368095e-7,
41,robust,gap25,0.25,7,0.5,185,504,27.10748989880085,27.1,27.75,1,1,0.00016768541838996232,26,26,27.110885372501667,42.687872763419485,42.687872763419485,5.446754158811018e-13,
41,robust,gap25,0.25,7,0.5,186,504,22.202229846268892,22.25,28,0,0,0.026763718717492613,22.25,22.25,22.254856562393957,28.45858184227966,30.696897268076935,6.981624167679001e-10,
41,robust,gap25,0.25,7,0.5,187,504,26.432199677452445,25.85,25.5,0,0,0.0033181708284605316,25.5,26.25,25.863321344462342,28.45858184227966,38.34419448222943,5.9167347687960614e-9,
41,robust,gap25,0.25,7,0.5,188,504,23.847898818552494,23.85,23.75,1,1,7.007365344646743e-7,23.75,23.75,23.825247854508103,34.15029821073559,33.93818455725276,0,
41,robust,gap25,0.25,7,0.5,189,504,26.56997008062899,26.55,25.75,1,1,0.00015342685558483726,25.75,27.25,26.57764019837777,42.687872763419485,40.325075377990366,2.1094237467877974e-15,
41,robust,gap25,0.25,7,0.5,190,504,26.589508935809135,26.6,26.5,1,1,0.00023472235256360996,26.5,26.5,26.611545235453836,42.687872763419485,30.18810891556737,3.83026943495679e-14,
41,robust,gap25,0.25,7,0.5,191,504,23.971819795668125,23.85,29.5,0,1,0.0034382570027089443,23.75,23.75,23.847827808750207,34.15029821073559,34.04391098889529,2.982736280188192e-11,
41,robust,gap25,0.25,7,0.5,192,504,24.918702382594347,25.05,32,0,1,0.04372607709479848,24,27.75,25.06545501900706,34.15029821073559,36.79493409910906,3.2206459721351166e-12,
41,robust,gap25,0.25,7,0.5,193,504,23.624853307381272,23.85,24,0,0,0.0009797529373095637,24,23.75,23.84264495130047,34.15029821073559,34.04391098889529,2.6565530886202282e-9,
41,robust,gap25,0.25,7,0.5,194,504,26.848773755133152,26.700000000000003,26,1,1,2.701957373396624e-7,26,26,26.70622128134789,42.687872763419485,41.23809595258637,0,
41,robust,gap25,0.25,7,0.5,195,504,22.532777901738882,22.4,23.25,1,1,0.00007985578459412945,23.25,22.75,22.417576753256636,34.15029821073559,31.134175006938428,1.4988010832439613e-14,
41,robust,gap25,0.25,7,0.5,196,504,20.3154528606683,19.95,29.25,0,1,0.07668007246806074,19.5,19.5,19.96152007279356,24.393070150525425,26.019274827227118,2.024935774613823e-12,
41,robust,gap25,0.25,7,0.5,197,504,27.846556585282087,28.1,29.25,0,1,0.0010331048293615863,27.5,27,28.10430567910794,42.687872763419485,32.81710338569186,2.3597790388407702e-12,
41,robust,gap25,0.25,7,0.5,198,504,20.3874569889158,20.15,20.25,1,1,0.000008088277442142022,20.25,20.25,20.15724424754176,28.45858184227966,26.46027948531571,0,
41,robust,gap25,0.25,7,0.5,199,504,23.207500968128443,23.05,23.5,0,0,0.001181032013606087,23.5,22.75,23.051094784015213,34.15029821073559,31.95349540185786,2.5585327190214002e-9,
