cell,block,cond,dt,days,snr,rep,n,tau,LS,CHI,CHI_sigPeak,CHI_sigAny,CHI_pPeak,CHI_rel,ENR,COS,FFTauto,FFTfine,COSfixTrue_p,SURR_p
2,main,cosine,0.25,3,1,0,288,22.21258664689958,22.25,22.25,1,1,0.0000019029143160098627,22.25,22.5,22.196725561893764,21.333333333333332,22.230664857530527,0,
2,main,cosine,0.25,3,1,1,288,20.866746237501502,20.95,21.75,1,1,0.000008803368419796342,20.5,21.75,20.91353822678098,21.333333333333332,21.195342820181114,0,
2,main,cosine,0.25,3,1,2,288,24.589997187256813,24.7,25,1,1,0.000006241818618080153,24.25,25,24.732362434034044,25.6,24.417287630402384,0,
2,main,cosine,0.25,3,1,3,288,23.23111461661756,23,22.75,1,1,5.365540105550792e-7,22.75,24.25,22.976804733745666,21.333333333333332,23.206798866855525,0,
2,main,cosine,0.25,3,1,4,288,24.0105070900172,24,23.75,1,1,4.957832452356925e-7,23,23.75,23.990174318969448,25.6,24.38095238095238,0,
2,main,cosine,0.25,3,1,5,288,22.013085201382637,22,21.75,1,1,6.473752017788215e-7,21.75,23.75,21.97641398330478,21.333333333333332,21.933065595716197,0,
2,main,cosine,0.25,3,1,6,288,21.279392885044217,21.4,21.25,1,1,1.7617492553689829e-7,21.25,21.25,21.344849067848532,21.333333333333332,21.557894736842105,0,
2,main,cosine,0.25,3,1,7,288,26.422583408653736,26.3,26.5,1,1,0.0000366956544086694,26.5,25.75,26.37777475986929,25.6,26.298555377207062,0,
2,main,cosine,0.25,3,1,8,288,26.436083991080523,26.450000000000003,26.5,1,1,0.000007001078632162816,26.5,26.5,26.538531900015446,25.6,26.468497576736674,0,
2,main,cosine,0.25,3,1,9,288,24.947251345962286,25.2,25.25,1,1,4.1072929235497213e-7,25.25,23.5,25.298678618239087,25.6,24.89969604863222,0,
2,main,cosine,0.25,3,1,10,288,20.02457509562373,20.2,19.75,1,1,0.0000012054835746289072,19.75,19.75,20.19749291496664,21.333333333333332,20.053855569155445,0,
2,main,cosine,0.25,3,1,11,288,23.281693153083324,23.35,23.25,1,1,1.4294147943072488e-7,23.25,23.25,23.336848205260996,21.333333333333332,23.23971631205674,0,
2,main,cosine,0.25,3,1,12,288,20.39131754077971,20.55,20,1,1,8.081463387377141e-9,20,20,20.548904600544727,21.333333333333332,20.582914572864322,0,
2,main,cosine,0.25,3,1,13,288,25.98811166547239,26.05,28.25,0,1,0.001529043430486321,26.25,27.75,26.054687476993447,25.6,26.089171974522294,0,
2,main,cosine,0.25,3,1,14,288,20.208536149933934,20.25,21,1,1,0.0000019223798265466385,19.25,20.75,20.251065490084486,21.333333333333332,20.302354399008674,0,
2,main,cosine,0.25,3,1,15,288,21.387725764885545,21.35,21,1,1,1.7714159528114948e-7,21,20.5,21.372298794110062,21.333333333333332,21.16795865633075,0,
2,main,cosine,0.25,3,1,16,288,21.8830773383379,21.7,21.5,1,1,2.3311539654180535e-7,21.5,20.75,21.70616540288469,21.333333333333332,21.557894736842105,0,
2,main,cosine,0.25,3,1,17,288,22.57590209506452,22.3,21.5,1,1,1.907837766657039e-7,21.5,23,22.28457394549592,21.333333333333332,22.321525885558582,0,
2,main,cosine,0.25,3,1,18,288,21.63329711742699,21.65,22.25,1,1,0.000003417958079121597,21,21,21.63397088933677,21.333333333333332,21.47313237221494,0,
2,main,cosine,0.25,3,1,19,288,24.285460716113448,24.2,24.5,1,1,1.603185664222906e-7,24.5,24.5,24.20575587197812,25.6,23.91824817518248,0,
2,main,cosine,0.25,3,1,20,288,20.373366056010127,20.6,20.75,1,1,0.0000010442515571140731,20.75,20.75,20.59158229177626,21.333333333333332,20.48,0,
2,main,cosine,0.25,3,1,21,288,23.236505545675755,23.2,25,1,1,0.00006718459338461713,23.5,23.25,23.182224078153563,25.6,23.33903133903134,0,
2,main,cosine,0.25,3,1,22,288,25.249628664925694,25.15,25.75,1,1,0.000003501592488519556,25.75,23.75,25.190084215355803,25.6,25.244992295839754,0,
2,main,cosine,0.25,3,1,23,288,26.61772326566279,25.6,26,1,1,0.000007792722832133947,26,26,25.621692788246314,25.6,25.801574803149606,0,
2,main,cosine,0.25,3,1,24,288,22.586260015144944,22.6,23,1,1,6.033035475638826e-7,23,23,22.57525844537647,21.333333333333332,22.59862068965517,0,
2,main,cosine,0.25,3,1,25,288,26.536546740680933,26.6,27.75,1,1,0.00004009200988253081,26.5,27.75,26.607922444133745,25.6,26.468497576736674,0,
2,main,cosine,0.25,3,1,26,288,21.324015023186803,21.2,22,1,1,5.919377843444096e-7,22,21.25,21.18255010524032,21.333333333333332,21.11340206185567,0,
2,main,cosine,0.25,3,1,27,288,23.186199074611068,23.1,22.25,1,1,2.2209476235879322e-7,22.25,22.5,23.07622257508097,21.333333333333332,22.978962131837307,0,
2,main,cosine,0.25,3,1,28,288,25.14952020533383,25.5,25.5,1,1,0.000023566396241458953,25.5,25.5,25.550353612397455,25.6,25.640062597809077,0,
2,main,cosine,0.25,3,1,29,288,23.574601408094168,23.6,24.25,1,1,7.407093319811153e-7,23,23.25,23.580958300428726,25.6,23.272727272727273,0,
2,main,cosine,0.25,3,1,30,288,22.716664005070925,23.25,24.5,1,1,0.0000072327626267076894,24.5,24.5,23.20491252380256,21.333333333333332,23.23971631205674,0,
2,main,cosine,0.25,3,1,31,288,23.67809629626572,23.25,24.25,1,1,0.00010036792772938341,23.5,23.5,23.21699614780529,21.333333333333332,23.01123595505618,0,
2,main,cosine,0.25,3,1,32,288,23.95947569422424,23.25,22.5,1,1,0.0000023051214076419413,22.5,23.25,23.227612954391873,25.6,23.272727272727273,0,
2,main,cosine,0.25,3,1,33,288,24.231064442545176,24.55,24.75,1,1,0.000001589910104682346,23.25,25.5,24.549697414628962,25.6,24.824242424242424,0,
2,main,cosine,0.25,3,1,34,288,21.91471371240914,22.2,22.75,1,1,0.000006023709009150835,22.75,22.75,22.163247657027753,21.333333333333332,22.200542005420054,0,
2,main,cosine,0.25,3,1,35,288,22.602123664692044,22.55,23,1,1,0.000019585637818231305,21.5,22,22.490991618109895,21.333333333333332,22.505494505494507,0,
2,main,cosine,0.25,3,1,36,288,22.746813356876373,22.55,22.5,1,1,1.1121045861983703e-8,22.5,23,22.49361987812399,21.333333333333332,22.474622770919066,0,
2,main,cosine,0.25,3,1,37,288,26.748869566246867,28.200000000000003,29.75,1,1,0.000028171469610538402,27,29.75,28.21363927082075,25.6,28.006837606837607,0,
2,main,cosine,0.25,3,1,38,288,23.376393536105752,24.15,24.75,1,1,0.000013775724404641032,22.75,23.75,24.178030691970317,25.6,23.67630057803468,0,
2,main,cosine,0.25,3,1,39,288,22.49018892645836,22.55,22.5,1,1,0.00003444986082867807,22.5,23.5,22.54934716767555,21.333333333333332,22.59862068965517,0,
2,main,cosine,0.25,3,1,40,288,27.608209183439612,28,31,0,1,0.001717428518788422,27,28.75,28.098273293219183,32,28.743859649122808,0,
2,main,cosine,0.25,3,1,41,288,25.167454367503524,25,25.5,1,1,1.8835943582651282e-7,25.5,25.25,25.06632076479825,25.6,24.786686838124055,0,
2,main,cosine,0.25,3,1,42,288,22.90174725651741,23.65,25.25,1,1,0.0007325725830310548,23.5,23.5,23.640486359602065,25.6,23.953216374269005,0,
2,main,cosine,0.25,3,1,43,288,24.118719827383757,24.35,26,1,1,0.00006373865212028207,24.75,22.75,24.359022207752837,25.6,23.91824817518248,0,
2,main,cosine,0.25,3,1,44,288,22.87555669993162,23.35,24,1,1,0.000027015419549414332,22.75,23.25,23.319259721266814,21.333333333333332,23.07605633802817,0,
2,main,cosine,0.25,3,1,45,288,27.244646966457367,26.05,28.25,1,1,0.00005183245812079296,25.25,25.25,26.06874556805289,25.6,26.130781499202552,0,
2,main,cosine,0.25,3,1,46,288,24.82467152364552,24.95,25,1,1,0.000002731958001378487,23.25,25,24.960442454647595,25.6,24.975609756097562,0,
2,main,cosine,0.25,3,1,47,288,24.57281525246799,24.35,24,1,1,1.6626159082822056e-7,24,23.75,24.348397489785718,25.6,24.27259259259259,0,
2,main,cosine,0.25,3,1,48,288,25.01356040686369,24.45,24.75,1,1,0.00013288875639483333,24.75,24.75,24.471782029798856,25.6,24.637593984962407,0,
2,main,cosine,0.25,3,1,49,288,27.533508602529764,27.25,29.75,0,1,0.0014725716418532153,26.75,26.75,27.37051709672588,25.6,27.675675675675677,0,
2,main,cosine,0.25,3,1,50,288,22.514103716239333,22.5,23,1,1,9.037797089606059e-7,21.25,22.75,22.422587601634564,21.333333333333332,22.41313269493844,0,
2,main,cosine,0.25,3,1,51,288,25.193687841296196,25.05,26.25,1,1,0.000015068562367992477,24.75,26.25,25.047027627249562,25.6,25.323029366306027,0,
2,main,cosine,0.25,3,1,52,288,25.503597574308515,25,25,1,1,0.000010528171440871148,25,25.75,25.001821458367413,25.6,25.323029366306027,0,
2,main,cosine,0.25,3,1,53,288,25.353436587378383,25.75,26.75,1,1,0.000002326708431810154,26.75,23.5,25.879167405678768,25.6,25.6,0,
2,main,cosine,0.25,3,1,54,288,26.775400202721357,25.9,26.5,1,1,0.00003096362923271645,26.5,27,25.893087698022246,25.6,25.96513470681458,0,
2,main,cosine,0.25,3,1,55,288,27.121827637776732,26.85,28,0,0,0.0014824218205612416,27.5,26,26.915757315352202,25.6,26.77124183006536,0,
2,main,cosine,0.25,3,1,56,288,20.85839074663818,20.95,21.5,1,1,0.000010667236470252028,20.25,21.25,20.9477065250492,21.333333333333332,21.05912596401028,0,
2,main,cosine,0.25,3,1,57,288,20.046479530632496,19.8,20.5,1,1,0.00002388100062244991,20.5,19.5,19.84424971184985,21.333333333333332,19.883495145631066,0,
2,main,cosine,0.25,3,1,58,288,23.27181871421635,23.55,25,1,1,0.00002118813281304366,23.25,25,23.55024122728585,25.6,23.88338192419825,0,
2,main,cosine,0.25,3,1,59,288,27.021755386143923,27.3,30,0,1,0.000953140047361245,25.5,30,27.43829959412876,25.6,27.769491525423728,0,
2,main,cosine,0.25,3,1,60,288,22.30916573666036,22.1,22.25,1,1,1.2796320747465728e-7,22.25,23.75,22.031592737874043,21.333333333333332,22.14054054054054,0,
2,main,cosine,0.25,3,1,61,288,20.526457825675607,20.7,20.75,1,1,0.000018014739249894163,20.75,20.25,20.696648244070417,21.333333333333332,20.505632040050063,0,
2,main,cosine,0.25,3,1,62,288,24.785815132781863,24.55,25.25,1,1,0.0002894843999874386,23.5,23.75,24.555129222714264,25.6,24.786686838124055,0,
2,main,cosine,0.25,3,1,63,288,23.38211438059807,23.35,23,1,1,4.2303188774184264e-7,23,23.5,23.336222618335462,21.333333333333332,23.23971631205674,0,
2,main,cosine,0.25,3,1,64,288,27.56689139083028,27.9,28,1,1,0.00006765443437073415,27,29.75,27.95441610538021,25.6,28.102915951972555,0,
2,main,cosine,0.25,3,1,65,288,21.05976982973516,20.8,21.25,1,1,0.0000074459392683801084,20.5,20.5,20.783154988339277,21.333333333333332,20.871337579617833,0,
2,main,cosine,0.25,3,1,66,288,26.989489881321788,27.8,28,1,1,0.000008931014859103747,28,28,27.845013064219728,25.6,27.675675675675677,0,
2,main,cosine,0.25,3,1,67,288,21.807225273922086,21.65,22.25,1,1,0.000003520850578309087,22.25,21.5,21.627017051561808,21.333333333333332,21.557894736842105,0,
2,main,cosine,0.25,3,1,68,288,26.121810065582395,26.25,28.25,1,1,0.0002846919471622966,26.75,26,26.28670310930371,25.6,26.256410256410255,0,
2,main,cosine,0.25,3,1,69,288,20.62310503423214,20.7,20.5,1,1,3.7066780089745066e-8,20.5,20.25,20.693694153620264,21.333333333333332,20.76552598225602,0,
2,main,cosine,0.25,3,1,70,288,27.453196419402957,27.450000000000003,28,1,1,0.0006024268530839816,27.5,28.5,27.520202453107277,25.6,27.536134453781514,0,
2,main,cosine,0.25,3,1,71,288,26.228242052718997,26.4,27.75,1,1,0.000027554299542931204,25,25.5,26.42547558190297,25.6,26.383252818035427,0,
2,main,cosine,0.25,3,1,72,288,27.5895575620234,28.65,31.75,0,1,0.0015712842073937194,28.75,26.75,28.66488259433651,25.6,28.248275862068965,0,
2,main,cosine,0.25,3,1,73,288,21.541474847123027,22.05,22,1,1,5.56423425113195e-8,22,22,21.98057302723793,21.333333333333332,22.080862533692724,0,
2,main,cosine,0.25,3,1,74,288,24.691837871447206,24.45,24,1,1,0.000001574444325913582,24,22.75,24.458449217281455,25.6,24.236686390532544,0,
2,main,cosine,0.25,3,1,75,288,22.33084991760552,21.65,22,1,1,0.00000163101273431554,22,22,21.627378745759664,21.333333333333332,21.72944297082228,0,
2,main,cosine,0.25,3,1,76,288,22.456725638359785,22.65,23.75,1,1,8.78790380465233e-8,22,22.25,22.611199189026102,21.333333333333332,22.661134163208853,0,
2,main,cosine,0.25,3,1,77,288,21.001276042312384,21.1,21.5,1,1,1.4659028102492755e-7,20.5,20.5,21.099512767833495,21.333333333333332,20.871337579617833,0,
2,main,cosine,0.25,3,1,78,288,25.98716096766293,25.65,25.75,1,1,0.000012790651864102998,25.75,25.75,25.681510880282676,25.6,25.801574803149606,0,
2,main,cosine,0.25,3,1,79,288,25.314533554017544,26.200000000000003,27.75,1,1,0.000006432861534677592,25,25.75,26.23758663014711,25.6,26.2144,0,
2,main,cosine,0.25,3,1,80,288,25.156853292137384,25.6,26,1,1,0.0000012231892925207433,26,23.75,25.68823804590142,25.6,25.323029366306027,0,
2,main,cosine,0.25,3,1,81,288,26.821846198290586,26.75,27.25,1,1,0.00002905302785727315,26.5,26.5,26.85338190589818,25.6,26.77124183006536,0,
2,main,cosine,0.25,3,1,82,288,26.709464490413666,26.4,26.75,1,1,0.00005948828052693145,24.75,26.75,26.5210281365063,25.6,26.468497576736674,0,
2,main,cosine,0.25,3,1,83,288,24.137159192934632,24.05,24.5,1,1,0.0000012095839613257553,24.5,24.5,24.028368863372567,25.6,24.20088626292467,0,
2,main,cosine,0.25,3,1,84,288,25.91747808456421,26.200000000000003,26.75,1,1,0.000040173928025355465,24.75,24.75,26.325498475390827,25.6,26.17252396166134,0,
2,main,cosine,0.25,3,1,85,288,20.49880496226251,20.35,20.75,1,1,4.307648512336115e-7,20.75,20,20.32745280188263,21.333333333333332,20.127764127764127,0,
2,main,cosine,0.25,3,1,86,288,26.46424833498895,26.75,27.25,1,1,0.00002719813168983176,26,26,26.78175896070176,25.6,26.684039087947884,0,
2,main,cosine,0.25,3,1,87,288,26.921828566119075,26.75,26.75,1,1,0.0000043999700550800824,26.75,26.75,26.816223356088283,25.6,26.77124183006536,0,
2,main,cosine,0.25,3,1,88,288,21.38245080038905,21.45,22,1,1,0.0000056530705438984086,22,21.5,21.431004317334928,21.333333333333332,21.445026178010473,0,
2,main,cosine,0.25,3,1,89,288,22.11970493197441,22.5,23.75,1,1,0.000003471140084365665,21.5,23.25,22.4958028478012,21.333333333333332,22.536451169188446,0,
2,main,cosine,0.25,3,1,90,288,25.808797020465136,25.75,27,1,1,0.00007594786152931299,24.25,23.5,25.83247217162508,25.6,25.640062597809077,0,
2,main,cosine,0.25,3,1,91,288,21.382285026833415,20.95,21.25,1,1,0.000018210743999658163,21,21.25,20.918474926386033,21.333333333333332,21.140645161290323,0,
2,main,cosine,0.25,3,1,92,288,22.985799672082067,22.95,23.25,1,1,0.0000027288489825583184,23.25,24.5,22.954426092058192,21.333333333333332,23.173974540311175,0,
2,main,cosine,0.25,3,1,93,288,23.45330891944468,23.45,24.75,1,1,0.000001880688384803264,22.25,24.75,23.44867678651524,25.6,23.779390420899855,0,
2,main,cosine,0.25,3,1,94,288,25.653498355299234,26.3,26.25,1,1,0.000004930628250576774,26.25,27.5,26.312443085072704,25.6,26.298555377207062,0,
2,main,cosine,0.25,3,1,95,288,24.98416847549379,25.2,26.25,1,1,0.000004030067205396115,26.25,26.25,25.279650635064602,25.6,25.12883435582822,0,
2,main,cosine,0.25,3,1,96,288,27.31519352644682,28.05,30,1,1,0.000050089946207032554,26.5,27.25,28.068330183034146,25.6,27.536134453781514,0,
2,main,cosine,0.25,3,1,97,288,25.294286869466305,25.55,28.25,1,1,0.00009702728456439935,28.25,23.75,25.605096161701926,25.6,25.5202492211838,0,
2,main,cosine,0.25,3,1,98,288,20.029783211648464,19.8,21.25,1,1,0.000012681761908606148,21.25,19.25,19.821622340963646,21.333333333333332,19.931873479318735,0,
2,main,cosine,0.25,3,1,99,288,21.637081699445844,21.75,22,1,1,0.000003681665137311718,21.5,21.5,21.69806702480675,21.333333333333332,21.72944297082228,0,
2,main,cosine,0.25,3,1,100,288,26.703332101926208,25.75,28,1,1,0.00017142357869714964,25.25,23.75,25.818072575984907,25.6,25.842271293375394,0,
2,main,cosine,0.25,3,1,101,288,21.110533758997917,21.5,22,1,1,0.000004310534251095177,22,21,21.521033346529254,21.333333333333332,21.333333333333332,0,
2,main,cosine,0.25,3,1,102,288,26.828496413305402,26.15,27,1,1,0.00020867924096756862,27,27,26.262880321539754,25.6,26.130781499202552,0,
2,main,cosine,0.25,3,1,103,288,27.839479967951775,28.1,28.25,1,1,0.000002545235412099167,27.75,27.75,28.13271660529771,25.6,27.722504230118442,0,
2,main,cosine,0.25,3,1,104,288,22.07630825228989,22.1,23.25,1,1,0.000003087483947172842,21.75,23.25,22.017065220326423,21.333333333333332,22.110661268556004,0,
2,main,cosine,0.25,3,1,105,288,23.560243286192417,23.45,24,1,1,0.0000018841569745520204,22.5,24.5,23.450874816293446,25.6,23.813953488372093,0,
2,main,cosine,0.25,3,1,106,288,25.17601317167282,24.95,24.25,1,1,0.0000034930261583188127,24.25,25,24.974001738168536,25.6,25.28395061728395,0,
2,main,cosine,0.25,3,1,107,288,21.89279107749462,21.75,21.5,1,1,0.0000011179751723267017,21.5,21.75,21.74192171463026,21.333333333333332,21.758300132802123,0,
2,main,cosine,0.25,3,1,108,288,20.59284552372992,20.35,20.75,1,1,0.00000261191668649019,19.25,19.25,20.37269795334869,21.333333333333332,20.127764127764127,0,
2,main,cosine,0.25,3,1,109,288,22.612365329638124,22.45,22.75,1,1,7.213672681416483e-8,22.25,22.75,22.39605531796239,21.333333333333332,22.41313269493844,0,
2,main,cosine,0.25,3,1,110,288,26.63997670263052,25.95,25.75,1,1,0.000021757101282715574,25.75,25.75,26.06986042834056,25.6,25.842271293375394,0,
2,main,cosine,0.25,3,1,111,288,22.21471454575658,22.15,22.5,1,1,0.000015063520567459854,22.5,22.5,22.152664917994947,21.333333333333332,22.14054054054054,0,
2,main,cosine,0.25,3,1,112,288,27.493797902017832,28.6,29.25,1,1,0.000029368838158072563,29.25,29.25,28.638463751347487,32,28.593368237347295,0,
2,main,cosine,0.25,3,1,113,288,22.84915084950626,23.2,23.5,1,1,0.00001895104799554126,23.5,23.5,23.174366618626962,25.6,23.372325249643367,0,
2,main,cosine,0.25,3,1,114,288,23.251272283494473,23.35,23.5,1,1,0.00004463241678664964,22.5,23.25,23.31688357829217,21.333333333333332,23.07605633802817,0,
2,main,cosine,0.25,3,1,115,288,22.46661550179124,22.8,24.25,1,1,0.000010191283827731823,22.25,23.25,22.744386372656514,21.333333333333332,22.723994452149793,0,
2,main,cosine,0.25,3,1,116,288,24.54228588193655,24.9,25,1,1,0.0000033326434587532816,25,25,24.966838072414635,25.6,24.71191553544495,0,
2,main,cosine,0.25,3,1,117,288,27.515440829098225,27.55,27.75,1,1,0.000008798651006780567,27.75,27.75,27.587307665218972,25.6,27.352253756260435,0,
2,main,cosine,0.25,3,1,118,288,27.041732164099813,26.55,26.5,1,1,2.2016647194256223e-7,26.5,26.5,26.577839552041237,25.6,26.468497576736674,0,
2,main,cosine,0.25,3,1,119,288,23.593882143497467,24,25.25,1,1,0.0000025559651127826655,23.75,23.75,23.987987785683973,25.6,23.813953488372093,0,
2,main,cosine,0.25,3,1,120,288,22.931426290422678,23.3,23.75,1,1,0.00002283044454653993,23.75,22.5,23.27930887196458,21.333333333333332,23.206798866855525,0,
2,main,cosine,0.25,3,1,121,288,22.683664090931416,22.5,22.25,1,1,0.00000734783879552392,22.25,23.25,22.467300250795883,21.333333333333332,22.443835616438356,0,
2,main,cosine,0.25,3,1,122,288,24.561242781579494,24.1,24.25,1,1,0.00002600627347448814,24.25,25.25,24.120610239032647,25.6,24.38095238095238,0,
2,main,cosine,0.25,3,1,123,288,24.680224809795618,24.7,27.5,0,1,0.0019183719551665313,24.5,25.25,24.713259217762076,25.6,24.89969604863222,0,
2,main,cosine,0.25,3,1,124,288,24.331964364275336,24.55,24.75,1,1,0.000006210397386241517,24.75,24.75,24.608009328791717,25.6,24.12960235640648,0,
2,main,cosine,0.25,3,1,125,288,20.805654441937804,20.5,20.25,1,1,5.54138890995759e-7,20,20,20.483661111155826,21.333333333333332,20.252163164400493,0,
2,main,cosine,0.25,3,1,126,288,20.674451611936092,20.4,21,1,1,7.87901764942589e-7,21,20.25,20.422148820072216,21.333333333333332,20.22716049382716,0,
2,main,cosine,0.25,3,1,127,288,21.696381712332368,21.65,21.25,1,1,2.2482434935966467e-7,21.25,21.5,21.628326167628426,21.333333333333332,21.586297760210805,0,
2,main,cosine,0.25,3,1,128,288,22.545951295644045,22.45,23.5,1,1,0.0000019059813515243107,21.5,22.5,22.42064396954282,21.333333333333332,22.443835616438356,0,
2,main,cosine,0.25,3,1,129,288,20.583585172891617,20.15,20,1,1,0.0000015472076408951096,20,20,20.161165397410446,21.333333333333332,20.103067484662578,0,
2,main,cosine,0.25,3,1,130,288,23.452852373942733,23.15,23.5,1,1,7.226675834415275e-7,23,24,23.107367216784684,21.333333333333332,23.141242937853107,0,
2,main,cosine,0.25,3,1,131,288,26.29539416357875,26.200000000000003,27.25,1,1,0.0001988503209939818,25,27.25,26.312163911777084,25.6,26.2144,0,
2,main,cosine,0.25,3,1,132,288,22.838049760088325,22.75,22.5,1,1,0.000001925408073422119,22.5,22.75,22.744291813721407,21.333333333333332,22.850767085076708,0,
2,main,cosine,0.25,3,1,133,288,24.83839473873377,25.35,24,1,1,0.000007344182768487251,24,24,25.406365480652045,25.6,25.323029366306027,0,
2,main,cosine,0.25,3,1,134,288,24.229946264997125,24.4,25,1,1,2.631489396387465e-7,25,25,24.411258132847735,25.6,24.749244712990937,0,
2,main,cosine,0.25,3,1,135,288,23.36870564892888,23.6,23,1,1,0.0000036312799502891124,23,23,23.59008568526887,25.6,23.91824817518248,0,
2,main,cosine,0.25,3,1,136,288,20.48059392720461,20.75,20.5,1,1,0.0000013567239474099324,20.5,20.75,20.733528613832615,21.333333333333332,20.76552598225602,0,
2,main,cosine,0.25,3,1,137,288,20.597712287679315,20.2,21.5,1,1,0.00022690819178794452,19.75,20.25,20.19724561088747,21.333333333333332,20.252163164400493,0,
2,main,cosine,0.25,3,1,138,288,25.41815673932433,25.3,25.5,1,1,2.569803074781163e-7,25,25,25.287825317282444,25.6,25.5202492211838,0,
2,main,cosine,0.25,3,1,139,288,22.180534798651934,22,22,1,1,4.139010501003071e-8,22,22,21.976667378204418,21.333333333333332,21.90374331550802,0,
2,main,cosine,0.25,3,1,140,288,22.53933589719236,22.5,24,1,1,0.00005914582232324772,22.25,23.5,22.431634786629235,21.333333333333332,22.41313269493844,0,
2,main,cosine,0.25,3,1,141,288,20.485640563070774,20.25,20.25,1,1,4.3714335373756796e-8,20.25,20.25,20.232218590360848,21.333333333333332,20.127764127764127,0,
2,main,cosine,0.25,3,1,142,288,20.091023843735456,20.5,22,1,1,0.000003372981237315109,20,20.5,20.487697653005693,21.333333333333332,20.739240506329114,0,
2,main,cosine,0.25,3,1,143,288,24.1262617893517,24.25,24,1,1,0.000013369972118537632,24,24,24.23430666444474,25.6,24.6006006006006,0,
2,main,cosine,0.25,3,1,144,288,26.288511337712407,25.55,25.75,1,1,1.7520288575489928e-7,25.75,25.75,25.58232576084348,25.6,25.761006289308177,0,
2,main,cosine,0.25,3,1,145,288,22.552320098504424,22.45,22.5,1,1,4.281429899499756e-8,22.5,23.75,22.388232891960133,21.333333333333332,22.41313269493844,0,
2,main,cosine,0.25,3,1,146,288,24.56949744746089,24.45,25.75,1,1,0.000013844256309125669,25.75,23.75,24.491336855868173,25.6,24.023460410557185,0,
2,main,cosine,0.25,3,1,147,288,26.3067847751081,25.75,25.5,1,1,0.00000863974206388729,25.5,25.5,25.797573329995203,25.6,25.68025078369906,0,
2,main,cosine,0.25,3,1,148,288,22.555373514071107,22.75,23.75,1,1,0.000006601399843542133,23.75,23.5,22.69971840473101,21.333333333333332,22.629834254143645,0,
2,main,cosine,0.25,3,1,149,288,23.371512826532125,23.7,24.25,1,1,0.0000011431855148069658,24.25,23.25,23.65732328465115,25.6,23.33903133903134,0,
2,main,cosine,0.25,3,1,150,288,21.182797759771347,21.5,21.5,1,1,4.769562100825908e-8,21.25,22,21.489134648954096,21.333333333333332,21.586297760210805,0,
2,main,cosine,0.25,3,1,151,288,24.06701761111617,24.2,25.5,1,1,0.0000016230613896217605,25.5,25.5,24.195196388012885,25.6,23.988286969253295,0,
2,main,cosine,0.25,3,1,152,288,25.396835952997208,25.35,26.5,1,1,0.000007113364506539099,26.5,26.5,25.38256520491785,25.6,25.4015503875969,0,
2,main,cosine,0.25,3,1,153,288,27.663982808589935,27.6,27.75,1,1,0.00002325307808737076,27.75,23.75,27.69627493184113,25.6,27.911413969335605,0,
2,main,cosine,0.25,3,1,154,288,26.476689133793116,26.25,26.5,1,1,0.000002736856053120462,26.5,26.5,26.348347793028513,25.6,26.2144,0,
2,main,cosine,0.25,3,1,155,288,23.46412643790245,23.25,23.75,1,1,7.827830224016452e-7,23.75,24.25,23.23648296662312,21.333333333333332,23.206798866855525,0,
2,main,cosine,0.25,3,1,156,288,24.678732704371214,24.85,24,1,1,1.203084079026695e-7,24,24,24.881525413515465,25.6,25.167434715821813,0,
2,main,cosine,0.25,3,1,157,288,24.60956863500178,24.85,26,1,1,0.00004636929298029724,24,26,24.862418120705076,25.6,25.013740458015267,0,
2,main,cosine,0.25,3,1,158,288,21.18196870572865,20.85,20.75,1,1,0.0000020450854875120328,20.75,20.75,20.848536655526676,21.333333333333332,21.05912596401028,0,
2,main,cosine,0.25,3,1,159,288,26.04550942592323,26.200000000000003,26.5,1,1,0.0002767750559218296,26.5,26.5,26.29411445913835,25.6,26.2144,0,
2,main,cosine,0.25,3,1,160,288,23.787438094615936,23.9,23,1,1,6.550522230197586e-7,23,23,23.900446478324508,25.6,23.848617176128094,0,
2,main,cosine,0.25,3,1,161,288,27.850948808714747,28.8,30.75,0,1,0.0013189819155046134,27.5,27.5,28.818704531844922,32,29.62748643761302,0,
2,main,cosine,0.25,3,1,162,288,20.229133704677224,20.7,22,1,1,0.00002766996096936758,20,20,20.707992563183232,21.333333333333332,20.531328320802004,0,
2,main,cosine,0.25,3,1,163,288,20.37398741208017,20.1,19.75,1,1,3.0078441903835795e-7,19.75,19.75,20.10346642866796,21.333333333333332,19.907654921020654,0,
2,main,cosine,0.25,3,1,164,288,20.729935985058546,20.65,20.75,1,1,0.00000555000272217665,20,20,20.631765095925296,21.333333333333332,20.3527950310559,0,
2,main,cosine,0.25,3,1,165,288,26.400239331647754,27,28.5,1,1,0.00008530902421988174,26.5,26.5,27.072365509936716,25.6,26.99176276771005,0,
2,main,cosine,0.25,3,1,166,288,20.012560149654746,20.1,20,1,1,0.000010443383743563572,20,20,20.084637807423533,21.333333333333332,20.004884004884005,0,
2,main,cosine,0.25,3,1,167,288,22.677224462851882,22.95,23.5,1,1,6.224925698239403e-7,23.5,23.5,22.928198888167607,21.333333333333332,22.946778711484594,0,
2,main,cosine,0.25,3,1,168,288,24.713413381949067,24.7,25.5,1,1,0.00002960849830568879,23.25,23.25,24.737843570976857,25.6,24.71191553544495,0,
2,main,cosine,0.25,3,1,169,288,26.222767958417535,26.1,27.5,1,1,0.0000516752188561842,25.25,25.25,26.13936517935472,25.6,26.17252396166134,0,
2,main,cosine,0.25,3,1,170,288,23.33041151985526,23,23.25,1,1,0.000005528512147523479,23.25,25.25,22.9899584450106,21.333333333333332,23.173974540311175,0,
2,main,cosine,0.25,3,1,171,288,21.88119533099234,21.8,23.25,1,1,5.719387824454358e-7,21.25,21.75,21.73515549003364,21.333333333333332,21.90374331550802,0,
2,main,cosine,0.25,3,1,172,288,26.06668341346085,26.200000000000003,26.5,1,1,0.00008357515801749038,26.5,26.5,26.312176515110394,25.6,26.2144,0,
2,main,cosine,0.25,3,1,173,288,23.040560698136687,23.1,24.5,1,1,0.0002798908136455447,22.75,24.5,23.083378016469798,21.333333333333332,23.173974540311175,0,
2,main,cosine,0.25,3,1,174,288,27.841904383152723,27.55,29.25,0,1,0.001996739833587058,25.75,27.25,27.602142910417218,25.6,27.536134453781514,0,
2,main,cosine,0.25,3,1,175,288,24.9192823022604,24.55,24.75,1,1,0.00006474007812040661,23,23.5,24.596674526738475,25.6,24.16519174041298,0,
2,main,cosine,0.25,3,1,176,288,20.603173764422536,20.55,20.75,1,1,2.559752881881039e-7,19.5,20.75,20.567651458410634,21.333333333333332,20.327543424317618,0,
2,main,cosine,0.25,3,1,177,288,25.344211872667074,25.15,25.75,1,1,0.000011322088110166106,24.75,25.75,25.139250923976523,25.6,25.362229102167184,0,
2,main,cosine,0.25,3,1,178,288,23.883657114580274,24.2,26,1,1,0.000017237645046019878,23.75,24,24.238633495950996,25.6,23.953216374269005,0,
2,main,cosine,0.25,3,1,179,288,27.089361369609833,26.85,27.75,1,1,0.00000467276171234321,26,26.25,26.87991024294805,25.6,26.72756933115824,0,
2,main,cosine,0.25,3,1,180,288,21.925401551648974,21.75,22.5,1,1,0.000003554313577125434,20.5,21.25,21.713990889156875,21.333333333333332,21.81624500665779,0,
2,main,cosine,0.25,3,1,181,288,26.225700471550226,26.05,26,1,1,0.000004498641875017029,26,26,26.037596455100395,25.6,26.089171974522294,0,
2,main,cosine,0.25,3,1,182,288,20.238776348531246,20.3,20.75,1,1,8.12227894719797e-7,19.75,20.75,20.310178938786095,21.333333333333332,20.327543424317618,0,
2,main,cosine,0.25,3,1,183,288,23.881958765909076,23.85,25.5,1,1,0.00001449844367784614,23.5,24.25,23.866529306409905,25.6,24.236686390532544,0,
2,main,cosine,0.25,3,1,184,288,26.73875978589058,26.950000000000003,26.5,1,1,0.000036341317277810425,26.5,27,26.935697734681526,25.6,26.72756933115824,0,
2,main,cosine,0.25,3,1,185,288,26.788211349397898,26.25,27.5,1,1,0.000049035065155522695,25.75,25.75,26.382241957037255,25.6,26.256410256410255,0,
2,main,cosine,0.25,3,1,186,288,21.061884060502052,21.35,22.5,1,1,0.000003567925094372093,21.5,21,21.322331603746722,21.333333333333332,21.195342820181114,0,
2,main,cosine,0.25,3,1,187,288,22.826211884617805,23.2,23.75,1,1,0.000004294116862091357,23.75,23.75,23.207111818976546,25.6,23.472779369627506,0,
2,main,cosine,0.25,3,1,188,288,27.425766319036484,26.75,26.5,1,1,6.01600827154769e-7,26.5,26.5,26.839880526381773,25.6,26.77124183006536,0,
2,main,cosine,0.25,3,1,189,288,20.43307738378644,20.15,19.5,1,1,3.344523946680056e-8,19.5,20.5,20.1656453069234,21.333333333333332,20.22716049382716,0,
2,main,cosine,0.25,3,1,190,288,23.56075215153396,23.55,24,1,1,0.0005768187855905715,23,23.75,23.534028087704,25.6,23.472779369627506,0,
2,main,cosine,0.25,3,1,191,288,25.76049485616386,25.65,26.5,1,1,0.0000021797449816229886,26.5,26.5,25.685028782764466,25.6,25.68025078369906,0,
2,main,cosine,0.25,3,1,192,288,24.604742016643286,24.35,24.5,1,1,0.00004596798979117356,24.5,22.5,24.349337600273298,25.6,24.023460410557185,0,
2,main,cosine,0.25,3,1,193,288,23.518746346235275,23.1,24.25,1,1,0.000013087402489952993,22,23.25,23.042275595204416,21.333333333333332,22.978962131837307,0,
2,main,cosine,0.25,3,1,194,288,21.805915094912052,21.5,22.25,1,1,0.000011934280278458331,20.5,22.25,21.517507030366374,21.333333333333332,21.333333333333332,0,
2,main,cosine,0.25,3,1,195,288,26.35128592327237,26.700000000000003,28.5,1,1,0.00006724672961211375,26.5,26.5,26.69217530764759,25.6,26.554294975688816,0,
2,main,cosine,0.25,3,1,196,288,21.77698116376996,21.9,21.25,1,1,0.0000011718537000771079,21.25,22.25,21.89134701050659,21.333333333333332,21.962466487935657,0,
2,main,cosine,0.25,3,1,197,288,27.135817863047123,27.1,28.5,1,1,0.00003854153657445458,26.5,26.5,27.187703524082536,25.6,27.08099173553719,0,
2,main,cosine,0.25,3,1,198,288,21.664004938676953,22.4,23,1,1,0.000005065902699219471,21.5,23.5,22.37078094676328,21.333333333333332,22.41313269493844,0,
2,main,cosine,0.25,3,1,199,288,23.26701015792787,23.05,23.5,1,1,0.000006575792923402268,23.5,23.25,23.031627304220752,21.333333333333332,22.914685314685315,0,
8,main,cosine,0.25,14,0.25,0,1344,25.09009612724185,25.1,25,1,1,0.00009967179864467379,25,25,25.097988636976318,25.6,25.090352220520675,2.841071822246022e-11,
8,main,cosine,0.25,14,0.25,1,1344,24.80304543673992,24.95,30,0,0,0.037219796503922487,25,24.5,24.94512759680654,24.38095238095238,24.93759512937595,4.032708722512268e-8,
8,main,cosine,0.25,14,0.25,2,1344,21.48381893336773,21.4,29.75,0,1,0.07048106574035795,21.5,30.5,21.40811058458672,21.333333333333332,21.416993464052286,1.6653345369377348e-15,
8,main,cosine,0.25,14,0.25,3,1344,20.10406599007547,20,30,0,0,0.061536932873549444,20,30.5,19.99616697753209,19.692307692307693,20.004884004884005,1.8008549418357944e-7,
8,main,cosine,0.25,14,0.25,4,1344,24.522331262007356,24.8,30.25,0,0,0.02703105489835822,25,19.75,24.81199971763695,24.38095238095238,24.824242424242424,1.975959229572055e-8,
8,main,cosine,0.25,14,0.25,5,1344,22.353750381618738,22.35,22.25,1,1,0.00008507096267096337,22.25,22.25,22.362179350108878,22.26086956521739,22.382513661202186,7.110978472724128e-13,
8,main,cosine,0.25,14,0.25,6,1344,25.61948940344155,25.85,31.5,0,0,0.08964201603773658,25.5,25.75,25.837730672732643,25.6,25.842271293375394,0.000004463441771518362,
8,main,cosine,0.25,14,0.25,7,1344,20.797776313498616,21,20.75,1,1,0.0000014284404529218975,20.75,21.25,21.024935199169597,21.333333333333332,21.005128205128205,4.973799150320701e-14,
8,main,cosine,0.25,14,0.25,8,1344,21.00868690572679,21.15,31.25,0,0,0.12784540357210084,23.75,19.75,21.15338667147276,0.5614035087719298,0.5613842727428473,0.0009173342455311984,
8,main,cosine,0.25,14,0.25,9,1344,22.730912754312158,22.55,23.25,1,1,0.00025061478346943833,23.25,30.5,22.557545065938317,22.26086956521739,22.56749311294766,1.0819567464182e-11,
8,main,cosine,0.25,14,0.25,10,1344,20.795379016548395,20.7,30.25,0,0,0.06305261003431328,20.5,20.75,20.69499962277889,20.48,20.68686868686869,5.881421627496053e-8,
8,main,cosine,0.25,14,0.25,11,1344,21.133762951940298,21.3,31.75,0,1,0.16681298601965722,21.25,30.5,21.276585038846022,21.333333333333332,21.277922077922078,1.960542839185564e-12,
8,main,cosine,0.25,14,0.25,12,1344,23.585185572504997,23.45,30.5,0,0,0.04112329030687678,23.25,30.5,23.469488601864807,23.272727272727273,23.472779369627506,7.585077010929808e-10,
8,main,cosine,0.25,14,0.25,13,1344,24.5765078086406,24.65,29.75,0,0,0.0188007903510391,24.75,22.25,24.647478128532644,24.38095238095238,24.637593984962407,1.7044810007860178e-10,
8,main,cosine,0.25,14,0.25,14,1344,25.10915564931929,25.2,25,1,1,0.00011867277147936672,25,25.75,25.179272284920263,25.6,25.206153846153846,3.616185129118321e-11,
8,main,cosine,0.25,14,0.25,15,1344,22.98467741534114,22.85,29.25,0,0,0.011422097166001288,29.25,29.25,22.839938160611993,23.272727272727273,22.850767085076708,0.000007727711631821954,
8,main,cosine,0.25,14,0.25,16,1344,25.587334973737597,25.3,26,1,1,0.0003886884433720317,26,25.75,25.317132827499055,25.6,25.323029366306027,2.8112547068026572e-8,
8,main,cosine,0.25,14,0.25,17,1344,24.297130551189184,24.2,29.75,0,0,0.028797579284322028,24.75,28.25,24.186879023735628,24.38095238095238,24.20088626292467,6.706080135643333e-12,
8,main,cosine,0.25,14,0.25,18,1344,23.865290235728025,24.1,27.75,0,1,0.0029246613004124677,24,27.75,24.11427909385314,24.38095238095238,24.094117647058823,4.74953409934642e-13,
8,main,cosine,0.25,14,0.25,19,1344,23.98698097653687,24.1,28.25,0,0,0.03272822093383432,24.5,23.75,24.10254350238995,24.38095238095238,24.094117647058823,9.182321569767282e-11,
8,main,cosine,0.25,14,0.25,20,1344,24.306599577888846,24.55,24.75,0,0,0.003415505339669056,24.75,24.25,24.564698718427753,24.38095238095238,24.563718140929534,4.013870347208126e-10,
8,main,cosine,0.25,14,0.25,21,1344,24.90959980711341,24.9,25,1,1,0.0001931886557388074,25,24.75,24.881167960375866,24.38095238095238,24.89969604863222,5.901978905598071e-10,
8,main,cosine,0.25,14,0.25,22,1344,27.882843133062124,27.75,31.75,0,0,0.055175926354498195,28.5,28.5,27.74793857214766,28.444444444444443,27.769491525423728,2.343668343840477e-7,
8,main,cosine,0.25,14,0.25,23,1344,25.94744415767491,26,25.5,1,1,3.8457643292133525e-7,25.5,25.75,25.98660334320286,25.6,25.96513470681458,0,
8,main,cosine,0.25,14,0.25,24,1344,23.440985772758722,23.45,23.5,1,1,0.0000041466295843672896,23.5,23.5,23.471546475368456,23.272727272727273,23.472779369627506,7.438494264988549e-15,
8,main,cosine,0.25,14,0.25,25,1344,25.013275161385536,25.1,32,0,0,0.03653255905046193,21.5,19.75,25.095540881091583,25.6,25.12883435582822,5.390365598323399e-9,
8,main,cosine,0.25,14,0.25,26,1344,24.49686312302947,24.4,24.5,1,1,0.000821306447897463,24.5,26.5,24.399918834513773,24.38095238095238,24.38095238095238,1.460120913066021e-11,
8,main,cosine,0.25,14,0.25,27,1344,24.157751385122538,24.3,24.5,1,1,0.00007538314782118416,24.5,22.25,24.2985409194804,24.38095238095238,24.30860534124629,1.7412360220347978e-8,
8,main,cosine,0.25,14,0.25,28,1344,20.391312528401613,20.5,20.75,1,1,0.000035605454195453135,20.75,20.75,20.503738948125218,20.48,20.505632040050063,2.277902977354529e-9,
8,main,cosine,0.25,14,0.25,29,1344,24.634339690208435,24.7,24.5,1,1,0.00006585514689827487,24.5,30.5,24.683533149275792,24.38095238095238,24.674698795180724,7.438494264988549e-15,
8,main,cosine,0.25,14,0.25,30,1344,26.885434441268444,26.75,26.75,1,1,0.0005176957431903828,26.75,26.75,26.75098954050879,26.94736842105263,26.77124183006536,2.0781931731050918e-11,
8,main,cosine,0.25,14,0.25,31,1344,21.060119839385152,21.05,32,0,0,0.33112978607070576,21.5,20.75,21.06484294733381,21.333333333333332,21.05912596401028,5.141204190151072e-7,
8,main,cosine,0.25,14,0.25,32,1344,20.638229824602604,20.5,31.25,0,1,0.24272754654567774,20.75,25.75,20.498078237574113,20.48,20.48,9.982015214404782e-13,
8,main,cosine,0.25,14,0.25,33,1344,24.99335392937064,24.95,24.75,1,1,0.000357841926672986,24.75,24.75,24.9574749881002,24.38095238095238,24.93759512937595,5.0174531196489625e-11,
8,main,cosine,0.25,14,0.25,34,1344,22.015841336920857,21.9,28.25,1,1,0.0005161668851720869,28.25,28.25,21.913236778342867,22.26086956521739,21.90374331550802,0.0000020423252127255154,
8,main,cosine,0.25,14,0.25,35,1344,27.782302806153893,27.8,27.25,1,1,0.0005422090712740024,27.25,27.75,27.7836094497778,28.444444444444443,27.769491525423728,1.744382416291046e-12,
8,main,cosine,0.25,14,0.25,36,1344,25.633963208645582,25.9,31.75,0,0,0.06309539509123951,25.75,25.75,25.87864399645533,25.6,25.842271293375394,1.1892291595927418e-9,
8,main,cosine,0.25,14,0.25,37,1344,26.417007142677903,26.4,26,1,1,0.000007208360109589584,26,25.75,26.425220531928574,26.94736842105263,26.425806451612903,0,
8,main,cosine,0.25,14,0.25,38,1344,25.62107002362609,25.45,25.5,1,1,0.000519835485927822,25.5,30.5,25.473497559993213,25.6,25.480559875583204,2.399381199280626e-7,
8,main,cosine,0.25,14,0.25,39,1344,23.022232800722122,22.85,30.75,0,1,0.05933088531188324,23.25,19.75,22.873977781428938,23.272727272727273,22.88268156424581,0.0000105100349546694,
8,main,cosine,0.25,14,0.25,40,1344,23.10669614933431,23.35,27.25,0,1,0.004697617498868656,23.25,27.25,23.34392970026891,23.272727272727273,23.372325249643367,5.653909562752801e-10,
8,main,cosine,0.25,14,0.25,41,1344,21.60593388788402,21.6,29.75,0,1,0.06436976643883452,21.75,21.5,21.58757328573521,21.333333333333332,21.586297760210805,6.033192834209444e-10,
8,main,cosine,0.25,14,0.25,42,1344,27.858217479661107,27.65,28.5,0,0,0.004852506962905956,26.75,28,27.638777974700808,26.94736842105263,27.62900505902192,1.0264104455259826e-8,
8,main,cosine,0.25,14,0.25,43,1344,25.18652342259884,25.25,32,0,1,0.01073608807572346,25,25.75,25.264515785575842,25.6,25.244992295839754,1.3859418057649009e-8,
8,main,cosine,0.25,14,0.25,44,1344,22.96856004372239,23.15,31.25,0,0,0.26105404941728483,22.75,25.75,23.15762227759376,23.272727272727273,23.141242937853107,4.8700034116500035e-8,
8,main,cosine,0.25,14,0.25,45,1344,23.174066554754972,23.15,30.75,0,1,0.027887090993176433,23.5,25.25,23.148701333643192,23.272727272727273,23.141242937853107,1.1799536336898342e-7,
8,main,cosine,0.25,14,0.25,46,1344,26.81736109778285,27,27.75,0,0,0.0036088604342344732,27.75,30.25,27.000219774960815,26.94736842105263,27.036303630363037,1.9553114682935302e-10,
8,main,cosine,0.25,14,0.25,47,1344,26.559521162882447,26.9,26.5,1,1,0.0007026089122807999,26.5,25.75,26.877638273652334,26.94736842105263,26.90311986863711,4.1287472662965286e-8,
8,main,cosine,0.25,14,0.25,48,1344,24.66684704646468,24.45,23.75,1,1,0.00011450001913504426,23.75,18,24.435233405101073,24.38095238095238,24.453731343283582,4.921723489870189e-7,
8,main,cosine,0.25,14,0.25,49,1344,22.11943126656115,22.1,22,1,1,0.000004374692703645877,22,22,22.103810328717792,22.26086956521739,22.110661268556004,1.9984014443252818e-14,
8,main,cosine,0.25,14,0.25,50,1344,23.98041531443596,24.25,31.75,0,0,0.15056743400092576,24.5,27.5,24.258176546005693,24.38095238095238,24.27259259259259,0.0000015520920525480264,
8,main,cosine,0.25,14,0.25,51,1344,23.806488694623113,23.85,28,0,0,0.023358150929298827,23.75,23.75,23.863609177990227,24.38095238095238,23.848617176128094,8.426051745225038e-9,
8,main,cosine,0.25,14,0.25,52,1344,20.16120343655348,20.05,31,0,0,0.06192629622676937,31,25.5,20.045265540447943,19.692307692307693,20.053855569155445,1.0634185287905495e-7,
8,main,cosine,0.25,14,0.25,53,1344,27.944243675097823,28.3,31.25,0,0,0.10469980885129637,26,30.25,28.303363769934663,28.444444444444443,28.29706390328152,0.000002933818193384674,
8,main,cosine,0.25,14,0.25,54,1344,23.51253587193787,23.4,23.25,1,1,0.000007835172807335589,23.25,23.5,23.402283294663444,23.272727272727273,23.405714285714286,4.107825191113079e-15,
8,main,cosine,0.25,14,0.25,55,1344,26.392803048714995,26.4,31.75,0,0,0.058591664061491966,25.75,30.5,26.41170816486428,26.94736842105263,26.425806451612903,1.3233752582664238e-7,
8,main,cosine,0.25,14,0.25,56,1344,25.37141214311123,25.25,25.25,0,0,0.0016310560177112965,25.25,25.25,25.2409687353773,25.6,25.244992295839754,0.00001630810579777986,
8,main,cosine,0.25,14,0.25,57,1344,23.11605116724968,23.25,30.5,0,0,0.04332474089820937,23.25,30.5,23.22901746580961,23.272727272727273,23.206798866855525,3.2873703759150885e-13,
8,main,cosine,0.25,14,0.25,58,1344,27.076053727418184,27,27.75,0,0,0.0018700073617829993,27.75,27.75,27.015679906018214,26.94736842105263,27.036303630363037,5.227664129359155e-7,
8,main,cosine,0.25,14,0.25,59,1344,21.942323910072446,22.05,30.75,0,0,0.0679431210454634,22,25.75,22.046675925748207,22.26086956521739,22.05114401076716,3.574541285189525e-8,
8,main,cosine,0.25,14,0.25,60,1344,22.09997072070837,21.95,28.75,0,0,0.05815550168733086,22,22,21.956045652953602,22.26086956521739,21.962466487935657,1.2005011429394585e-8,
8,main,cosine,0.25,14,0.25,61,1344,25.07217848673463,25.2,25.5,0,0,0.0037758295510615936,25.5,30.25,25.175550166366516,25.6,25.167434715821813,5.868869331626669e-7,
8,main,cosine,0.25,14,0.25,62,1344,23.277698731049895,23.4,23.25,1,1,0.000018615432982094227,23.25,23.25,23.37995394601238,23.272727272727273,23.372325249643367,1.5046952572816963e-10,
8,main,cosine,0.25,14,0.25,63,1344,23.150952542200685,23.1,31.25,0,0,0.03189454622046661,26.75,19.75,23.081246663499204,23.272727272727273,23.108603667136812,2.2925378651006412e-7,
8,main,cosine,0.25,14,0.25,64,1344,24.742773961275816,24.5,24,0,0,0.0009369140164984247,24,24.5,24.523591135608424,24.38095238095238,24.526946107784433,1.852296094284611e-12,
8,main,cosine,0.25,14,0.25,65,1344,20.02831461466849,19.85,31,0,1,0.14303907997332788,19.25,18.25,19.870946712267134,19.692307692307693,19.85939393939394,0.0000037406794900496365,
8,main,cosine,0.25,14,0.25,66,1344,24.937982100993395,24.9,25.25,1,1,0.00013135225645444226,25.25,25.25,24.88538033527024,24.38095238095238,24.89969604863222,2.881188621017827e-10,
8,main,cosine,0.25,14,0.25,67,1344,24.718313550576568,24.5,28,0,0,0.017609682673602522,24.5,19.75,24.519927100338837,24.38095238095238,24.526946107784433,2.598508963558288e-9,
8,main,cosine,0.25,14,0.25,68,1344,21.807654408738017,21.65,31.5,0,1,0.07158298345790803,22,21.5,21.660352394904535,21.333333333333332,21.64332892998679,3.5166096701289007e-9,
8,main,cosine,0.25,14,0.25,69,1344,26.767305260524154,27.1,26.5,1,1,0.000010703263104816507,26.5,26.5,27.10241100821694,26.94736842105263,27.125827814569536,1.925974935090835e-10,
8,main,cosine,0.25,14,0.25,70,1344,27.141412211582065,27.4,27,0,0,0.0026591266605611175,27,27.75,27.409411715449927,26.94736842105263,27.39799331103679,1.2582346275991085e-10,
8,main,cosine,0.25,14,0.25,71,1344,21.276168825104833,21.4,21.5,1,1,0.000041264285896902564,21.5,21.75,21.420683802568224,21.333333333333332,21.416993464052286,1.3927414777015201e-11,
8,main,cosine,0.25,14,0.25,72,1344,26.68201600201428,26.75,32,0,0,0.03457878535669012,24.75,25.5,26.770198197042998,26.94736842105263,26.77124183006536,3.669523553906373e-7,
8,main,cosine,0.25,14,0.25,73,1344,27.596869245171547,27.55,27.25,1,1,0.00009978694896484175,27.25,27.25,27.54772050116417,26.94736842105263,27.536134453781514,3.2862601528904634e-14,
8,main,cosine,0.25,14,0.25,74,1344,24.213773312047124,24.3,32,0,0,0.12931303780407433,24,27.75,24.315873010734894,24.38095238095238,24.30860534124629,1.1243216246903387e-8,
8,main,cosine,0.25,14,0.25,75,1344,26.4180014077574,26.55,27,0,0,0.0012037908998362434,27,22,26.526004780253054,26.94736842105263,26.511326860841425,2.279724409248729e-9,
8,main,cosine,0.25,14,0.25,76,1344,23.69126609712839,23.6,24,1,1,0.0004520409374459966,24,23.5,23.60202026690192,23.272727272727273,23.608069164265128,1.1792788967568413e-12,
8,main,cosine,0.25,14,0.25,77,1344,26.273285161703825,26.3,26.25,1,1,9.247644302545766e-7,26.25,26.25,26.297157523862868,26.94736842105263,26.298555377207062,2.220446049250313e-16,
8,main,cosine,0.25,14,0.25,78,1344,25.764772102236748,26.05,26.75,0,0,0.0010353096184289035,26.75,30.5,26.040659091585475,25.6,26.047694753577108,7.33281213527448e-11,
8,main,cosine,0.25,14,0.25,79,1344,24.846179865300655,25.2,25,0,0,0.0013703941376521644,25,19.75,25.210568327070295,25.6,25.206153846153846,2.5726309971219052e-11,
8,main,cosine,0.25,14,0.25,80,1344,21.289690693840384,21.15,21.25,1,1,0.00006847066075554853,21.25,21.25,21.14644213255739,21.333333333333332,21.16795865633075,1.4421797089880783e-13,
8,main,cosine,0.25,14,0.25,81,1344,20.167235309258103,20.25,32,0,0,0.2703037903620402,20,30.5,20.249378169042867,20.48,20.252163164400493,3.634695689980205e-7,
8,main,cosine,0.25,14,0.25,82,1344,27.332186192274094,27.200000000000003,27.5,1,1,2.9282080027392965e-7,27.5,30.5,27.208437900570388,26.94736842105263,27.21594684385382,0,
8,main,cosine,0.25,14,0.25,83,1344,26.597920086234808,26.55,25.5,1,1,0.0007060241699646808,25.5,25.25,26.566710894630255,26.94736842105263,26.554294975688816,2.202853233157498e-9,
8,main,cosine,0.25,14,0.25,84,1344,24.53602122887969,24.45,24.25,1,1,0.00008905389080471338,24.25,30.5,24.464833154164925,24.38095238095238,24.453731343283582,2.6645352591003757e-15,
8,main,cosine,0.25,14,0.25,85,1344,22.927182657644153,23.15,31.75,0,0,0.21050641059099928,23.25,31.75,23.144666199932622,23.272727272727273,23.141242937853107,4.9953721159567976e-8,
8,main,cosine,0.25,14,0.25,86,1344,23.162387497723103,22.95,31.25,0,0,0.07384489328924437,24,30,22.955809004043324,23.272727272727273,22.946778711484594,2.3529329673532828e-7,
8,main,cosine,0.25,14,0.25,87,1344,27.09340545721352,27,31.75,0,0,0.04404199246027052,27.25,26.5,26.97492710465359,26.94736842105263,26.99176276771005,0.000023824188565835236,
8,main,cosine,0.25,14,0.25,88,1344,25.772522270679474,25.95,26,1,1,0.0005471077511642886,25.75,26,25.92758806040516,25.6,25.924050632911392,9.75401981406776e-11,
8,main,cosine,0.25,14,0.25,89,1344,20.45908377505839,20.6,20.75,1,1,0.000007792387428429137,20.75,20.75,20.574677201632998,20.48,20.582914572864322,4.440892098500626e-16,
8,main,cosine,0.25,14,0.25,90,1344,25.427276946604252,25.4,25.5,0,0,0.0025314180507696182,25.5,25.5,25.381720544329472,25.6,25.4015503875969,0.000006558792504995914,
8,main,cosine,0.25,14,0.25,91,1344,22.414355838671327,22.3,30.5,0,0,0.035707204042447094,22,30.5,22.30436566432372,22.26086956521739,22.291156462585032,1.109134291077396e-7,
8,main,cosine,0.25,14,0.25,92,1344,27.792635891586542,28.05,28.5,1,1,0.000050152016243809605,28.5,28.5,28.07104108321116,28.444444444444443,28.054794520547944,2.227107387398064e-13,
8,main,cosine,0.25,14,0.25,93,1344,21.98970753327012,22.1,31.75,0,1,0.07624026035062592,22.25,28.75,22.100209539599472,22.26086956521739,22.110661268556004,9.769628439570965e-10,
8,main,cosine,0.25,14,0.25,94,1344,25.608931198716164,25.6,25.75,1,1,2.373739982353129e-9,25.75,25.75,25.58895868064624,25.6,25.5600624024961,0,
8,main,cosine,0.25,14,0.25,95,1344,25.794303886592388,25.8,30.25,0,0,0.03436166925457684,26.25,25,25.792513133491404,25.6,25.761006289308177,3.5978442447515135e-11,
8,main,cosine,0.25,14,0.25,96,1344,25.145862782374024,25.2,29,0,0,0.014510000333636364,25.75,20.5,25.22171634785975,25.6,25.206153846153846,2.434777379711761e-9,
8,main,cosine,0.25,14,0.25,97,1344,20.794535228982568,20.9,31.5,0,1,0.20542308913106855,21,30.25,20.906450301838625,21.333333333333332,20.924648786717754,3.9305347865337126e-10,
8,main,cosine,0.25,14,0.25,98,1344,26.147960418835282,26.35,26.75,1,1,0.000002883262711472767,26.75,26.25,26.37025717033215,26.94736842105263,26.383252818035427,1.341149413747189e-13,
8,main,cosine,0.25,14,0.25,99,1344,20.077425615862012,19.95,27.75,0,0,0.02293469786701019,19.75,19.75,19.953807708449357,19.692307692307693,19.956151035322776,1.2916095970538777e-9,
8,main,cosine,0.25,14,0.25,100,1344,27.497840663418174,27.35,27.75,1,1,0.00005335864300515247,27.75,27.75,27.34445699039465,26.94736842105263,27.352253756260435,6.351067449728021e-10,
8,main,cosine,0.25,14,0.25,101,1344,20.693229638040066,20.5,31,0,0,0.1313951552355458,21.25,25.75,20.507514962079632,20.48,20.505632040050063,0.0000534894455775925,
8,main,cosine,0.25,14,0.25,102,1344,23.198197040706873,23.1,31.5,0,0,0.1958005210962419,22.5,23,23.09927447162222,23.272727272727273,23.108603667136812,9.833689418314862e-12,
8,main,cosine,0.25,14,0.25,103,1344,26.763142643496394,26.55,31.25,0,0,0.009110723849825031,22.75,30.5,26.53982325222109,26.94736842105263,26.554294975688816,1.8087368824915018e-8,
8,main,cosine,0.25,14,0.25,104,1344,23.710123777389526,23.8,30.5,0,0,0.02912541930075596,23.5,25.5,23.798353989018633,23.272727272727273,23.779390420899855,0.000003274931833163741,
8,main,cosine,0.25,14,0.25,105,1344,24.07111782208085,23.95,23.5,1,1,0.0000146747157424576,23.5,30.5,23.928815882218277,24.38095238095238,23.91824817518248,4.2865710980777294e-13,
8,main,cosine,0.25,14,0.25,106,1344,21.882799834012985,22,29.5,0,0,0.10489167984486925,22,28.75,22.020720357731747,22.26086956521739,22.021505376344088,2.14405493359493e-10,
8,main,cosine,0.25,14,0.25,107,1344,22.524409841746092,22.55,30.75,0,0,0.015132209638259564,23,22,22.560869996740724,22.26086956521739,22.536451169188446,1.6072518538301495e-8,
8,main,cosine,0.25,14,0.25,108,1344,22.47367712110281,22.5,22.25,1,1,0.000004259196987987934,22.25,22.5,22.509568553144366,22.26086956521739,22.505494505494507,2.4452662117369073e-12,
8,main,cosine,0.25,14,0.25,109,1344,23.041557611897588,23.15,31.25,0,0,0.040287384072481225,22.75,27.75,23.133913974060608,23.272727272727273,23.108603667136812,9.491099428604599e-8,
8,main,cosine,0.25,14,0.25,110,1344,23.189709635451436,23.3,31.5,0,0,0.29195012152185873,18,30.5,23.301686860360203,23.272727272727273,23.305832147937412,0.0000014986286424045758,
8,main,cosine,0.25,14,0.25,111,1344,26.93366843648255,26.950000000000003,31.75,0,0,0.003466647728407213,27.75,31.75,26.94830734090023,26.94736842105263,26.90311986863711,0.00000994767584427958,
8,main,cosine,0.25,14,0.25,112,1344,23.182281222194433,22.95,31.75,0,0,0.3275152438760315,24,25.75,22.929397042646997,23.272727272727273,22.914685314685315,2.663379976564073e-7,
8,main,cosine,0.25,14,0.25,113,1344,25.730071982368827,25.75,26,0,0,0.004461886835145701,26,30.5,25.736677418766394,25.6,25.72056514913658,2.056025250052329e-8,
8,main,cosine,0.25,14,0.25,114,1344,20.573846707120538,20.45,27.75,0,0,0.027650985000569173,20.5,22.25,20.47225822044459,20.48,20.48,8.847109711496159e-10,
8,main,cosine,0.25,14,0.25,115,1344,22.714565405622125,22.85,32,0,1,0.2309252564186649,22.5,27.5,22.860335177307505,23.272727272727273,22.850767085076708,2.163610790528736e-8,
8,main,cosine,0.25,14,0.25,116,1344,20.98703476972878,21.05,30.5,0,0,0.05826848235884918,21.25,21,21.02628964850934,21.333333333333332,21.03209242618742,1.1382746856192227e-8,
8,main,cosine,0.25,14,0.25,117,1344,21.387777706608176,21.35,29.25,0,0,0.026417171538439366,21.75,23.25,21.347952142330975,21.333333333333332,21.36114732724902,1.031185137279067e-10,
8,main,cosine,0.25,14,0.25,118,1344,22.99275121279061,23.05,29.75,0,0,0.0046460652584464635,29.75,29.75,23.03911274414818,23.272727272727273,23.043600562587905,3.851171603841408e-10,
8,main,cosine,0.25,14,0.25,119,1344,27.341238176450133,27,30.25,0,0,0.02334675558073207,27,19.75,27.022651711040645,26.94736842105263,26.99176276771005,8.928197070545707e-10,
8,main,cosine,0.25,14,0.25,120,1344,21.721903666853905,21.65,30.5,0,1,0.06939223427673225,21.25,21.25,21.629172651953187,21.333333333333332,21.614775725593667,4.86166662483356e-13,
8,main,cosine,0.25,14,0.25,121,1344,21.748377988114953,21.85,29.5,0,0,0.1020503023827335,21.75,25.5,21.83917813451761,22.26086956521739,21.81624500665779,8.051245270479512e-8,
8,main,cosine,0.25,14,0.25,122,1344,27.283733431249857,27.200000000000003,26.75,1,1,0.00005510571964673083,26.75,30.5,27.205299592294054,26.94736842105263,27.21594684385382,6.605573865670067e-10,
8,main,cosine,0.25,14,0.25,123,1344,25.115889379754663,24.65,30.75,0,0,0.014345468516450133,25,24.75,24.64484144987976,24.38095238095238,24.637593984962407,5.149461012043943e-7,
8,main,cosine,0.25,14,0.25,124,1344,26.056618014350533,26.15,28.5,0,0,0.012208850139204697,26.75,28.5,26.130491172012558,25.6,26.130781499202552,3.6848994189320194e-8,
8,main,cosine,0.25,14,0.25,125,1344,23.676583187654614,23.8,24,1,1,0.00007353228028761372,24,24,23.795066220614085,23.272727272727273,23.813953488372093,3.7246428163939527e-11,
8,main,cosine,0.25,14,0.25,126,1344,24.808405892923474,24.8,30.75,0,0,0.019686429122741766,25.25,25,24.804953978142745,24.38095238095238,24.786686838124055,2.967597279024403e-10,
8,main,cosine,0.25,14,0.25,127,1344,25.53854855708778,25.55,26.75,0,0,0.0021283684853113938,26.75,23.75,25.553344964390895,25.6,25.5600624024961,2.3209334454321606e-10,
8,main,cosine,0.25,14,0.25,128,1344,21.39011506550014,21.25,21.5,1,1,0.00009635160527710074,21.5,21.5,21.250687536550192,21.333333333333332,21.250324254215304,1.1324274851176597e-14,
8,main,cosine,0.25,14,0.25,129,1344,20.888129176571965,20.85,21.25,1,1,0.000002788186386770697,21.25,20.75,20.837670941138544,20.48,20.818297331639137,1.8762769116165146e-14,
8,main,cosine,0.25,14,0.25,130,1344,25.944025365635753,26.1,25.5,1,1,0.0001880507915600349,25.5,30.5,26.08794638904807,25.6,26.089171974522294,8.749001523256084e-12,
8,main,cosine,0.25,14,0.25,131,1344,24.490629632025957,24.4,25.25,0,0,0.0009544119088739089,25.25,29.75,24.396927137011264,24.38095238095238,24.38095238095238,2.397536058573735e-9,
8,main,cosine,0.25,14,0.25,132,1344,25.375512355938554,25.4,25.75,1,1,0.000008965813988681681,25.75,25.25,25.401340667338243,25.6,25.4015503875969,0,
8,main,cosine,0.25,14,0.25,133,1344,27.698782600462437,28,28.5,1,1,0.0006532283256851512,28.5,19.75,28.01091796822778,28.444444444444443,28.006837606837607,4.574349787844767e-10,
8,main,cosine,0.25,14,0.25,134,1344,23.264523087069392,23.1,23.5,1,1,0.00007791382124289203,23.5,23.25,23.123908537673014,23.272727272727273,23.108603667136812,6.894484982922222e-14,
8,main,cosine,0.25,14,0.25,135,1344,27.55988441221416,27.75,27.75,1,1,0.00002833928309931011,27.75,27.75,27.767945516279863,28.444444444444443,27.769491525423728,1.4511170043363109e-11,
8,main,cosine,0.25,14,0.25,136,1344,26.10750338807702,25.95,26.25,1,1,0.00002740751532115393,26.25,26,25.95841834214216,25.6,25.96513470681458,3.3306690738754696e-16,
8,main,cosine,0.25,14,0.25,137,1344,25.01611207611859,25.35,25.5,1,1,0.00033594191751540325,25.5,31.5,25.34596468193337,25.6,25.362229102167184,9.666524469764681e-9,
8,main,cosine,0.25,14,0.25,138,1344,24.925218710675836,25,25.5,1,1,0.0008909796204702447,25.5,25.5,24.994318468665337,25.6,25.013740458015267,1.3812506693966498e-11,
8,main,cosine,0.25,14,0.25,139,1344,25.777515593916178,25.9,25.75,1,1,0.00016879280912618366,25.75,25.75,25.89136076959105,25.6,25.924050632911392,7.427392034742297e-14,
8,main,cosine,0.25,14,0.25,140,1344,27.44961554929614,27.55,28.25,0,0,0.006440847369551972,28.25,27.5,27.527835400962765,26.94736842105263,27.536134453781514,4.0980079740737807e-7,
8,main,cosine,0.25,14,0.25,141,1344,27.27218410000205,27.55,29.75,0,0,0.03496352744210485,27.75,27.75,27.560504919031683,26.94736842105263,27.536134453781514,0.0000017119293553857773,
8,main,cosine,0.25,14,0.25,142,1344,21.591384060680866,21.65,30.75,0,1,0.06388455531298598,22,27.75,21.65692629239325,21.333333333333332,21.67195767195767,0.0000022690214424025967,
8,main,cosine,0.25,14,0.25,143,1344,20.10895355604589,20.1,29.25,0,0,0.003442922156353778,29.25,22.25,20.079660470085656,19.692307692307693,20.07843137254902,4.6431000622071394e-7,
8,main,cosine,0.25,14,0.25,144,1344,22.076976474374533,22.15,25.75,0,0,0.011829435123139609,25.75,22.25,22.128777996186486,22.26086956521739,22.110661268556004,1.637617375038758e-9,
8,main,cosine,0.25,14,0.25,145,1344,23.214361419901252,23.15,22.75,1,1,0.00043332665629036704,22.75,23,23.171863331161983,23.272727272727273,23.173974540311175,1.0039413744777903e-11,
8,main,cosine,0.25,14,0.25,146,1344,20.304529117420316,20.3,30.75,0,1,0.16032615797759286,20.25,20.5,20.28430157480939,20.48,20.302354399008674,4.5697812200984345e-10,
8,main,cosine,0.25,14,0.25,147,1344,23.68688748590648,23.9,31.75,0,0,0.01935362282805264,24,30.5,23.88190932322573,24.38095238095238,23.88338192419825,3.137251025631116e-8,
8,main,cosine,0.25,14,0.25,148,1344,26.02903009019792,26,27,0,0,0.004020627607600136,26.75,25.75,25.980327048254768,25.6,25.96513470681458,1.450856101925524e-10,
8,main,cosine,0.25,14,0.25,149,1344,21.161867510527372,21.05,21.25,1,1,0.000004202564655608754,21.25,30.5,21.047358820117747,21.333333333333332,21.05912596401028,6.661338147750939e-16,
8,main,cosine,0.25,14,0.25,150,1344,25.97610973007977,26,28.75,0,0,0.02947269576770939,25.75,28.75,25.999738621524973,25.6,26.006349206349206,3.941319981493052e-8,
8,main,cosine,0.25,14,0.25,151,1344,27.34763970784843,27.450000000000003,31.5,0,0,0.15768750835931977,22.25,30.25,27.42534463377577,26.94736842105263,27.44388609715243,2.2554681666786536e-7,
8,main,cosine,0.25,14,0.25,152,1344,22.882133742794394,22.95,23.25,1,1,0.0004649780150119964,23.25,23.25,22.962779245653675,23.272727272727273,22.978962131837307,1.0883216550183761e-10,
8,main,cosine,0.25,14,0.25,153,1344,26.034964807331562,25.9,25.75,1,1,0.00006599308476107346,25.75,25.75,25.883244315285346,25.6,25.924050632911392,1.6370893529682462e-10,
8,main,cosine,0.25,14,0.25,154,1344,26.58045100234449,26.200000000000003,26.5,1,1,0.0002885658613019926,26.5,27,26.223250380057358,25.6,26.2144,6.251554829361794e-11,
8,main,cosine,0.25,14,0.25,155,1344,26.613500948995352,26.8,27.25,1,1,0.0005456418424419907,27.25,27.75,26.809377883963275,26.94736842105263,26.81505728314239,1.2546097494237074e-10,
8,main,cosine,0.25,14,0.25,156,1344,26.703721560537815,26.9,31,0,0,0.01839251212840065,20.75,25.75,26.877549571036912,26.94736842105263,26.859016393442623,4.552444152761126e-7,
8,main,cosine,0.25,14,0.25,157,1344,24.91171967983246,25,25.25,1,1,0.0001902742743068453,25.25,25.25,25.00730911014663,25.6,25.013740458015267,7.784304756341953e-9,
8,main,cosine,0.25,14,0.25,158,1344,20.876050103455782,20.95,28,0,1,0.06606160325048671,21.25,21,20.97265250175969,21.333333333333332,20.95140664961637,1.4831955663652252e-9,
8,main,cosine,0.25,14,0.25,159,1344,22.60413990356028,22.6,28.25,0,0,0.07155244380517578,22.75,30.5,22.584201851874973,22.26086956521739,22.56749311294766,7.337477903046619e-8,
8,main,cosine,0.25,14,0.25,160,1344,22.90367529913783,22.8,23,1,1,0.00012437196841397213,23,22.25,22.785787058159716,23.272727272727273,22.787204450625868,8.565370634983083e-13,
8,main,cosine,0.25,14,0.25,161,1344,22.08536234125495,21.95,22.5,1,1,1.9689921759713513e-7,22.5,21.75,21.938299612758243,22.26086956521739,21.933065595716197,0,
8,main,cosine,0.25,14,0.25,162,1344,26.76425021328032,27,27,0,0,0.0010739056675768133,27,31,27.011259904843318,26.94736842105263,27.036303630363037,3.7626701754334135e-10,
8,main,cosine,0.25,14,0.25,163,1344,27.05251457169652,26.700000000000003,26.5,1,1,0.00005165393320805123,26.5,26.5,26.67819801441414,26.94736842105263,26.684039087947884,5.129052738084283e-11,
8,main,cosine,0.25,14,0.25,164,1344,21.78852534107864,21.75,21.75,1,1,0.0007484010936836816,21.75,23.75,21.733547047931644,21.333333333333332,21.72944297082228,3.7446534761897965e-10,
8,main,cosine,0.25,14,0.25,165,1344,26.315411718562245,26.4,26.5,1,1,0.000016643593850895755,26.5,26.75,26.381245243042557,26.94736842105263,26.383252818035427,0,
8,main,cosine,0.25,14,0.25,166,1344,21.60723444260657,21.45,31,0,1,0.03443893411776078,21.5,30.5,21.454210305245212,21.333333333333332,21.445026178010473,4.164089750791078e-8,
8,main,cosine,0.25,14,0.25,167,1344,23.703249951824546,23.55,31.5,0,0,0.012450431479744783,31.5,22.25,23.562565479907274,23.272727272727273,23.57410071942446,2.2371388075370646e-9,
8,main,cosine,0.25,14,0.25,168,1344,21.416599199175835,21.55,32,0,0,0.1702095014538918,18,30.5,21.539190755692427,21.333333333333332,21.529566360052563,2.7782462563852306e-7,
8,main,cosine,0.25,14,0.25,169,1344,26.71812397800386,26.55,26.5,1,1,0.0005810944358459746,26.5,26.5,26.533899519620935,26.94736842105263,26.511326860841425,2.6795232699328153e-12,
8,main,cosine,0.25,14,0.25,170,1344,23.618946297094226,23.9,24.25,1,1,0.00015991143576066236,24.25,23.25,23.876850640411178,24.38095238095238,23.88338192419825,1.2422873840733928e-10,
8,main,cosine,0.25,14,0.25,171,1344,25.596273250877857,25.4,32,0,0,0.020065679796856584,25.5,26.25,25.414303236500896,25.6,25.4015503875969,9.080174001585561e-8,
8,main,cosine,0.25,14,0.25,172,1344,24.35976810194552,24.35,24.5,1,1,5.859057862211969e-7,24.5,24.75,24.356047161325503,24.38095238095238,24.344725111441306,1.1102230246251565e-16,
8,main,cosine,0.25,14,0.25,173,1344,21.14925212226808,21.25,31.75,0,1,0.05988003017742316,21,21.75,21.240081076769744,21.333333333333332,21.250324254215304,5.7659432783907505e-12,
8,main,cosine,0.25,14,0.25,174,1344,20.086950162425637,19.9,29.25,0,0,0.08149898125894361,23.25,23.25,19.883049306183967,19.692307692307693,19.883495145631066,1.7286595144216932e-7,
8,main,cosine,0.25,14,0.25,175,1344,20.318219158798456,20.5,31,0,0,0.07971969231368381,20.75,23.25,20.488035198329705,20.48,20.505632040050063,0.0000018615918756514915,
8,main,cosine,0.25,14,0.25,176,1344,25.747633336111903,25.45,30,0,0,0.13745335186283592,18.25,25.75,25.474404463679484,25.6,25.480559875583204,0.000026315615744287868,
8,main,cosine,0.25,14,0.25,177,1344,24.74391294643283,24.9,30.5,0,0,0.02789996976578768,25,24.25,24.91613172709232,24.38095238095238,24.89969604863222,3.390276948067594e-11,
8,main,cosine,0.25,14,0.25,178,1344,21.395234797149897,21.45,31.75,0,0,0.07029503491551847,24.5,24.5,21.42830158670858,21.333333333333332,21.445026178010473,8.4616846529606e-8,
8,main,cosine,0.25,14,0.25,179,1344,21.29252976179123,21.55,30.75,0,0,0.079725143533665,21.75,21.5,21.534982428198607,21.333333333333332,21.557894736842105,6.186608764169321e-7,
8,main,cosine,0.25,14,0.25,180,1344,22.906488372012973,23.05,28.75,0,0,0.004744810744392924,28.75,28.75,23.039853752999633,23.272727272727273,23.01123595505618,8.201281953557071e-8,
8,main,cosine,0.25,14,0.25,181,1344,23.71261523105204,23.6,29.75,0,0,0.09477095401638469,20.25,23.75,23.607684455831667,23.272727272727273,23.608069164265128,1.9471614687294192e-7,
8,main,cosine,0.25,14,0.25,182,1344,27.9808928091079,27.85,28.5,1,1,0.0005471694775005531,28.5,27.75,27.83298031205668,28.444444444444443,27.816638370118845,7.177602956431883e-11,
8,main,cosine,0.25,14,0.25,183,1344,22.276879716664553,22.3,31.5,0,1,0.06725745752664081,21.75,21.75,22.318708969578367,22.26086956521739,22.321525885558582,0.000010524227969321842,
8,main,cosine,0.25,14,0.25,184,1344,25.25913799740374,25.25,25.25,1,1,3.5210137394603436e-7,25.25,25.25,25.232933630562524,25.6,25.244992295839754,0,
8,main,cosine,0.25,14,0.25,185,1344,20.49681704863906,20.45,31.25,0,0,0.0681781744420139,20.75,20.75,20.454517117842244,20.48,20.454431960049938,1.0154184293398316e-7,
8,main,cosine,0.25,14,0.25,186,1344,22.633427867665887,22.65,32,0,1,0.10750764660185408,22.5,22.5,22.655766330033458,22.26086956521739,22.661134163208853,2.1360690993788012e-13,
8,main,cosine,0.25,14,0.25,187,1344,20.544743729755282,20.55,32,0,1,0.08549002074132783,20.5,20.5,20.549448744312784,20.48,20.531328320802004,2.4987234503726086e-11,
8,main,cosine,0.25,14,0.25,188,1344,24.85727775283158,24.9,25,0,0,0.0012143564901681003,25,25.25,24.91756021249981,24.38095238095238,24.89969604863222,1.8441470572838625e-10,
8,main,cosine,0.25,14,0.25,189,1344,25.278392996639013,25.2,25,1,1,0.000014841449436531207,25,25.75,25.21937234604173,25.6,25.244992295839754,1.8838652859898275e-10,
8,main,cosine,0.25,14,0.25,190,1344,26.43822635523975,26.450000000000003,29.75,0,0,0.03001601200084103,26.75,20.75,26.452437419983863,26.94736842105263,26.425806451612903,4.3134227312169315e-7,
8,main,cosine,0.25,14,0.25,191,1344,25.440359419211745,25.4,25.25,1,1,0.0003757683868559347,25.25,25.75,25.422864580839907,25.6,25.4015503875969,2.9079385566177507e-9,
8,main,cosine,0.25,14,0.25,192,1344,25.902675841003656,25.85,26,1,1,0.000011491803477148288,26,25.75,25.864584789090006,25.6,25.88309636650869,2.475797344914099e-14,
8,main,cosine,0.25,14,0.25,193,1344,23.707148797810078,23.9,23.75,1,1,0.0002493141094161988,23.75,23.75,23.887658568269007,24.38095238095238,23.88338192419825,2.828157708023582e-9,
8,main,cosine,0.25,14,0.25,194,1344,21.680020179599524,21.6,21.5,1,1,0.00003706192333152725,21.5,21.75,21.61816722650114,21.333333333333332,21.614775725593667,1.5065726444163374e-13,
8,main,cosine,0.25,14,0.25,195,1344,23.091118071228266,23.1,30,0,1,0.03317865350573601,23.25,23.5,23.118437749499414,23.272727272727273,23.141242937853107,2.0460522165421935e-11,
8,main,cosine,0.25,14,0.25,196,1344,21.90513000264764,21.9,31.75,0,1,0.03352889019325567,22.25,19.75,21.894926104997705,22.26086956521739,21.90374331550802,4.5832955042346413e-7,
8,main,cosine,0.25,14,0.25,197,1344,20.4318092353642,20.55,31.75,0,1,0.07419479531369322,20.5,20.75,20.544817165031024,20.48,20.531328320802004,8.282174945861698e-11,
8,main,cosine,0.25,14,0.25,198,1344,27.55251189880073,27.55,27.5,0,0,0.0013513451837635637,27.5,25.75,27.55585080964761,26.94736842105263,27.58249158249158,1.287221673695882e-8,
8,main,cosine,0.25,14,0.25,199,1344,22.712158484384418,22.75,23,1,1,0.00015221751192528998,23,30.5,22.743199853384237,22.26086956521739,22.755555555555556,2.0910411735464152e-8,
14,main,cosine,1,3,1,0,72,23.947916531935334,23.85,25,0,0,0.006588448127901159,25,25,23.848409407677096,25.6,24.27259259259259,5.870872621382972e-8,
14,main,cosine,1,3,1,1,72,20.66261737793684,20.85,22,0,0,0.009236620654840766,20,21,20.86621045185476,21.333333333333332,20.66078184110971,1.0675260675441223e-9,
14,main,cosine,1,3,1,2,72,27.700937950983644,28.75,29,1,1,0.0018341289076821976,29,28,28.7523851453,32,28.743859649122808,6.786615713849642e-11,
14,main,cosine,1,3,1,3,72,24.88784634694457,24.6,24,1,1,0.001169497810222464,24,24,24.63768184588839,25.6,24.749244712990937,2.3204444143942737e-8,
14,main,cosine,1,3,1,4,72,24.445742778480053,22.85,24,0,0,0.07577716825634473,22,32,22.753144750922964,21.333333333333332,22.69252077562327,0.006970033091904693,
14,main,cosine,1,3,1,5,72,25.179680740460753,27.200000000000003,26,1,1,0.002843545909717915,26,26,27.309103714906772,25.6,27.536134453781514,0.0000011749895543200495,
14,main,cosine,1,3,1,6,72,25.548836432397366,25.3,27,0,0,0.009350412028868771,27,27,25.412552516415275,25.6,25.013740458015267,5.832436833497212e-8,
14,main,cosine,1,3,1,7,72,21.803151451051235,20.85,21,1,1,0.001107316214439602,21,21,20.86663325772386,21.333333333333332,20.924648786717754,9.110439735948717e-9,
14,main,cosine,1,3,1,8,72,26.740017665550113,27.4,32,0,0,0.08799970025678527,32,27,27.382290577235707,25.6,27.170812603648425,0.006219149428280946,
14,main,cosine,1,3,1,9,72,25.559976326301694,25.5,25,1,1,0.00030584672507294464,25,25,25.581962807398547,25.6,25.5202492211838,8.670497653184839e-11,
14,main,cosine,1,3,1,10,72,22.59833342768252,21.7,21,1,1,0.0020418227876081163,21,23,21.661937274808125,21.333333333333332,21.72944297082228,4.951361098903817e-9,
14,main,cosine,1,3,1,11,72,27.656733609735966,27.1,27,0,0,0.007332515212235102,27,27,27.116773722250016,25.6,26.859016393442623,2.1406635219989312e-7,
14,main,cosine,1,3,1,12,72,23.032750321552157,24.1,25,0,0,0.008124214978689981,24,24,24.08356728849259,25.6,23.67630057803468,3.393451952771187e-8,
14,main,cosine,1,3,1,13,72,26.68049799092114,25.6,27,0,0,0.01736304965332447,27,25,25.664388230422766,25.6,25.5202492211838,2.440298028094645e-7,
14,main,cosine,1,3,1,14,72,22.86440028809011,22.3,25,0,0,0.028039823901524707,21,21,22.295456185089456,21.333333333333332,22.351978171896317,0.000005452567952812792,
14,main,cosine,1,3,1,15,72,25.046921463683248,24.35,27,0,0,0.018772044517210706,24,24,24.364182881563494,25.6,24.453731343283582,3.268824756430533e-7,
14,main,cosine,1,3,1,16,72,20.391409555450082,20.2,21,1,1,0.0018682555148723523,20,21,20.19246627849946,21.333333333333332,20.302354399008674,2.892506234530856e-10,
14,main,cosine,1,3,1,17,72,23.318332605063915,23.25,24,0,0,0.015881672931626567,24,24,23.219584248261544,25.6,23.33903133903134,0.000010451784627441008,
14,main,cosine,1,3,1,18,72,26.872313484549522,27.950000000000003,31,0,0,0.058567072008740784,28,28,28.018935231842633,25.6,28.248275862068965,1.7774530292058444e-7,
14,main,cosine,1,3,1,19,72,26.275850212201476,25.1,24,0,0,0.004212234111783508,24,24,25.17508444100073,25.6,24.89969604863222,9.36073326629483e-8,
14,main,cosine,1,3,1,20,72,22.810222940519452,23.45,27,0,0,0.04670822508452788,22,22,23.41561658577202,25.6,23.405714285714286,0.0000059948736154114,
14,main,cosine,1,3,1,21,72,24.900954738259315,24.45,27,0,1,0.004480553906223705,23,27,24.442364100823127,25.6,24.637593984962407,1.5070609205025676e-9,
14,main,cosine,1,3,1,22,72,27.04989780858159,27.700000000000003,28,0,0,0.008690055870417046,28,28,27.76774342338764,25.6,27.769491525423728,0.000003646858352079896,
14,main,cosine,1,3,1,23,72,26.580093324184418,27,26,0,0,0.00625294933078735,26,26,27.076291135784743,25.6,26.81505728314239,0.000003083296155392823,
14,main,cosine,1,3,1,24,72,24.96755564585328,25.8,29,0,0,0.016934243017255657,29,26,25.814034750790476,25.6,25.88309636650869,0.000003202918412381628,
14,main,cosine,1,3,1,25,72,24.922482604160905,24.95,24,0,0,0.020579683237908597,22,22,24.972447984068662,25.6,25.5600624024961,0.0000018373679837591084,
14,main,cosine,1,3,1,26,72,23.057588456198573,21.8,22,0,0,0.016006475410944132,22,21,21.80182979435781,21.333333333333332,21.78723404255319,0.0000032787673865941613,
14,main,cosine,1,3,1,27,72,20.310252709314227,20.75,21,0,0,0.009652802200501798,21,21,20.730969623771394,21.333333333333332,20.48,4.97167235602447e-7,
14,main,cosine,1,3,1,28,72,25.19220021367073,25.85,26,0,0,0.005269409633206323,26,26,25.85072285830547,25.6,25.96513470681458,0.000005154198183920933,
14,main,cosine,1,3,1,29,72,26.13321176543832,23.75,24,0,0,0.015036540757084715,24,24,23.715019363784673,21.333333333333332,23.23971631205674,0.00110634288178868,
14,main,cosine,1,3,1,30,72,25.811192283406854,24.85,25,1,1,0.0022896780710782716,25,25,24.914523484107786,25.6,24.674698795180724,2.9789217759201847e-9,
14,main,cosine,1,3,1,31,72,21.608461678028107,22.8,24,0,0,0.01443398603655588,24,24,22.749166760263616,21.333333333333332,22.723994452149793,0.000020954580480125884,
14,main,cosine,1,3,1,32,72,20.58093974739313,21.2,20,1,1,0.0021622059034116514,20,22,21.15501663529369,21.333333333333332,21.416993464052286,0.000005982499260981378,
14,main,cosine,1,3,1,33,72,20.387472504749894,21,21,1,1,0.0033474774510798833,21,21,20.97007164905645,21.333333333333332,20.871337579617833,2.7312599781836866e-7,
14,main,cosine,1,3,1,34,72,25.040635315701365,25.2,25,0,0,0.0069042994388128776,25,26,25.213256681779743,25.6,25.28395061728395,5.024209015491721e-8,
14,main,cosine,1,3,1,35,72,27.877966452389956,27.75,29,0,0,0.006015603834457539,29,29,27.794009179585416,25.6,27.62900505902192,1.9572861109651285e-9,
14,main,cosine,1,3,1,36,72,26.374712955206633,25.1,26,0,0,0.0038436497955096627,26,26,25.12906061646791,25.6,25.323029366306027,0.00004713026743030646,
14,main,cosine,1,3,1,37,72,22.235177213326097,21.05,21,1,1,0.002598981738657913,21,21,21.035781563741935,21.333333333333332,21.277922077922078,0.00011209579561743954,
14,main,cosine,1,3,1,38,72,27.357365826144814,28.55,29,0,0,0.004294217197343908,29,29,28.542213032121843,25.6,27.86394557823129,0.00006266819099454146,
14,main,cosine,1,3,1,39,72,24.839684184640646,24.35,25,0,0,0.004641947884735043,25,25,24.367237854188296,25.6,24.563718140929534,0.0000035771451799559983,
14,main,cosine,1,3,1,40,72,24.334780855104327,24.05,27,0,0,0.01778641305168971,24,24,24.027849520711246,25.6,24.38095238095238,3.372977396276511e-7,
14,main,cosine,1,3,1,41,72,26.996971271932125,27.9,29,0,0,0.004013909422175277,29,29,27.94682114202508,25.6,27.675675675675677,2.098009221906949e-8,
14,main,cosine,1,3,1,42,72,22.881645128130913,23.05,24,0,0,0.011892443612084413,23,22,23.02429751832073,21.333333333333332,23.23971631205674,1.7246808314830275e-8,
14,main,cosine,1,3,1,43,72,26.592295467853546,24.75,25,1,1,0.002206183554011476,25,25,24.789481599208383,25.6,24.674698795180724,2.9672611034925467e-9,
14,main,cosine,1,3,1,44,72,27.44127489440143,27.8,30,0,0,0.012073774182305486,28,29,27.895191135835788,25.6,28.346020761245676,1.6548854508968702e-9,
14,main,cosine,1,3,1,45,72,25.131149627268314,26.5,32,0,0,0.1878345284958023,26,32,26.527319088167722,25.6,26.511326860841425,0.000044233603536558697,
14,main,cosine,1,3,1,46,72,26.798357686027884,27.700000000000003,30,0,0,0.011395259882723496,29,30,27.744175220637587,25.6,27.44388609715243,6.704502441001736e-7,
14,main,cosine,1,3,1,47,72,22.423674484714866,22.1,21,0,0,0.0352734506790463,21,23,22.058401182117304,21.333333333333332,22.170500676589988,0.00003683057415193591,
14,main,cosine,1,3,1,48,72,22.214863726869226,22.3,24,0,0,0.07973511547837997,21,22,22.275377774678244,21.333333333333332,22.291156462585032,0.00029082631619525845,
14,main,cosine,1,3,1,49,72,23.345242412760854,23.65,23,1,1,0.001671964404729498,23,23,23.652413585166503,25.6,23.33903133903134,1.0142795603407251e-8,
14,main,cosine,1,3,1,50,72,26.510543052107096,27.25,25,0,0,0.004788877140047276,25,25,27.409413493964088,25.6,27.536134453781514,9.034484880210414e-7,
14,main,cosine,1,3,1,51,72,22.20652797445655,21.95,22,1,1,0.00191973707494697,22,22,21.918474788999113,21.333333333333332,22.021505376344088,6.529955576262125e-9,
14,main,cosine,1,3,1,52,72,27.688834181055427,28.35,28,0,0,0.019544715011373226,28,29,28.392729337681494,32,29.101243339253998,1.985039732588234e-7,
14,main,cosine,1,3,1,53,72,25.44509112276137,24.55,24,1,1,0.0025617703279016135,24,24,24.585001602587838,25.6,24.27259259259259,1.5471616765516671e-7,
14,main,cosine,1,3,1,54,72,22.51197792030871,20.85,20,0,0,0.006790323122867314,20,20,20.832710635848596,21.333333333333332,20.739240506329114,0.00001472095929444528,
14,main,cosine,1,3,1,55,72,22.019729025661945,21.75,21,0,0,0.003989194128157569,21,21,21.73856659475341,21.333333333333332,21.874499332443257,2.4744750581895403e-8,
14,main,cosine,1,3,1,56,72,27.972573334351182,28.9,31,0,0,0.10439938519659164,28,30,28.90985617122385,32,28.946996466431095,0.00002251966707422781,
14,main,cosine,1,3,1,57,72,26.605069497600198,27,29,0,0,0.03022523922812248,29,29,27.035800226879296,25.6,26.90311986863711,0.0000022916633719560764,
14,main,cosine,1,3,1,58,72,22.88975876569748,22.65,22,1,1,0.003051440080976575,22,22,22.601333478778496,21.333333333333332,22.629834254143645,6.265200989119535e-7,
14,main,cosine,1,3,1,59,72,20.837803399190307,21.05,21,1,1,0.0024541241441409234,21,21,21.04198521027479,21.333333333333332,21.250324254215304,0.0000026897479048493267,
14,main,cosine,1,3,1,60,72,26.294721810147166,25.95,25,0,0,0.010224003282196525,25,25,26.048209512022797,25.6,25.842271293375394,0.0000438924670435048,
14,main,cosine,1,3,1,61,72,25.981651252135634,25,27,0,0,0.011396507203276562,26,27,25.063623927927082,25.6,24.93759512937595,1.0696354724171186e-7,
14,main,cosine,1,3,1,62,72,27.181505799293518,28,29,0,0,0.033630145689955815,25,25,28.07714969710313,25.6,28.248275862068965,0.00008303792888442185,
14,main,cosine,1,3,1,63,72,27.870350332930684,30.05,30,0,0,0.009850487796561946,30,29,30.040225839529942,32,29.73502722323049,4.267908582100688e-8,
14,main,cosine,1,3,1,64,72,24.254553789272904,23.25,25,0,0,0.0072398525429056,24,24,23.212487709139147,21.333333333333332,23.01123595505618,1.0004225436954783e-7,
14,main,cosine,1,3,1,65,72,20.49696276895702,21.05,22,1,1,0.0028955643482505566,22,22,21.009005459549616,21.333333333333332,21.277922077922078,4.616060056417126e-8,
14,main,cosine,1,3,1,66,72,27.202196365222335,28.4,30,0,0,0.04089938176174168,26,32,28.439995094569227,32,28.946996466431095,0.00006990842071818992,
14,main,cosine,1,3,1,67,72,23.07559309154749,22.2,23,0,0,0.008538853341136354,21,21,22.21452011186218,21.333333333333332,22.200542005420054,0.000002831777237255473,
14,main,cosine,1,3,1,68,72,27.73571550473571,28.8,29,0,0,0.015275845973938496,29,29,28.80967400339829,25.6,28.29706390328152,1.390544804857896e-7,
14,main,cosine,1,3,1,69,72,20.329864794388413,20.6,21,0,0,0.02343079796822989,21,21,20.582520297971353,21.333333333333332,20.818297331639137,0.000016472758425645218,
14,main,cosine,1,3,1,70,72,24.34518976137042,24.95,24,1,1,0.0004628439388350003,24,24,24.99806471861398,25.6,24.71191553544495,6.716849298982197e-14,
14,main,cosine,1,3,1,71,72,25.33091583661735,24.05,24,0,0,0.009534241624808093,23,23,24.074197680038466,25.6,23.744927536231884,0.000002147304366650893,
14,main,cosine,1,3,1,72,72,25.665887713432312,25.05,25,0,0,0.008903956440145189,25,25,25.043384799040844,25.6,25.206153846153846,2.024695158198142e-7,
14,main,cosine,1,3,1,73,72,24.888856885954738,24.75,27,0,0,0.009381128165447894,24,24,24.76853617228406,25.6,24.674698795180724,1.492527057500581e-8,
14,main,cosine,1,3,1,74,72,26.63171317242086,25.7,27,0,0,0.007784574781868114,27,27,25.81334865560621,25.6,25.640062597809077,0.000004201683841187354,
14,main,cosine,1,3,1,75,72,21.91816310584545,23.85,23,0,0,0.029519401755086938,23,24,23.839883079337795,25.6,23.953216374269005,0.00028960624595908424,
14,main,cosine,1,3,1,76,72,20.10763069242239,20.95,21,0,0,0.01647492294985875,19,21,20.933064737628293,21.333333333333332,20.79187817258883,4.3886341516419236e-7,
14,main,cosine,1,3,1,77,72,25.488361990079284,25.7,27,0,0,0.013706205230404778,27,24,25.783137868946923,25.6,25.6,1.1662216858887575e-8,
14,main,cosine,1,3,1,78,72,27.29029710777104,26.15,27,1,1,0.0016391579603100004,27,27,26.19383727518927,25.6,26.17252396166134,2.5888280408281616e-10,
14,main,cosine,1,3,1,79,72,24.420627603307366,24.5,25,0,0,0.01615091941995006,25,25,24.494387317904216,25.6,24.71191553544495,4.1848883591821817e-7,
14,main,cosine,1,3,1,80,72,23.60860936716199,24.5,24,1,1,0.0008954778614246317,24,26,24.484659889249674,25.6,24.861911987860395,1.690547701826972e-11,
14,main,cosine,1,3,1,81,72,27.35574796050787,27.200000000000003,27,0,0,0.0037516778885804403,27,27,27.332256410128473,25.6,27.62900505902192,0.0000015682021609064734,
14,main,cosine,1,3,1,82,72,26.258657176047564,26.75,26,0,0,0.02651699439388444,26,26,26.73149265405621,25.6,26.640650406504065,0.00004103776731234632,
14,main,cosine,1,3,1,83,72,27.793861793354154,28.5,27,0,0,0.09430009879685308,27,27,28.57606952453076,32,29.36200716845878,0.0004040840661686529,
14,main,cosine,1,3,1,84,72,27.19836057908833,26.3,28,0,0,0.01647316013572875,28,28,26.427935528343305,25.6,26.340836012861736,0.000004737043500346871,
14,main,cosine,1,3,1,85,72,23.270780919119716,23.3,24,1,1,0.0010621917050344098,24,24,23.255466891271453,21.333333333333332,23.141242937853107,1.5058410074431094e-10,
14,main,cosine,1,3,1,86,72,23.789491929113865,23.1,23,1,1,0.002758976320023865,23,23,23.0822067767377,21.333333333333332,23.173974540311175,4.9308507277245894e-9,
14,main,cosine,1,3,1,87,72,21.28092924132943,22.35,23,0,0,0.021481558518042676,23,23,22.308749391069266,21.333333333333332,22.321525885558582,0.00005207668261142384,
14,main,cosine,1,3,1,88,72,20.779842473566532,21.3,21,0,0,0.00485875263195823,21,21,21.281998121183758,21.333333333333332,21.30559167750325,3.0997750255501444e-8,
14,main,cosine,1,3,1,89,72,22.20421046204865,22.25,23,0,0,0.005465741994840845,23,23,22.236914393718656,21.333333333333332,22.26086956521739,4.680839493786948e-8,
14,main,cosine,1,3,1,90,72,27.519830763339996,27.950000000000003,29,0,0,0.027553876580400427,26,29,27.972954403867348,25.6,27.62900505902192,3.11608078895631e-7,
14,main,cosine,1,3,1,91,72,23.518579686060548,22.85,28,0,0,0.007180959170520085,28,28,22.826382619435265,21.333333333333332,23.07605633802817,0.00016262901305319488,
14,main,cosine,1,3,1,92,72,27.835622377693653,29.3,28,1,1,0.002549325453425566,28,29,29.302491160579883,32,29.153024911032027,2.6909125705465442e-8,
14,main,cosine,1,3,1,93,72,26.783523635938764,27.1,29,0,0,0.009468073314437553,27,27,27.124062411393115,25.6,27.036303630363037,0.0001666079334690096,
14,main,cosine,1,3,1,94,72,20.627892626449466,20.7,21,0,0,0.0037209065053565027,21,21,20.693154733294453,21.333333333333332,20.844783715012724,7.376612831677676e-8,
14,main,cosine,1,3,1,95,72,26.429266326129436,25.95,26,1,1,0.0005161628531925588,26,26,26.01688270620176,25.6,25.88309636650869,9.915273935234836e-9,
14,main,cosine,1,3,1,96,72,25.625560184940696,26.05,28,0,0,0.021279729811459647,24,25,26.04348440049347,25.6,26.089171974522294,3.7658828722086923e-8,
14,main,cosine,1,3,1,97,72,20.328020967543125,21.8,22,0,0,0.01615327355428764,21,23,21.784379554418194,21.333333333333332,21.64332892998679,0.0000033843288033130747,
14,main,cosine,1,3,1,98,72,22.802850553765893,23.3,22,0,0,0.003943940471519136,22,22,23.299988666953432,25.6,23.54022988505747,1.8220823283510157e-7,
14,main,cosine,1,3,1,99,72,25.69359813630581,25.2,24,1,1,0.001233566017367127,24,24,25.22994861986383,25.6,25.090352220520675,3.123140701610794e-8,
14,main,cosine,1,3,1,100,72,24.272703183814883,25.35,28,0,0,0.01561036460225751,28,27,25.357334134642468,25.6,25.6,0.000001392573190650559,
14,main,cosine,1,3,1,101,72,22.884235993027687,22.65,23,0,0,0.004809899409309648,23,23,22.623103397707734,21.333333333333332,22.661134163208853,0.0000013284978921390689,
14,main,cosine,1,3,1,102,72,26.584778690710664,26.5,27,0,0,0.0055082482020515355,27,27,26.61692381860914,25.6,26.554294975688816,1.3748833138649275e-7,
14,main,cosine,1,3,1,103,72,24.86926881223917,25.2,26,0,0,0.009188749134537821,26,26,25.2257802867516,25.6,25.244992295839754,0.0001306946781963747,
14,main,cosine,1,3,1,104,72,21.045884262770414,21.2,21,1,1,0.0019819460926117083,21,21,21.214330895814918,21.333333333333332,21.086229086229086,3.92725474362976e-9,
14,main,cosine,1,3,1,105,72,22.63627809472382,22.95,24,1,1,0.0014782488026711116,22,24,22.934021488746346,21.333333333333332,23.141242937853107,3.6372016509744753e-12,
14,main,cosine,1,3,1,106,72,25.745342640206218,26.15,28,0,1,0.005261662152166169,26,26,26.173243068843597,25.6,26.17252396166134,1.7005582497731098e-9,
14,main,cosine,1,3,1,107,72,24.948632210493088,25.25,27,1,1,0.0019782413964791745,27,27,25.290543609570697,25.6,25.480559875583204,2.3133783777495864e-10,
14,main,cosine,1,3,1,108,72,21.429972214624286,21.85,22,1,1,0.002859866919621812,22,22,21.792514132721166,21.333333333333332,21.874499332443257,1.6943939473712533e-8,
14,main,cosine,1,3,1,109,72,25.46341548115015,26.05,28,0,0,0.005503400408601644,28,28,26.08624407547387,25.6,26.089171974522294,0.000002451059707309078,
14,main,cosine,1,3,1,110,72,25.394525488838553,26.6,26,1,1,0.0011499352027545262,26,26,26.63689629737994,25.6,26.511326860841425,1.0436096431476471e-10,
14,main,cosine,1,3,1,111,72,25.28702619113028,25.25,30,0,0,0.1649775439023825,22,28,25.324845402448982,25.6,24.861911987860395,0.0007687548141855904,
14,main,cosine,1,3,1,112,72,23.47285326756537,23.8,24,1,1,0.0009146564187298978,24,24,23.78950560760153,25.6,24.12960235640648,7.629000686737442e-8,
14,main,cosine,1,3,1,113,72,22.46058340743184,22.55,22,0,0,0.0083505853670226,22,22,22.541428751581424,21.333333333333332,22.59862068965517,0.00003224702699822224,
14,main,cosine,1,3,1,114,72,23.012145208194852,23.75,29,0,0,0.10732364279749307,22,25,23.756388457205905,25.6,24.094117647058823,0.0004242603718875859,
14,main,cosine,1,3,1,115,72,25.407882656902075,25.25,28,0,0,0.023149435816300024,24,24,25.306218893368825,25.6,25.244992295839754,8.152361385960205e-8,
14,main,cosine,1,3,1,116,72,21.160449823364615,21.85,22,1,1,0.0006651656507818959,22,23,21.822872910290002,21.333333333333332,21.72944297082228,1.7263790397237244e-10,
14,main,cosine,1,3,1,117,72,25.487212520092726,25,25,0,1,0.0048899205588061045,23,25,25.000646066407658,25.6,25.362229102167184,1.4718707030958456e-8,
14,main,cosine,1,3,1,118,72,25.288371736183763,25.1,25,0,0,0.01583902097146528,25,25,25.14832289440415,25.6,25.12883435582822,7.814261493432895e-8,
14,main,cosine,1,3,1,119,72,25.48476367071271,25,26,1,1,0.0021148636544008337,26,26,25.05435539513716,25.6,24.975609756097562,1.5861315594278835e-9,
14,main,cosine,1,3,1,120,72,27.467227786779404,29.700000000000003,30,0,0,0.04073411041868924,30,30,29.651424037178703,32,28.895943562610228,0.0001968821508321339,
14,main,cosine,1,3,1,121,72,22.01171863079071,21.9,32,0,0,0.1713406078539329,23,22,21.873466289752685,21.333333333333332,21.874499332443257,0.0004719649922149127,
14,main,cosine,1,3,1,122,72,22.1699920296669,22,23,0,0,0.00634176674026754,23,23,21.98980193730634,21.333333333333332,22.110661268556004,3.579536056452781e-7,
14,main,cosine,1,3,1,123,72,23.9509267359972,23.85,24,0,0,0.011032593414344372,24,23,23.846791010541605,25.6,24.20088626292467,0.0000017488907864127157,
14,main,cosine,1,3,1,124,72,23.346634374931455,23.05,23,1,1,0.0013924169200860703,23,21,23.03459108598551,25.6,23.33903133903134,3.846788310113425e-8,
14,main,cosine,1,3,1,125,72,23.11290852725506,22.45,22,1,1,0.002569758046453652,22,22,22.39803434546184,21.333333333333332,22.382513661202186,1.189048381977642e-8,
14,main,cosine,1,3,1,126,72,21.260016169399023,20.75,21,1,1,0.0020362401122494544,21,21,20.765506867273366,21.333333333333332,20.713021491782555,1.980319841443645e-8,
14,main,cosine,1,3,1,127,72,25.553633684292436,25.85,28,0,1,0.005752060290585392,25,25,25.970179884506848,25.6,25.72056514913658,7.981989957883684e-9,
14,main,cosine,1,3,1,128,72,20.362266302108765,20.65,20,1,1,0.00217144213454612,20,21,20.65051250251158,21.333333333333332,20.68686868686869,3.5256575214859254e-8,
14,main,cosine,1,3,1,129,72,24.653770813718438,25.3,25,0,0,0.005007699149936928,25,26,25.349571854271723,25.6,25.051987767584098,6.988182921219277e-9,
14,main,cosine,1,3,1,130,72,25.057377591729164,24.9,27,0,0,0.022776600763794286,27,23,24.970524547907544,25.6,24.453731343283582,2.8661436557442244e-9,
14,main,cosine,1,3,1,131,72,23.745424741879106,25.25,24,0,0,0.019400082455075074,24,24,25.334084239263447,25.6,24.89969604863222,0.000001856991415749576,
14,main,cosine,1,3,1,132,72,27.16512843221426,26.6,27,0,0,0.012348678966106696,25,27,26.73999136349927,25.6,26.640650406504065,3.1155553359418775e-8,
14,main,cosine,1,3,1,133,72,24.790744546800852,24.45,26,0,0,0.008971113389485197,24,24,24.46917497448957,25.6,24.023460410557185,4.223968730343586e-9,
14,main,cosine,1,3,1,134,72,21.614492017775774,21.4,22,1,1,0.0007707230529649944,22,22,21.398748525133453,21.333333333333332,21.333333333333332,5.224567778405742e-9,
14,main,cosine,1,3,1,135,72,26.909403489902616,27.200000000000003,28,0,0,0.009123932434742854,28,32,27.30284457397194,25.6,27.58249158249158,0.0000023661867365465383,
14,main,cosine,1,3,1,136,72,20.78695198893547,21.5,23,0,0,0.01063510977861648,22,21,21.489066964330732,21.333333333333332,21.30559167750325,0.0000049937115563780665,
14,main,cosine,1,3,1,137,72,25.587532095611095,26.55,29,0,0,0.07672673779986838,27,24,26.61318000277524,25.6,26.640650406504065,0.0008073740477355651,
14,main,cosine,1,3,1,138,72,25.395909963175654,25.95,26,0,0,0.061345962352843175,25,26,26.090742155471723,25.6,25.801574803149606,0.0001389330874358441,
14,main,cosine,1,3,1,139,72,22.797615038231015,22.25,22,1,1,0.001887890747151677,22,22,22.194261392890297,21.333333333333332,22.230664857530527,0.000013216047772934836,
14,main,cosine,1,3,1,140,72,25.23929829709232,25.5,25,0,0,0.015515958416787878,25,25,25.581100051744297,25.6,25.244992295839754,0.00023019649525291008,
14,main,cosine,1,3,1,141,72,25.94364646077156,27.5,31,0,0,0.016644924440422093,27,27,27.587881643077743,25.6,27.769491525423728,1.1977358660431037e-8,
14,main,cosine,1,3,1,142,72,22.10297566279769,21.2,20,1,1,0.0008378822150774123,20,22,21.150878556491982,21.333333333333332,21.416993464052286,2.050898784133892e-9,
14,main,cosine,1,3,1,143,72,20.687378792092204,21.15,21,0,0,0.01844862459042662,20,21,21.138790890365968,21.333333333333332,20.924648786717754,0.00003292068319760144,
14,main,cosine,1,3,1,144,72,26.309362038969994,27.35,29,0,0,0.0049801332872361215,28,28,27.355424596479825,25.6,27.08099173553719,3.5416192201154217e-10,
14,main,cosine,1,3,1,145,72,24.998653372749686,25.45,26,0,0,0.013183874979816546,25,27,25.499016021379166,25.6,25.6,0.00000302732326706856,
14,main,cosine,1,3,1,146,72,25.770343467593193,25.5,24,1,1,0.0016263848197679565,24,24,25.583159564880464,25.6,25.480559875583204,2.5579097839845133e-8,
14,main,cosine,1,3,1,147,72,24.79081861488521,25.15,26,1,1,0.0011956771985717207,26,26,25.185532374994857,25.6,25.12883435582822,8.726908085066043e-12,
14,main,cosine,1,3,1,148,72,23.12580476514995,24,24,1,1,0.0011733321228605265,24,24,24.02234492840396,25.6,23.88338192419825,0.000006395850980278617,
14,main,cosine,1,3,1,149,72,25.46007856912911,25.3,26,0,0,0.014477817706344265,25,25,25.380133135613388,25.6,25.206153846153846,3.2220247581093986e-8,
14,main,cosine,1,3,1,150,72,26.57711241208017,27.700000000000003,27,1,1,0.0027508803121646386,26,26,27.72206713600726,25.6,27.21594684385382,1.5968226740881164e-10,
14,main,cosine,1,3,1,151,72,27.368219884112477,28.75,28,0,0,0.005183126833739005,28,28,28.737024952339855,25.6,28.151202749140893,3.826138628149067e-9,
14,main,cosine,1,3,1,152,72,24.080167565494776,24.1,26,0,0,0.02252882034833492,23,23,24.086966514435925,25.6,23.848617176128094,0.000007783507792291644,
14,main,cosine,1,3,1,153,72,27.212326858192682,26.950000000000003,32,0,0,0.10776944488139939,25,25,27.04389252544846,25.6,26.684039087947884,0.00013623830613396226,
14,main,cosine,1,3,1,154,72,23.56278508901596,23.65,24,0,0,0.014646801326054115,24,24,23.672061821864784,25.6,24.12960235640648,3.637025214331402e-8,
14,main,cosine,1,3,1,155,72,26.256815062835813,26.55,29,0,0,0.013123549169856918,29,28,26.574200402649648,25.6,26.468497576736674,0.00000114602960021859,
14,main,cosine,1,3,1,156,72,25.746482394635677,25.9,28,0,0,0.026662296901798554,28,28,25.982873010712197,25.6,25.88309636650869,0.0000016422768351898043,
14,main,cosine,1,3,1,157,72,22.929400127381086,21.75,21,0,0,0.008124502670270872,21,21,21.745486851746037,21.333333333333332,21.72944297082228,0.0000012936419633291507,
14,main,cosine,1,3,1,158,72,21.117356864735484,21.2,20,0,0,0.005643239282659196,20,32,21.16178027297924,21.333333333333332,21.333333333333332,0.0000039499996995484565,
14,main,cosine,1,3,1,159,72,25.13654112815857,26.25,29,0,0,0.13566839186976987,25,25,26.39089508697301,25.6,26.2144,0.0020234026197578636,
14,main,cosine,1,3,1,160,72,21.09114763699472,20.45,22,0,0,0.03894288663760481,20,20,20.475980281956275,21.333333333333332,20.505632040050063,0.00002274921582057221,
14,main,cosine,1,3,1,161,72,26.839192101731896,26,26,0,0,0.008093782809991956,26,28,26.09999845830131,25.6,26.089171974522294,1.0174372755411554e-7,
14,main,cosine,1,3,1,162,72,24.670350903645158,24.25,25,0,0,0.005757886336874463,25,23,24.279578213710245,25.6,23.91824817518248,1.314960618170602e-7,
14,main,cosine,1,3,1,163,72,24.7924821395427,24.5,28,0,0,0.03789255033304628,25,23,24.54509189073003,25.6,24.344725111441306,0.0000010084163953871794,
14,main,cosine,1,3,1,164,72,25.712179036810994,24.85,26,0,1,0.007199588976840032,23,23,24.917214957692085,25.6,24.526946107784433,5.893212584595631e-10,
14,main,cosine,1,3,1,165,72,21.407199690118432,20.9,21,0,0,0.011572220806138511,20,21,20.917132753500006,21.333333333333332,20.713021491782555,0.00001573022929290957,
14,main,cosine,1,3,1,166,72,24.4681960567832,24.65,27,0,0,0.062465097466664954,27,27,24.69272543510805,25.6,24.749244712990937,0.00007212278958756979,
14,main,cosine,1,3,1,167,72,27.091411804780364,26.6,27,0,0,0.02756715294391976,26,27,26.60575183115238,25.6,26.511326860841425,0.000005113457732242033,
14,main,cosine,1,3,1,168,72,21.44002291560173,21.55,22,0,0,0.007064875617390665,22,22,21.532076447694443,21.333333333333332,21.445026178010473,1.2349809852540972e-7,
14,main,cosine,1,3,1,169,72,20.66281826607883,21.35,21,0,0,0.0035502837877304794,21,21,21.31912365281355,21.333333333333332,21.47313237221494,5.402681669819387e-7,
14,main,cosine,1,3,1,170,72,27.15346985310316,28.75,28,0,0,0.02947423163387597,28,28,28.72466637322447,32,28.593368237347295,0.00006995768610473796,
14,main,cosine,1,3,1,171,72,27.138463657349348,27.950000000000003,32,0,0,0.032175897814874066,29,29,27.963541388488323,25.6,27.536134453781514,1.547641556021162e-7,
14,main,cosine,1,3,1,172,72,27.42756872996688,26.450000000000003,27,0,0,0.012252285620638848,27,27,26.491845106027107,25.6,26.340836012861736,0.00000931341554866183,
14,main,cosine,1,3,1,173,72,21.815655576065183,22.1,23,0,0,0.03307206388765782,21,23,22.030990079930714,21.333333333333332,22.110661268556004,0.000001084036212128936,
14,main,cosine,1,3,1,174,72,25.42410994321108,26.3,29,0,0,0.016493904410380456,29,29,26.424078955969218,25.6,26.298555377207062,0.000005413164704481943,
14,main,cosine,1,3,1,175,72,24.43334335461259,24.35,25,0,0,0.0051874872747045275,25,26,24.3616966216164,25.6,24.71191553544495,4.60207760788478e-9,
14,main,cosine,1,3,1,176,72,21.269873954355717,20.25,20,0,0,0.047714138646060666,20,32,20.253599782145784,21.333333333333332,20.277227722772277,0.00007215053449027842,
14,main,cosine,1,3,1,177,72,21.973582796752453,22.55,23,0,0,0.018479770098659754,22,22,22.456953115518726,21.333333333333332,22.443835616438356,0.000010886739002624601,
14,main,cosine,1,3,1,178,72,26.218278354033828,26.75,27,0,0,0.010221013696798176,27,26,26.84387461652401,25.6,26.684039087947884,5.239417899538523e-9,
14,main,cosine,1,3,1,179,72,21.796847293153405,21.1,21,1,1,0.0009604103210715254,21,21,21.09280649263367,21.333333333333332,21.05912596401028,5.909951361626753e-8,
14,main,cosine,1,3,1,180,72,26.03513959608972,27.200000000000003,32,0,0,0.05856157737928891,24,28,27.26935505402625,25.6,27.261231281198004,1.246370376906114e-7,
14,main,cosine,1,3,1,181,72,23.726950976997614,22.4,23,0,0,0.01369610279950284,23,23,22.32834417421274,21.333333333333332,22.321525885558582,0.00002789858124507827,
14,main,cosine,1,3,1,182,72,20.977499920874834,21.05,22,0,0,0.046361586476138306,20,21,21.029737949852564,21.333333333333332,21.005128205128205,8.974539440487206e-7,
14,main,cosine,1,3,1,183,72,20.760958032682538,21.8,25,0,0,0.009534222724407515,22,23,21.7330362261973,21.333333333333332,21.845333333333333,0.00000835269930687943,
14,main,cosine,1,3,1,184,72,23.640194449573755,23.4,23,1,1,0.0012693261538739842,23,24,23.399526011247442,25.6,23.710564399421127,4.1352188340226803e-10,
14,main,cosine,1,3,1,185,72,23.421604501083493,24.45,23,1,1,0.002653129757019257,23,23,24.461879882354207,25.6,24.094117647058823,4.316267010473496e-8,
14,main,cosine,1,3,1,186,72,22.098648384213448,22.45,23,0,0,0.040903206139066284,22,22,22.43370995768718,21.333333333333332,22.505494505494507,0.000004903228481456523,
14,main,cosine,1,3,1,187,72,27.8676096778363,28.5,29,0,0,0.018803044090522247,29,29,28.48370245350496,4.129032258064516,28.593368237347295,0.000159325767316143,
14,main,cosine,1,3,1,188,72,24.612078316509724,24.4,27,0,0,0.018311470166838317,27,27,24.38632230198102,25.6,25.090352220520675,0.00002846455373151091,
14,main,cosine,1,3,1,189,72,27.137644244357944,28.35,29,0,0,0.015969051819428315,29,29,28.403661223092485,32,28.946996466431095,0.0000010434098290934557,
14,main,cosine,1,3,1,190,72,22.715121096000075,22.2,22,1,1,0.001188948582922622,22,22,22.17325585768984,21.333333333333332,22.170500676589988,4.8092320126258414e-9,
14,main,cosine,1,3,1,191,72,24.079950384795666,23.75,24,0,0,0.0036368891559050986,24,24,23.725778245337203,25.6,23.710564399421127,1.96121492712642e-7,
14,main,cosine,1,3,1,192,72,24.484307505190372,24.8,25,0,0,0.008372660821051148,25,26,24.820659972881568,25.6,24.89969604863222,4.420518029402132e-8,
14,main,cosine,1,3,1,193,72,23.190594784915447,23.3,23,0,0,0.006750998762981908,23,23,23.175273383228497,21.333333333333332,22.818941504178273,0.00010716306697400313,
14,main,cosine,1,3,1,194,72,26.745930517092347,26.450000000000003,28,0,0,0.008266413895507863,28,28,26.43080135404675,25.6,26.383252818035427,1.0809960815372222e-8,
14,main,cosine,1,3,1,195,72,22.798486799001694,22.35,22,0,0,0.006592364763849501,22,21,22.338331541249886,21.333333333333332,22.382513661202186,0.00004263185535702263,
14,main,cosine,1,3,1,196,72,22.230432426556945,21.35,21,1,1,0.00196165402768389,21,22,21.341240562503234,21.333333333333332,21.416993464052286,8.55502918284401e-7,
14,main,cosine,1,3,1,197,72,26.6936877630651,27.950000000000003,28,0,0,0.012814026409111112,28,28,27.971455746288985,25.6,27.769491525423728,3.473804977005557e-8,
14,main,cosine,1,3,1,198,72,24.30506183207035,24.9,25,0,0,0.016874192897951557,25,25,24.89827449106792,25.6,25.013740458015267,0.000009535757128142919,
14,main,cosine,1,3,1,199,72,25.990253312513232,25.2,24,1,1,0.002489186826452827,24,24,25.186516853716455,25.6,25.440993788819874,3.7071136160804485e-8,
20,main,cosine,1,14,0.25,0,336,20.21983509324491,19.75,29,0,0,0.022010862564264988,29,29,19.73512765359263,5.278350515463917,5.288573273079406,0.09337079373781487,
20,main,cosine,1,14,0.25,1,336,20.061014035716653,20.35,30,0,0,0.17118893876097963,27,30,20.358037632240883,20.48,20.3527950310559,0.0005874083653010231,
20,main,cosine,1,14,0.25,2,336,24.92492046765983,25.25,32,0,0,0.36934690922646585,25,25,25.241129957965462,17.066666666666666,25.244992295839754,0.0031005734071624103,
20,main,cosine,1,14,0.25,3,336,24.10735966078937,24.15,24,0,0,0.030562354976529704,24,24,24.162383895558374,24.38095238095238,24.16519174041298,0.00021433111907265268,
20,main,cosine,1,14,0.25,4,336,22.835338599979877,22.35,32,0,0,0.03930483402608165,32,32,22.36240163673473,22.26086956521739,22.382513661202186,0.03015626082671774,
20,main,cosine,1,14,0.25,5,336,23.344863682985306,23.35,29,0,0,0.12312907667634543,25,25,23.333907977788083,23.272727272727273,23.33903133903134,0.004066200158836741,
20,main,cosine,1,14,0.25,6,336,21.6502175796777,21.05,30,0,0,0.23959177566209866,23,31,21.045687227813662,5.818181818181818,5.811990067399787,0.022721807752702827,
20,main,cosine,1,14,0.25,7,336,25.201800987124443,25.25,32,0,0,0.26081363812290803,25,25,25.238515113566095,4.697247706422019,4.710753306497987,0.0225931589957018,
20,main,cosine,1,14,0.25,8,336,24.21426353789866,24,32,0,0,0.19490642846272344,26,30,23.983183847821014,2.5472636815920398,2.551230146371847,0.001405768450076783,
20,main,cosine,1,14,0.25,9,336,26.9111420661211,26.85,27,0,0,0.0067710505183214975,27,27,26.852645414940014,26.94736842105263,26.859016393442623,0.00019604349225099682,
20,main,cosine,1,14,0.25,10,336,22.10964783653617,21.8,24,0,0,0.014261581289113368,22,24,21.779898098587868,2.039840637450199,21.78723404255319,0.0017532187922925102,
20,main,cosine,1,14,0.25,11,336,25.034052366390824,24.95,28,0,0,0.06834137024409215,25,25,24.957895660068786,7.211267605633803,24.975609756097562,0.00020652696695611095,
20,main,cosine,1,14,0.25,12,336,21.450178926810622,21.7,30,0,0,0.07189294248861855,30,30,21.687374912530395,21.333333333333332,21.70066225165563,0.0004218565271755237,
20,main,cosine,1,14,0.25,13,336,24.375797040760517,24.45,30,0,0,0.08638895980426486,24,24,24.46507225796937,24.38095238095238,24.453731343283582,0.00047062371609651876,
20,main,cosine,1,14,0.25,14,336,20.49826324172318,19.05,27,0,0,0.105203127643271,27,18,19.054272633498773,5.278350515463917,5.29541047188106,0.11153384078447992,
20,main,cosine,1,14,0.25,15,336,26.189338453114033,26.1,26,0,0,0.02652285246120556,26,26,26.110803594683627,25.6,26.089171974522294,0.0000011640798632805982,
20,main,cosine,1,14,0.25,16,336,26.646646743640304,26.05,29,0,0,0.03470125187133455,29,29,26.048144399733992,2.4380952380952383,2.433026433026433,0.014725844889279527,
20,main,cosine,1,14,0.25,17,336,26.32081046514213,19.15,32,0,0,0.13648991065977067,32,23,19.13831358300394,512,2.9013635558703736,0.18383676788588865,
20,main,cosine,1,14,0.25,18,336,27.132635915651917,27.65,28,1,1,0.0030825587122451648,28,28,27.67302278572554,2.3378995433789953,2.340905843691956,0.0023609697332710455,
20,main,cosine,1,14,0.25,19,336,26.867418514564633,18,26,0,0,0.043676502691887165,26,25,18,3.4594594594594597,2.000244170430961,0.018056369591119226,
20,main,cosine,1,14,0.25,20,336,25.983966244384646,25.95,26,0,0,0.03223089937916468,23,26,25.965559181006093,4.571428571428571,4.5625174046226675,0.0014690783488530146,
20,main,cosine,1,14,0.25,21,336,21.884566174820065,21.8,26,0,0,0.0747040935203308,21,22,21.79982147226219,5.224489795918367,5.221159974506055,0.0033476623025684438,
20,main,cosine,1,14,0.25,22,336,25.297486128285527,21.95,23,0,0,0.0527833797151398,23,23,21.957672355086057,3.9384615384615387,3.9508078128767785,0.03154477528593014,
20,main,cosine,1,14,0.25,23,336,20.28461415693164,20.5,24,0,0,0.022190156505348613,24,22,20.513949120569173,20.48,20.505632040050063,0.000981585509605476,
20,main,cosine,1,14,0.25,24,336,23.922656873241067,19.4,27,0,0,0.04678096267186804,27,27,19.41012042494546,2.0728744939271255,2.076026355803345,0.3075226775896601,
20,main,cosine,1,14,0.25,25,336,22.70505839958787,22.95,31,0,0,0.0922085557741581,23,23,22.955450986495745,23.272727272727273,22.978962131837307,0.00016529809686649521,
20,main,cosine,1,14,0.25,26,336,20.02244365774095,20.25,31,0,0,0.09101362412515068,19,19,20.264618826849492,9.309090909090909,9.389111747851002,0.039735960233698076,
20,main,cosine,1,14,0.25,27,336,24.930271374061704,24.25,30,0,0,0.03422505322305802,24,24,24.22785765432885,24.38095238095238,24.20088626292467,0.0010842731667537464,
20,main,cosine,1,14,0.25,28,336,22.953486053273082,22.8,29,0,0,0.12239995773027124,19,32,22.79044800285814,4.830188679245283,4.847337278106509,0.006700862978658018,
20,main,cosine,1,14,0.25,29,336,20.644102469086647,20.65,25,0,0,0.0739774713287229,25,30,20.660890836327308,20.48,20.66078184110971,0.0011674229422858895,
20,main,cosine,1,14,0.25,30,336,22.775059973821044,22.7,30,0,0,0.2106709480593787,30,30,22.68071997479747,2.680628272251309,2.6788750817527798,0.0038605154564627098,
20,main,cosine,1,14,0.25,31,336,27.858948595821857,27.950000000000003,24,0,0,0.007344145972196903,24,24,27.961984214054674,4.830188679245283,4.840177252584933,0.008854443020836378,
20,main,cosine,1,14,0.25,32,336,20.77305161766708,20.8,31,0,0,0.1804000647341748,21,21,20.78273459070793,20.48,20.79187817258883,0.00007698354924334794,
20,main,cosine,1,14,0.25,33,336,21.82465321943164,22.1,31,0,0,0.0060191168137184725,31,29,22.107397210523082,2.0728744939271255,2.070778564206269,0.0027482019670834745,
20,main,cosine,1,14,0.25,34,336,25.41202067397535,25.75,29,0,0,0.18945365537973136,25,30,25.737604129844843,2.6666666666666665,2.6614684860298894,0.004974540159769392,
20,main,cosine,1,14,0.25,35,336,26.95072066783905,27.200000000000003,27,0,0,0.021056026681501305,27,27,27.204667026538075,26.94736842105263,27.21594684385382,0.0000251207694549338,
20,main,cosine,1,14,0.25,36,336,23.546463031321764,18.55,31,0,0,0.09155118656949357,19,31,18.54026992251994,3.436241610738255,3.4470860509152113,0.08579386588156257,
20,main,cosine,1,14,0.25,37,336,26.24608421139419,26.450000000000003,26,1,1,0.0010586835070346412,26,26,26.443985783265266,26.94736842105263,26.425806451612903,0.000003404539024254305,
20,main,cosine,1,14,0.25,38,336,23.66961711831391,19.7,31,0,0,0.24447139757321112,31,31,19.676048688846382,6.168674698795181,6.199016269390844,0.23254433717451295,
20,main,cosine,1,14,0.25,39,336,20.539135651662946,20.7,32,0,0,0.02837664860088074,32,23,20.707298755708663,5.333333333333333,5.342028040430388,0.037438102890674285,
20,main,cosine,1,14,0.25,40,336,23.751192724332213,23.75,24,0,0,0.005856018083894909,24,24,23.757891536481242,23.272727272727273,23.744927536231884,0.00008215763689378708,
20,main,cosine,1,14,0.25,41,336,21.525969156995416,21.5,31,0,0,0.16914254882748847,26,26,21.47665921059793,21.333333333333332,21.47313237221494,0.00015804296072141621,
20,main,cosine,1,14,0.25,42,336,20.089460540562868,20.05,32,0,0,0.0768846672185417,20,20,20.042460371668252,15.515151515151516,15.693486590038313,0.00002250434523198841,
20,main,cosine,1,14,0.25,43,336,23.101724790409207,22.95,27,0,0,0.25133311939559544,27,25,22.931408106565932,5.12,5.1168019987507805,0.05993515118736226,
20,main,cosine,1,14,0.25,44,336,27.847470432519913,27.55,27,0,0,0.05051047264452402,27,27,27.536160761588427,26.94736842105263,27.536134453781514,0.0008460904801037561,
20,main,cosine,1,14,0.25,45,336,23.889418544247746,23.9,24,0,0,0.058330366670352296,24,24,23.905702722976912,24.38095238095238,23.88338192419825,0.000012285653183341516,
20,main,cosine,1,14,0.25,46,336,27.794334307312965,27.65,31,0,0,0.06305358629577573,27,28,27.66726170598565,26.94736842105263,27.62900505902192,0.00004618000541101175,
20,main,cosine,1,14,0.25,47,336,21.02297456935048,20.8,21,1,1,0.001440589186685659,21,21,20.81008676960329,20.48,20.818297331639137,0.00033885880054862483,
20,main,cosine,1,14,0.25,48,336,21.75314130075276,21.55,28,0,0,0.06901723813659355,28,23,21.542387654522233,2.064516129032258,2.0647763074984247,0.01643446718875463,
20,main,cosine,1,14,0.25,49,336,22.43322816491127,22.25,27,0,0,0.032246572008854946,27,24,22.24377787110922,2.0813008130081303,2.079451707069425,0.02579758507125207,
20,main,cosine,1,14,0.25,50,336,24.29340380616486,24.15,32,0,0,0.09680348238008196,24,18,24.12795738330655,24.38095238095238,24.094117647058823,0.0005762137602629558,
20,main,cosine,1,14,0.25,51,336,25.21577532030642,25.05,31,0,0,0.022574370375172625,26,27,25.06329792464933,15.515151515151516,25.051987767584098,0.000677216197094821,
20,main,cosine,1,14,0.25,52,336,21.398030964657664,21.4,21,1,1,0.002994446546278784,21,23,21.421757389427125,21.333333333333332,2.872873926003858,0.002275811221099211,
20,main,cosine,1,14,0.25,53,336,22.480490976944566,22.45,28,0,0,0.029899741261477653,23,23,22.446195958701097,22.26086956521739,22.443835616438356,0.00017407997056617663,
20,main,cosine,1,14,0.25,54,336,23.29734292626381,23.6,24,0,0,0.008079893553779138,24,24,23.583507130041607,6.023529411764706,5.990493601462523,0.05864052835628808,
20,main,cosine,1,14,0.25,55,336,25.76222019456327,26.25,26,0,0,0.06194036799425473,26,26,26.260877592106823,6.826666666666667,6.858099623273336,0.008348946162987203,
20,main,cosine,1,14,0.25,56,336,22.12222569435835,22.2,27,0,0,0.00772906861690259,27,27,22.221135059739147,22.26086956521739,22.230664857530527,0.0001583564996311404,
20,main,cosine,1,14,0.25,57,336,27.16013224236667,27.450000000000003,28,0,0,0.11417556693596764,18,18,27.462728783167027,2.7379679144385025,2.738425539027244,0.04156287149230797,
20,main,cosine,1,14,0.25,58,336,24.921611059457064,24.5,24,0,0,0.007458830144594919,24,24,24.477264120959006,24.38095238095238,24.490284005979074,0.00008626999697358695,
20,main,cosine,1,14,0.25,59,336,27.235185023397207,27.85,28,0,0,0.07921046587289249,28,28,27.847788715359975,28.444444444444443,27.86394557823129,0.0013480035442762217,
20,main,cosine,1,14,0.25,60,336,21.722187496721745,31.450000000000003,32,0,0,0.10176046940305272,32,32,31.4622013787225,6.564102564102564,6.561473768522227,0.1776866219530967,
20,main,cosine,1,14,0.25,61,336,22.554413234815,22.75,32,0,0,0.2032155245160756,28,23,22.745644948599452,5.171717171717172,5.189737092176117,0.0007916822947470203,
20,main,cosine,1,14,0.25,62,336,27.701588263735175,28,30,0,0,0.14214777411019763,20,30,28.006017935772004,2.3703703703703702,2.371056439942113,0.009375370219859347,
20,main,cosine,1,14,0.25,63,336,27.56366839632392,27.65,28,0,0,0.003878261698572527,28,28,27.662787238482405,3.0476190476190474,27.675675675675677,0.00042432369546907545,
20,main,cosine,1,14,0.25,64,336,20.07630353793502,18.9,20,0,0,0.01773749087964438,20,19,18.89336160281316,18.962962962962962,18.897347174163784,0.005627341381947204,
20,main,cosine,1,14,0.25,65,336,20.30304054170847,20.45,31,0,0,0.020259052356946694,31,31,20.441893558438,20.48,20.428927680798004,0.0005146228712620271,
20,main,cosine,1,14,0.25,66,336,25.483615830540657,25.95,26,0,0,0.028286057749847382,26,26,25.958301282108327,25.6,25.924050632911392,0.0030989048083817083,
20,main,cosine,1,14,0.25,67,336,25.937737725675106,25.25,27,0,0,0.009115491420326194,27,27,25.24811694727832,2.226086956521739,2.230329430982848,0.10005055022808296,
20,main,cosine,1,14,0.25,68,336,24.181590786203742,31.75,32,0,0,0.028492762066012478,30,32,31.733401107092646,2.1512605042016806,2.149567042770926,0.002637794849036035,
20,main,cosine,1,14,0.25,69,336,26.388569189235568,26.15,31,0,1,0.01248561441982432,26,26,26.154145229661694,25.6,26.17252396166134,0.00003816364060060806,
20,main,cosine,1,14,0.25,70,336,24.002301400527358,24.1,24,0,0,0.0176246572958475,24,24,24.09036699309757,24.38095238095238,24.094117647058823,0.0000028314615095892393,
20,main,cosine,1,14,0.25,71,336,26.416298151016235,26.25,26,0,0,0.008747878017661748,26,26,26.265460381867612,26.94736842105263,26.256410256410255,0.000011818644837569003,
20,main,cosine,1,14,0.25,72,336,26.09399833343923,25.9,30,0,0,0.14605341613682477,18,18,25.915787772011342,5.069306930693069,5.05055487053021,0.04284909839592843,
20,main,cosine,1,14,0.25,73,336,26.464058434590697,27,32,0,0,0.36527443327207454,23,29,26.993651670553422,2.0562248995983934,2.055966871627557,0.005051511420925747,
20,main,cosine,1,14,0.25,74,336,25.26930588297546,22.85,23,0,0,0.05769548301894856,23,25,22.83991687208993,2.2857142857142856,2.2863522188110523,0.019334186398639375,
20,main,cosine,1,14,0.25,75,336,22.117120234295726,22.3,32,0,0,0.2959091755375549,23,27,22.320038835460863,22.26086956521739,22.321525885558582,0.00004554817091406704,
20,main,cosine,1,14,0.25,76,336,25.049849592149258,22,29,0,0,0.01385134834455004,29,29,21.977478139904754,2.265486725663717,2.267054102670541,0.1023618036859073,
20,main,cosine,1,14,0.25,77,336,21.589988850057125,21.3,32,0,0,0.17634489895714867,32,27,21.29879159589614,21.333333333333332,21.30559167750325,0.004983526852676112,
20,main,cosine,1,14,0.25,78,336,24.50928395614028,24.25,27,0,0,0.011558409270486902,27,27,24.23758189151599,3.011764705882353,3.011764705882353,0.0010684224447836677,
20,main,cosine,1,14,0.25,79,336,21.04654424637556,21.3,29,1,1,0.002477954209514688,29,29,21.321164390092626,5.278350515463917,5.271557271557271,0.021531060136162017,
20,main,cosine,1,14,0.25,80,336,27.724921111017466,28.1,30,0,0,0.06617348963660019,24,30,28.096396994165538,28.444444444444443,28.102915951972555,0.004170963562488028,
20,main,cosine,1,14,0.25,81,336,27.614710830152035,27.450000000000003,28,0,0,0.06334793910705849,28,27,27.458794028201016,26.94736842105263,27.44388609715243,0.0001684979916677376,
20,main,cosine,1,14,0.25,82,336,21.54044697806239,21.4,28,0,0,0.06611517441894632,22,20,21.40291397198816,21.333333333333332,3.0919041328552557,0.0003323526638776553,
20,main,cosine,1,14,0.25,83,336,27.341970523819327,30.55,30,0,0,0.03269800917061427,23,22,30.544863444788536,2.56,2.560400062509767,0.028122191848367062,
20,main,cosine,1,14,0.25,84,336,23.539664471521974,23.7,24,0,0,0.0037702584017809126,24,24,23.69706974553372,36.57142857142857,37.236363636363635,0.0003392387638593286,
20,main,cosine,1,14,0.25,85,336,23.20690019801259,23.05,25,0,0,0.005909681988815918,25,25,23.03952725497073,23.272727272727273,23.043600562587905,0.00007753777181285226,
20,main,cosine,1,14,0.25,86,336,24.22690149396658,24,24,0,0,0.01353784492431287,24,24,23.991416696648457,2.327272727272727,23.988286969253295,0.004027469338012679,
20,main,cosine,1,14,0.25,87,336,27.451868960633874,27.9,27,0,0,0.1564195977931404,27,22,27.906639391158187,28.444444444444443,27.911413969335605,0.002726905880103714,
20,main,cosine,1,14,0.25,88,336,26.57933189533651,26.65,26,0,0,0.07510539649006176,26,21,26.637160215593628,26.94736842105263,26.640650406504065,0.00008524162750245257,
20,main,cosine,1,14,0.25,89,336,25.871733766049147,26.05,32,0,0,0.2897900477388595,28,32,26.032824393918876,25.6,26.006349206349206,0.0003707886122314985,
20,main,cosine,1,14,0.25,90,336,23.211656119674444,23.4,29,0,0,0.013906165034963336,29,30,23.38922486978964,14.628571428571428,14.589492430988424,0.007538636021764411,
20,main,cosine,1,14,0.25,91,336,26.12805454619229,26,32,0,0,0.22182413264300682,26,21,26.0163847429464,2.8444444444444446,2.8479054406396664,0.0028432013740696815,
20,main,cosine,1,14,0.25,92,336,20.353366870433092,20.2,26,0,0,0.22035952716524942,20,29,20.192617343465088,64,65.27490039840637,0.0027074190801926745,
20,main,cosine,1,14,0.25,93,336,24.11988884024322,30.85,30,0,0,0.010968688241018598,30,30,30.838041128831257,9.846153846153847,9.828434313137372,0.15887966687010735,
20,main,cosine,1,14,0.25,94,336,21.304890843108296,20.95,21,1,1,0.00043810741749406024,21,21,20.96791309286231,21.333333333333332,20.978233034571062,0.00001300217638910972,
20,main,cosine,1,14,0.25,95,336,22.392861617729068,22.4,28,0,0,0.10735489984693158,22,22,22.388889799659005,22.26086956521739,22.382513661202186,0.000004463419700395654,
20,main,cosine,1,14,0.25,96,336,20.44527170434594,20.7,32,0,0,0.36332963356542913,18,28,20.6833073323394,2.522167487684729,2.313470770968653,0.008748974748583715,
20,main,cosine,1,14,0.25,97,336,26.034464232623577,25.9,26,0,0,0.007448618528357653,26,19,25.896875557742316,25.6,25.88309636650869,0.000005613062830089888,
20,main,cosine,1,14,0.25,98,336,27.634428830817342,18.2,26,0,0,0.10093531340753104,24,24,18.22317707328485,12.487804878048781,12.44984802431611,0.05869277077463042,
20,main,cosine,1,14,0.25,99,336,26.592897640541196,26.700000000000003,29,0,0,0.03979993110936575,29,27,26.69607137560591,5.019607843137255,5.0226854690374,0.00289355436068528,
20,main,cosine,1,14,0.25,100,336,20.83364711329341,18.3,28,0,0,0.48997974562570645,25,21,18.278680781002492,2.115702479338843,2.1187120134488557,0.09317786265295958,
20,main,cosine,1,14,0.25,101,336,26.465636691078544,26.450000000000003,26,0,0,0.1098191222735665,19,26,26.437433864798987,2.1880341880341883,26.425806451612903,0.001175378094743884,
20,main,cosine,1,14,0.25,102,336,24.510713128373027,24.15,24,0,0,0.007164981030152617,24,24,24.173898746393615,24.38095238095238,24.20088626292467,0.00020487822925141508,
20,main,cosine,1,14,0.25,103,336,26.46968526393175,32,31,0,0,0.039643948645952554,31,29,32,6.168674698795181,6.187311178247734,0.08472670782153024,
20,main,cosine,1,14,0.25,104,336,24.363546332344413,24.35,25,0,0,0.01887226640168438,25,30,24.363278215694805,24.38095238095238,24.344725111441306,0.000030613057178441316,
20,main,cosine,1,14,0.25,105,336,26.557936429977417,18.95,31,0,0,0.12831445748908266,19,19,18.96182022023462,8.982456140350877,8.977534246575342,0.09719959370682596,
20,main,cosine,1,14,0.25,106,336,27.3016413487494,28,31,0,0,0.04095133641780779,29,31,27.999986122910034,3.240506329113924,3.232195699348984,0.008021597603379282,
20,main,cosine,1,14,0.25,107,336,20.441746266558766,20.6,32,0,0,0.019779309430398073,24,24,20.575511525533038,8,7.9921951219512195,0.00016365831300235723,
20,main,cosine,1,14,0.25,108,336,20.31840092688799,18.8,25,0,0,0.030660739731138364,25,25,18.782501732266372,34.13333333333333,33.436734693877554,0.009137405510163177,
20,main,cosine,1,14,0.25,109,336,27.15457844734192,27.3,31,0,0,0.08034425632567421,31,32,27.307612292883757,2.1512605042016806,4.429305217626386,0.014817010775260542,
20,main,cosine,1,14,0.25,110,336,26.430992932990193,26.6,27,0,0,0.04485567005895308,27,27,26.59635031711902,26.94736842105263,26.5974025974026,0.00009122153402896238,
20,main,cosine,1,14,0.25,111,336,23.414752641692758,23,32,0,0,0.05507102990757917,32,31,23.015089156359817,6.4,48.33038348082596,0.0052239881488505,
20,main,cosine,1,14,0.25,112,336,25.04461389966309,25,25,0,0,0.007294789975559102,25,25,24.99435371896202,25.6,24.975609756097562,6.268583742086165e-7,
20,main,cosine,1,14,0.25,113,336,22.45443095266819,22.2,30,0,0,0.15707877982733187,23,26,22.177866889348735,22.26086956521739,22.170500676589988,0.002677038736085713,
20,main,cosine,1,14,0.25,114,336,21.140849232673645,29.950000000000003,32,0,0,0.010710072806755289,32,32,29.95206177073948,30.11764705882353,29.952468007312614,0.0002886382481346317,
20,main,cosine,1,14,0.25,115,336,24.063320741057396,23.3,32,0,0,0.2609537901378962,26,18,23.310102170318704,2.6122448979591835,2.610996015936255,0.17622284553058443,
20,main,cosine,1,14,0.25,116,336,23.83296480588615,24.1,24,0,0,0.025862192076064106,24,24,24.091517802854103,7.111111111111111,7.120382442416341,0.0046178954110780435,
20,main,cosine,1,14,0.25,117,336,24.88441912457347,21.5,31,0,0,0.10811093177519937,31,19,21.520568947644147,2.0728744939271255,2.0710403236000507,0.024451148346985696,
20,main,cosine,1,14,0.25,118,336,24.42940610088408,25.1,26,0,0,0.006254747132636296,25,26,25.111874876178184,25.6,25.12883435582822,0.00018958148948833298,
20,main,cosine,1,14,0.25,119,336,27.27792959101498,27.35,26,0,0,0.04695448482329545,26,25,27.36715194907793,26.94736842105263,27.352253756260435,0.00017357765824321802,
20,main,cosine,1,14,0.25,120,336,27.114681016653776,27.3,27,0,0,0.08437901568146133,26,26,27.316994613104097,26.94736842105263,27.30666666666667,0.002484991160332406,
20,main,cosine,1,14,0.25,121,336,20.384593185037374,20.45,25,0,0,0.046829118285375504,25,22,20.46308975655391,20.48,20.454431960049938,0.00010444093343031646,
20,main,cosine,1,14,0.25,122,336,24.72597191296518,24.15,24,1,1,0.0028382149525424394,24,22,24.14239145788882,24.38095238095238,24.12960235640648,0.0063504860773933025,
20,main,cosine,1,14,0.25,123,336,23.92099904641509,23.1,22,0,0,0.005296048783035023,22,25,23.11032709281389,2.449760765550239,2.449394528330094,0.02895088497271292,
20,main,cosine,1,14,0.25,124,336,25.794503452256322,26.1,26,0,0,0.005158964957828971,26,26,26.10677057958725,25.6,26.089171974522294,0.00003121168824138376,
20,main,cosine,1,14,0.25,125,336,25.555115181952715,25.85,26,1,1,0.0020199662863473744,26,26,25.842928371599683,25.6,25.842271293375394,0.000061320423942135,
20,main,cosine,1,14,0.25,126,336,20.60516774468124,20.45,31,0,0,0.12757276151397245,31,29,20.47176994117392,20.48,20.48,0.004546166660305273,
20,main,cosine,1,14,0.25,127,336,22.438127938658,22.25,22,0,0,0.005298465613431835,22,22,22.258651144668676,22.26086956521739,22.26086956521739,0.0000300150977682323,
20,main,cosine,1,14,0.25,128,336,27.129005121067166,27.450000000000003,27,1,1,0.0015109375837866201,27,27,27.455216774398018,26.94736842105263,27.44388609715243,0.000013650029802803054,
20,main,cosine,1,14,0.25,129,336,22.135760171338916,21.6,29,0,0,0.007234286204425899,29,29,21.580357008292225,17.066666666666666,17.228180862250262,0.0369839023567321,
20,main,cosine,1,14,0.25,130,336,27.934772450476885,27.3,32,0,0,0.0663452761098563,32,28,27.30798557655262,6.2439024390243905,6.251049217855781,0.020114559951638133,
20,main,cosine,1,14,0.25,131,336,22.600642269477248,22.95,24,0,0,0.00453502049357879,24,24,22.936970708985978,23.272727272727273,22.946778711484594,0.0005431812201746045,
20,main,cosine,1,14,0.25,132,336,27.03937539830804,27.15,27,0,0,0.007670693529271078,27,27,27.159306498736704,26.94736842105263,27.170812603648425,0.000005808102451099195,
20,main,cosine,1,14,0.25,133,336,26.458586651831865,26.5,27,1,1,0.0013043905872663908,27,26,26.514061143298704,26.94736842105263,26.511326860841425,0.00016136060634774907,
20,main,cosine,1,14,0.25,134,336,27.246869640424848,26.450000000000003,32,0,0,0.2728809953534248,29,32,26.464243801909397,11.636363636363637,11.570621468926554,0.026010131234337486,
20,main,cosine,1,14,0.25,135,336,27.29290920868516,27.6,28,0,0,0.021499614168226544,28,28,27.584227005096192,3.878787878787879,4.291251964379256,0.007915948872057155,
20,main,cosine,1,14,0.25,136,336,21.359478203579783,21.4,27,0,0,0.010158841366038396,27,27,21.42144985516215,21.333333333333332,21.416993464052286,0.0002779557391789922,
20,main,cosine,1,14,0.25,137,336,24.348382538184524,24.45,25,1,1,0.000640658750431955,25,25,24.450230359575066,24.38095238095238,24.453731343283582,1.077977140884201e-7,
20,main,cosine,1,14,0.25,138,336,24.6007344648242,24.45,28,0,0,0.0831615426553538,24,22,24.443940964300204,24.38095238095238,7.353680430879713,0.0003941305105722437,
20,main,cosine,1,14,0.25,139,336,26.594166235998273,26.6,30,0,0,0.011713111353934602,30,27,26.58506533202844,26.94736842105263,26.554294975688816,0.00014769018136706613,
20,main,cosine,1,14,0.25,140,336,20.53498913347721,28.05,28,0,0,0.04500449346479385,28,28,28.03712476486844,20.48,28.006837606837607,0.0002180477187712082,
20,main,cosine,1,14,0.25,141,336,25.37161804176867,24.8,31,0,0,0.2359768856263229,26,23,24.822499629307924,11.636363636363637,7.827998088867654,0.06121001084348232,
20,main,cosine,1,14,0.25,142,336,20.21077130921185,20.2,25,0,0,0.020088246997275627,25,30,20.196702914932036,2.2755555555555556,2.275239550062491,0.002383279974448538,
20,main,cosine,1,14,0.25,143,336,22.307125728577375,21.95,28,0,0,0.024260008992293636,20,24,21.974240694935173,22.26086956521739,2.000244170430961,0.017768892415609194,
20,main,cosine,1,14,0.25,144,336,20.368240686133504,20.8,32,0,0,0.13812756932115755,22,21,20.790783441158155,20.48,20.79187817258883,0.003664297909180214,
20,main,cosine,1,14,0.25,145,336,20.119994435459375,19.75,31,0,0,0.05955395962153376,31,31,19.762321056359998,13.473684210526315,13.473684210526315,0.028248140127837384,
20,main,cosine,1,14,0.25,146,336,21.816798832267523,21.85,29,0,0,0.0585065727377454,22,30,21.84887406875291,22.26086956521739,21.845333333333333,0.00004324663326205069,
20,main,cosine,1,14,0.25,147,336,27.751483278349042,27.65,27,1,1,0.00011342848563600239,27,27,27.659990871071656,26.94736842105263,27.62900505902192,6.04798082837199e-7,
20,main,cosine,1,14,0.25,148,336,26.682772090658545,26.8,26,1,1,0.00031521544835866333,26,27,26.81349003915353,26.94736842105263,26.81505728314239,1.4648245727499898e-7,
20,main,cosine,1,14,0.25,149,336,23.122790951281786,23.3,32,0,0,0.041560083070216414,32,32,23.318774543024745,23.272727272727273,23.305832147937412,0.0008485039129434435,
20,main,cosine,1,14,0.25,150,336,22.56103757582605,22.45,25,0,0,0.03944678535706159,22,22,22.44625509210607,22.26086956521739,22.474622770919066,0.0000108166658990827,
20,main,cosine,1,14,0.25,151,336,27.887348923832178,27.55,24,0,0,0.0102452204510467,24,30,27.528226803343887,26.94736842105263,27.536134453781514,0.00044078986836959544,
20,main,cosine,1,14,0.25,152,336,26.65894810669124,26.75,28,0,0,0.06671196590883866,28,28,26.733899203995318,4.923076923076923,4.912743628185907,0.015067719467168894,
20,main,cosine,1,14,0.25,153,336,23.40108634158969,23.35,26,1,1,0.00334211665199613,26,26,23.35921052435252,23.272727272727273,23.372325249643367,0.002183748224786952,
20,main,cosine,1,14,0.25,154,336,27.560395101085305,27.4,26,0,0,0.03660603174790256,26,22,27.378839462820675,26.94736842105263,27.39799331103679,0.00026902501866488127,
20,main,cosine,1,14,0.25,155,336,24.034056616947055,23.95,24,0,0,0.003671138268277141,24,24,23.964093341603267,24.38095238095238,23.988286969253295,0.0010263639437456673,
20,main,cosine,1,14,0.25,156,336,21.725645162165165,21.9,30,0,0,0.006286480204609868,30,30,21.899075987093628,6.095238095238095,6.090706319702602,0.015945980489016298,
20,main,cosine,1,14,0.25,157,336,26.49950598552823,26.1,32,0,0,0.1355372289644664,25,32,26.089002309874598,25.6,26.089171974522294,0.00033759289264601033,
20,main,cosine,1,14,0.25,158,336,25.14448186941445,25.1,32,0,0,0.1561039363783595,32,26,25.095303855274185,10.666666666666666,10.645873944119558,0.0165366538177103,
20,main,cosine,1,14,0.25,159,336,20.720698667690158,20.8,31,0,1,0.0643310297472468,19,19,20.80762300647847,2.3813953488372093,2.378284221222238,0.004876489855271671,
20,main,cosine,1,14,0.25,160,336,23.824210986495018,24.6,26,0,0,0.053497045482539196,26,32,24.601896738493018,3.764705882352941,3.7690361168622037,0.19050267157723422,
20,main,cosine,1,14,0.25,161,336,23.99335366114974,24.15,22,0,0,0.0067326300203518485,22,24,24.168467300652644,24.38095238095238,24.16519174041298,0.000263475485158815,
20,main,cosine,1,14,0.25,162,336,25.02230540290475,25.05,25,0,0,0.06928218983436218,25,25,25.050379030241828,8.827586206896552,8.78969957081545,0.0002118870154115271,
20,main,cosine,1,14,0.25,163,336,22.26897683367133,22.1,22,0,0,0.016378341125469542,22,22,22.09106958190357,85.33333333333333,91.53072625698324,0.009123479881108731,
20,main,cosine,1,14,0.25,164,336,20.654430778697133,20.65,23,0,0,0.1473066083889658,23,19,20.655723175434616,16.516129032258064,16.684317718940935,0.002891819643018656,
20,main,cosine,1,14,0.25,165,336,26.191370913758874,22.3,27,0,0,0.05374776921599178,27,32,22.315672801028118,2.497560975609756,6.781456953642384,0.43272201435991375,
20,main,cosine,1,14,0.25,166,336,27.40305513702333,27.35,29,0,0,0.11510982901911371,29,19,27.351963346158435,2.265486725663717,2.263921514439685,0.009076890253298942,
20,main,cosine,1,14,0.25,167,336,25.238478019833565,25.3,26,1,1,0.0017234894370486975,26,26,25.313155715357798,3.710144927536232,4.3240960675640014,0.00966747934758172,
20,main,cosine,1,14,0.25,168,336,27.43501314148307,27.65,28,0,0,0.014200060224619282,28,28,27.645513355681814,28.444444444444443,27.675675675675677,0.00011798666372464517,
20,main,cosine,1,14,0.25,169,336,22.786990500986576,22.7,23,1,1,0.0027032002725707605,23,23,22.676037303559497,22.26086956521739,22.661134163208853,0.0001629535291892692,
20,main,cosine,1,14,0.25,170,336,22.444775162264705,22.25,24,0,0,0.053965467620095575,24,22,22.257724740762573,22.26086956521739,22.26086956521739,0.00044899507941142947,
20,main,cosine,1,14,0.25,171,336,25.898352628573775,25.9,31,0,0,0.14436228536712314,22,29,25.912917093917457,25.6,25.88309636650869,0.0003406276744037928,
20,main,cosine,1,14,0.25,172,336,26.500902116298676,27.75,31,0,0,0.07113399037139334,31,31,27.768094035229154,2.064516129032258,2.0626967140878762,0.20750527679539166,
20,main,cosine,1,14,0.25,173,336,26.97541186399758,31.85,32,0,0,0.01942619943448065,32,32,31.840331465714733,2.1333333333333333,2.1366718831507563,0.4107479189397847,
20,main,cosine,1,14,0.25,174,336,20.288923239335418,19.75,31,0,0,0.24217624374108038,21,21,19.739445248314283,19.692307692307693,19.73975903614458,0.0700512957187861,
20,main,cosine,1,14,0.25,175,336,26.29282047227025,21.5,31,0,0,0.4566820506708338,22,24,21.476785989781956,21.333333333333332,21.47313237221494,0.04654772613851377,
20,main,cosine,1,14,0.25,176,336,22.074713855981827,22.15,22,1,1,0.0024041889006297668,22,22,22.157546733981604,22.26086956521739,22.14054054054054,0.0000037208575269787048,
20,main,cosine,1,14,0.25,177,336,24.414840918034315,24.2,24,0,0,0.007818191335304814,24,24,24.185310589928275,24.38095238095238,24.16519174041298,0.000764365847937154,
20,main,cosine,1,14,0.25,178,336,23.861564932391047,32,29,0,0,0.11454129733018525,29,21,32,7.420289855072464,7.410221619176843,0.19074063589571888,
20,main,cosine,1,14,0.25,179,336,21.27913978137076,21.35,32,0,0,0.052071286918509596,29,30,21.34952214784738,21.333333333333332,21.36114732724902,0.004845452594316346,
20,main,cosine,1,14,0.25,180,336,21.99911286495626,21.95,22,1,1,0.0006880270981075576,22,22,21.973709772151288,22.26086956521739,21.962466487935657,5.1994553218470685e-8,
20,main,cosine,1,14,0.25,181,336,25.22668645530939,24.5,30,0,0,0.15921670948392663,25,27,24.5160553524758,5.626373626373627,2.2695664219420975,0.11256007156660841,
20,main,cosine,1,14,0.25,182,336,25.357586052268744,25.45,32,0,0,0.2293877044083762,25,25,25.443325423640673,25.6,25.440993788819874,0.0007021651303462662,
20,main,cosine,1,14,0.25,183,336,26.361955977976322,26.700000000000003,27,0,0,0.010526207326289061,27,32,26.721427790475023,5.389473684210526,5.3770922218575645,0.04406992782990948,
20,main,cosine,1,14,0.25,184,336,26.98000512085855,26.65,26,1,1,0.0029995035112153623,26,26,26.657322073762156,26.94736842105263,26.640650406504065,0.000050251134071199743,
20,main,cosine,1,14,0.25,185,336,21.75208074785769,23.15,26,0,0,0.22071392261720169,18,25,23.1455576254345,2.1974248927038627,2.1938939475093733,0.23161693662371508,
20,main,cosine,1,14,0.25,186,336,27.592283822596073,28.15,32,0,0,0.12434899291902568,32,32,28.16518824195995,28.444444444444443,2.2901873077998323,0.010632381774735356,
20,main,cosine,1,14,0.25,187,336,27.322290973737836,27.1,30,0,0,0.04117561927693947,30,27,27.101678334876443,26.94736842105263,27.08099173553719,0.0035454213624268593,
20,main,cosine,1,14,0.25,188,336,27.19806973449886,27.4,28,1,1,0.0006787320792223106,28,28,27.404177158466506,4.697247706422019,4.68649885583524,0.003723526417465872,
20,main,cosine,1,14,0.25,189,336,23.962493162602186,24.05,27,0,0,0.13775070958693392,23,25,24.042178503555164,24.38095238095238,24.023460410557185,0.0011043118154471232,
20,main,cosine,1,14,0.25,190,336,20.4115235414356,20.4,32,0,0,0.3747792536375125,27,18,20.382233949445943,2.7379679144385025,2.741174502258658,0.0014579071014538814,
20,main,cosine,1,14,0.25,191,336,23.126682557165623,18,26,0,0,0.23169731442598307,26,29,18,2.8131868131868134,3.930902111324376,0.2403879725654604,
20,main,cosine,1,14,0.25,192,336,26.052989156916738,26.1,31,0,0,0.08356757174773222,31,25,26.10528461653611,3.0476190476190474,3.0419606386929074,0.010755097376123124,
20,main,cosine,1,14,0.25,193,336,20.914747964590788,20.7,27,0,0,0.03934288902428107,27,27,20.689421065257743,2.942528735632184,2.948884089272858,0.028337017741808745,
20,main,cosine,1,14,0.25,194,336,23.03269229270518,23.3,28,0,0,0.19352039956893807,23,23,23.28327447534388,23.272727272727273,23.305832147937412,0.002087157868752576,
20,main,cosine,1,14,0.25,195,336,22.26347924210131,22.75,26,0,0,0.025275666424916854,26,26,22.759730514709677,2.0728744939271255,22.755555555555556,0.010616081279114176,
20,main,cosine,1,14,0.25,196,336,27.668607130646706,28,29,0,0,0.0685802451792028,29,23,27.998320626180305,2.039840637450199,2.0388252862120457,0.00014660519947695683,
20,main,cosine,1,14,0.25,197,336,24.50785597972572,24.4,27,0,0,0.08977965329897675,27,24,24.39685715089095,2.098360655737705,2.1005128205128205,0.027575681994338574,
20,main,cosine,1,14,0.25,198,336,22.38144792802632,23.2,31,0,0,0.42713714062768626,23,23,23.194124271066936,4.19672131147541,4.201025641025641,0.24671743362883614,
20,main,cosine,1,14,0.25,199,336,20.118220426142216,19.85,32,0,0,0.15132263460423745,20,26,19.84408612004649,19.692307692307693,19.83535108958838,0.0014318015882578417,
26,robust,circatidal,0.25,7,1,0,672,12.42,12.35,12.25,1,1,0,12.25,12.25,12.367753944356041,12.19047619047619,12.365283018867924,0,
26,robust,circatidal,0.25,7,1,1,672,12.42,12.4,12.5,1,1,0,12.5,12.25,12.397185904430383,12.19047619047619,12.393343419062028,0,
26,robust,circatidal,0.25,7,1,2,672,12.42,12.45,12.5,1,1,0,12.5,12.5,12.437644646304998,12.19047619047619,12.44984802431611,0,
26,robust,circatidal,0.25,7,1,3,672,12.42,12.4,12.5,1,1,0,12.25,12.5,12.392459539386595,12.19047619047619,12.393343419062028,0,
26,robust,circatidal,0.25,7,1,4,672,12.42,12.45,12.5,1,1,0,12.5,12.5,12.439520996718915,12.19047619047619,12.44039483675019,0,
26,robust,circatidal,0.25,7,1,5,672,12.42,12.45,12.5,1,1,0,12.5,12.5,12.452235699169371,12.19047619047619,12.459315589353611,0,
26,robust,circatidal,0.25,7,1,6,672,12.42,12.4,12.5,1,1,0,12.5,12.5,12.42269058700227,12.19047619047619,12.430955993930198,0,
26,robust,circatidal,0.25,7,1,7,672,12.42,12.4,12.5,1,1,0,12.5,12.5,12.414918050903271,12.19047619047619,12.412121212121212,0,
26,robust,circatidal,0.25,7,1,8,672,12.42,12.4,12.5,1,1,0,12.5,12.25,12.39969796442808,12.19047619047619,12.393343419062028,0,
26,robust,circatidal,0.25,7,1,9,672,12.42,12.35,12.25,1,1,0,12.25,12.25,12.366111847652109,12.19047619047619,12.365283018867924,0,
26,robust,circatidal,0.25,7,1,10,672,12.42,12.4,12.5,1,1,0,12.5,12.5,12.38439068466672,12.19047619047619,12.374622356495468,0,
26,robust,circatidal,0.25,7,1,11,672,12.42,12.4,12.5,1,1,0,12.5,12.5,12.410918817818164,12.19047619047619,12.402725208175625,0,
26,robust,circatidal,0.25,7,1,12,672,12.42,12.4,12.5,1,1,0,12.5,12.5,12.397336414649994,12.19047619047619,12.402725208175625,0,
26,robust,circatidal,0.25,7,1,13,672,12.42,12.4,12.5,1,1,0,12.5,12.5,12.386603143047854,12.19047619047619,12.393343419062028,0,
26,robust,circatidal,0.25,7,1,14,672,12.42,12.4,12.5,1,1,0,12.5,12.5,12.410674801823795,12.19047619047619,12.42153146322972,0,
26,robust,circatidal,0.25,7,1,15,672,12.42,12.4,12.5,1,1,0,12.5,12.25,12.38739629737383,12.19047619047619,12.374622356495468,0,
26,robust,circatidal,0.25,7,1,16,672,12.42,12.45,12.5,1,1,0,12.5,12.5,12.442666226551163,12.19047619047619,12.430955993930198,0,
26,robust,circatidal,0.25,7,1,17,672,12.42,12.45,12.5,1,1,0,12.5,12.5,12.438131131412444,12.19047619047619,12.44039483675019,0,
26,robust,circatidal,0.25,7,1,18,672,12.42,12.4,12.5,1,1,0,12.5,12.5,12.385722720677563,12.19047619047619,12.393343419062028,0,
26,robust,circatidal,0.25,7,1,19,672,12.42,12.35,12.25,1,1,0,12.25,12.25,12.368492929055266,12.19047619047619,12.374622356495468,0,
26,robust,circatidal,0.25,7,1,20,672,12.42,12.45,12.5,1,1,0,12.5,12.5,12.458229876139539,12.19047619047619,12.44984802431611,0,
26,robust,circatidal,0.25,7,1,21,672,12.42,12.45,12.5,1,1,0,12.5,12.5,12.438919257818073,12.19047619047619,12.430955993930198,0,
26,robust,circatidal,0.25,7,1,22,672,12.42,12.4,12.5,1,1,0,12.5,12.5,12.40857758881819,12.19047619047619,12.402725208175625,0,
26,robust,circatidal,0.25,7,1,23,672,12.42,12.4,12.5,1,1,0,12.5,12.5,12.421409157547878,12.19047619047619,12.42153146322972,0,
26,robust,circatidal,0.25,7,1,24,672,12.42,12.4,12.5,1,1,0,12.25,12.5,12.377048761171872,12.19047619047619,12.374622356495468,0,
26,robust,circatidal,0.25,7,1,25,672,12.42,12.45,12.5,1,1,0,12.5,12.5,12.456097111533415,12.19047619047619,12.44984802431611,0,
26,robust,circatidal,0.25,7,1,26,672,12.42,12.4,12.5,1,1,0,12.5,12.5,12.424091682844951,12.19047619047619,12.42153146322972,0,
26,robust,circatidal,0.25,7,1,27,672,12.42,12.4,12.5,1,1,0,12.5,12.5,12.419050162403302,12.19047619047619,12.42153146322972,0,
26,robust,circatidal,0.25,7,1,28,672,12.42,12.45,12.5,1,1,0,12.5,12.5,12.434625266713397,12.19047619047619,12.430955993930198,0,
26,robust,circatidal,0.25,7,1,29,672,12.42,12.45,12.5,1,1,0,12.5,12.5,12.447260975201468,12.19047619047619,12.459315589353611,0,
26,robust,circatidal,0.25,7,1,30,672,12.42,12.4,12.25,1,1,0,12.25,12.5,12.38339997363909,12.19047619047619,12.393343419062028,0,
26,robust,circatidal,0.25,7,1,31,672,12.42,12.4,12.5,1,1,0,12.5,12.5,12.405737329344284,12.19047619047619,12.412121212121212,0,
26,robust,circatidal,0.25,7,1,32,672,12.42,12.45,12.5,1,1,0,12.5,12.5,12.437588470821423,12.19047619047619,12.44039483675019,0,
26,robust,circatidal,0.25,7,1,33,672,12.42,12.4,12.5,1,1,0,12.5,12.25,12.411060961097302,12.19047619047619,12.402725208175625,0,
26,robust,circatidal,0.25,7,1,34,672,12.42,12.45,12.5,1,1,0,12.5,12.5,12.430523422745376,12.19047619047619,12.44039483675019,0,
26,robust,circatidal,0.25,7,1,35,672,12.42,12.4,12.5,1,1,0,12.5,12.5,12.398908665650701,12.19047619047619,12.402725208175625,0,
26,robust,circatidal,0.25,7,1,36,672,12.42,12.4,12.5,1,1,0,12.5,12.5,12.41557722265455,12.19047619047619,12.412121212121212,0,
26,robust,circatidal,0.25,7,1,37,672,12.42,12.45,12.5,1,1,0,12.5,12.5,12.447794716515324,12.19047619047619,12.44039483675019,0,
26,robust,circatidal,0.25,7,1,38,672,12.42,12.4,12.25,1,1,0,12.25,12.5,12.387458147107576,12.19047619047619,12.393343419062028,0,
26,robust,circatidal,0.25,7,1,39,672,12.42,12.4,12.5,1,1,0,12.5,12.5,12.412339533580473,12.19047619047619,12.402725208175625,0,
26,robust,circatidal,0.25,7,1,40,672,12.42,12.35,12.25,1,1,0,12.25,12.25,12.327051937154625,12.19047619047619,12.328066215199398,0,
26,robust,circatidal,0.25,7,1,41,672,12.42,12.45,12.5,1,1,0,12.5,12.5,12.427563155155271,12.19047619047619,12.42153146322972,0,
26,robust,circatidal,0.25,7,1,42,672,12.42,12.45,12.25,1,1,0,12.25,12.5,12.43639167691569,12.19047619047619,12.430955993930198,0,
26,robust,circatidal,0.25,7,1,43,672,12.42,12.4,12.5,1,1,0,12.5,12.5,12.412956330341949,12.19047619047619,12.42153146322972,0,
26,robust,circatidal,0.25,7,1,44,672,12.42,12.45,12.5,1,1,0,12.5,12.5,12.430777732493993,12.19047619047619,12.430955993930198,0,
26,robust,circatidal,0.25,7,1,45,672,12.42,12.4,12.5,1,1,0,12.5,12.5,12.422028377916396,12.19047619047619,12.430955993930198,0,
26,robust,circatidal,0.25,7,1,46,672,12.42,12.4,12.5,1,1,0,12.5,12.5,12.399440336688505,12.19047619047619,12.393343419062028,0,
26,robust,circatidal,0.25,7,1,47,672,12.42,12.4,12.5,1,1,0,12.5,12.5,12.424227554156188,12.19047619047619,12.42153146322972,0,
26,robust,circatidal,0.25,7,1,48,672,12.42,12.4,12.5,1,1,0,12.5,12.5,12.4010671826594,12.19047619047619,12.412121212121212,0,
26,robust,circatidal,0.25,7,1,49,672,12.42,12.45,12.5,1,1,0,12.5,12.5,12.42582075455405,12.19047619047619,12.430955993930198,0,
26,robust,circatidal,0.25,7,1,50,672,12.42,12.45,12.5,1,1,0,12.5,12.5,12.453696812076702,12.19047619047619,12.459315589353611,0,
26,robust,circatidal,0.25,7,1,51,672,12.42,12.4,12.25,1,1,0,12.25,12.25,12.380724899197256,12.19047619047619,12.383975812547241,0,
26,robust,circatidal,0.25,7,1,52,672,12.42,12.4,12.5,1,1,0,12.5,12.5,12.413363375463396,12.19047619047619,12.42153146322972,0,
26,robust,circatidal,0.25,7,1,53,672,12.42,12.35,12.25,1,1,0,12.25,12.25,12.35556676428183,12.19047619047619,12.365283018867924,0,
26,robust,circatidal,0.25,7,1,54,672,12.42,12.45,12.5,1,1,0,12.5,12.5,12.435630955101358,12.19047619047619,12.430955993930198,0,
26,robust,circatidal,0.25,7,1,55,672,12.42,12.45,12.5,1,1,0,12.5,12.5,12.47183062858609,12.19047619047619,12.478293983244479,0,
26,robust,circatidal,0.25,7,1,56,672,12.42,12.4,12.5,1,1,0,12.5,12.5,12.398775964293032,12.19047619047619,12.402725208175625,0,
26,robust,circatidal,0.25,7,1,57,672,12.42,12.45,12.5,1,1,0,12.5,12.5,12.470734523659548,12.19047619047619,12.468797564687975,0,
26,robust,circatidal,0.25,7,1,58,672,12.42,12.4,12.5,1,1,0,12.5,12.5,12.395406531785685,12.19047619047619,12.402725208175625,0,
26,robust,circatidal,0.25,7,1,59,672,12.42,12.45,12.5,1,1,0,12.5,12.5,12.45181809842858,12.19047619047619,12.44984802431611,0,
26,robust,circatidal,0.25,7,1,60,672,12.42,12.45,12.5,1,1,0,12.5,12.5,12.445285475265358,12.19047619047619,12.44984802431611,0,
26,robust,circatidal,0.25,7,1,61,672,12.42,12.45,12.5,1,1,0,12.5,12.5,12.450085454775955,12.19047619047619,12.44984802431611,0,
26,robust,circatidal,0.25,7,1,62,672,12.42,12.45,12.5,1,1,0,12.5,12.5,12.453881173211661,12.19047619047619,12.44984802431611,0,
26,robust,circatidal,0.25,7,1,63,672,12.42,12.35,12.5,1,1,0,12.5,12.5,12.373675111838876,12.19047619047619,12.383975812547241,0,
26,robust,circatidal,0.25,7,1,64,672,12.42,12.4,12.5,1,1,0,12.5,12.5,12.40847396738414,12.19047619047619,12.402725208175625,0,
26,robust,circatidal,0.25,7,1,65,672,12.42,12.45,12.5,1,1,0,12.5,12.5,12.439821132523251,12.19047619047619,12.44039483675019,0,
26,robust,circatidal,0.25,7,1,66,672,12.42,12.45,12.5,1,1,0,12.5,12.5,12.44560047018926,12.19047619047619,12.44984802431611,0,
26,robust,circatidal,0.25,7,1,67,672,12.42,12.4,12.25,1,1,0,12.25,12.5,12.404450323437473,12.19047619047619,12.402725208175625,0,
26,robust,circatidal,0.25,7,1,68,672,12.42,12.4,12.5,1,1,0,12.5,12.5,12.400721155777294,12.19047619047619,12.412121212121212,0,
26,robust,circatidal,0.25,7,1,69,672,12.42,12.4,12.5,1,1,0,12.5,12.5,12.411882848329387,12.19047619047619,12.42153146322972,0,
26,robust,circatidal,0.25,7,1,70,672,12.42,12.45,12.5,1,1,0,12.5,12.5,12.428791436530949,12.19047619047619,12.42153146322972,0,
26,robust,circatidal,0.25,7,1,71,672,12.42,12.45,12.5,1,1,0,12.5,12.5,12.45164798173072,12.19047619047619,12.44039483675019,0,
26,robust,circatidal,0.25,7,1,72,672,12.42,12.4,12.5,1,1,0,12.5,12.5,12.407535449269556,12.19047619047619,12.412121212121212,0,
26,robust,circatidal,0.25,7,1,73,672,12.42,12.4,12.5,1,1,0,12.5,12.5,12.41181479635004,12.19047619047619,12.412121212121212,0,
26,robust,circatidal,0.25,7,1,74,672,12.42,12.45,12.5,1,1,0,12.5,12.5,12.443695852985616,12.19047619047619,12.44039483675019,0,
26,robust,circatidal,0.25,7,1,75,672,12.42,12.4,12.5,1,1,0,12.5,12.5,12.390262526047746,12.19047619047619,12.383975812547241,0,
26,robust,circatidal,0.25,7,1,76,672,12.42,12.4,12.5,1,1,0,12.5,12.25,12.400308574904527,12.19047619047619,12.393343419062028,0,
26,robust,circatidal,0.25,7,1,77,672,12.42,12.45,12.5,1,1,0,12.5,12.5,12.4299854251991,12.19047619047619,12.430955993930198,0,
26,robust,circatidal,0.25,7,1,78,672,12.42,12.4,12.25,1,1,0,12.25,12.25,12.379010323371938,12.19047619047619,12.374622356495468,0,
26,robust,circatidal,0.25,7,1,79,672,12.42,12.4,12.25,1,1,0,12.25,12.25,12.395372972853075,12.19047619047619,12.393343419062028,0,
26,robust,circatidal,0.25,7,1,80,672,12.42,12.4,12.5,1,1,0,12.5,12.5,12.408405305501152,12.19047619047619,12.402725208175625,0,
26,robust,circatidal,0.25,7,1,81,672,12.42,12.4,12.5,1,1,0,12.25,12.25,12.377969687702121,12.19047619047619,12.383975812547241,0,
26,robust,circatidal,0.25,7,1,82,672,12.42,12.4,12.5,1,1,0,12.5,12.5,12.39291374829337,12.19047619047619,12.402725208175625,0,
26,robust,circatidal,0.25,7,1,83,672,12.42,12.45,12.5,1,1,0,12.5,12.5,12.458488033084345,12.19047619047619,12.459315589353611,0,
26,robust,circatidal,0.25,7,1,84,672,12.42,12.45,12.5,1,1,0,12.5,12.5,12.44841640712006,12.19047619047619,12.44039483675019,0,
26,robust,circatidal,0.25,7,1,85,672,12.42,12.4,12.5,1,1,0,12.5,12.5,12.407210580525984,12.19047619047619,12.412121212121212,0,
26,robust,circatidal,0.25,7,1,86,672,12.42,12.45,12.5,1,1,0,12.5,12.5,12.426095003590616,12.19047619047619,12.42153146322972,0,
26,robust,circatidal,0.25,7,1,87,672,12.42,12.35,12.25,1,1,0,12.25,12.25,12.369901523635917,12.19047619047619,12.365283018867924,0,
26,robust,circatidal,0.25,7,1,88,672,12.42,12.4,12.25,1,1,0,12.25,12.25,12.41381631925589,12.19047619047619,12.412121212121212,0,
26,robust,circatidal,0.25,7,1,89,672,12.42,12.4,12.5,1,1,0,12.5,12.5,12.404068117671596,12.19047619047619,12.412121212121212,0,
26,robust,circatidal,0.25,7,1,90,672,12.42,12.4,12.5,1,1,0,12.5,12.25,12.415798506282439,12.19047619047619,12.412121212121212,0,
26,robust,circatidal,0.25,7,1,91,672,12.42,12.4,12.5,1,1,0,12.5,12.5,12.395223049454104,12.19047619047619,12.402725208175625,0,
26,robust,circatidal,0.25,7,1,92,672,12.42,12.4,12.5,1,1,0,12.5,12.5,12.417649946553592,12.19047619047619,12.42153146322972,0,
26,robust,circatidal,0.25,7,1,93,672,12.42,12.4,12.5,1,1,0,12.5,12.5,12.422034603407065,12.19047619047619,12.412121212121212,0,
26,robust,circatidal,0.25,7,1,94,672,12.42,12.4,12.5,1,1,0,12.5,12.5,12.416394412992714,12.19047619047619,12.42153146322972,0,
26,robust,circatidal,0.25,7,1,95,672,12.42,12.45,12.5,1,1,0,12.5,12.5,12.453538321364828,12.19047619047619,12.44039483675019,0,
26,robust,circatidal,0.25,7,1,96,672,12.42,12.45,12.5,1,1,0,12.5,12.5,12.444483899153704,12.19047619047619,12.44984802431611,0,
26,robust,circatidal,0.25,7,1,97,672,12.42,12.45,12.5,1,1,0,12.5,12.5,12.43220059782848,12.19047619047619,12.430955993930198,0,
26,robust,circatidal,0.25,7,1,98,672,12.42,12.4,12.5,1,1,0,12.25,12.5,12.376876886225647,12.19047619047619,12.383975812547241,0,
26,robust,circatidal,0.25,7,1,99,672,12.42,12.45,12.5,1,1,0,12.5,12.5,12.429018718909422,12.19047619047619,12.430955993930198,0,
26,robust,circatidal,0.25,7,1,100,672,12.42,12.4,12.5,1,1,0,12.5,12.5,12.417564982148122,12.19047619047619,12.42153146322972,0,
26,robust,circatidal,0.25,7,1,101,672,12.42,12.45,12.5,1,1,0,12.5,12.5,12.440331891583151,12.19047619047619,12.44984802431611,0,
26,robust,circatidal,0.25,7,1,102,672,12.42,12.45,12.5,1,1,0,12.5,12.5,12.45550562124284,12.19047619047619,12.468797564687975,0,
26,robust,circatidal,0.25,7,1,103,672,12.42,12.45,12.5,1,1,0,12.5,12.5,12.461274430959637,12.19047619047619,12.44984802431611,0,
26,robust,circatidal,0.25,7,1,104,672,12.42,12.4,12.5,1,1,0,12.5,12.5,12.416027165884564,12.19047619047619,12.42153146322972,0,
26,robust,circatidal,0.25,7,1,105,672,12.42,12.45,12.5,1,1,0,12.5,12.5,12.452102169765542,12.19047619047619,12.44039483675019,0,
26,robust,circatidal,0.25,7,1,106,672,12.42,12.35,12.25,1,1,0,12.25,12.5,12.346280713066507,12.19047619047619,12.355957767722474,0,
26,robust,circatidal,0.25,7,1,107,672,12.42,12.45,12.5,1,1,0,12.5,12.5,12.44924221337983,12.19047619047619,12.459315589353611,0,
26,robust,circatidal,0.25,7,1,108,672,12.42,12.45,12.5,1,1,0,12.5,12.5,12.432696072670646,12.19047619047619,12.44039483675019,0,
26,robust,circatidal,0.25,7,1,109,672,12.42,12.4,12.5,1,1,0,12.5,12.5,12.406331178059872,12.19047619047619,12.402725208175625,0,
26,robust,circatidal,0.25,7,1,110,672,12.42,12.4,12.5,1,1,0,12.5,12.5,12.399923129111182,12.19047619047619,12.402725208175625,0,
26,robust,circatidal,0.25,7,1,111,672,12.42,12.45,12.5,1,1,0,12.5,12.5,12.43405940169148,12.19047619047619,12.44039483675019,0,
26,robust,circatidal,0.25,7,1,112,672,12.42,12.4,12.5,1,1,0,12.5,12.5,12.424761925929532,12.19047619047619,12.42153146322972,0,
26,robust,circatidal,0.25,7,1,113,672,12.42,12.45,12.5,1,1,0,12.5,12.5,12.427213121612809,12.19047619047619,12.430955993930198,0,
26,robust,circatidal,0.25,7,1,114,672,12.42,12.4,12.5,1,1,0,12.5,12.5,12.417971140297686,12.19047619047619,12.412121212121212,0,
26,robust,circatidal,0.25,7,1,115,672,12.42,12.4,12.5,1,1,0,12.5,12.25,12.380141560521452,12.19047619047619,12.374622356495468,0,
26,robust,circatidal,0.25,7,1,116,672,12.42,12.45,12.5,1,1,0,12.5,12.5,12.469843240795258,12.19047619047619,12.478293983244479,0,
26,robust,circatidal,0.25,7,1,117,672,12.42,12.45,12.5,1,1,0,12.5,12.5,12.445610360713973,12.19047619047619,12.44984802431611,0,
26,robust,circatidal,0.25,7,1,118,672,12.42,12.4,12.5,1,1,0,12.5,12.5,12.418349210000052,12.19047619047619,12.412121212121212,0,
26,robust,circatidal,0.25,7,1,119,672,12.42,12.4,12.5,1,1,0,12.5,12.5,12.396025852589444,12.19047619047619,12.402725208175625,0,
26,robust,circatidal,0.25,7,1,120,672,12.42,12.45,12.5,1,1,0,12.5,12.5,12.430449924270714,12.19047619047619,12.44039483675019,0,
26,robust,circatidal,0.25,7,1,121,672,12.42,12.4,12.5,1,1,0,12.5,12.5,12.399238713642184,12.19047619047619,12.412121212121212,0,
26,robust,circatidal,0.25,7,1,122,672,12.42,12.45,12.5,1,1,0,12.5,12.5,12.456407982063421,12.19047619047619,12.468797564687975,0,
26,robust,circatidal,0.25,7,1,123,672,12.42,12.45,12.5,1,1,0,12.5,12.5,12.441630343832971,12.19047619047619,12.44039483675019,0,
26,robust,circatidal,0.25,7,1,124,672,12.42,12.45,12.5,1,1,0,12.5,12.5,12.453511728521628,12.19047619047619,12.44984802431611,0,
26,robust,circatidal,0.25,7,1,125,672,12.42,12.45,12.5,1,1,0,12.5,12.5,12.44735151599488,12.19047619047619,12.44039483675019,0,
26,robust,circatidal,0.25,7,1,126,672,12.42,12.45,12.5,1,1,0,12.5,12.5,12.461662156257589,12.19047619047619,12.468797564687975,0,
26,robust,circatidal,0.25,7,1,127,672,12.42,12.4,12.5,1,1,0,12.5,12.5,12.424204876716848,12.19047619047619,12.412121212121212,0,
26,robust,circatidal,0.25,7,1,128,672,12.42,12.45,12.5,1,1,0,12.5,12.5,12.437635589317129,12.19047619047619,12.44039483675019,0,
26,robust,circatidal,0.25,7,1,129,672,12.42,12.45,12.5,1,1,0,12.5,12.5,12.427760756373406,12.19047619047619,12.44039483675019,0,
26,robust,circatidal,0.25,7,1,130,672,12.42,12.45,12.5,1,1,0,12.5,12.5,12.427635316376586,12.19047619047619,12.44039483675019,0,
26,robust,circatidal,0.25,7,1,131,672,12.42,12.45,12.5,1,1,0,12.5,12.5,12.43021502523305,12.19047619047619,12.430955993930198,0,
26,robust,circatidal,0.25,7,1,132,672,12.42,12.4,12.5,1,1,0,12.5,12.5,12.400138339149468,12.19047619047619,12.402725208175625,0,
26,robust,circatidal,0.25,7,1,133,672,12.42,12.4,12.5,1,1,0,12.5,12.5,12.39978628673466,12.19047619047619,12.412121212121212,0,
26,robust,circatidal,0.25,7,1,134,672,12.42,12.4,12.5,1,1,0,12.5,12.5,12.406404583225234,12.19047619047619,12.402725208175625,0,
26,robust,circatidal,0.25,7,1,135,672,12.42,12.45,12.5,1,1,0,12.5,12.5,12.470278295081208,12.19047619047619,12.478293983244479,0,
26,robust,circatidal,0.25,7,1,136,672,12.42,12.4,12.5,1,1,0,12.25,12.25,12.384784701396432,12.19047619047619,12.383975812547241,0,
26,robust,circatidal,0.25,7,1,137,672,12.42,12.45,12.5,1,1,0,12.5,12.5,12.441294325204153,12.19047619047619,12.430955993930198,0,
26,robust,circatidal,0.25,7,1,138,672,12.42,12.4,12.5,1,1,0,12.5,12.25,12.375145968642776,12.19047619047619,12.365283018867924,0,
26,robust,circatidal,0.25,7,1,139,672,12.42,12.45,12.5,1,1,0,12.5,12.5,12.461810433896131,12.19047619047619,12.44984802431611,0,
26,robust,circatidal,0.25,7,1,140,672,12.42,12.45,12.5,1,1,0,12.5,12.5,12.433919315722347,12.19047619047619,12.44039483675019,0,
26,robust,circatidal,0.25,7,1,141,672,12.42,12.4,12.5,1,1,0,12.5,12.5,12.391818120979261,12.19047619047619,12.383975812547241,0,
26,robust,circatidal,0.25,7,1,142,672,12.42,12.45,12.5,1,1,0,12.5,12.5,12.444693594301446,12.19047619047619,12.44984802431611,0,
26,robust,circatidal,0.25,7,1,143,672,12.42,12.45,12.5,1,1,0,12.5,12.5,12.45464318364207,12.19047619047619,12.459315589353611,0,
26,robust,circatidal,0.25,7,1,144,672,12.42,12.45,12.5,1,1,0,12.5,12.5,12.4304056269107,12.19047619047619,12.44039483675019,0,
26,robust,circatidal,0.25,7,1,145,672,12.42,12.4,12.25,1,1,0,12.25,12.25,12.400088239481967,12.19047619047619,12.402725208175625,0,
26,robust,circatidal,0.25,7,1,146,672,12.42,12.45,12.5,1,1,0,12.5,12.5,12.430223325345574,12.19047619047619,12.44039483675019,0,
26,robust,circatidal,0.25,7,1,147,672,12.42,12.4,12.5,1,1,0,12.5,12.5,12.408647492413786,12.19047619047619,12.402725208175625,0,
26,robust,circatidal,0.25,7,1,148,672,12.42,12.45,12.5,1,1,0,12.5,12.5,12.441966839165714,12.19047619047619,12.44984802431611,0,
26,robust,circatidal,0.25,7,1,149,672,12.42,12.35,12.25,1,1,0,12.25,12.5,12.370922659722734,12.19047619047619,12.374622356495468,0,
26,robust,circatidal,0.25,7,1,150,672,12.42,12.45,12.5,1,1,0,12.5,12.5,12.438212411070564,12.19047619047619,12.44984802431611,0,
26,robust,circatidal,0.25,7,1,151,672,12.42,12.45,12.5,1,1,0,12.5,12.5,12.449337450002812,12.19047619047619,12.44984802431611,0,
26,robust,circatidal,0.25,7,1,152,672,12.42,12.45,12.5,1,1,0,12.5,12.5,12.429944727234702,12.19047619047619,12.42153146322972,0,
26,robust,circatidal,0.25,7,1,153,672,12.42,12.4,12.25,1,1,0,12.25,12.5,12.393395603847143,12.19047619047619,12.402725208175625,0,
26,robust,circatidal,0.25,7,1,154,672,12.42,12.4,12.5,1,1,0,12.5,12.5,12.39923679313743,12.19047619047619,12.412121212121212,0,
26,robust,circatidal,0.25,7,1,155,672,12.42,12.45,12.5,1,1,0,12.5,12.5,12.438660046670217,12.19047619047619,12.430955993930198,0,
26,robust,circatidal,0.25,7,1,156,672,12.42,12.45,12.5,1,1,0,12.5,12.5,12.428368389291702,12.19047619047619,12.44039483675019,0,
26,robust,circatidal,0.25,7,1,157,672,12.42,12.4,12.5,1,1,0,12.5,12.5,12.420922420932522,12.19047619047619,12.412121212121212,0,
26,robust,circatidal,0.25,7,1,158,672,12.42,12.4,12.5,1,1,0,12.5,12.5,12.412557927075685,12.19047619047619,12.42153146322972,0,
26,robust,circatidal,0.25,7,1,159,672,12.42,12.45,12.5,1,1,0,12.5,12.5,12.429625878452784,12.19047619047619,12.42153146322972,0,
26,robust,circatidal,0.25,7,1,160,672,12.42,12.45,12.5,1,1,0,12.5,12.5,12.466443493806716,12.19047619047619,12.478293983244479,0,
26,robust,circatidal,0.25,7,1,161,672,12.42,12.45,12.5,1,1,0,12.5,12.5,12.448855470470319,12.19047619047619,12.44039483675019,0,
26,robust,circatidal,0.25,7,1,162,672,12.42,12.4,12.5,1,1,0,12.25,12.25,12.390861156239875,12.19047619047619,12.383975812547241,0,
26,robust,circatidal,0.25,7,1,163,672,12.42,12.45,12.5,1,1,0,12.5,12.5,12.444110905419032,12.19047619047619,12.44039483675019,0,
26,robust,circatidal,0.25,7,1,164,672,12.42,12.4,12.25,1,1,0,12.25,12.25,12.411545433489932,12.19047619047619,12.402725208175625,0,
26,robust,circatidal,0.25,7,1,165,672,12.42,12.4,12.5,1,1,0,12.5,12.5,12.407493523127085,12.19047619047619,12.412121212121212,0,
26,robust,circatidal,0.25,7,1,166,672,12.42,12.45,12.5,1,1,0,12.5,12.5,12.43836018904616,12.19047619047619,12.44039483675019,0,
26,robust,circatidal,0.25,7,1,167,672,12.42,12.45,12.5,1,1,0,12.5,12.5,12.429332356425864,12.19047619047619,12.42153146322972,0,
26,robust,circatidal,0.25,7,1,168,672,12.42,12.45,12.5,1,1,0,12.5,12.5,12.450710823145291,12.19047619047619,12.44984802431611,0,
26,robust,circatidal,0.25,7,1,169,672,12.42,12.45,12.5,1,1,0,12.5,12.5,12.462709491590807,12.19047619047619,12.468797564687975,0,
26,robust,circatidal,0.25,7,1,170,672,12.42,12.35,12.25,1,1,0,12.25,12.25,12.360332378846483,12.19047619047619,12.355957767722474,0,
26,robust,circatidal,0.25,7,1,171,672,12.42,12.4,12.5,1,1,0,12.25,12.25,12.410669409147825,12.19047619047619,12.412121212121212,0,
26,robust,circatidal,0.25,7,1,172,672,12.42,12.4,12.5,1,1,0,12.5,12.5,12.410391833394714,12.19047619047619,12.42153146322972,0,
26,robust,circatidal,0.25,7,1,173,672,12.42,12.4,12.5,1,1,0,12.5,12.5,12.40122205421103,12.19047619047619,12.402725208175625,0,
26,robust,circatidal,0.25,7,1,174,672,12.42,12.4,12.5,1,1,0,12.5,12.5,12.397453875056328,12.19047619047619,12.402725208175625,0,
26,robust,circatidal,0.25,7,1,175,672,12.42,12.4,12.5,1,1,0,12.25,12.5,12.415542617742185,12.19047619047619,12.42153146322972,0,
26,robust,circatidal,0.25,7,1,176,672,12.42,12.45,12.5,1,1,0,12.5,12.5,12.434646641733648,12.19047619047619,12.42153146322972,0,
26,robust,circatidal,0.25,7,1,177,672,12.42,12.45,12.5,1,1,0,12.5,12.5,12.460431473529225,12.19047619047619,12.468797564687975,0,
26,robust,circatidal,0.25,7,1,178,672,12.42,12.4,12.5,1,1,0,12.5,12.5,12.424894220791584,12.19047619047619,12.42153146322972,0,
26,robust,circatidal,0.25,7,1,179,672,12.42,12.45,12.5,1,1,0,12.5,12.5,12.42681791133938,12.19047619047619,12.412121212121212,0,
26,robust,circatidal,0.25,7,1,180,672,12.42,12.45,12.5,1,1,0,12.5,12.5,12.427786385321665,12.19047619047619,12.430955993930198,0,
26,robust,circatidal,0.25,7,1,181,672,12.42,12.45,12.5,1,1,0,12.5,12.5,12.430194144507505,12.19047619047619,12.42153146322972,0,
26,robust,circatidal,0.25,7,1,182,672,12.42,12.4,12.5,1,1,0,12.5,12.5,12.411400982050592,12.19047619047619,12.42153146322972,0,
26,robust,circatidal,0.25,7,1,183,672,12.42,12.45,12.5,1,1,0,12.5,12.5,12.428047380298349,12.19047619047619,12.42153146322972,0,
26,robust,circatidal,0.25,7,1,184,672,12.42,12.45,12.5,1,1,0,12.5,12.5,12.43439149290145,12.19047619047619,12.42153146322972,0,
26,robust,circatidal,0.25,7,1,185,672,12.42,12.45,12.5,1,1,0,12.5,12.5,12.425132301985835,12.19047619047619,12.430955993930198,0,
26,robust,circatidal,0.25,7,1,186,672,12.42,12.4,12.5,1,1,0,12.5,12.5,12.415161695987967,12.19047619047619,12.42153146322972,0,
26,robust,circatidal,0.25,7,1,187,672,12.42,12.45,12.5,1,1,0,12.5,12.5,12.430571744770695,12.19047619047619,12.42153146322972,0,
26,robust,circatidal,0.25,7,1,188,672,12.42,12.4,12.25,1,1,0,12.25,12.5,12.401979283931864,12.19047619047619,12.402725208175625,0,
26,robust,circatidal,0.25,7,1,189,672,12.42,12.45,12.5,1,1,0,12.5,12.5,12.443349637232178,12.19047619047619,12.44039483675019,0,
26,robust,circatidal,0.25,7,1,190,672,12.42,12.4,12.5,1,1,0,12.5,12.5,12.422273473142331,12.19047619047619,12.42153146322972,0,
26,robust,circatidal,0.25,7,1,191,672,12.42,12.45,12.5,1,1,0,12.5,12.5,12.449032399959632,12.19047619047619,12.44039483675019,0,
26,robust,circatidal,0.25,7,1,192,672,12.42,12.4,12.5,1,1,0,12.5,12.5,12.414846379949138,12.19047619047619,12.42153146322972,0,
26,robust,circatidal,0.25,7,1,193,672,12.42,12.45,12.5,1,1,0,12.5,12.5,12.431693423682907,12.19047619047619,12.42153146322972,0,
26,robust,circatidal,0.25,7,1,194,672,12.42,12.4,12.5,1,1,0,12.5,12.5,12.40220172507848,12.19047619047619,12.412121212121212,0,
26,robust,circatidal,0.25,7,1,195,672,12.42,12.4,12.5,1,1,0,12.5,12.5,12.40930132975618,12.19047619047619,12.42153146322972,0,
26,robust,circatidal,0.25,7,1,196,672,12.42,12.4,12.5,1,1,0,12.5,12.5,12.407050813806265,12.19047619047619,12.402725208175625,0,
26,robust,circatidal,0.25,7,1,197,672,12.42,12.4,12.5,1,1,0,12.5,12.5,12.407522765515381,12.19047619047619,12.393343419062028,0,
26,robust,circatidal,0.25,7,1,198,672,12.42,12.4,12.5,1,1,0,12.5,12.5,12.414072904000166,12.19047619047619,12.402725208175625,0,
26,robust,circatidal,0.25,7,1,199,672,12.42,12.4,12.5,1,1,0,12.5,12.5,12.393271443209743,12.19047619047619,12.402725208175625,0,
32,robust,pulse25,0.25,7,0.25,0,672,26.24425352178514,25.9,31.75,0,0,0.015416683284353305,26.5,31.75,25.923598535765084,25.6,25.924050632911392,7.629595066838135e-7,
32,robust,pulse25,0.25,7,0.25,1,672,21.06308338418603,20.55,31.5,0,0,0.17041267257990578,20.5,27.25,20.566310217040037,0.5423728813559322,20.582914572864322,0.00023187917141165304,
32,robust,pulse25,0.25,7,0.25,2,672,25.2450196929276,24.7,24.5,1,1,0.0005436279175907721,24.5,24.5,24.714029177534034,25.6,24.71191553544495,0.00004522430940867572,
32,robust,pulse25,0.25,7,0.25,3,672,20.43246309272945,20.7,31.75,0,0,0.1812103092456021,22,31.75,20.690457137014274,21.333333333333332,20.739240506329114,0.00002847910509906626,
32,robust,pulse25,0.25,7,0.25,4,672,24.161466605961323,23.8,29.75,0,0,0.03329741850850565,23.5,27.75,23.815933248622102,23.272727272727273,23.953216374269005,0.00009260477002115408,
32,robust,pulse25,0.25,7,0.25,5,672,22.162113144993782,22.75,30.25,0,0,0.03464613895904445,22.25,26.25,22.72706612184073,11.130434782608695,11.122878479293957,0.016255408883631306,
32,robust,pulse25,0.25,7,0.25,6,672,26.79171950928867,26.75,31,0,0,0.05362818173229267,27.25,32,26.762968841399537,25.6,26.77124183006536,0.0000010084556351097618,
32,robust,pulse25,0.25,7,0.25,7,672,22.56793293915689,22.2,31.25,0,0,0.2926120708617941,21.75,22.5,22.21914084105004,1.2190476190476192,22.26086956521739,0.0003013692647356736,
32,robust,pulse25,0.25,7,0.25,8,672,27.002162858843803,26.6,31,0,0,0.033616654929809475,27,27.5,26.581476406500474,256,212.7792207792208,0.0004085993416620415,
32,robust,pulse25,0.25,7,0.25,9,672,21.921038515865803,21.25,31.75,0,0,0.14082731748786936,22,21.5,21.252367462983045,10.666666666666666,10.764783180026281,0.0006141418857487091,
32,robust,pulse25,0.25,7,0.25,10,672,25.48558610677719,25.15,28,0,0,0.02309672732215573,25.5,25.25,25.15195500754415,25.6,25.167434715821813,0.00011871253905093582,
32,robust,pulse25,0.25,7,0.25,11,672,21.957780431956053,21.6,21.25,1,1,0.0007101222637015958,21.25,23.75,21.597661948685253,21.333333333333332,11.003357958361317,0.0004922827556421705,
32,robust,pulse25,0.25,7,0.25,12,672,26.63551203161478,26.9,26.75,0,0,0.004219578088271891,26.75,26.5,26.88275771745797,25.6,26.90311986863711,0.000005989258805239039,
32,robust,pulse25,0.25,7,0.25,13,672,24.491151563823223,24.4,30,0,0,0.031897422109565476,22.5,27.75,24.418644071776278,0.6826666666666666,0.6828942980993664,0.0013852254066897274,
32,robust,pulse25,0.25,7,0.25,14,672,25.130820978432894,25.9,25.5,1,1,0.0006759207267057477,25.5,26.75,25.88630959110148,25.6,25.96513470681458,8.56965354234518e-9,
32,robust,pulse25,0.25,7,0.25,15,672,22.83960023894906,22.25,22.75,1,1,0.00010537689927980765,22.75,22,22.225810565427526,21.333333333333332,22.200542005420054,3.4556252437312196e-7,
32,robust,pulse25,0.25,7,0.25,16,672,22.853263093158603,18.45,30,0,0,0.10077708884917203,24.5,18.25,18.44046024884382,3.0476190476190474,11.330567081604427,0.003643902372665986,
32,robust,pulse25,0.25,7,0.25,17,672,26.19979921914637,25.7,26.75,0,0,0.003986379645398497,26,26.75,25.69995128544105,25.6,25.640062597809077,0.000014134156404277398,
32,robust,pulse25,0.25,7,0.25,18,672,23.38103355281055,23.7,30,0,0,0.037823754946592625,30,27.25,23.699369203851237,256,207.39240506329114,0.007988226278993205,
32,robust,pulse25,0.25,7,0.25,19,672,27.652539810165763,27.1,28,0,0,0.002114859032819716,28,18.25,27.113639331490283,14.222222222222221,27.125827814569536,0.000007733405496757051,
32,robust,pulse25,0.25,7,0.25,20,672,21.194183323532343,21.15,21,1,1,0.00001885835815973458,21,23.75,21.133305115132952,21.333333333333332,21.086229086229086,9.642097353879109e-8,
32,robust,pulse25,0.25,7,0.25,21,672,22.5185890160501,22.8,29.5,0,0,0.05247598957430022,24,22.75,22.80431662247577,23.272727272727273,22.787204450625868,0.000003666365728682841,
32,robust,pulse25,0.25,7,0.25,22,672,23.337342770770192,22.9,23.25,1,1,0.00005666077413224446,23.25,23.25,22.905798528135143,23.272727272727273,22.946778711484594,0.000011036540202291611,
32,robust,pulse25,0.25,7,0.25,23,672,24.739006631076336,23.75,30.25,0,0,0.029933975789512735,30.25,26.5,23.738051847193795,1.2736318407960199,1.2754164720535575,0.0064713294872488225,
32,robust,pulse25,0.25,7,0.25,24,672,26.162096183747053,26.15,26,0,0,0.002180842381053316,26,26,26.167823275282288,25.6,26.047694753577108,0.000013340083779178613,
32,robust,pulse25,0.25,7,0.25,25,672,27.392711700871587,28.450000000000003,31.25,0,0,0.008554298487473133,27,27.5,28.482608576381395,28.444444444444443,28.346020761245676,0.000007056644048430982,
32,robust,pulse25,0.25,7,0.25,26,672,24.798695081844926,24.9,24,1,1,0.00013687120945904407,24,24.5,24.8901223142848,12.19047619047619,12.08259587020649,0.000030539354302971944,
32,robust,pulse25,0.25,7,0.25,27,672,24.053921101614833,24.15,30.5,0,0,0.09250012895948512,24,24.5,24.15931124005754,12.19047619047619,12.100443131462335,0.00003807149327450521,
32,robust,pulse25,0.25,7,0.25,28,672,25.296621844172478,25.5,25.5,1,1,0.000029504461201534937,25.5,25.5,25.52575981119891,25.6,25.5600624024961,3.001376924771648e-12,
32,robust,pulse25,0.25,7,0.25,29,672,24.914526036009192,24.2,31.5,0,0,0.11833106308436192,24.5,23.75,24.221123958723794,2.8444444444444446,2.840006933610678,0.0046986673706880255,
32,robust,pulse25,0.25,7,0.25,30,672,21.625479839742184,21.4,31,0,0,0.044451251056460195,22.25,27.25,21.419111435159824,21.333333333333332,21.445026178010473,0.000001272640547722581,
32,robust,pulse25,0.25,7,0.25,31,672,25.750827556475997,25.95,26.5,0,0,0.0034333599669773562,26.5,26.5,25.960650678729266,25.6,25.924050632911392,0.0000014118038976773661,
32,robust,pulse25,0.25,7,0.25,32,672,24.031554335728288,24.1,24.75,1,1,0.0004147235718160447,24.75,24,24.078808798073094,23.272727272727273,24.023460410557185,4.030693823153797e-8,
32,robust,pulse25,0.25,7,0.25,33,672,26.11387625336647,26.450000000000003,27,0,0,0.007498717806411204,27,26.75,26.449118533212555,13.473684210526315,13.128205128205128,0.00007185133028375645,
32,robust,pulse25,0.25,7,0.25,34,672,23.19861422292888,23.3,31,0,0,0.039410675413583784,25,25,23.258601614965052,11.636363636363637,11.52990851513019,0.0027482318570507536,
32,robust,pulse25,0.25,7,0.25,35,672,23.520190319046378,23.25,29.25,0,0,0.06546601147405218,23,23.25,23.25946939562839,23.272727272727273,23.23971631205674,0.0002933890641798609,
32,robust,pulse25,0.25,7,0.25,36,672,24.66691104322672,25.4,24.5,1,1,0.00026949375083729077,24.5,24.5,25.39828685216877,25.6,25.440993788819874,0.0008911636895377884,
32,robust,pulse25,0.25,7,0.25,37,672,21.61951674334705,22.15,31.5,0,0,0.2663948886498415,21.75,32,22.147137748851875,3.657142857142857,10.835978835978835,0.002710979706950334,
32,robust,pulse25,0.25,7,0.25,38,672,23.993375392630696,23.8,30.75,0,0,0.05529148221175151,23.75,25.5,23.812502935618447,23.272727272727273,23.710564399421127,0.00004542497959147962,
32,robust,pulse25,0.25,7,0.25,39,672,21.85345129854977,22.1,32,0,1,0.038297890958841174,22,32,22.08384818201413,0.5517241379310345,22.14054054054054,0.00003764346728329926,
32,robust,pulse25,0.25,7,0.25,40,672,26.031551150605083,25.65,27,0,0,0.002168490925532618,27,31.25,25.662517813335775,25.6,25.6,0.000004855487499400013,
32,robust,pulse25,0.25,7,0.25,41,672,24.914065662771463,24.8,30.75,0,0,0.07198129174117873,25.75,24.5,24.807850634716168,8.533333333333333,8.427983539094651,0.0006490829811723886,
32,robust,pulse25,0.25,7,0.25,42,672,21.808379329741,21.4,32,0,0,0.08021361723839426,19.5,20.75,21.426983165731528,21.333333333333332,21.389033942558747,0.00021559034240370423,
32,robust,pulse25,0.25,7,0.25,43,672,25.80467520467937,25.25,25.75,1,1,0.0001990216124800881,25.75,27.75,25.237064447051885,25.6,25.206153846153846,0.0004713842205167351,
32,robust,pulse25,0.25,7,0.25,44,672,24.60571239888668,24.55,32,0,0,0.2877883235797103,24,27.25,24.54288622388664,25.6,24.526946107784433,0.0000020203844403043902,
32,robust,pulse25,0.25,7,0.25,45,672,22.6606887280941,22.7,23.25,1,1,0.0001144180164981412,23.25,23.25,22.714371991212975,23.272727272727273,22.69252077562327,5.645815623900319e-7,
32,robust,pulse25,0.25,7,0.25,46,672,27.55720711313188,27.700000000000003,27.5,0,0,0.005062786651546358,27.5,27.5,27.690331700001643,28.444444444444443,27.769491525423728,0.0008054684910479004,
32,robust,pulse25,0.25,7,0.25,47,672,26.54925428889692,28.1,30.25,0,0,0.03484560040993223,26.75,31.75,28.086008570459637,28.444444444444443,28.199655765920827,0.003401233116191893,
32,robust,pulse25,0.25,7,0.25,48,672,25.235692536458373,24.85,25.75,0,0,0.004263163248111157,25.75,22.75,24.87550317142083,25.6,24.861911987860395,0.000005111421294667906,
32,robust,pulse25,0.25,7,0.25,49,672,25.81519058905542,25.25,30.75,0,0,0.18998635090269678,25.25,20.5,25.258196574696004,0.5701559020044543,0.5702551251261704,0.010931805125754201,
32,robust,pulse25,0.25,7,0.25,50,672,27.290831735357642,27.55,28.25,1,1,0.0007687438463186425,26.75,27,27.540706693529003,28.444444444444443,27.44388609715243,1.2326655252081764e-9,
32,robust,pulse25,0.25,7,0.25,51,672,27.784010211005807,29.450000000000003,29.5,0,0,0.0018945424153566925,29.5,27.75,29.464684451498268,28.444444444444443,29.414721723518852,0.00003640788937153694,
32,robust,pulse25,0.25,7,0.25,52,672,27.067697251215577,26.950000000000003,29.75,0,0,0.012679318010494045,28,27,26.941322665529547,0.9624060150375939,26.94736842105263,0.00021365407193285613,
32,robust,pulse25,0.25,7,0.25,53,672,23.07380474731326,23.1,23,1,1,0.00011324011902524855,23,23.75,23.11585018402303,23.272727272727273,11.409470752089137,7.6279386673761e-7,
32,robust,pulse25,0.25,7,0.25,54,672,26.466996563598514,27.950000000000003,26.5,0,0,0.004855087245243084,26.5,27.5,27.937129796818045,5.224489795918367,5.271557271557271,0.019213303800593717,
32,robust,pulse25,0.25,7,0.25,55,672,22.194205218926072,21.45,31.5,0,0,0.30037763840633636,22,22,21.4526352707404,0.9846153846153847,0.9837876786357632,0.03603890381588337,
32,robust,pulse25,0.25,7,0.25,56,672,25.682655349373817,25.8,30.25,0,0,0.047180835713927394,26.75,27.5,25.79472558400278,25.6,25.68025078369906,0.0005966894182831695,
32,robust,pulse25,0.25,7,0.25,57,672,22.3547918908298,24.1,26.75,0,0,0.035584312293068465,20.25,20.25,24.120744148838824,23.272727272727273,24.058737151248163,0.042096913259416446,
32,robust,pulse25,0.25,7,0.25,58,672,22.38143102824688,22.55,32,0,0,0.24816233309917957,22.75,22.75,22.53208608186584,1.391304347826087,1.3878864887759423,0.00042331964597719374,
32,robust,pulse25,0.25,7,0.25,59,672,24.358236081898212,24.05,24,0,0,0.013452221114544582,24,24.5,24.070866325624905,12.19047619047619,23.988286969253295,0.0009314934885977788,
32,robust,pulse25,0.25,7,0.25,60,672,22.033624382689595,21.85,31,0,0,0.15617541884297637,22.5,27.75,21.875681866988028,11.130434782608695,21.874499332443257,0.00031075688026893644,
32,robust,pulse25,0.25,7,0.25,61,672,22.85502313822508,23.15,30.5,0,0,0.12840226256232745,22.5,27.75,23.152226412662316,23.272727272727273,23.173974540311175,0.0013278368081750536,
32,robust,pulse25,0.25,7,0.25,62,672,25.084304597228765,24.75,27,0,0,0.01025583885417114,19.25,25,24.76162688319754,25.6,24.749244712990937,1.370381795817721e-7,
32,robust,pulse25,0.25,7,0.25,63,672,27.481727331876755,27.450000000000003,31,0,0,0.007783018036770062,31,32,27.44239182481395,28.444444444444443,27.48993288590604,0.00010725127354649366,
32,robust,pulse25,0.25,7,0.25,64,672,23.93268521502614,23.75,30.25,0,0,0.08001322851578341,23.5,30.25,23.751208274768096,23.272727272727273,23.67630057803468,0.000014092558531464405,
32,robust,pulse25,0.25,7,0.25,65,672,24.12813549116254,24.25,24.75,1,1,0.0007850779047484657,24.75,32,24.253149766757833,23.272727272727273,24.236686390532544,2.1711716269301462e-7,
32,robust,pulse25,0.25,7,0.25,66,672,21.28904838860035,22.25,26.5,0,1,0.017206370118389214,21.75,21.75,22.24644841652476,23.272727272727273,22.321525885558582,0.0004067821986206699,
32,robust,pulse25,0.25,7,0.25,67,672,25.94477310590446,26.1,27.5,0,0,0.0011392742934690503,24.5,27.5,26.11985703977953,25.6,26.047694753577108,7.561220316532058e-9,
32,robust,pulse25,0.25,7,0.25,68,672,25.96955667063594,25.85,29.5,0,0,0.015996751616703442,29.5,27.25,25.834697202767078,12.8,12.951778656126482,0.004537119367027387,
32,robust,pulse25,0.25,7,0.25,69,672,23.67106361873448,23.85,24.25,1,1,0.0008612099024642994,24.25,24.25,23.8680784765432,23.272727272727273,23.88338192419825,0.000012589854029965153,
32,robust,pulse25,0.25,7,0.25,70,672,27.85948462970555,27.5,28.25,1,1,0.00016809263233308336,28.25,28.25,27.520873936627968,5.688888888888889,27.536134453781514,0.00002113185261265471,
32,robust,pulse25,0.25,7,0.25,71,672,22.958338206633925,23.1,31.5,0,0,0.07104359472424882,22.5,31.75,23.074054000581615,0.5727069351230425,0.5724668064290706,0.0014982403973321512,
32,robust,pulse25,0.25,7,0.25,72,672,26.203824819996953,26.8,27.5,0,0,0.016457379991457022,26,26,26.80463151416212,25.6,26.81505728314239,0.00004503720777015996,
32,robust,pulse25,0.25,7,0.25,73,672,21.23155663907528,21.25,31.75,0,1,0.03717093531976334,21.5,27.5,21.261680643376938,10.666666666666666,10.800263678312458,0.00002023798356742823,
32,robust,pulse25,0.25,7,0.25,74,672,26.92581319436431,27.35,31.75,0,0,0.2855752002335098,19.75,27.75,27.31453580859148,0.9078014184397163,27.261231281198004,0.0023825476009537994,
32,robust,pulse25,0.25,7,0.25,75,672,22.619004260748625,22.4,30.5,0,0,0.3061527295736439,22.75,23,22.38863152849157,11.636363636363637,11.5461592670895,0.024458024977353388,
32,robust,pulse25,0.25,7,0.25,76,672,26.612160267308354,26.450000000000003,28.75,0,0,0.013680038023097474,26.25,26.25,26.447279495140325,25.6,26.468497576736674,0.000005703667310785754,
32,robust,pulse25,0.25,7,0.25,77,672,22.66338379122317,22.3,30.75,0,0,0.0046663303552552104,30.75,30.75,22.31730383242358,11.130434782608695,11.322736696613683,0.026784492041159513,
32,robust,pulse25,0.25,7,0.25,78,672,23.427031153813004,23.65,31.25,0,0,0.0703811608703746,25.25,28.25,23.648034185974275,0.7111111111111111,0.7109876757507377,0.0013374302730718712,
32,robust,pulse25,0.25,7,0.25,79,672,24.682654654607177,25.7,24.75,1,1,0.0004831365590769465,24.75,24.75,25.686332947554167,25.6,25.761006289308177,0.00002466027835379414,
32,robust,pulse25,0.25,7,0.25,80,672,23.492485873401165,22.75,31,0,0,0.16405143948938594,24,27.75,22.74001405349374,23.272727272727273,11.812545061283345,0.0001199381108357711,
32,robust,pulse25,0.25,7,0.25,81,672,25.52329338528216,25.5,32,0,0,0.06473081620604448,24.5,23.25,25.505367189659104,2.723404255319149,2.7293020156588375,0.0051937064653179155,
32,robust,pulse25,0.25,7,0.25,82,672,27.8266486749053,28.950000000000003,31,0,0,0.012934814817260554,19.5,29,28.946605362986446,28.444444444444443,28.998230088495575,0.000003959541381881593,
32,robust,pulse25,0.25,7,0.25,83,672,26.621535077691078,26.4,31.25,0,0,0.2052106745930219,25.75,26.5,26.414602310853958,4.063492063492063,4.075621890547263,0.0007890992339066871,
32,robust,pulse25,0.25,7,0.25,84,672,27.69572549685836,27.4,27.75,0,0,0.003908201203451478,27.75,27,27.373726330166836,13.473684210526315,13.664720600500416,0.00013444526331995998,
32,robust,pulse25,0.25,7,0.25,85,672,20.503014393150806,20.7,28.25,0,0,0.014577301739394533,20.5,28.25,20.71863596174277,21.333333333333332,20.713021491782555,0.00023580414632051738,
32,robust,pulse25,0.25,7,0.25,86,672,23.490157263353467,24,31.25,0,0,0.1971697268355278,23.5,23.5,23.979597696640557,23.272727272727273,23.91824817518248,0.00007981389663003213,
32,robust,pulse25,0.25,7,0.25,87,672,26.43138645030558,26.700000000000003,26.5,0,0,0.01417188957091764,26.5,26.5,26.711336908795033,1.2610837438423645,1.2604046465112702,0.0013260757913449162,
32,robust,pulse25,0.25,7,0.25,88,672,24.679098315536976,23.95,30.75,0,0,0.02352863116655013,25,23.25,23.951960479035733,23.272727272727273,24.023460410557185,0.000007540746256751163,
32,robust,pulse25,0.25,7,0.25,89,672,23.075543839484453,23.25,31.75,0,0,0.030707488975909136,30,20.5,23.27414571009991,0.6352357320099256,2.1425395579966,0.007522150279717255,
32,robust,pulse25,0.25,7,0.25,90,672,24.4638905916363,24.1,31.75,0,0,0.17340887780527314,24.75,24.75,24.09740658254533,23.272727272727273,24.058737151248163,0.0005596942946533012,
32,robust,pulse25,0.25,7,0.25,91,672,27.490866135805845,28.5,27.25,0,0,0.0025646353694663837,27.25,28.5,28.513276960905014,28.444444444444443,28.593368237347295,0.000005064800987608642,
32,robust,pulse25,0.25,7,0.25,92,672,21.179170666262507,21.35,31.5,0,0,0.040180131025273624,21.25,21.5,21.349545149217825,0.5079365079365079,0.5078577849415703,0.0003353233165714897,
32,robust,pulse25,0.25,7,0.25,93,672,20.73973667435348,20.65,28.5,0,0,0.007767328021481723,28.5,28.5,20.63756917889295,21.333333333333332,20.60880503144654,0.00006778113433003607,
32,robust,pulse25,0.25,7,0.25,94,672,21.707756217569113,22.15,31.75,0,0,0.1393166734012371,21.5,21.5,22.13125872866987,21.333333333333332,22.080862533692724,0.000038678795579394354,
32,robust,pulse25,0.25,7,0.25,95,672,27.130554476752877,26.200000000000003,32,0,0,0.294286747581323,27,26.5,26.19021276130861,25.6,26.17252396166134,0.00028539341200006785,
32,robust,pulse25,0.25,7,0.25,96,672,27.119501404464245,27.55,27,0,0,0.01092489568876942,27,27.5,27.52846009484247,13.473684210526315,13.698996655518394,0.00006051776592030933,
32,robust,pulse25,0.25,7,0.25,97,672,27.384781770408154,26.700000000000003,31.75,0,0,0.21802979834174352,21.25,27.75,26.709769424739807,0.5311203319502075,0.5312753331820098,0.04512660076081709,
32,robust,pulse25,0.25,7,0.25,98,672,26.741630332544446,26.4,26.5,0,0,0.006117657690964284,26.5,26.5,26.41554489095469,25.6,26.383252818035427,0.0001872755085865485,
32,robust,pulse25,0.25,7,0.25,99,672,22.082618284970522,21.75,22,1,1,0.0007449832718827709,22,22,21.765235679710443,5.12,21.758300132802123,0.0003465767948741538,
32,robust,pulse25,0.25,7,0.25,100,672,20.843214401975274,20.6,30.75,0,0,0.0337866862261037,18,20.5,20.58154432341889,1.28,1.2325283984051756,0.015888550397758383,
32,robust,pulse25,0.25,7,0.25,101,672,23.69337938912213,24,31.75,0,0,0.029407441902175258,23.5,23.5,23.985786323195313,0.6198547215496368,0.6204180551348076,0.0022590045784695034,
32,robust,pulse25,0.25,7,0.25,102,672,20.769330605864525,21.25,31.75,0,0,0.03759792728109235,31.75,31.25,21.230910304709997,0.5039370078740157,0.5035498048375695,0.022256316751746885,
32,robust,pulse25,0.25,7,0.25,103,672,25.027065308764577,23.7,22.5,0,0,0.0015178413854741724,22.5,27.25,23.67723451336007,0.7781155015197568,0.7783372921615201,0.009988146949741594,
32,robust,pulse25,0.25,7,0.25,104,672,25.87752253562212,26.1,32,0,0,0.014219957073259515,26.75,26.75,26.082648084474247,25.6,26.006349206349206,6.155472230817693e-7,
32,robust,pulse25,0.25,7,0.25,105,672,24.094695882871747,24.5,30,0,1,0.039282461460542706,24.25,24.25,24.51850509183266,25.6,24.563718140929534,9.8506453694025e-7,
32,robust,pulse25,0.25,7,0.25,106,672,22.362633399665356,22.65,31,0,0,0.13208674197547077,23.25,27.25,22.665970584661764,0.927536231884058,1.3291149509207432,0.0035033075265035185,
32,robust,pulse25,0.25,7,0.25,107,672,25.819335149601102,25.6,30.5,0,0,0.1965951993883025,25.75,27.5,25.59301441256097,1.0158730158730158,1.0167556162343303,0.08402314242650855,
32,robust,pulse25,0.25,7,0.25,108,672,24.812260454520583,25.1,25.25,0,0,0.0014553540174726542,25.25,25.25,25.114159408868943,25.6,25.090352220520675,0.00006671403607816373,
32,robust,pulse25,0.25,7,0.25,109,672,26.44330526329577,26.5,26.25,1,1,0.0000356812934522166,26.25,26.25,26.494131679898803,25.6,26.468497576736674,3.355770661350732e-9,
32,robust,pulse25,0.25,7,0.25,110,672,21.919438557699323,21.6,21.75,1,1,0.00006120257202479884,21.75,22,21.624155468267947,21.333333333333332,21.614775725593667,2.1385980220056666e-7,
32,robust,pulse25,0.25,7,0.25,111,672,26.977802289649844,26.950000000000003,30.5,0,0,0.011110150890185633,26.5,27,26.945085039245722,1.1906976744186046,26.94736842105263,0.000053339567708698965,
32,robust,pulse25,0.25,7,0.25,112,672,26.955365924164653,26.6,27.75,0,1,0.00155869989228119,26,26.75,26.608889244888893,25.6,26.5974025974026,7.504663557256208e-12,
32,robust,pulse25,0.25,7,0.25,113,672,24.893413111567497,25.3,31.75,0,0,0.2154138119990059,21.5,20.75,25.31147232878549,25.6,25.28395061728395,0.00021193062640645355,
32,robust,pulse25,0.25,7,0.25,114,672,27.77622827887535,27.9,28.75,1,1,0.0007190387454742986,28.75,28.75,27.904220468843643,28.444444444444443,27.816638370118845,7.520728995125125e-8,
32,robust,pulse25,0.25,7,0.25,115,672,23.430038234218955,23.6,28,0,0,0.0357067232248649,19.5,22.75,23.58859373131454,23.272727272727273,23.57410071942446,0.0000050284037486081345,
32,robust,pulse25,0.25,7,0.25,116,672,24.687077274546027,20.6,31.75,0,0,0.08958865940846106,26,27,20.620572112032953,0.5300207039337475,0.5305355870733761,0.03806923922563343,
32,robust,pulse25,0.25,7,0.25,117,672,21.896461706608534,21.95,31.75,0,0,0.25351444942143764,20.75,20.75,21.969920006991288,11.130434782608695,11.062795408507766,0.0014923855906089356,
32,robust,pulse25,0.25,7,0.25,118,672,23.005539344623685,23.75,31.5,0,0,0.10099762030219306,23.75,27.5,23.72739456535905,0.9481481481481482,0.9484225759768452,0.00424362868235062,
32,robust,pulse25,0.25,7,0.25,119,672,23.546269351616502,23.1,30.25,0,0,0.07865629297082422,30.25,23.75,23.113002238060407,12.19047619047619,11.941690962099125,0.0072531573156064955,
32,robust,pulse25,0.25,7,0.25,120,672,25.466195601969957,25.75,25.5,1,1,0.000031385571705233595,25.5,25.25,25.739904907610065,12.8,12.750194552529184,0.000023983912843306143,
32,robust,pulse25,0.25,7,0.25,121,672,22.377615556120872,22.4,31.25,0,0,0.10941037004144305,19.25,27.25,22.392321483091788,0.5778781038374717,0.5775928928999506,0.012079197984941059,
32,robust,pulse25,0.25,7,0.25,122,672,22.83603237941861,22.6,31.25,0,0,0.07168400729559554,22.5,22.5,22.577887032728903,23.272727272727273,22.56749311294766,5.264002552740621e-7,
32,robust,pulse25,0.25,7,0.25,123,672,20.295947903767228,20.2,30.25,0,0,0.12180560073996394,20.25,27.75,20.205436238814578,19.692307692307693,20.22716049382716,0.00006870886563159484,
32,robust,pulse25,0.25,7,0.25,124,672,26.516993107274175,27.200000000000003,27.5,0,0,0.004793196044139081,27.5,27.25,27.215005777309532,13.473684210526315,13.507007419620775,0.0018289516584164556,
32,robust,pulse25,0.25,7,0.25,125,672,23.187262684106827,22.95,31.75,0,1,0.09654084943447183,22.5,22.5,22.92735401162997,11.636363636363637,11.417421602787456,0.008618907559878819,
32,robust,pulse25,0.25,7,0.25,126,672,27.18178061209619,28.450000000000003,27,0,0,0.015182413462027311,27,27,28.45936692112763,28.444444444444443,28.346020761245676,0.001406322143918115,
32,robust,pulse25,0.25,7,0.25,127,672,27.013003142550588,26.55,27.5,0,0,0.002582321533453502,27.5,27,26.543713677550347,25.6,26.511326860841425,5.713148232278087e-7,
32,robust,pulse25,0.25,7,0.25,128,672,22.543484846130013,22.65,28,0,1,0.038538134346102426,22.5,20.75,22.635407711766625,23.272727272727273,22.661134163208853,0.00001647871133836354,
32,robust,pulse25,0.25,7,0.25,129,672,23.54517044685781,29.05,31.75,0,0,0.06501872831178634,23.5,23.75,29.02599603501607,11.636363636363637,11.915636363636363,0.041851091064981416,
32,robust,pulse25,0.25,7,0.25,130,672,26.386871371418238,26.55,32,0,0,0.02084649563685359,26.5,26,26.567381496430638,25.6,0.5812608649377372,0.00007695302370935853,
32,robust,pulse25,0.25,7,0.25,131,672,27.680954184383154,27.950000000000003,30.25,0,0,0.009572084909875045,30.25,23.75,27.963668003065496,7.529411764705882,7.539806718821906,0.005349583865528973,
32,robust,pulse25,0.25,7,0.25,132,672,26.768867837265134,26.75,32,0,0,0.04658845350067664,26,22.75,26.729461632832365,0.7398843930635838,26.77124183006536,0.00035806667976534534,
32,robust,pulse25,0.25,7,0.25,133,672,25.8285597153008,27,25.5,0,0,0.0016738090413846995,25.5,27.5,26.988138008598106,0.5925925925925926,12.941548183254344,0.00885938106605677,
32,robust,pulse25,0.25,7,0.25,134,672,25.69306463561952,26.3,25.75,1,1,0.0003596160707750595,25.75,25.75,26.27835358897509,25.6,26.298555377207062,0.0006194868597726444,
32,robust,pulse25,0.25,7,0.25,135,672,22.458669163286686,21.85,32,0,0,0.08903287681179384,21.5,30,21.826961313053268,21.333333333333332,21.81624500665779,0.0002256565112206399,
32,robust,pulse25,0.25,7,0.25,136,672,20.094984114170074,19.85,31.5,0,0,0.21950513101468894,19.75,27.75,19.872142731341185,19.692307692307693,19.907654921020654,0.00004290834639353314,
32,robust,pulse25,0.25,7,0.25,137,672,21.36551941372454,21.5,30.25,0,0,0.17443719737045638,22.5,29.75,21.525825160397993,21.333333333333332,21.529566360052563,1.8687188807486876e-7,
32,robust,pulse25,0.25,7,0.25,138,672,27.024912647902966,27.05,26.25,1,1,0.0003181000801680822,26.25,27.5,27.071703633405534,28.444444444444443,27.08099173553719,0.0000013591095916476448,
32,robust,pulse25,0.25,7,0.25,139,672,20.64634970575571,20.2,32,0,0,0.12954554646337801,19.25,27.25,20.181416127897453,19.692307692307693,20.177339901477833,0.00039203303817203494,
32,robust,pulse25,0.25,7,0.25,140,672,23.632157139480114,24.1,24.5,0,0,0.002920504120371703,24.5,20.75,24.123572396782354,12.19047619047619,12.038207200587802,0.00017215111673518635,
32,robust,pulse25,0.25,7,0.25,141,672,27.763924300670624,28.1,27.5,1,1,0.00041609403963249747,27.5,27.5,28.116308130047713,28.444444444444443,28.248275862068965,0.00010559309562818697,
32,robust,pulse25,0.25,7,0.25,142,672,26.714698875322938,25.95,26,1,1,0.000259652094985241,26,25.75,25.93920700299928,25.6,26.006349206349206,0.0001739878709062781,
32,robust,pulse25,0.25,7,0.25,143,672,22.198925303295255,21.8,32,0,0,0.08442327287614448,24.75,22.25,21.821220401663016,21.333333333333332,21.845333333333333,0.0004013808031549937,
32,robust,pulse25,0.25,7,0.25,144,672,23.215636922046542,24.1,29.5,0,0,0.043661898349607986,29.5,29.5,24.092664269800206,23.272727272727273,24.058737151248163,0.0011877681125458395,
32,robust,pulse25,0.25,7,0.25,145,672,21.850097244605422,22.1,31.5,0,0,0.06799741843493745,22,31.5,22.107861454499194,11.130434782608695,11.100271002710027,0.0013835419157113282,
32,robust,pulse25,0.25,7,0.25,146,672,20.84211541339755,20.5,30.75,0,0,0.07740875877935693,21,23.75,20.484404266818323,21.333333333333332,20.505632040050063,0.000005445458100994394,
32,robust,pulse25,0.25,7,0.25,147,672,22.32588361762464,21.95,32,0,1,0.22782310397984562,22.25,27.5,21.964230811311392,21.333333333333332,21.962466487935657,0.0000021909646980011743,
32,robust,pulse25,0.25,7,0.25,148,672,24.673227053135633,21.45,32,0,0,0.0834260944684696,26.5,32,21.447016901997394,4.923076923076923,5.373565103312561,0.18076144094080793,
32,robust,pulse25,0.25,7,0.25,149,672,21.50837955623865,21.95,31,0,0,0.06359635129338892,22.75,32,21.94922932323148,21.333333333333332,21.962466487935657,0.0000611379800220524,
32,robust,pulse25,0.25,7,0.25,150,672,24.847677499055862,27.85,28.75,0,0,0.036019462546927894,24.25,28.75,27.858246014264278,4.266666666666667,4.251167618059159,0.05442769854939533,
32,robust,pulse25,0.25,7,0.25,151,672,27.465053683146834,27.8,27.75,1,1,0.00005371993328007196,27.75,27.75,27.811696425173984,28.444444444444443,27.86394557823129,2.5348880772213533e-9,
32,robust,pulse25,0.25,7,0.25,152,672,21.774848751723766,21.2,29.25,0,0,0.05230054075683066,24.5,20.75,21.196337240621155,21.333333333333332,0.9434527237130024,0.009516278781616205,
32,robust,pulse25,0.25,7,0.25,153,672,20.978916004300117,20.95,31,0,0,0.10142618525804392,20.75,26.5,20.948488623294924,21.333333333333332,20.978233034571062,0.000003560468148533502,
32,robust,pulse25,0.25,7,0.25,154,672,22.01654546521604,22.2,31.25,0,0,0.1484325951237313,21.75,27,22.19009896186765,0.89198606271777,2.198604401502952,0.01106713333836351,
32,robust,pulse25,0.25,7,0.25,155,672,27.707927085459232,27.700000000000003,31,0,0,0.08572993268718454,25.5,25.5,27.698321577008876,6.4,6.372617658498639,0.0036465473309306162,
32,robust,pulse25,0.25,7,0.25,156,672,25.41695429198444,25.75,25.5,0,0,0.001968354721052612,25.5,25.5,25.74049378171563,25.6,25.842271293375394,0.000035388748509390666,
32,robust,pulse25,0.25,7,0.25,157,672,23.782539466395974,24.2,30.75,0,0,0.2853853168245436,23,27.75,24.18756838840113,23.272727272727273,24.27259259259259,0.0000019193429198205436,
32,robust,pulse25,0.25,7,0.25,158,672,26.60732069797814,26.5,29.25,0,0,0.02136835057517461,26,26.5,26.480241691716465,0.5517241379310345,26.511326860841425,0.000008990672806796773,
32,robust,pulse25,0.25,7,0.25,159,672,25.159182608127594,25.7,26.75,0,0,0.027007398774455127,26.75,25.25,25.690489118565583,25.6,25.761006289308177,0.0013975140430231292,
32,robust,pulse25,0.25,7,0.25,160,672,23.836591543629766,24.35,24.5,1,1,0.000396955110899766,24.5,23.5,24.345457496798613,23.272727272727273,24.30860534124629,0.00007458168598817316,
32,robust,pulse25,0.25,7,0.25,161,672,21.270462663844228,21.5,31.5,0,0,0.06781743755730707,27.5,21.75,21.478196120029875,0.6881720430107527,0.6882587691661416,0.012442581757512117,
32,robust,pulse25,0.25,7,0.25,162,672,24.218065390363336,23.9,31.25,0,0,0.08471095010600682,23.5,23.75,23.906908990020572,23.272727272727273,23.848617176128094,0.0000034911638732149086,
32,robust,pulse25,0.25,7,0.25,163,672,23.735416740179062,23.85,29.5,0,0,0.006131921099110982,23.75,29.5,23.841929789100355,12.19047619047619,12.073691967575535,0.022596054328402615,
32,robust,pulse25,0.25,7,0.25,164,672,23.941933261230588,23.6,31.5,0,0,0.15254051267669855,24,23.5,23.588973105591844,23.272727272727273,23.642135642135642,0.0000026381463978930597,
32,robust,pulse25,0.25,7,0.25,165,672,25.697079569101334,26.1,26.5,1,1,0.000412115380454825,26.5,26.5,26.085193878481082,25.6,26.089171974522294,0.00013206762983652975,
32,robust,pulse25,0.25,7,0.25,166,672,26.90155916288495,27.3,30.25,0,0,0.07973268826536273,26.5,30,27.283061992412772,0.540084388185654,0.5404585188850404,0.0032520581649768676,
32,robust,pulse25,0.25,7,0.25,167,672,23.999635204672813,23.25,31.5,0,0,0.09858001259615601,22.75,27.75,23.26682491197104,23.272727272727273,23.272727272727273,0.00003366075987898398,
32,robust,pulse25,0.25,7,0.25,168,672,27.584838496521115,26.700000000000003,27.75,0,0,0.005121673908402791,26.75,27,26.657220190957453,13.473684210526315,13.74496644295302,0.0007888379973935988,
32,robust,pulse25,0.25,7,0.25,169,672,23.638978209346533,23.5,31.5,0,0,0.0651871268287455,24,23.75,23.476917060292973,23.272727272727273,23.472779369627506,1.4889303645571061e-7,
32,robust,pulse25,0.25,7,0.25,170,672,21.47296366095543,21.7,29.25,0,0,0.01323448712825337,21,21.25,21.68783862744652,21.333333333333332,21.70066225165563,0.00021205473114649376,
32,robust,pulse25,0.25,7,0.25,171,672,23.977678935974836,23.95,27.75,0,0,0.01719612036621221,25.75,23.75,23.947440885672965,23.272727272727273,23.88338192419825,0.0011266016664681633,
32,robust,pulse25,0.25,7,0.25,172,672,22.15811000019312,22.2,31.25,0,1,0.10232887438418004,22.25,22.25,22.183981080918628,21.333333333333332,22.170500676589988,1.0482239332088028e-7,
32,robust,pulse25,0.25,7,0.25,173,672,24.96068356372416,25.95,26.5,0,0,0.005872045692613903,24.75,26.5,25.94812525730598,25.6,26.047694753577108,0.0003095365492813418,
32,robust,pulse25,0.25,7,0.25,174,672,26.94258432276547,26.5,27,0,0,0.004682788897513945,26.75,27.75,26.48678106432922,13.473684210526315,26.554294975688816,0.00004270244767257125,
32,robust,pulse25,0.25,7,0.25,175,672,20.611935526132584,21.35,30.25,0,0,0.05941842424104149,20.5,20.5,21.37523504742805,10.24,10.233603997501561,0.015206895647317031,
32,robust,pulse25,0.25,7,0.25,176,672,26.32935158163309,26.700000000000003,26.75,1,1,0.0002779865059806541,26.75,27.5,26.694834695728193,25.6,26.684039087947884,1.1994125204140005e-7,
32,robust,pulse25,0.25,7,0.25,177,672,25.070923311635852,26.25,31.75,0,0,0.04737671001542576,31.75,31.75,26.265370218708274,0.579185520361991,0.5792059956870648,0.14931959027008257,
32,robust,pulse25,0.25,7,0.25,178,672,26.86397074908018,27.25,26.25,0,0,0.002181059169798605,26.25,27.75,27.252532770534426,0.9770992366412213,27.21594684385382,0.0005331973452077365,
32,robust,pulse25,0.25,7,0.25,179,672,20.1887798756361,20.6,30.5,0,0,0.056607225537577355,20.75,20,20.610909281589215,21.333333333333332,20.60880503144654,0.000025180840151461936,
32,robust,pulse25,0.25,7,0.25,180,672,26.693576289340854,27.450000000000003,26.75,0,0,0.0020640051079302557,26.75,27.5,27.43777949754027,0.5446808510638298,0.54522462562396,0.0006877078072471399,
32,robust,pulse25,0.25,7,0.25,181,672,20.95501912944019,20.65,32,0,0,0.05415417698441993,25.25,27.75,20.659192063434666,21.333333333333332,20.634760705289672,0.0000365236171032679,
32,robust,pulse25,0.25,7,0.25,182,672,22.436601923778653,22.6,22.5,1,1,0.00020229503230517754,22.5,22.5,22.595231927306084,23.272727272727273,22.536451169188446,0.0000014243623410736816,
32,robust,pulse25,0.25,7,0.25,183,672,21.772851042449474,23.25,31,0,0,0.034054137075394064,31,31,23.236612171204044,2.206896551724138,55.351351351351354,0.3123662843881039,
32,robust,pulse25,0.25,7,0.25,184,672,24.4364444129169,24.8,27.25,0,1,0.0045883302286438,24.25,27.25,24.80227758047305,25.6,24.786686838124055,1.802182671983843e-7,
32,robust,pulse25,0.25,7,0.25,185,672,23.094178752973676,23.75,30.5,0,0,0.11145296167323604,24.75,20.5,23.763250844273884,23.272727272727273,11.393602225312934,0.00029666443383535857,
32,robust,pulse25,0.25,7,0.25,186,672,24.93647480942309,24.5,25,1,1,0.00017717283375517923,25,23.75,24.513311082153685,25.6,24.453731343283582,1.2907168644993305e-7,
32,robust,pulse25,0.25,7,0.25,187,672,24.570439465343952,24.85,25.75,0,0,0.008436705374865183,25.75,22.5,24.846707988288617,25.6,24.824242424242424,0.000056747603234375,
32,robust,pulse25,0.25,7,0.25,188,672,20.70558237656951,20.6,31.5,0,1,0.21990541978114841,21.25,21.25,20.60693676046148,4.129032258064516,20.60880503144654,0.00028691378572620607,
32,robust,pulse25,0.25,7,0.25,189,672,23.30527570657432,23.3,30.5,0,0,0.22450906652602853,23.5,27,23.30720397367237,0.7170868347338936,0.7169926917859175,0.0020006238311344182,
32,robust,pulse25,0.25,7,0.25,190,672,21.723881935700774,21.9,32,0,0,0.04566631079115113,32,27.25,21.923940972320423,10.666666666666666,0.8410677618069815,0.010787088754192653,
32,robust,pulse25,0.25,7,0.25,191,672,20.40963820554316,20.2,32,0,0,0.07765292536766599,26.75,32,20.191502265204576,0.5565217391304348,0.5563516587999593,0.019252644343848213,
32,robust,pulse25,0.25,7,0.25,192,672,26.001444777473807,26.200000000000003,26.25,0,0,0.0013058417038180892,26.25,26.25,26.196245845726708,25.6,26.340836012861736,0.000020153868131478347,
32,robust,pulse25,0.25,7,0.25,193,672,22.60235351510346,23.25,32,0,0,0.16399234639426274,22.5,27.75,23.262147773481413,23.272727272727273,23.272727272727273,0.0008810803455364669,
32,robust,pulse25,0.25,7,0.25,194,672,22.314332209527493,22.05,32,0,0,0.05302497459084077,22.75,32,22.075426191789038,0.8421052631578947,0.8417591450883682,0.0025392066810712155,
32,robust,pulse25,0.25,7,0.25,195,672,25.825558114796877,25.8,29.5,0,0,0.018708061594370662,29.5,27.75,25.81403919783662,25.6,25.801574803149606,0.000027192635529860176,
32,robust,pulse25,0.25,7,0.25,196,672,27.19058491848409,27.3,26.75,0,0,0.003628387148858492,26.75,26.75,27.307376650501133,28.444444444444443,27.352253756260435,0.00005916096277780447,
32,robust,pulse25,0.25,7,0.25,197,672,22.038281232118607,22,28,1,1,0.0008104419093482029,28,28,22.018649637266023,0.8797250859106529,6.815307820299501,0.0032069454026196764,
32,robust,pulse25,0.25,7,0.25,198,672,27.44926556944847,27.1,28.25,0,1,0.0011257458774053264,27.5,27.25,27.08028876029554,28.444444444444443,27.125827814569536,3.1526142807436486e-9,
32,robust,pulse25,0.25,7,0.25,199,672,23.041347274556756,22.85,31.5,0,1,0.012916064909267333,23.75,23.75,22.861031297712614,23.272727272727273,22.850767085076708,0.000017937603085660392,
38,robust,random20,0.25,7,1,0,522,27.37287905998528,27.35,27.25,1,1,9.547918011776346e-14,27.25,27.75,27.328615144850026,27.475367882277673,27.26238053435304,0,
38,robust,random20,0.25,7,1,1,543,22.320812111720443,22.25,22.5,1,1,1.1102230246251565e-15,22.5,22.5,22.230090314425944,22.637849235635212,22.240693985887226,0,
38,robust,random20,0.25,7,1,2,520,24.229877514764667,24.4,24.25,1,1,1.7985612998927536e-14,24.25,24.25,24.422331276627446,23.641067987888796,24.23615207911712,0,
38,robust,random20,0.25,7,1,3,531,24.20799609273672,24.1,24,1,1,5.551115123125783e-16,24,24,24.09547365690875,24.85689404934688,24.103654835730307,0,
38,robust,random20,0.25,7,1,4,546,21.261638371273875,21.3,21.25,1,1,1.887379141862766e-15,21.25,21.25,21.296762776379882,20.949724770642202,21.214911160144002,0,
38,robust,random20,0.25,7,1,5,547,23.269687509164214,23.2,23.25,1,1,0,23.25,23.25,23.209988353861753,24.164553395322624,23.323559657666387,0,
38,robust,random20,0.25,7,1,6,545,21.484769839793444,21.65,21.75,1,1,3.6637359812630166e-15,21.75,21.75,21.65517109043524,21.019607843137255,21.651098207523354,0,
38,robust,random20,0.25,7,1,7,533,27.233392026275396,27.15,26.5,1,1,0,26.5,27.5,27.136662640706994,26.8671679197995,27.078720423105008,0,
38,robust,random20,0.25,7,1,8,541,26.909840853884816,26.85,27,1,1,1.4843681839238343e-13,27,27.75,26.842626511814746,26.469135802469136,26.81833284471807,0,
38,robust,random20,0.25,7,1,9,527,27.407122364267707,27.5,27.75,1,1,3.375077994860476e-14,27.75,27,27.503688402216515,27.214195183776933,27.285250523682354,0,
38,robust,random20,0.25,7,1,10,561,25.54276103898883,25.45,25,1,1,0,25,25.75,25.44415482615143,25.56190476190476,25.899133056916696,0,
38,robust,random20,0.25,7,1,11,538,24.06798923946917,23.85,24,1,1,1.2212453270876722e-15,23.75,24,23.86556945205084,22.84862995477521,23.64015293242331,0,
38,robust,random20,0.25,7,1,12,516,27.857282124459743,28.15,28.25,1,1,1.4066525722000733e-13,28.25,27.5,28.150081019721625,27.79546925566343,27.72327323162275,0,
38,robust,random20,0.25,7,1,13,535,27.69801053032279,27.75,28.25,1,1,2.1316282072803006e-14,28,27.75,27.730782103358678,26.726591760299627,27.663103061873468,0,
38,robust,random20,0.25,7,1,14,553,25.87361871264875,25.9,26,1,1,9.769962616701378e-15,26,26.25,25.89565541546635,25.932367149758452,25.89864495580558,0,
38,robust,random20,0.25,7,1,15,557,21.279068553820252,21.3,21.25,1,1,3.3306690738754696e-16,21,21.25,21.294916342898,22.067831449126412,21.399109284001373,0,
38,robust,random20,0.25,7,1,16,540,24.371087789535522,24.4,24.25,1,1,0,24.25,24.25,24.3978884574716,24.40530897673755,24.230569294326543,0,
38,robust,random20,0.25,7,1,17,544,21.978093326091766,22.1,22.25,1,1,1.3167245072054357e-13,22,22,22.098587018488914,22.59615890555117,22.00669389062375,0,
38,robust,random20,0.25,7,1,18,526,24.664936566725373,24.6,24.25,1,1,4.9960036108132044e-15,24.25,24.25,24.575648161895565,25.16864468864469,24.635661624649863,0,
38,robust,random20,0.25,7,1,19,540,21.020458217710257,21.1,20.75,1,1,1.9984014443252818e-15,20.75,21,21.08677811815731,21.182931354359926,21.05136035215893,0,
38,robust,random20,0.25,7,1,20,542,22.742917904630303,22.7,23.25,1,1,3.930189507173054e-14,22.75,22.75,22.719067255122642,22.67969368893583,23.092051756007393,0,
38,robust,random20,0.25,7,1,21,537,23.300227789208293,23.3,23.25,1,1,0,23,23.5,23.302944991047255,22.891257995735607,23.20199905450125,0,
38,robust,random20,0.25,7,1,22,534,20.02900588698685,20.05,19.75,1,1,1.3322676295501878e-15,19.75,20.25,20.06133771658291,20.112570356472794,19.803146197142443,0,
38,robust,random20,0.25,7,1,23,531,21.569634988904,21.55,21.5,1,1,0,21.5,21.5,21.547508721620925,21.574842767295596,21.35242170783894,0,
38,robust,random20,0.25,7,1,24,539,26.937706919386983,26.9,27,1,1,4.3076653355456074e-14,26.5,27.5,26.894372080546148,26.607187112763324,26.958205412404,0,
38,robust,random20,0.25,7,1,25,523,24.71650747023523,24.65,24.75,1,1,0,24.75,24.75,24.67705118517007,25.313292071912763,24.43231902996684,0,
38,robust,random20,0.25,7,1,26,545,22.38742729090154,22.4,22.5,1,1,5.218048215738236e-15,22.5,22.5,22.411397452430776,22.554621848739494,22.605079615738912,0,
38,robust,random20,0.25,7,1,27,533,24.09699330292642,24.25,24.25,1,1,0,24.25,24.5,24.243098387067597,24.83747831116252,24.14110041458787,0,
38,robust,random20,0.25,7,1,28,549,25.337663527578115,25.2,25.5,1,1,2.915445662665661e-13,24.5,24.5,25.207589540632036,26.082725060827247,25.22863078931401,0,
38,robust,random20,0.25,7,1,29,549,24.51048312895,24.45,24.5,1,1,0,24.5,24.5,24.461875290537893,24.112296462661426,24.645492207536,0,
38,robust,random20,0.25,7,1,30,543,24.28688425011933,24.2,24.25,1,1,2.5979218776228663e-14,24.25,24.25,24.190911534013388,24.270224240703946,23.981979297227653,0,
38,robust,random20,0.25,7,1,31,552,26.420497607439756,26.35,26.25,1,1,0,26.25,26.25,26.328200165629646,25.979431336963096,25.84482288443997,0,
38,robust,random20,0.25,7,1,32,558,20.63442576304078,20.7,21,1,1,2.1094237467877974e-15,20.5,21,20.684908206460545,20.55966487133453,20.797975001560744,0,
38,robust,random20,0.25,7,1,33,541,22.958898182958364,22.9,22.75,1,1,1.4875656262347547e-11,22.75,22.75,22.882623520926252,22.72169312169312,22.926393059726394,0,
38,robust,random20,0.25,7,1,34,533,23.1469383854419,23.15,23.25,1,1,3.1086244689504383e-15,23.25,23,23.12887933809941,23.06337271750806,23.012006631277526,0,
38,robust,random20,0.25,7,1,35,542,26.539848184213042,26.700000000000003,26.75,1,1,6.59472476627343e-14,26,26.75,26.6717576541625,26.380776340110906,27.013914972273568,0,
38,robust,random20,0.25,7,1,36,532,20.95690750516951,21.05,21.5,1,1,3.852473895449293e-14,21.5,21,21.069016131834978,21.56635279347144,20.955160609041076,0,
38,robust,random20,0.25,7,1,37,537,26.537573961541057,26.200000000000003,26.5,1,1,4.973799150320701e-13,26.25,26.25,26.21753409310019,26.70646766169154,26.431143252808123,0,
38,robust,random20,0.25,7,1,38,539,22.87726570852101,22.85,22.75,1,1,1.0114131754335176e-13,22.75,22.75,22.85292158376477,22.806160382368564,23.06356625575873,0,
38,robust,random20,0.25,7,1,39,532,20.692047303542495,20.7,20.75,1,1,1.5001333508735115e-12,20.75,21.25,20.710723225995288,20.218455743879474,20.87066399368204,0,
38,robust,random20,0.25,7,1,40,545,24.29854410327971,24.45,24.5,1,1,4.085620730620576e-14,24.5,24.5,24.448772747251382,24.28959276018099,24.231344336295667,0,
38,robust,random20,0.25,7,1,41,526,26.831757586449385,27.1,27,1,1,8.204548151979907e-14,27,26.75,27.084316053813353,27.266031746031747,27.33722242944175,0,
38,robust,random20,0.25,7,1,42,552,25.322488790377975,25.3,25.5,1,1,5.551115123125783e-16,25.5,25.5,25.29018851933965,25.979431336963096,25.320054907090935,0,
38,robust,random20,0.25,7,1,43,535,25.93268033489585,26.15,26.25,1,1,5.662137425588298e-15,26.25,26.25,26.167586348583125,26.806491885143576,25.928697440541896,0,
38,robust,random20,0.25,7,1,44,521,25.535534298047423,25.35,25,1,1,3.885780586188048e-15,25,25.25,25.368515875625697,25.410650887573965,25.04936201239519,0,
38,robust,random20,0.25,7,1,45,536,27.516405636444688,27.35,27.25,1,1,0,27.25,27.25,27.32649950744257,26.75638629283489,27.69394160767816,0,
38,robust,random20,0.25,7,1,46,536,26.32018383592367,26.35,26.75,1,1,4.440892098500626e-16,26.25,26.25,26.3684929386369,26.75638629283489,26.210337592981116,0,
38,robust,random20,0.25,7,1,47,536,23.91956658102572,24.3,25,1,1,8.260059303211165e-14,24.25,23.75,24.302429425016946,24.69820273184759,24.11843271466807,0,
38,robust,random20,0.25,7,1,48,530,23.15073805861175,23.2,23.5,1,1,2.220446049250313e-16,23.5,23.25,23.211892629501424,23.194166891709425,23.40312335019329,0,
38,robust,random20,0.25,7,1,49,544,27.114642972126603,27.05,27.5,1,1,1.021405182655144e-14,27.5,27,27.04766174123139,26.3621853898097,26.851668938161605,0,
38,robust,random20,0.25,7,1,50,552,20.20079481601715,20.15,20,1,1,0,20,20,20.129869907451003,19.42649727767695,20.05315848018266,0,
38,robust,random20,0.25,7,1,51,536,25.65501339919865,25.7,26,1,1,2.8765878568037806e-13,25.5,25.5,25.70999140116015,24.661394680086264,25.520249221183796,0,
38,robust,random20,0.25,7,1,52,531,20.20274237729609,20.2,20.25,1,1,0,20,20,20.207591105282855,20.256603773584906,20.3360414354421,0,
38,robust,random20,0.25,7,1,53,550,22.894727364182472,22.95,23.25,1,1,5.551115123125783e-16,23.25,23.25,22.968030980033934,22.34920634920635,22.652589240824536,0,
38,robust,random20,0.25,7,1,54,534,23.8033257573843,23.85,23.5,1,1,1.1879386363489175e-14,23.5,23.5,23.84920777386331,22.985794693111767,23.727271941276662,0,
38,robust,random20,0.25,7,1,55,554,26.51056820526719,26.450000000000003,27,1,1,1.765254609153999e-14,26,26.75,26.464063964755532,25.885473176612415,26.29635370322531,0,
38,robust,random20,0.25,7,1,56,542,21.51403708010912,21.55,21.5,1,1,4.107825191113079e-15,21.5,21.5,21.552177205845812,21.16771410967344,21.435659857897157,0,
38,robust,random20,0.25,7,1,57,534,24.949238188564777,24.9,24.75,1,1,3.3306690738754696e-16,24.75,24.75,24.87812101321623,24.790878914706305,24.790878914706305,0,
38,robust,random20,0.25,7,1,58,548,24.254133572801948,24.25,24.25,1,1,6.261657858885883e-14,24.25,24.25,24.254902227185156,24.15637744339756,24.390905379741223,0,
38,robust,random20,0.25,7,1,59,540,25.247719071805477,25.2,25,1,1,6.372680161348399e-14,25,25.25,25.193870964158744,24.5149136577708,24.934484307170298,0,
38,robust,random20,0.25,7,1,60,547,21.575045239180326,21.5,21.25,1,1,0,21.25,21.25,21.523551645039568,20.973870573870574,21.329359905631094,0,
38,robust,random20,0.25,7,1,61,518,22.057593354955316,22.1,22.5,1,1,0,22.5,22.25,22.111638305584087,22.117343649258544,22.071361645829732,0,
38,robust,random20,0.25,7,1,62,534,21.080808440223336,21.15,20.75,1,1,0,20.75,21.25,21.137374427532162,21.485428392745465,21.22017619036589,0,
38,robust,random20,0.25,7,1,63,531,25.766999350860715,25.95,26,1,1,1.1102230246251565e-15,25.5,26,25.938724714501507,27.008805031446542,25.993436421241785,0,
38,robust,random20,0.25,7,1,64,541,22.441232077777386,22.25,22,1,1,1.212141498285746e-12,22,22.5,22.266450665558054,21.17530864197531,21.905491698595146,0,
38,robust,random20,0.25,7,1,65,538,21.595023181289434,21.5,21.75,1,1,0,21.5,20.75,21.497518070326866,21.293606455617624,21.117626236976157,0,
38,robust,random20,0.25,7,1,66,551,23.97202667593956,24.05,23.75,1,1,1.4432899320127035e-15,23.75,24.5,24.063405252043648,24.024615384615384,24.316885644768856,0,
38,robust,random20,0.25,7,1,67,519,20.30545872077346,20.15,20.25,1,1,0,20.25,20,20.16571316742379,20.694980694980696,20.067860067860067,0,
38,robust,random20,0.25,7,1,68,543,22.379095954820514,22.35,22.5,1,1,0,22.5,22.5,22.36718129305453,22.637849235635212,22.240693985887226,0,
38,robust,random20,0.25,7,1,69,524,20.413842272013426,20.4,20.25,1,1,3.552713678800501e-15,20.25,20.25,20.39470628934613,20.497131931166347,20.06602590584545,0,
38,robust,random20,0.25,7,1,70,544,27.274314122274518,27.200000000000003,27.5,1,1,2.897793116574121e-12,27,27.75,27.200115233676254,26.3621853898097,26.99487783916513,0,
38,robust,random20,0.25,7,1,71,528,26.50172534584999,26.55,27,1,1,4.440892098500626e-16,27,26.5,26.53705286407689,27.162555344718534,26.608217480540606,0,
38,robust,random20,0.25,7,1,72,534,20.37690693512559,20.25,20.25,1,1,4.440892098500626e-16,20.25,20.25,20.22587052464695,20.112570356472794,19.956658958360602,0,
38,robust,random20,0.25,7,1,73,545,23.8370553329587,23.9,23.5,1,1,0,23.5,24.25,23.920934331221048,24.28959276018099,24.17337461300309,0,
38,robust,random20,0.25,7,1,74,523,24.347144715487957,24.35,25,1,1,1.5432100042289676e-14,23.75,24.25,24.3611561049084,23.505199781061847,24.207654027392433,0,
38,robust,random20,0.25,7,1,75,544,21.335562229156494,21.2,21.25,1,1,4.440892098500626e-16,21.25,21.25,21.20367539511191,21.08974831184776,21.222388238337366,0,
38,robust,random20,0.25,7,1,76,521,25.040104143321514,24.95,25,1,1,4.884981308350689e-15,25,25,24.966698732680698,25.372781065088763,24.77717587576743,0,
38,robust,random20,0.25,7,1,77,529,25.726111819967628,25.85,25.75,1,1,2.6201263381153694e-13,25.75,26,25.837434999120994,27.070707070707076,26.25038261401898,0,
38,robust,random20,0.25,7,1,78,539,22.444024661555886,22.5,22.5,1,1,0,22.5,22.5,22.512534464424586,22.806160382368564,22.704799669558035,0,
38,robust,random20,0.25,7,1,79,550,20.787196453660727,20.75,20.75,1,1,0,20.75,20.5,20.742834063881627,20.797085610200362,20.99390345509185,0,
38,robust,random20,0.25,7,1,80,525,25.512620674446225,25.45,25.5,1,1,1.965094753586527e-14,25.5,25.5,25.456800937756743,25.216676453317678,25.461498554806198,0,
38,robust,random20,0.25,7,1,81,539,25.153060605749488,25.2,25,1,1,9.547918011776346e-15,25,25.25,25.180491166618932,24.45067200457535,24.869143163577863,0,
38,robust,random20,0.25,7,1,82,519,20.317759905010462,20.55,20.75,1,1,5.654365864415922e-13,20.25,20.25,20.55122104091758,20.725868725868725,20.367840283387306,0,
38,robust,random20,0.25,7,1,83,534,21.038130482658744,21.05,21.25,1,1,1.1213252548714081e-14,21.25,21.25,21.039983048365883,21.485428392745465,21.22017619036589,0,
38,robust,random20,0.25,7,1,84,547,23.778376135975122,23.6,23.5,1,1,1.5543122344752192e-15,23.5,23.75,23.57882463474871,24.200619892927588,23.467267774960085,0,
38,robust,random20,0.25,7,1,85,543,23.543184580281377,23.75,24,1,1,1.9984014443252818e-14,23.5,23.5,23.73145284878915,24.379222253760997,23.640457943040968,0,
38,robust,random20,0.25,7,1,86,549,27.982418317347765,28.05,28.25,1,1,2.475797344914099e-13,28.25,28.25,28.032129555248375,28.496350364963504,28.33535403521795,0,
38,robust,random20,0.25,7,1,87,547,21.228888895362616,21.35,21.75,1,1,1.3711254354120683e-13,21,21.75,21.36303006987159,20.942612942612943,21.252545903708693,0,
38,robust,random20,0.25,7,1,88,547,20.0171592310071,20.15,20.25,1,1,0,20.25,20.25,20.126481578613355,19.633699633699635,20.14519882255353,0,
38,robust,random20,0.25,7,1,89,533,24.139396922662854,24.2,24.5,1,1,1.1102230246251565e-16,24,24.5,24.21477966033206,24.83747831116252,24.084827453248508,0,
38,robust,random20,0.25,7,1,90,534,25.28229371830821,25.3,25,1,1,2.722266856380884e-13,25,24.75,25.300574888181604,24.716986578149807,25.201633373799805,0,
38,robust,random20,0.25,7,1,91,520,25.064181307330728,24.95,25,1,1,1.432187701766452e-14,24.75,24.75,24.958051193579973,25.42166888987698,24.70891181819819,0,
38,robust,random20,0.25,7,1,92,550,23.833747688680887,23.65,23.75,1,1,2.645661467681748e-13,23.75,23.25,23.640395193736286,24.06837606837607,23.44834764506896,0,
38,robust,random20,0.25,7,1,93,543,21.961373956874013,21.95,22,1,1,0,22,22,21.94660410423164,22.637849235635212,21.999471708383027,0,
38,robust,random20,0.25,7,1,94,543,20.188974587246776,20.25,20.25,1,1,2.220446049250313e-16,20.25,20.5,20.227293049100638,19.77859778597786,20.334622623334667,0,
38,robust,random20,0.25,7,1,95,544,24.52260561287403,24.55,24.75,1,1,3.665956427312267e-13,24.75,24.75,24.56643719788712,24.334324975208954,24.51108762636059,0,
38,robust,random20,0.25,7,1,96,514,21.3203928116709,21.25,21.25,1,1,8.215650382226158e-15,21.25,21.5,21.25497329858955,20.896686159844055,21.270583128906875,0,
38,robust,random20,0.25,7,1,97,548,21.50196312367916,21.5,21.5,1,1,0,21.5,21.5,21.478018367357084,20.904326630103593,21.349099537127074,0,
38,robust,random20,0.25,7,1,98,542,23.65564140677452,23.35,23.25,1,1,1.7763568394002505e-15,23.25,23.5,23.338123814707757,22.645893847372587,23.32266768648947,0,
38,robust,random20,0.25,7,1,99,534,20.97649235278368,21.1,21.25,1,1,0,21.25,21.25,21.10554902699102,21.485428392745465,20.876529612384257,0,
38,robust,random20,0.25,7,1,100,547,20.178327843546867,20.1,20.25,1,1,7.216449660063518e-15,20,20,20.12188363812705,19.663003663003664,20.297294103745717,0,
38,robust,random20,0.25,7,1,101,544,26.737560467794538,26.3,25.75,1,1,0,25.75,26.25,26.31343276978235,26.3621853898097,26.293712181005,0,
38,robust,random20,0.25,7,1,102,546,22.643842976540327,22.65,22.75,1,1,1.2212453270876722e-14,22.75,22.75,22.635689783890946,22.5132372214941,22.818846776537008,0,
38,robust,random20,0.25,7,1,103,547,26.915957329794765,26.75,26.5,1,1,4.440892098500626e-16,26.5,26.5,26.76159178827163,26.217338217338224,26.704132295644236,0,
38,robust,random20,0.25,7,1,104,540,20.890384262427688,20.75,20.75,1,1,0,20.75,20.75,20.737809183832674,21.24625850340136,20.60243248814677,0,
38,robust,random20,0.25,7,1,105,536,22.995890647172928,22.95,23,1,1,2.2537527399890678e-13,22.75,22.75,22.964857762421218,22.93404539385848,22.63095228292643,0,
38,robust,random20,0.25,7,1,106,553,27.988022979348898,28,28,1,1,0,28,27.75,28.024759843713415,28.24769433465086,27.852068363577317,0,
38,robust,random20,0.25,7,1,107,540,27.822751630097628,27.950000000000003,28,1,1,1.6797674362578618e-13,27.75,27.75,27.91934862371559,26.557823129251698,27.341029709470916,0,
38,robust,random20,0.25,7,1,108,555,20.272115917876363,20.25,20.25,1,1,0,20,20.25,20.231200623488203,20.640192539109506,20.095927827124875,0,
38,robust,random20,0.25,7,1,109,551,24.59157551638782,24.5,24.25,1,1,1.1102230246251565e-16,24.25,24.25,24.52198650414639,24.024615384615384,24.677135802469138,0,
38,robust,random20,0.25,7,1,110,534,21.982787175104022,21.9,21.75,1,1,0,21.75,21.75,21.90279986344564,21.485428392745465,22.17850672799532,0,
38,robust,random20,0.25,7,1,111,560,22.508789660409093,22.8,23,1,1,1.532107773982716e-14,22.75,22.75,22.7847062110959,23.60258703729187,22.860712939495734,0,
38,robust,random20,0.25,7,1,112,514,21.792601520195603,21.75,22,1,1,4.718447854656915e-14,21.75,21.75,21.760068253876327,22.289798570500324,21.9243920365577,0,
38,robust,random20,0.25,7,1,113,551,23.9476402644068,23.8,23.75,1,1,3.3306690738754696e-16,23.75,23.75,23.809733016901184,24.024615384615384,23.739287410926366,0,
38,robust,random20,0.25,7,1,114,545,21.53073793463409,21.45,21.5,1,1,0,21.5,21.5,21.442746217983025,21.050980392156863,21.498873591989987,0,
38,robust,random20,0.25,7,1,115,525,21.035367464646697,21.05,20.75,1,1,5.643263634169671e-13,20.75,20.75,21.053213870442182,21.85445292620865,21.192196776929602,0,
38,robust,random20,0.25,7,1,116,550,22.174805849790573,22.15,22.25,1,1,0,22.25,22,22.15776805160702,22.34920634920635,22.053842388644153,0,
38,robust,random20,0.25,7,1,117,531,20.83330237492919,21.1,21.25,1,1,7.993605777301127e-15,21.25,21.25,21.095995503071297,21.574842767295596,21.22115682029075,0,
38,robust,random20,0.25,7,1,118,529,22.755621396005154,22.55,23,1,1,1.4485079802284417e-12,22.5,22.75,22.546822588179293,23.238095238095234,22.533910533910532,0,
38,robust,random20,0.25,7,1,119,520,22.03744796104729,21.85,22,1,1,1.1102230246251565e-16,22,22,21.857770980721742,22.032113037893385,21.760111642363835,0,
38,robust,random20,0.25,7,1,120,541,27.19550698250532,27.15,27,1,1,1.532107773982716e-14,27,27.25,27.115861989274393,26.469135802469136,27.249726938734984,0,
38,robust,random20,0.25,7,1,121,546,21.65969491377473,21.55,21.5,1,1,0,21.5,21.5,21.57167198029163,22.5132372214941,21.736918696614993,0,
38,robust,random20,0.25,7,1,122,531,22.783220682293177,22.6,22.75,1,1,1.1102230246251565e-16,22.75,22.5,22.61575435075021,23.150404312668464,22.644936969597104,0,
38,robust,random20,0.25,7,1,123,523,21.546227145940065,21.65,21.5,1,1,0,21.5,21.5,21.630916565205265,20.56704980842912,21.18778571814026,0,
38,robust,random20,0.25,7,1,124,539,26.092584371566772,26.05,26,1,1,1.1102230246251565e-16,26,26,26.04495138059197,24.56048041178153,25.415820525624667,0,
38,robust,random20,0.25,7,1,125,524,23.839512886479497,23.85,24,1,1,5.551115123125783e-16,24,24,23.85397469566225,23.460256760447965,23.941218744147353,0,
38,robust,random20,0.25,7,1,126,526,21.199825685471296,21.2,21.25,1,1,4.440892098500626e-16,21.25,21.25,21.19403405379054,21.8128253968254,21.455238095238094,0,
38,robust,random20,0.25,7,1,127,545,25.186436342075467,25,25,1,1,0,25,25,24.998564960994667,24.28959276018099,25.198181018043126,0,
38,robust,random20,0.25,7,1,128,534,22.781219078227878,22.65,22.75,1,1,5.051514762044462e-14,22.25,22.5,22.65071794774627,23.02010184937014,22.566751922358474,0,
38,robust,random20,0.25,7,1,129,537,20.043456291779876,19.9,20.25,1,1,0,20.25,20,19.913200211195527,20.029850746268657,19.608572814702775,0,
38,robust,random20,0.25,7,1,130,536,20.173809833824635,20.2,20.25,1,1,0,20.25,20.25,20.200377995289216,20.067289719626167,20.265191985105716,0,
38,robust,random20,0.25,7,1,131,541,21.64526961557567,21.75,22.25,1,1,2.801670007102075e-11,22,21.75,21.749124655761687,21.206913580246912,21.47535552430067,0,
38,robust,random20,0.25,7,1,132,544,24.756433587521315,24.7,24.5,1,1,3.6637359812630166e-15,24.5,25,24.727218542042895,24.334324975208954,24.75080486476021,0,
38,robust,random20,0.25,7,1,133,540,27.180703537538648,27.1,27.75,1,1,3.11972669919669e-13,27,27,27.121869328494004,26.557823129251698,27.122883195831523,0,
38,robust,random20,0.25,7,1,134,549,22.704829452559352,22.5,22.75,1,1,0,22.5,22.5,22.503492438535943,22.356621480709066,23.024750398523363,0,
38,robust,random20,0.25,7,1,135,549,20.19087302684784,20.2,20,1,1,9.903189379656396e-14,20,20.25,20.201547955256483,20.897323600973237,20.264071370640714,0,
38,robust,random20,0.25,7,1,136,520,22.20791955292225,22.3,22.5,1,1,9.892087149410145e-14,22.5,22.5,22.277387686277674,22.06499678869621,22.486620931155375,0,
38,robust,random20,0.25,7,1,137,536,24.69658261910081,24.5,24,1,1,2.55351295663786e-15,24,24.25,24.509024649875155,24.69820273184759,25.18248121678578,0,
38,robust,random20,0.25,7,1,138,548,20.808661920949817,20.9,21.25,1,1,0,21.25,20.75,20.893917927945896,20.935527117611215,20.935527117611215,0,
38,robust,random20,0.25,7,1,139,529,26.125674534589052,26.200000000000003,26.25,1,1,2.7755575615628914e-15,25.75,26.25,26.198250389792012,27.111111111111107,26.091896407685876,0,
38,robust,random20,0.25,7,1,140,544,24.826729768887162,24.9,24.75,1,1,3.339550858072471e-13,24.75,24.75,24.88566357150751,24.334324975208954,24.69043704801689,0,
38,robust,random20,0.25,7,1,141,541,20.964486898854375,20.8,21,1,1,2.8126390105853716e-12,21,21.25,20.813929690761924,21.17530864197531,20.57519868046184,0,
38,robust,random20,0.25,7,1,142,550,27.615680554881692,27.700000000000003,28.25,1,1,6.661338147750939e-16,28.25,27.75,27.697733546838048,28.444444444444443,28.046062869592284,0,
38,robust,random20,0.25,7,1,143,533,22.527952883392572,22.4,22.75,1,1,1.6486811915683575e-13,22.75,22.5,22.419934731993955,21.525814536340853,22.17251282713221,0,
38,robust,random20,0.25,7,1,144,530,27.019023794680834,26.9,26.5,1,1,2.6645352591003757e-15,26.5,27.5,26.89592009920736,27.059861373660997,27.059861373660997,0,
38,robust,random20,0.25,7,1,145,542,22.860998537391424,22.85,22.75,1,1,2.220446049250313e-16,22.75,23,22.833523078770828,22.612094005809347,23.023222987733156,0,
38,robust,random20,0.25,7,1,146,535,22.889677222818136,22.9,22.5,1,1,0,22.5,22.75,22.894351981338925,22.94275013376137,23.09742035938223,0,
38,robust,random20,0.25,7,1,147,538,26.57953244820237,26.75,26.75,1,1,2.5424107263916085e-14,26.75,27.25,26.738375365209272,26.656734947237744,26.656734947237744,0,
38,robust,random20,0.25,7,1,148,514,27.58405943401158,27.6,28,1,1,1.681543793097262e-12,28,28.5,27.605049491109042,27.90383365821962,27.54517255721423,0,
38,robust,random20,0.25,7,1,149,558,23.711694549769163,23.55,23.5,1,1,1.1102230246251565e-16,23.5,23.5,23.56340831951992,23.722690236155227,23.22032738409547,0,
38,robust,random20,0.25,7,1,150,546,20.727497523650527,20.65,20.75,1,1,1.1102230246251565e-16,20.75,20.5,20.637317594017084,21.012354740061163,20.667889908256882,0,
38,robust,random20,0.25,7,1,151,544,23.875959869474173,23.85,23.75,1,1,0,23.75,23.5,23.869032767808594,24.261793455163627,23.63678238254817,0,
38,robust,random20,0.25,7,1,152,518,21.880662510171533,21.9,21.75,1,1,0,21.75,21.75,21.92553173163485,22.150354609929078,21.922000438692695,0,
38,robust,random20,0.25,7,1,153,536,23.05760456994176,23.2,23.5,1,1,8.215650382226158e-15,23.5,23,23.19305770346235,22.93404539385848,23.29807786042766,0,
38,robust,random20,0.25,7,1,154,550,22.16283361800015,22.15,22,1,1,3.83026943495679e-14,22,22.25,22.137226010510066,22.31589903721051,22.06958668580642,0,
38,robust,random20,0.25,7,1,155,521,25.265744080767035,25.3,24.75,1,1,7.698486292895268e-11,24.75,25.75,25.309083350799135,25.372781065088763,25.372781065088763,0,
38,robust,random20,0.25,7,1,156,546,20.839996676892042,20.8,20.75,1,1,4.440892098500626e-16,20.75,20.75,20.798905922078266,21.012354740061163,20.7957325262461,0,
38,robust,random20,0.25,7,1,157,527,25.967800375074148,25.85,26,1,1,0,26,26,25.83410735046313,25.12079555425563,25.995649130771994,0,
38,robust,random20,0.25,7,1,158,546,26.219864396378398,26.35,26.5,1,1,4.0190073491430667e-14,26.5,26.5,26.36033338111539,26.226299694189603,26.36361016379269,0,
38,robust,random20,0.25,7,1,159,531,27.27663821540773,27.450000000000003,27.75,1,1,8.881784197001252e-16,27.75,27.75,27.42596032442042,27.008805031446542,27.150212387632124,0,
38,robust,random20,0.25,7,1,160,533,20.781342210248113,20.95,21,1,1,0,21,21,20.954044274433198,21.525814536340853,21.129633900702675,0,
38,robust,random20,0.25,7,1,161,527,25.693809563294053,25.8,26.5,1,1,2.0161650127192843e-13,26.5,25.75,25.819374339160674,25.00848201228429,25.56149512803505,0,
38,robust,random20,0.25,7,1,162,532,27.78282230347395,27.65,28,1,1,8.881784197001252e-16,27.5,27.5,27.666820248102628,26.91776522284997,27.49048363184678,0,
38,robust,random20,0.25,7,1,163,535,27.29417284578085,27.200000000000003,27.25,1,1,8.014588992466543e-12,26.75,28,27.206555715089877,26.806491885143576,27.671217429825624,0,
38,robust,random20,0.25,7,1,164,536,26.54050560668111,26.65,26.75,1,1,3.6415315207705135e-14,26.75,26.75,26.627267764950407,26.75638629283489,26.077290194031974,0,
38,robust,random20,0.25,7,1,165,538,20.369931681081653,20.3,20,1,1,2.220446049250313e-16,20,20.25,20.323080536753807,19.992551210428307,20.269675682652064,0,
38,robust,random20,0.25,7,1,166,541,27.612394623458385,27.950000000000003,28.25,1,1,4.440892098500626e-16,28.25,28.25,27.928215957691076,28.918518518518518,28.04219977553311,0,
38,robust,random20,0.25,7,1,167,539,26.696699747815728,26.75,27,1,1,3.0416780205655414e-12,27,27.5,26.76006115315,26.48822800495663,26.767051457640385,0,
38,robust,random20,0.25,7,1,168,555,20.459126334637403,20.45,20.5,1,1,0,20.5,20.5,20.462542678232975,20.670998796630563,20.41580128062278,0,
38,robust,random20,0.25,7,1,169,538,22.60184538923204,22.5,22.5,1,1,3.9968028886505635e-15,22.5,22.5,22.497885214643908,22.712423516892795,22.216519073292517,0,
38,robust,random20,0.25,7,1,170,528,22.140293488278985,22.1,22.25,1,1,1.1102230246251565e-16,22,22,22.10521578736856,21.730044275774826,22.334949148548,0,
38,robust,random20,0.25,7,1,171,538,25.76107246801257,25.55,25.25,1,1,3.9968028886505635e-15,25.25,25.5,25.553251408183012,24.606216874373303,25.4631498003465,0,
38,robust,random20,0.25,7,1,172,534,24.479377364739776,24.5,24,1,1,2.5268676040468563e-13,24,24,24.487486918353987,24.790878914706305,24.152238005896542,0,
38,robust,random20,0.25,7,1,173,537,22.457954106852412,22.5,22.75,1,1,0,22.75,22.75,22.496165085166865,22.857142857142854,22.505494505494507,0,
38,robust,random20,0.25,7,1,174,541,24.89464063756168,24.95,25,1,1,1.759703494030873e-13,25,25,24.955162280941803,24.46951566951567,24.70708378281194,0,
38,robust,random20,0.25,7,1,175,519,22.82664993032813,22.85,22.75,1,1,1.4432899320127035e-14,22.75,23.75,22.87015931304478,23.651406508549364,22.885162237214075,0,
38,robust,random20,0.25,7,1,176,539,22.09530240111053,22.25,22.25,1,1,3.352873534367973e-14,22.25,22.5,22.233878676896147,21.28574969021066,21.972386776991648,0,
38,robust,random20,0.25,7,1,177,547,24.677756210789084,24.8,25,1,1,6.661338147750939e-16,25,24.5,24.779880032718637,24.164553395322624,24.518181005985888,0,
38,robust,random20,0.25,7,1,178,538,22.641840619966388,22.45,22,1,1,0,22,22.5,22.42706488422636,22.84862995477521,22.398656935972195,0,
38,robust,random20,0.25,7,1,179,546,27.50676936842501,27.6,28,1,1,1.1102230246251565e-15,28,27.5,27.577113478635233,26.265443425076448,27.259271014133397,0,
38,robust,random20,0.25,7,1,180,519,25.256740467622876,25.2,25.75,1,1,1.8096635301390052e-14,25,25.25,25.212282946805022,25.47074547074547,25.04924377264803,0,
38,robust,random20,0.25,7,1,181,549,24.973595090210438,24.9,24.75,1,1,2.220446049250313e-16,24.75,24.75,24.898551051579723,26.082725060827247,25.039416058394156,0,
38,robust,random20,0.25,7,1,182,555,23.411431703716516,23.45,23.75,1,1,2.1094237467877974e-15,23.25,23.25,23.46578764236771,23.851152457650652,23.623998624720645,0,
38,robust,random20,0.25,7,1,183,533,21.410842267796397,21.35,21.25,1,1,1.4432899320127035e-15,21,21,21.368963218981023,21.461654135338346,21.284285092897537,0,
38,robust,random20,0.25,7,1,184,526,25.163930812850595,25.15,25.25,1,1,1.6653345369377348e-15,25.25,25.5,25.139951292060317,25.16864468864469,25.59940388869484,0,
38,robust,random20,0.25,7,1,185,540,21.264854032546282,21.25,21.25,1,1,0,21.25,21.25,21.27430721735797,21.24625850340136,21.606364579730197,0,
38,robust,random20,0.25,7,1,186,531,22.909700265154243,22.9,22.5,1,1,1.887379141862766e-14,22.5,23,22.894737752516665,23.115902964959567,23.013165618448635,0,
38,robust,random20,0.25,7,1,187,531,22.880413182079792,22.8,22.75,1,1,1.1102230246251565e-16,22.75,22.75,22.789617622188324,23.150404312668464,22.945533478043078,0,
38,robust,random20,0.25,7,1,188,554,20.124698743224144,20.1,20.25,1,1,0,20,20,20.09779216835694,20.646654611211574,20.08185250938512,0,
38,robust,random20,0.25,7,1,189,544,27.588914876803756,27.85,27.5,1,1,1.1102230246251565e-16,27.5,27.5,27.845730105024884,28.715888163401974,27.84570973420798,0,
38,robust,random20,0.25,7,1,190,532,27.563789511099458,27.6,28,1,1,2.0317081350640365e-14,28,27.5,27.621847766998595,26.91776522284997,27.71158671735761,0,
38,robust,random20,0.25,7,1,191,539,26.372697945684195,26.35,26.5,1,1,5.551115123125783e-16,26.5,26.75,26.368358919103983,26.607187112763324,26.265192419797216,0,
38,robust,random20,0.25,7,1,192,533,25.048010701313615,25.05,25.25,1,1,2.220446049250313e-16,25.25,25,25.037991951151902,24.83747831116252,24.957466129090843,0,
38,robust,random20,0.25,7,1,193,514,27.295880064368248,27.3,27.75,1,1,1.3749001936957939e-12,27.75,27.5,27.281377067088307,27.90383365821962,27.195614529838416,0,
38,robust,random20,0.25,7,1,194,546,23.67504619434476,23.6,23.75,1,1,1.1102230246251565e-16,23.75,23.75,23.61504752652222,24.208892025405788,23.530138043385065,0,
38,robust,random20,0.25,7,1,195,531,23.615495963022113,23.55,23.5,1,1,1.2889689315898067e-13,23.5,23.5,23.53202582570651,23.150404312668464,23.411695557732447,0,
38,robust,random20,0.25,7,1,196,525,25.939846210181713,25.8,25.75,1,1,2.220446049250313e-16,25.75,25.75,25.82386382696516,25.17909571344686,26.120957149111955,0,
38,robust,random20,0.25,7,1,197,550,26.8896897546947,26.950000000000003,26.5,1,1,0,26.5,27.25,26.932301219417926,26.07407407407408,26.77124183006536,0,
38,robust,random20,0.25,7,1,198,553,20.57595758512616,20.55,20.75,1,1,1.1102230246251565e-16,20.75,20.75,20.544070349575602,20.74589371980676,20.468713228175222,0,
38,robust,random20,0.25,7,1,199,548,24.744746319949627,24.8,24.75,1,1,1.1102230246251565e-16,24.25,24.25,24.824803391646515,24.15637744339756,24.75136210949109,0,
