cell,noise,dt,days,rep,n,CHI_sigPeak,CHI_sigAny,CHI_pPeak,CHI_peak,COS24_p,SURR_p
1,white,0.25,7,0,672,1,1,0.00027085191157649735,28.5,0.48726166052343267,0.085
1,white,0.25,7,1,672,0,0,0.00615202267461612,28.25,0.984791701998937,0.475
1,white,0.25,7,2,672,0,0,0.009168585075466806,29,0.9140808411187673,0.2
1,white,0.25,7,3,672,0,0,0.009172549869501001,31.5,0.8894512944800648,0.78
1,white,0.25,7,4,672,0,0,0.06699795238715545,29.5,0.9456730211880234,0.955
1,white,0.25,7,5,672,0,0,0.27103106370952434,32,0.8912522006962296,0.91
1,white,0.25,7,6,672,0,0,0.1240310302765858,31.25,0.9972973411178448,0.925
1,white,0.25,7,7,672,0,0,0.008382117365493102,31,0.8827869809851713,0.465
1,white,0.25,7,8,672,0,0,0.005546012043777915,31.75,0.7579358111084131,0.785
1,white,0.25,7,9,672,0,0,0.030908548992276463,26,0.5856609124021177,0.64
1,white,0.25,7,10,672,0,0,0.04468976196267849,28,0.11616033582498442,0.27
1,white,0.25,7,11,672,0,1,0.019456074696509007,30.75,0.11525356736318326,0.44
1,white,0.25,7,12,672,0,0,0.0035556691618170433,28.25,0.7259856928718298,0.18
1,white,0.25,7,13,672,0,0,0.04898288567617959,30.75,0.49018537821870245,0.595
1,white,0.25,7,14,672,0,0,0.015154971475276668,29.75,0.6592708255363335,0.815
1,white,0.25,7,15,672,0,0,0.11252489294556678,31.5,0.2583995826948968,0.24
1,white,0.25,7,16,672,0,0,0.014610279113109081,30.25,0.5531390557810063,0.425
1,white,0.25,7,17,672,0,0,0.04488757484665462,31,0.017683377848239035,0.265
1,white,0.25,7,18,672,0,0,0.0036889856532160703,24.25,0.5940009010633018,0.085
1,white,0.25,7,19,672,0,0,0.1875053488755527,32,0.993328766645106,0.365
1,white,0.25,7,20,672,0,0,0.152731190933582,31.5,0.2566305914531888,0.345
1,white,0.25,7,21,672,0,1,0.11296260297944338,31.25,0.7071834213641222,0.73
1,white,0.25,7,22,672,0,0,0.010377521089023012,31.75,0.36765451835130636,0.755
1,white,0.25,7,23,672,0,0,0.019892471840122106,31.5,0.7000122153847042,0.78
1,white,0.25,7,24,672,0,0,0.0766872813124917,31.75,0.5839939106824478,0.57
1,white,0.25,7,25,672,0,0,0.18606152166572743,31.5,0.14291501063887346,0.725
1,white,0.25,7,26,672,0,0,0.01523344530250803,31,0.08466114310024342,0.045
1,white,0.25,7,27,672,0,0,0.015982129429474412,31.5,0.45569539387973845,0.825
1,white,0.25,7,28,672,0,0,0.07049064796472104,30.5,0.48153848528577425,0.69
1,white,0.25,7,29,672,0,0,0.0012091201688889663,31.5,0.9067098415440701,0.785
1,white,0.25,7,30,672,1,1,0.00028256605994703143,26.25,0.9125790591090326,0.605
1,white,0.25,7,31,672,0,0,0.05559045768207216,31.75,0.5345382252695171,0.525
1,white,0.25,7,32,672,0,0,0.05059979816333959,30.75,0.6527177472004235,0.255
1,white,0.25,7,33,672,0,0,0.12282393833671856,31.5,0.051651499330668704,0.415
1,white,0.25,7,34,672,0,0,0.0596019064807044,32,0.4643041768295916,0.475
1,white,0.25,7,35,672,0,0,0.22961628155096347,31.5,0.9370288683017213,0.32
1,white,0.25,7,36,672,0,0,0.17810509369473382,30.5,0.7696647979480962,0.36
1,white,0.25,7,37,672,0,0,0.03275792904678887,27.75,0.13257884075096238,0.225
1,white,0.25,7,38,672,0,0,0.1505605215779311,30.75,0.28513414373796553,0.295
1,white,0.25,7,39,672,0,0,0.22539668970294113,32,0.7074908448480977,0.705
1,white,0.25,7,40,672,0,0,0.07641812523045965,31,0.3581150986759557,0.545
1,white,0.25,7,41,672,0,0,0.02293101979424561,31.75,0.254597703357199,0.245
1,white,0.25,7,42,672,0,0,0.15381296490057728,31.25,0.4101242188776063,0.52
1,white,0.25,7,43,672,0,0,0.06612044177537768,31.75,0.0902926670741595,0.22
1,white,0.25,7,44,672,0,0,0.06836241085506223,29.5,0.4692277354193384,0.645
1,white,0.25,7,45,672,0,0,0.2088335431752255,31,0.012776446195755242,0.125
1,white,0.25,7,46,672,0,0,0.13814954330601015,31.5,0.8052390739883208,0.55
1,white,0.25,7,47,672,0,0,0.24138346208976036,31.5,0.31821754649922207,0.16
1,white,0.25,7,48,672,0,0,0.011901282597682195,27.75,0.390515564937709,0.31
1,white,0.25,7,49,672,0,0,0.009050494828717559,29,0.5172289908575148,0.515
1,white,0.25,7,50,672,0,0,0.003085523720061434,27,0.5668270625017979,0.415
1,white,0.25,7,51,672,0,0,0.1625213186467913,32,0.33230819821741464,0.26
1,white,0.25,7,52,672,0,0,0.2109735158413959,31.5,0.8422463689961225,0.645
1,white,0.25,7,53,672,0,0,0.04954284362687833,30.25,0.22531308042792275,0.195
1,white,0.25,7,54,672,0,0,0.12367387499662807,32,0.36894691173468386,0.435
1,white,0.25,7,55,672,0,0,0.009535560141477828,29.5,0.8357757984070406,0.755
1,white,0.25,7,56,672,0,0,0.021461913002432165,29,0.22121779935911545,0.3
1,white,0.25,7,57,672,0,0,0.024658683446262653,31.75,0.8508487624013952,0.66
1,white,0.25,7,58,672,0,0,0.4968459606422816,32,0.7249979593499348,0.05
1,white,0.25,7,59,672,0,0,0.06582379629551305,31.75,0.5433082391582849,0.545
1,white,0.25,7,60,672,0,0,0.026949109595986842,31.75,0.09002695482484047,0.31
1,white,0.25,7,61,672,0,0,0.02480681189776579,28.25,0.8315680562712338,0.95
1,white,0.25,7,62,672,0,0,0.045492852005156736,29.75,0.2752465747882423,0.43
1,white,0.25,7,63,672,0,0,0.10813791726476696,31.25,0.7025171840859061,0.235
1,white,0.25,7,64,672,0,0,0.03852853410437007,28.75,0.9680547415525788,0.045
1,white,0.25,7,65,672,0,0,0.03408158474609546,30,0.7348011291142702,0.255
1,white,0.25,7,66,672,0,0,0.09212950732323488,30.75,0.22717142571673532,0.55
1,white,0.25,7,67,672,0,0,0.054356238329454354,31.75,0.2803772039863712,0.52
1,white,0.25,7,68,672,0,0,0.043057867704816455,28.75,0.7266962164658625,0.44
1,white,0.25,7,69,672,0,0,0.12887459572041993,31.5,0.0798484899005727,0.235
1,white,0.25,7,70,672,0,0,0.03129439630856101,31.5,0.9117511086459434,0.99
1,white,0.25,7,71,672,0,0,0.027740356034520963,29.5,0.7181461481881781,0.82
1,white,0.25,7,72,672,0,0,0.032376364346135444,30.25,0.7341939996207689,0.99
1,white,0.25,7,73,672,0,0,0.05588105903475438,30.25,0.9972423819295593,0.985
1,white,0.25,7,74,672,0,0,0.06335766459658232,31.75,0.4254641253426915,0.575
1,white,0.25,7,75,672,0,0,0.024365205388804156,30.75,0.493604737886144,0.055
1,white,0.25,7,76,672,0,0,0.13475888409361858,32,0.8868497473769348,0.995
1,white,0.25,7,77,672,0,0,0.020990254395878094,29.5,0.3035064871843023,0.415
1,white,0.25,7,78,672,0,0,0.10777695769518691,28.75,0.3301160707387225,0.42
1,white,0.25,7,79,672,0,0,0.05441282224147481,28.75,0.9732685017871503,0.42
1,white,0.25,7,80,672,0,0,0.03167836897038223,31.25,0.5896558543811651,0.965
1,white,0.25,7,81,672,0,0,0.3589451863789651,31.75,0.6308730735088588,0.84
1,white,0.25,7,82,672,0,0,0.08033434363031755,30.75,0.6911660216326279,0.115
1,white,0.25,7,83,672,0,0,0.05367674686934465,29.5,0.9903005892342354,0.15
1,white,0.25,7,84,672,0,0,0.20001215489846036,31,0.2751373528478489,0.32
1,white,0.25,7,85,672,0,0,0.09036709745697735,28.5,0.33064555107108395,0.69
1,white,0.25,7,86,672,0,0,0.04999832587860742,30.75,0.926309195242199,0.9
1,white,0.25,7,87,672,0,0,0.017373700210608467,30.25,0.6756164092810548,0.555
1,white,0.25,7,88,672,0,0,0.05202980484754205,32,0.6184007842034631,0.69
1,white,0.25,7,89,672,0,0,0.12062750122675148,30.25,0.2369841065894589,0.36
1,white,0.25,7,90,672,0,0,0.016584376204221485,26.75,0.7983170415746919,0.69
1,white,0.25,7,91,672,0,0,0.043489618397873575,30.75,0.2619518263963707,0.435
1,white,0.25,7,92,672,0,0,0.027007799744745653,32,0.8346437662687269,0.43
1,white,0.25,7,93,672,0,0,0.10603766576440887,30,0.28794887162397353,0.5
1,white,0.25,7,94,672,0,0,0.05040326585654353,30.5,0.6996163037626624,0.205
1,white,0.25,7,95,672,0,0,0.006871997980087086,27.5,0.9166575986583143,0.62
1,white,0.25,7,96,672,0,0,0.13026233024447242,31.75,0.5680354965216403,0.86
1,white,0.25,7,97,672,0,0,0.132216940427194,30.25,0.3682181522937952,0.72
1,white,0.25,7,98,672,0,0,0.019247723334208322,31,0.3932759382400225,0.475
1,white,0.25,7,99,672,0,0,0.0644469307933051,32,0.6780449749421777,0.635
1,white,0.25,7,100,672,0,0,0.08486973254433128,31.25,0.6299005306891895,0.87
1,white,0.25,7,101,672,0,0,0.03775771458345345,29.5,0.8244363785497305,0.445
1,white,0.25,7,102,672,0,0,0.027686389113762644,31.75,0.8988043209834609,0.31
1,white,0.25,7,103,672,0,0,0.04265954577706188,30.5,0.4531721423003766,0.76
1,white,0.25,7,104,672,0,0,0.019152073758782473,32,0.1462409512917946,0.41
1,white,0.25,7,105,672,0,0,0.07933126362663712,31.5,0.7953084259658018,0.515
1,white,0.25,7,106,672,0,0,0.19525839653866306,31.25,0.271180284184827,0.315
1,white,0.25,7,107,672,0,0,0.07531535466826322,31.75,0.4706782997611846,0.675
1,white,0.25,7,108,672,0,0,0.04029535641352455,32,0.09624061165733999,0.245
1,white,0.25,7,109,672,0,0,0.06419487906432875,30.5,0.810838993663061,0.68
1,white,0.25,7,110,672,0,0,0.05588908882759103,31.75,0.8116208866443522,0.86
1,white,0.25,7,111,672,0,0,0.005302935360341432,31.75,0.11114617316135511,0.39
1,white,0.25,7,112,672,0,0,0.01920120597395991,30.5,0.14074705396976028,0.45
1,white,0.25,7,113,672,0,0,0.09618893552843455,30,0.29558347398337104,0.58
1,white,0.25,7,114,672,0,0,0.09634542246862887,32,0.8347165010273803,0.85
1,white,0.25,7,115,672,0,0,0.0780580681202967,30.5,0.5737838403171402,0.815
1,white,0.25,7,116,672,0,0,0.06532212886473054,31.5,0.935578733338948,0.825
1,white,0.25,7,117,672,0,0,0.07397598390016225,31.5,0.15148385411118492,0.1
1,white,0.25,7,118,672,0,0,0.05454481853193427,31,0.9403654796809559,0.8
1,white,0.25,7,119,672,0,0,0.02129559001898107,29.75,0.93584345090578,0.995
1,white,0.25,7,120,672,0,0,0.23655594886233045,32,0.11297633459146461,0.355
1,white,0.25,7,121,672,0,0,0.10925574891771417,31.5,0.7598129643925309,0.63
1,white,0.25,7,122,672,0,0,0.08299171188680166,31,0.7510692484257896,0.595
1,white,0.25,7,123,672,0,1,0.011648608514007841,30.75,0.7318587714872435,0.17
1,white,0.25,7,124,672,0,0,0.07950005634996027,32,0.8844935410553734,0.265
1,white,0.25,7,125,672,0,0,0.03139914680017497,29,0.5804249977389626,0.16
1,white,0.25,7,126,672,0,0,0.132355906710671,31.5,0.5563662425679267,0.345
1,white,0.25,7,127,672,0,0,0.003919065160080448,29.25,0.03266151464327216,0.065
1,white,0.25,7,128,672,0,0,0.045981169935057076,31.75,0.8290927134410183,0.365
1,white,0.25,7,129,672,0,0,0.0013973342262173505,31,0.906075632651525,0.495
1,white,0.25,7,130,672,0,0,0.024207598022914834,30.5,0.033903719625343554,0.065
1,white,0.25,7,131,672,0,0,0.1319305110994461,31.75,0.39468790911906104,0.59
1,white,0.25,7,132,672,0,0,0.13243371521250902,31,0.01814452038159242,0.235
1,white,0.25,7,133,672,0,0,0.04667046486038362,31,0.5833673574157331,0.775
1,white,0.25,7,134,672,0,0,0.14569596521603834,30,0.8963135459789986,0.495
1,white,0.25,7,135,672,0,0,0.07929260369684699,31.75,0.5324454569538561,0.415
1,white,0.25,7,136,672,0,0,0.08009152923448337,30,0.00896539625361481,0.22
1,white,0.25,7,137,672,0,0,0.10302735061171409,30,0.7474288589366436,0.055
1,white,0.25,7,138,672,0,0,0.025118790265436397,30.25,0.728751104718053,0.94
1,white,0.25,7,139,672,0,0,0.011096016743480042,28.75,0.04865553458708094,0.34
1,white,0.25,7,140,672,0,0,0.11784738173108311,30.5,0.0045947689297097805,0.145
1,white,0.25,7,141,672,0,0,0.03661915869706922,27.5,0.30712444085472757,0.25
1,white,0.25,7,142,672,0,0,0.0684971126952103,31.25,0.7193343496994207,0.83
1,white,0.25,7,143,672,0,0,0.07876313351039543,32,0.3211372927067897,0.3
1,white,0.25,7,144,672,0,0,0.009204654060115613,28,0.5251494761854758,0.295
1,white,0.25,7,145,672,0,0,0.17509799709855434,31,0.4997813554927871,0.09
1,white,0.25,7,146,672,0,0,0.02924764252230483,30.5,0.782674587102513,0.33
1,white,0.25,7,147,672,0,0,0.18431865500657452,32,0.43235794331107025,0.33
1,white,0.25,7,148,672,0,0,0.04085191257236931,29,0.5003195191679483,0.775
1,white,0.25,7,149,672,0,0,0.0833586023778421,31.5,0.1849980911282887,0.51
1,white,0.25,7,150,672,0,0,0.12818848203249067,31.75,0.06888311767350874,0.55
1,white,0.25,7,151,672,0,0,0.02424885732559212,27.75,0.2566012907310349,0.41
1,white,0.25,7,152,672,0,0,0.14899712508511942,30.5,0.6597554396504275,0.145
1,white,0.25,7,153,672,0,0,0.04686533191913167,30.5,0.8493267203833509,0.97
1,white,0.25,7,154,672,0,0,0.020426141922002428,26.5,0.821828190616805,0.975
1,white,0.25,7,155,672,0,0,0.10968073281257329,30.5,0.7653821655021438,0.58
1,white,0.25,7,156,672,0,0,0.010914597442610141,28.75,0.7415653934176997,0.17
1,white,0.25,7,157,672,0,0,0.19423302088921401,32,0.22228966772424363,0.12
1,white,0.25,7,158,672,0,0,0.21271899161829122,31.75,0.783794626665052,0.475
1,white,0.25,7,159,672,0,0,0.04399850299668295,29.5,0.04792054331815232,0.095
1,white,0.25,7,160,672,0,0,0.06312861523817692,30.5,0.06285175270497967,0.065
1,white,0.25,7,161,672,0,0,0.031022973294446365,28.25,0.08018300217894392,0.41
1,white,0.25,7,162,672,0,0,0.10387207365403228,31.75,0.7818812044170044,0.635
1,white,0.25,7,163,672,0,0,0.04866533771150716,27.75,0.09151668796124868,0.13
1,white,0.25,7,164,672,0,0,0.2520900538588904,31.5,0.23394896963164813,0.625
1,white,0.25,7,165,672,0,0,0.008111040987321294,28.5,0.7415075976410549,0.67
1,white,0.25,7,166,672,0,0,0.03219772767754314,30,0.9996859714923801,0.76
1,white,0.25,7,167,672,0,0,0.0274734009505625,28,0.3244602229636706,0.15
1,white,0.25,7,168,672,0,0,0.12323903857892504,31.5,0.1480296505297145,0.195
1,white,0.25,7,169,672,0,0,0.12067247173976026,30.5,0.8462329372524408,0.08
1,white,0.25,7,170,672,0,0,0.05215135836600715,31.75,0.4143068927238729,0.315
1,white,0.25,7,171,672,0,0,0.03291378038889792,30.5,0.1556045706251169,0.045
1,white,0.25,7,172,672,0,0,0.053773156321829885,31.25,0.10193663645279216,0.34
1,white,0.25,7,173,672,0,0,0.0739644934116852,32,0.49000170075832483,0.595
1,white,0.25,7,174,672,0,0,0.05456268339663606,31,0.6864410325254697,0.55
1,white,0.25,7,175,672,0,0,0.024202271621338256,30.25,0.9211974078523512,0.74
1,white,0.25,7,176,672,0,0,0.029180677972052038,26.75,0.3620338928479703,0.395
1,white,0.25,7,177,672,0,0,0.014635988299104952,32,0.7120978859139797,0.815
1,white,0.25,7,178,672,0,0,0.08669849841782962,30.75,0.10000010500430323,0.395
1,white,0.25,7,179,672,1,1,0.000035091715560930936,30.5,0.8587189767422085,0.49
1,white,0.25,7,180,672,0,0,0.08187105287709573,30.25,0.14308430475763412,0.6
1,white,0.25,7,181,672,0,0,0.007615173625601379,29.5,0.8069600913129815,0.695
1,white,0.25,7,182,672,0,0,0.010379361743605986,30.75,0.1945832873729898,0.42
1,white,0.25,7,183,672,0,0,0.13060532983226425,30.75,0.27441602686482236,0.37
1,white,0.25,7,184,672,0,0,0.014525528887608385,29.25,0.9732070802712747,0.655
1,white,0.25,7,185,672,0,0,0.02529150788775425,29.75,0.49409504387877123,0.135
1,white,0.25,7,186,672,0,0,0.05392449467845806,29.25,0.16099316781842132,0.22
1,white,0.25,7,187,672,0,0,0.10930095087787106,29.25,0.7887008720291115,0.44
1,white,0.25,7,188,672,0,0,0.10918782347127687,31,0.8692342573317063,0.19
1,white,0.25,7,189,672,0,0,0.055947041252910834,31.25,0.7744891533604702,0.74
1,white,0.25,7,190,672,0,0,0.08361109259729449,30.5,0.3805944044018815,0.065
1,white,0.25,7,191,672,0,0,0.15068443683573063,31.75,0.20993910700278073,0.265
1,white,0.25,7,192,672,0,0,0.04622263995420628,32,0.6791557443375804,0.57
1,white,0.25,7,193,672,0,0,0.023448107240637728,27,0.27987742295434836,0.295
1,white,0.25,7,194,672,0,0,0.04155936161417584,30.5,0.11041121253393515,0.13
1,white,0.25,7,195,672,0,0,0.06297979536137399,32,0.5243677116758267,0.73
1,white,0.25,7,196,672,0,0,0.07173224833761793,30.75,0.7432020558259165,0.21
1,white,0.25,7,197,672,0,0,0.11676067856308114,32,0.010212591560069262,0.135
1,white,0.25,7,198,672,0,0,0.04524970773623849,29.5,0.5722991780595821,0.355
1,white,0.25,7,199,672,0,0,0.15711689908056603,31.5,0.6553874106034796,0.26
1,white,0.25,7,200,672,0,0,0.049351154787614204,31.75,0.42454071929109805,
1,white,0.25,7,201,672,0,0,0.028801092072677448,30.25,0.20441482030761016,
1,white,0.25,7,202,672,0,0,0.2764719923434501,31,0.6748288984857935,
1,white,0.25,7,203,672,0,0,0.17217325237743775,31.75,0.8098983943700226,
1,white,0.25,7,204,672,0,0,0.09608475394476668,31.75,0.9454625137674812,
1,white,0.25,7,205,672,0,0,0.014183090005276622,29.75,0.7915674668756916,
1,white,0.25,7,206,672,0,0,0.22759560930563338,31.25,0.9612153150529047,
1,white,0.25,7,207,672,0,0,0.0088350713462646,30.25,0.2400070456617618,
1,white,0.25,7,208,672,0,0,0.006546289493183255,26.5,0.5687864020456388,
1,white,0.25,7,209,672,0,0,0.07720798095741821,31.25,0.03852236443683088,
1,white,0.25,7,210,672,0,0,0.0873457216949276,29.5,0.9804483168894375,
1,white,0.25,7,211,672,0,0,0.039638148452063926,31.75,0.8532737954466993,
1,white,0.25,7,212,672,0,0,0.1288272001861971,31.75,0.2426089565491798,
1,white,0.25,7,213,672,0,0,0.2066914393593009,31,0.6770969370242483,
1,white,0.25,7,214,672,0,0,0.13789835198749412,30.25,0.4051962429126038,
1,white,0.25,7,215,672,0,0,0.13959494963199792,32,0.5954591581483126,
1,white,0.25,7,216,672,0,0,0.036911553385016505,27.5,0.5061919496112467,
1,white,0.25,7,217,672,0,0,0.03782720745747015,29.75,0.1387533453226112,
1,white,0.25,7,218,672,0,0,0.042224328566875746,32,0.8330821563546047,
1,white,0.25,7,219,672,0,0,0.25062833450166677,32,0.12109105162354306,
1,white,0.25,7,220,672,0,0,0.018544681696822884,29.25,0.4462668404381228,
1,white,0.25,7,221,672,0,0,0.051392056929846275,32,0.06559605598412477,
1,white,0.25,7,222,672,0,0,0.06445791614720453,31.75,0.005052280503964113,
1,white,0.25,7,223,672,0,0,0.0008996930171063511,25.5,0.2010189821078463,
1,white,0.25,7,224,672,0,0,0.00713149123098078,27.75,0.8622039622438777,
1,white,0.25,7,225,672,0,0,0.018208710091751734,29.25,0.7221278745871591,
1,white,0.25,7,226,672,0,0,0.04072651170442343,30.75,0.4219372649943177,
1,white,0.25,7,227,672,0,0,0.00970869941551833,28.5,0.6324572684721234,
1,white,0.25,7,228,672,0,0,0.022494847849965693,31.75,0.703360410940076,
1,white,0.25,7,229,672,0,0,0.14578582218769665,31.75,0.8025279268405309,
1,white,0.25,7,230,672,0,0,0.04388328624985116,28.25,0.5918382609404571,
1,white,0.25,7,231,672,0,0,0.10219798075509945,32,0.5351623598221322,
1,white,0.25,7,232,672,0,0,0.13306220339133712,32,0.6277972650500326,
1,white,0.25,7,233,672,0,0,0.04608685771285814,29.5,0.3540504551250758,
1,white,0.25,7,234,672,0,0,0.0051738941848207265,28,0.9077324435190594,
1,white,0.25,7,235,672,0,0,0.04394408923961313,29,0.36739605123085417,
1,white,0.25,7,236,672,0,0,0.00395707088629027,26.25,0.021618357177122016,
1,white,0.25,7,237,672,0,0,0.039472797723286046,32,0.11106688031052159,
1,white,0.25,7,238,672,0,0,0.20685806682594587,32,0.6863957810010621,
1,white,0.25,7,239,672,0,0,0.032243571372092994,29.5,0.5703340118042168,
1,white,0.25,7,240,672,0,0,0.044780050339591426,31.75,0.4521498058004061,
1,white,0.25,7,241,672,0,0,0.002407502892763813,27.5,0.5925793467164329,
1,white,0.25,7,242,672,0,0,0.03836309239332725,32,0.23592336513873136,
1,white,0.25,7,243,672,0,0,0.0715286098200465,31.75,0.4026531599765967,
1,white,0.25,7,244,672,0,0,0.01298741803542558,31.75,0.7306419032355683,
1,white,0.25,7,245,672,0,0,0.13515311223224336,31,0.0396212336375833,
1,white,0.25,7,246,672,0,0,0.025696963663688677,28.25,0.42423879010308907,
1,white,0.25,7,247,672,0,0,0.13749704597615942,31.25,0.5577293393278677,
1,white,0.25,7,248,672,0,0,0.11396701828546707,31.75,0.2526540284893539,
1,white,0.25,7,249,672,0,0,0.09784983716402906,30.5,0.4574991542174529,
1,white,0.25,7,250,672,0,0,0.12475764869033945,30.25,0.3404348453239012,
1,white,0.25,7,251,672,0,0,0.04486353966125756,27,0.32959203422849015,
1,white,0.25,7,252,672,0,0,0.09791330595043468,31.5,0.9531759307943066,
1,white,0.25,7,253,672,0,0,0.09132151349460582,31.25,0.8289983264140364,
1,white,0.25,7,254,672,0,0,0.06903650625818836,30.75,0.7520653845541129,
1,white,0.25,7,255,672,0,0,0.06160174343213809,29,0.7881988374584532,
1,white,0.25,7,256,672,0,0,0.334570038187606,32,0.19111965028597933,
1,white,0.25,7,257,672,0,0,0.10509430838713618,30.75,0.0910593435459307,
1,white,0.25,7,258,672,0,1,0.03238468489912594,31.5,0.04077023394152335,
1,white,0.25,7,259,672,0,0,0.08142969343447193,31.5,0.2178811134231018,
1,white,0.25,7,260,672,0,0,0.06524184058383298,30.5,0.16164398134694968,
1,white,0.25,7,261,672,0,0,0.004877510906485583,29.25,0.6827253855712835,
1,white,0.25,7,262,672,0,0,0.037262850010161164,29,0.4645495977210877,
1,white,0.25,7,263,672,0,0,0.03735388195035938,31.25,0.4717254949364341,
1,white,0.25,7,264,672,0,0,0.17613050043358158,32,0.29873641258128414,
1,white,0.25,7,265,672,0,0,0.024635169556644243,29,0.30324313515402734,
1,white,0.25,7,266,672,0,0,0.1015542380175175,30,0.7165234848960967,
1,white,0.25,7,267,672,0,0,0.03540893182073879,31.75,0.26406904049143654,
1,white,0.25,7,268,672,0,0,0.011917542496247102,31.75,0.5164174199060223,
1,white,0.25,7,269,672,0,0,0.07741443667215142,31.25,0.8159011628780483,
1,white,0.25,7,270,672,0,0,0.008926741184369535,30.5,0.9920606357576858,
1,white,0.25,7,271,672,0,0,0.06963474339084241,29,0.6729060271591394,
1,white,0.25,7,272,672,0,0,0.008598958288809855,31,0.13206719183640536,
1,white,0.25,7,273,672,0,0,0.06148863190254894,29.5,0.5175614832596116,
1,white,0.25,7,274,672,0,0,0.04848413875739621,29,0.8506417966936909,
1,white,0.25,7,275,672,0,0,0.18688826191763763,31.5,0.11669493305878942,
1,white,0.25,7,276,672,0,0,0.09359933446643676,31.25,0.3676644382001927,
1,white,0.25,7,277,672,0,0,0.22750146343408506,31.75,0.9909869407642009,
1,white,0.25,7,278,672,0,0,0.031520125378939334,29.25,0.9226619151338378,
1,white,0.25,7,279,672,0,0,0.1019490494086438,31,0.3126090175805585,
1,white,0.25,7,280,672,0,0,0.018683240583705518,29.75,0.837542609791532,
1,white,0.25,7,281,672,0,0,0.05951734617148474,29.25,0.19218374015794448,
1,white,0.25,7,282,672,0,0,0.1129827925708915,31.5,0.9043187996727414,
1,white,0.25,7,283,672,0,0,0.06826737808771366,31.25,0.2569128836823711,
1,white,0.25,7,284,672,0,0,0.001751566634770274,26.75,0.718559844965887,
1,white,0.25,7,285,672,0,0,0.055485414528994026,29.25,0.5687681800768616,
1,white,0.25,7,286,672,0,0,0.029799047586512084,31.75,0.9770930159127256,
1,white,0.25,7,287,672,0,0,0.036962279245069674,30.75,0.0689901848107195,
1,white,0.25,7,288,672,0,0,0.12127932794085083,31.25,0.3114547009347841,
1,white,0.25,7,289,672,0,0,0.04634927127932653,32,0.8385009677452597,
1,white,0.25,7,290,672,0,0,0.03716908543372588,30.25,0.2718993728158594,
1,white,0.25,7,291,672,0,0,0.0628435166522272,30,0.7599018891516232,
1,white,0.25,7,292,672,0,0,0.13269746910590086,31.75,0.04653321340321703,
1,white,0.25,7,293,672,0,0,0.07002562178651561,30.25,0.22458548086474128,
1,white,0.25,7,294,672,0,0,0.05126706902274758,32,0.8533779381367148,
1,white,0.25,7,295,672,0,0,0.0666435926848129,30.75,0.6243357786359964,
1,white,0.25,7,296,672,0,0,0.03485560289539236,30.25,0.45720328066550253,
1,white,0.25,7,297,672,0,0,0.005102038634264949,30.25,0.5802315060653351,
1,white,0.25,7,298,672,0,0,0.0025984919837241938,31.5,0.6892843972029836,
1,white,0.25,7,299,672,0,0,0.17651749551353668,31.5,0.21156924389124,
1,white,0.25,7,300,672,0,0,0.04538619503435015,31,0.20371226252923968,
1,white,0.25,7,301,672,0,0,0.04364773770191532,30.75,0.484766172559871,
1,white,0.25,7,302,672,0,0,0.029696852218699776,30.25,0.0661575359762735,
1,white,0.25,7,303,672,0,0,0.005867843486740187,29,0.5675678651448822,
1,white,0.25,7,304,672,0,0,0.04027954855698579,31.75,0.9263491132192019,
1,white,0.25,7,305,672,0,0,0.04824061810225588,32,0.12978972288713575,
1,white,0.25,7,306,672,0,0,0.06591534681453481,31,0.4445335710311894,
1,white,0.25,7,307,672,0,0,0.023537975921784082,27.5,0.28809500607611493,
1,white,0.25,7,308,672,0,0,0.07127954126795355,32,0.6887658724097945,
1,white,0.25,7,309,672,0,0,0.038804644681028067,31.5,0.616867323355579,
1,white,0.25,7,310,672,0,0,0.035771451666454124,31.75,0.4270715634174165,
1,white,0.25,7,311,672,0,0,0.45735803040459,31.75,0.34304463608763947,
1,white,0.25,7,312,672,0,0,0.13029833972539306,31.75,0.32280092633114443,
1,white,0.25,7,313,672,0,0,0.03525357731560497,32,0.1348094201112784,
1,white,0.25,7,314,672,0,0,0.08112587753336942,29,0.6506977468537398,
1,white,0.25,7,315,672,0,0,0.03114182341810512,28.5,0.4700508775997414,
1,white,0.25,7,316,672,0,0,0.028878127650085572,32,0.07043652959112923,
1,white,0.25,7,317,672,0,0,0.0065137303827212945,31.75,0.0338815360385728,
1,white,0.25,7,318,672,0,0,0.12916318749212363,30,0.49801773884126066,
1,white,0.25,7,319,672,0,0,0.13753086206878684,30.75,0.23151975859941143,
1,white,0.25,7,320,672,0,0,0.06062187271865105,30.75,0.3555042588330942,
1,white,0.25,7,321,672,0,0,0.12295668581543362,30.75,0.45574266528326735,
1,white,0.25,7,322,672,0,0,0.09247325303018106,32,0.8642243706672565,
1,white,0.25,7,323,672,0,0,0.0859035508727739,31,0.1922591172421666,
1,white,0.25,7,324,672,0,0,0.0015706516096557488,28.5,0.9134643002260019,
1,white,0.25,7,325,672,0,0,0.17836429444086377,31.75,0.043536769115538165,
1,white,0.25,7,326,672,0,0,0.06838484808513678,31.75,0.2415656849010367,
1,white,0.25,7,327,672,0,0,0.19540568861758922,32,0.4856239363653466,
1,white,0.25,7,328,672,0,0,0.22975332581337526,31,0.7526338201589076,
1,white,0.25,7,329,672,0,0,0.10235292764176918,31.75,0.280522847255938,
1,white,0.25,7,330,672,0,0,0.10054367237051931,30.75,0.24845115015432817,
1,white,0.25,7,331,672,0,0,0.059840910962164484,32,0.15311296031280908,
1,white,0.25,7,332,672,0,0,0.1054227647825774,31.75,0.08373565310744036,
1,white,0.25,7,333,672,0,0,0.05990476675294443,32,0.5093662524970648,
1,white,0.25,7,334,672,0,0,0.034995288076216546,28,0.45385805985542726,
1,white,0.25,7,335,672,0,0,0.020871257021663925,29.25,0.486936719087243,
1,white,0.25,7,336,672,0,0,0.02027841050321466,31.25,0.9654632689451671,
1,white,0.25,7,337,672,0,0,0.045064381313636104,31.5,0.9184012410060951,
1,white,0.25,7,338,672,0,0,0.04064900660756532,30.5,0.9604195225601763,
1,white,0.25,7,339,672,0,1,0.011290172096098838,28,0.3755095094454618,
1,white,0.25,7,340,672,0,0,0.023713657384400122,29.25,0.6099612317357433,
1,white,0.25,7,341,672,0,0,0.05486838131393745,32,0.791876083695722,
1,white,0.25,7,342,672,0,0,0.031426034837934824,28,0.3087014347341961,
1,white,0.25,7,343,672,0,0,0.005655157668244981,29.5,0.9597752090828504,
1,white,0.25,7,344,672,0,0,0.11768574710669366,30.75,0.11697407283535388,
1,white,0.25,7,345,672,0,0,0.007743754937767466,27.25,0.912528330911742,
1,white,0.25,7,346,672,0,0,0.046651783520541,31.25,0.13291424513220962,
1,white,0.25,7,347,672,0,0,0.05349573924445461,29.25,0.8279547644888288,
1,white,0.25,7,348,672,0,0,0.07678512292296558,30.5,0.18994260792949158,
1,white,0.25,7,349,672,0,0,0.10267590654539971,31.25,0.6089448467220443,
1,white,0.25,7,350,672,0,0,0.0012098561437605682,30.75,0.6981682732278311,
1,white,0.25,7,351,672,0,0,0.0568384067068175,29.5,0.3243676379040651,
1,white,0.25,7,352,672,0,0,0.11527868460969737,29.5,0.12303184853505633,
1,white,0.25,7,353,672,0,0,0.0070779794891411285,30.5,0.8251147970711031,
1,white,0.25,7,354,672,0,0,0.07026456307111317,30.75,0.7449577374047334,
1,white,0.25,7,355,672,0,0,0.07736919706672796,32,0.24861424472349758,
1,white,0.25,7,356,672,0,0,0.06671537321127086,31.5,0.16694818381979393,
1,white,0.25,7,357,672,0,0,0.03498853403837554,31,0.8885545885394595,
1,white,0.25,7,358,672,0,0,0.06856835238017966,31.25,0.7388859565516108,
1,white,0.25,7,359,672,0,0,0.005612829176568024,26.25,0.558042949264726,
1,white,0.25,7,360,672,0,0,0.005772674014959622,28,0.20758831781533504,
1,white,0.25,7,361,672,0,0,0.018714046240850823,27.75,0.901805110852688,
1,white,0.25,7,362,672,0,0,0.24691364925162418,32,0.5549871079066477,
1,white,0.25,7,363,672,0,0,0.03349636197905825,29.75,0.8049237732496695,
1,white,0.25,7,364,672,0,0,0.07534978569936646,32,0.4786918401360978,
1,white,0.25,7,365,672,0,0,0.02005925003152409,31.25,0.7762354186036371,
1,white,0.25,7,366,672,0,0,0.0831234365895348,31.75,0.8270812803858654,
1,white,0.25,7,367,672,0,0,0.07826878578475394,30.5,0.9101011826076666,
1,white,0.25,7,368,672,0,0,0.05685082968314503,29,0.36648860400225614,
1,white,0.25,7,369,672,0,0,0.05683607174604166,31.5,0.5061788299476883,
1,white,0.25,7,370,672,0,0,0.04629975241030737,31.25,0.12595629242060968,
1,white,0.25,7,371,672,0,0,0.10259761901812936,32,0.6958527950959198,
1,white,0.25,7,372,672,0,0,0.05986702268689903,30.75,0.0554607602854732,
1,white,0.25,7,373,672,0,0,0.1099077988753272,31.25,0.8339904213922601,
1,white,0.25,7,374,672,0,0,0.0064052343601708195,28.75,0.4708123073982674,
1,white,0.25,7,375,672,0,0,0.09586338594556565,31.25,0.802917327401814,
1,white,0.25,7,376,672,0,0,0.011088153415908075,29,0.9112253900724825,
1,white,0.25,7,377,672,0,0,0.04129028001047752,29.25,0.21668964162386395,
1,white,0.25,7,378,672,0,0,0.027446273093588158,31.25,0.9450597135790644,
1,white,0.25,7,379,672,0,0,0.14660974041568464,31.25,0.5709012756154251,
1,white,0.25,7,380,672,0,0,0.031979207281083055,31,0.6365207235404667,
1,white,0.25,7,381,672,0,0,0.03818209812157303,28.75,0.599754431645677,
1,white,0.25,7,382,672,0,0,0.17001488348132865,31,0.09236956161682675,
1,white,0.25,7,383,672,0,0,0.0284704722321516,28.75,0.968343438055095,
1,white,0.25,7,384,672,0,0,0.24950651255364587,31.5,0.6296407038840696,
1,white,0.25,7,385,672,0,0,0.13634008368822392,30.75,0.035313449784177275,
1,white,0.25,7,386,672,0,0,0.09436947149257624,31.75,0.47859365070409077,
1,white,0.25,7,387,672,0,0,0.09599857663277989,31.5,0.9857986211998013,
1,white,0.25,7,388,672,0,0,0.05585115689389031,27.75,0.21806782199813624,
1,white,0.25,7,389,672,0,0,0.19512790640225186,31.75,0.6187543107452118,
1,white,0.25,7,390,672,0,0,0.016191996848232693,30,0.3573455423325156,
1,white,0.25,7,391,672,0,0,0.13378312114224766,31.25,0.0834906513961512,
1,white,0.25,7,392,672,0,0,0.08415099859592812,30,0.46900414545901403,
1,white,0.25,7,393,672,0,0,0.004377521553515562,31.25,0.6505622549481287,
1,white,0.25,7,394,672,0,0,0.12494073922618065,30.5,0.788871611014295,
1,white,0.25,7,395,672,0,0,0.006947462837669671,27.75,0.7281350900912948,
1,white,0.25,7,396,672,0,0,0.02687854632871378,30,0.7845403675427896,
1,white,0.25,7,397,672,0,0,0.05928279156566918,29,0.9366815637634265,
1,white,0.25,7,398,672,0,0,0.048754887130182056,30.25,0.14634251874845905,
1,white,0.25,7,399,672,0,0,0.0036796496520007382,31.25,0.9848769300732249,
1,white,0.25,7,400,672,0,0,0.07377962586246689,30,0.5379890978279462,
1,white,0.25,7,401,672,0,0,0.07613116800128739,29,0.44099529710100127,
1,white,0.25,7,402,672,0,0,0.07261190644102178,30,0.8028766082697408,
1,white,0.25,7,403,672,0,0,0.06865518036923823,28.25,0.8306062122950912,
1,white,0.25,7,404,672,0,0,0.17799815045737688,31.75,0.6472387085414759,
1,white,0.25,7,405,672,0,0,0.007068087385830979,27.5,0.7761862532443385,
1,white,0.25,7,406,672,0,0,0.061741883617420945,31.5,0.7687497253422345,
1,white,0.25,7,407,672,0,0,0.03022373397781164,30.75,0.39523066467849133,
1,white,0.25,7,408,672,0,0,0.06257039906064243,31.5,0.3771831142214904,
1,white,0.25,7,409,672,0,0,0.18513887506693127,31,0.9400117302480756,
1,white,0.25,7,410,672,0,0,0.11930032071015484,31,0.6611139556233807,
1,white,0.25,7,411,672,0,0,0.004311573660743306,30,0.4425109915887343,
1,white,0.25,7,412,672,0,0,0.0811018431157896,31,0.288661985675132,
1,white,0.25,7,413,672,0,0,0.04340601222659346,29.75,0.10943604569729593,
1,white,0.25,7,414,672,0,0,0.03075447175918733,32,0.7792261997523734,
1,white,0.25,7,415,672,0,0,0.008315196319610307,30,0.3931563486227483,
1,white,0.25,7,416,672,0,0,0.01699126012961827,31.75,0.2090164269438799,
1,white,0.25,7,417,672,0,0,0.020481140566533607,30.75,0.1340873311846278,
1,white,0.25,7,418,672,0,0,0.10251522410944203,29.75,0.8362507888690187,
1,white,0.25,7,419,672,0,0,0.08449487312815152,30.5,0.15371184153249084,
1,white,0.25,7,420,672,0,0,0.05190043028165858,30.5,0.9262651154748064,
1,white,0.25,7,421,672,0,0,0.16472329569206767,31.25,0.3732581499979435,
1,white,0.25,7,422,672,0,0,0.00482410116822185,30.75,0.46234305772005824,
1,white,0.25,7,423,672,0,0,0.14710557628642085,31,0.7085790626220239,
1,white,0.25,7,424,672,0,0,0.05888232695661788,29.25,0.6842166407094912,
1,white,0.25,7,425,672,0,0,0.24690127690730246,32,0.05678662685119096,
1,white,0.25,7,426,672,0,0,0.20646876927419533,31.25,0.9674950347953265,
1,white,0.25,7,427,672,0,0,0.09927339286018022,31,0.42410931982974875,
1,white,0.25,7,428,672,0,0,0.007581954428281135,28.25,0.264741952055333,
1,white,0.25,7,429,672,0,0,0.027034980475287962,31,0.9057909495129781,
1,white,0.25,7,430,672,0,0,0.11292210933189883,30,0.30931069922824317,
1,white,0.25,7,431,672,0,0,0.0019930010937319054,26.5,0.8727815560405726,
1,white,0.25,7,432,672,0,0,0.013759559924199527,31.25,0.00013948820086751024,
1,white,0.25,7,433,672,0,0,0.17856839894650833,31.75,0.052540197296711,
1,white,0.25,7,434,672,0,0,0.14504169354202112,31.25,0.33964298778881563,
1,white,0.25,7,435,672,0,0,0.06384832393866036,30.25,0.9459067355548232,
1,white,0.25,7,436,672,0,0,0.22288637025952773,31.25,0.4317976164214443,
1,white,0.25,7,437,672,0,0,0.03833639994564364,31.25,0.7425117532836976,
1,white,0.25,7,438,672,0,0,0.04855490074251301,31.75,0.2040261783829942,
1,white,0.25,7,439,672,0,0,0.04500147048523606,30.75,0.30920347020699257,
1,white,0.25,7,440,672,0,0,0.03619068709888662,30.5,0.11643239789362214,
1,white,0.25,7,441,672,0,0,0.044947758520087366,31.5,0.5775851217243992,
1,white,0.25,7,442,672,0,0,0.0276765073016495,30.25,0.1368900601534223,
1,white,0.25,7,443,672,0,0,0.03420041365496773,32,0.19252679094482694,
1,white,0.25,7,444,672,0,0,0.0797104810824325,31.25,0.40438266748616913,
1,white,0.25,7,445,672,0,0,0.025976753449794776,31.25,0.28145908966600275,
1,white,0.25,7,446,672,0,0,0.09173073862905423,30,0.8157474986898181,
1,white,0.25,7,447,672,0,0,0.0028511494447904795,30.5,0.5324540844088179,
1,white,0.25,7,448,672,0,0,0.007518349689605963,31.5,0.35435584586771707,
1,white,0.25,7,449,672,0,0,0.11535325654727002,32,0.9079553925575975,
1,white,0.25,7,450,672,0,0,0.18256739343862183,31.5,0.43523799026000554,
1,white,0.25,7,451,672,0,0,0.03555300168599507,28.75,0.9776960629378129,
1,white,0.25,7,452,672,0,0,0.3065314930091654,31.25,0.009405801138359537,
1,white,0.25,7,453,672,0,0,0.09697490686936328,30.5,0.7565061591478401,
1,white,0.25,7,454,672,0,0,0.01815818799371427,29.75,0.7628434236861568,
1,white,0.25,7,455,672,0,0,0.00941192796898671,27.25,0.5451754493146489,
1,white,0.25,7,456,672,0,0,0.08897707285792866,32,0.9977539114326128,
1,white,0.25,7,457,672,0,0,0.007029249183475361,31.25,0.11340800164040654,
1,white,0.25,7,458,672,0,0,0.2293199449794312,31,0.1636384257505622,
1,white,0.25,7,459,672,0,0,0.13329852504954354,31.25,0.5940503505102316,
1,white,0.25,7,460,672,0,0,0.03266658341171691,32,0.019763482449982717,
1,white,0.25,7,461,672,0,0,0.10467717011858635,30.5,0.10147615992174552,
1,white,0.25,7,462,672,0,0,0.011201655528572108,31.5,0.32522545005061665,
1,white,0.25,7,463,672,0,0,0.022506241477374234,30.5,0.8369256366610477,
1,white,0.25,7,464,672,0,0,0.010860896721366808,30.5,0.35985097509566843,
1,white,0.25,7,465,672,0,0,0.1667638313235884,31.5,0.04673436598663083,
1,white,0.25,7,466,672,0,0,0.22446312265151924,31.75,0.7970570393242875,
1,white,0.25,7,467,672,0,0,0.15115784835496515,31.75,0.8201591726478572,
1,white,0.25,7,468,672,0,0,0.00455609226639031,28.75,0.09403339301626845,
1,white,0.25,7,469,672,0,0,0.17004241366347828,31.25,0.5853072987626727,
1,white,0.25,7,470,672,0,0,0.12005549656241221,31.5,0.10377588558810058,
1,white,0.25,7,471,672,0,0,0.021338646042015075,31,0.8040759293307638,
1,white,0.25,7,472,672,0,0,0.04638133313806636,32,0.6280510041459144,
1,white,0.25,7,473,672,0,0,0.1424055651574474,31,0.2507978425216246,
1,white,0.25,7,474,672,0,0,0.011961819243344607,29.75,0.11677976988395378,
1,white,0.25,7,475,672,0,0,0.0588078803941412,30.5,0.08947535211746016,
1,white,0.25,7,476,672,0,0,0.019688346334477802,31.25,0.7102202983853472,
1,white,0.25,7,477,672,0,0,0.07457147758018134,29.75,0.852429902264034,
1,white,0.25,7,478,672,0,0,0.04539351699373784,29.25,0.5501986217086023,
1,white,0.25,7,479,672,0,0,0.07303693248579501,30.75,0.9895034184621528,
1,white,0.25,7,480,672,0,0,0.022122439512210823,29.25,0.6558023169988654,
1,white,0.25,7,481,672,0,0,0.01771141264301823,29,0.7969438628553878,
1,white,0.25,7,482,672,0,0,0.09886651939977309,28.25,0.32548704046402066,
1,white,0.25,7,483,672,0,0,0.04847138040648136,30.5,0.4676313152627457,
1,white,0.25,7,484,672,0,0,0.05333475742013061,28.25,0.09632645301210108,
1,white,0.25,7,485,672,0,0,0.25751120577828224,32,0.22610391466157043,
1,white,0.25,7,486,672,0,0,0.0077917515022909445,28,0.7960031558393621,
1,white,0.25,7,487,672,0,0,0.0034376862429058574,28.25,0.31612918201576956,
1,white,0.25,7,488,672,0,0,0.062308125297656836,30,0.7084776032612691,
1,white,0.25,7,489,672,0,0,0.0473242077389584,32,0.3109230046055106,
1,white,0.25,7,490,672,0,0,0.001719724529268274,25.25,0.06783363929949271,
1,white,0.25,7,491,672,0,0,0.015517753280267832,29.5,0.31086474108711737,
1,white,0.25,7,492,672,0,0,0.16989577594758465,32,0.8041972335782595,
1,white,0.25,7,493,672,0,0,0.0021581240219314957,27.25,0.4396528868273639,
1,white,0.25,7,494,672,0,0,0.03596587596916878,30.25,0.06387092441480824,
1,white,0.25,7,495,672,0,0,0.11701462709649624,29.75,0.9817485218975898,
1,white,0.25,7,496,672,0,0,0.010384069217513447,31,0.8397618429595106,
1,white,0.25,7,497,672,0,0,0.10328301771028181,30.75,0.673060586850888,
1,white,0.25,7,498,672,0,0,0.19024470621247225,31.75,0.9432287574430496,
1,white,0.25,7,499,672,0,0,0.033389245847897375,30.75,0.45481172008232895,
1,white,0.25,7,500,672,0,0,0.1130690310767627,29.25,0.9279273860378728,
1,white,0.25,7,501,672,0,0,0.11016697642189344,30.25,0.9650201644675447,
1,white,0.25,7,502,672,0,0,0.25147469593198735,32,0.43050230589261607,
1,white,0.25,7,503,672,0,0,0.04419102074648518,29.25,0.7428570323787826,
1,white,0.25,7,504,672,0,0,0.09169918724046977,31,0.5163542132923387,
1,white,0.25,7,505,672,0,0,0.09170909346544243,32,0.8361359825909428,
1,white,0.25,7,506,672,0,0,0.01927077135677735,31.25,0.7397894490224187,
1,white,0.25,7,507,672,0,0,0.07219249361076052,30.5,0.6675693349161538,
1,white,0.25,7,508,672,0,0,0.016519133961460097,28,0.651140225999344,
1,white,0.25,7,509,672,0,0,0.028130321666753,32,0.9121420754252475,
1,white,0.25,7,510,672,0,0,0.19481229706776604,32,0.4572781050991964,
1,white,0.25,7,511,672,0,0,0.04696725813034641,30,0.43598871014274554,
1,white,0.25,7,512,672,0,0,0.027154183483392158,31.75,0.11420731061528366,
1,white,0.25,7,513,672,0,0,0.1175352469091896,31.75,0.31021620692124896,
1,white,0.25,7,514,672,0,0,0.166289601443381,31.5,0.27690535202116107,
1,white,0.25,7,515,672,0,0,0.018967482369555255,31.5,0.08095159879212632,
1,white,0.25,7,516,672,0,0,0.11326269074562889,30.25,0.9126701611947556,
1,white,0.25,7,517,672,0,0,0.061814922692158714,30.25,0.1263806967024047,
1,white,0.25,7,518,672,0,0,0.028706757037853414,30.75,0.40778052546772614,
1,white,0.25,7,519,672,0,0,0.14326854351823937,32,0.22045976737302386,
1,white,0.25,7,520,672,0,0,0.09370371648875664,32,0.040009638472158326,
1,white,0.25,7,521,672,0,0,0.01760563196696796,30,0.5314029184343381,
1,white,0.25,7,522,672,0,0,0.10072468808267487,31.5,0.6002055478125521,
1,white,0.25,7,523,672,0,0,0.05475790306308159,32,0.11701425733869564,
1,white,0.25,7,524,672,0,0,0.0707888480525225,31.25,0.19226732680406355,
1,white,0.25,7,525,672,0,1,0.003936696305065102,29.75,0.2499417577655636,
1,white,0.25,7,526,672,0,0,0.009493079314409458,27.75,0.6703618112199721,
1,white,0.25,7,527,672,0,0,0.10369958611703467,31,0.6408126128452029,
1,white,0.25,7,528,672,0,1,0.04122835359526933,31,0.21349667373728087,
1,white,0.25,7,529,672,0,0,0.05509119564414022,30.25,0.4135432503299389,
1,white,0.25,7,530,672,0,0,0.2084988241645328,30.5,0.3382670687910535,
1,white,0.25,7,531,672,0,0,0.11768458101801349,31.5,0.18019904696674605,
1,white,0.25,7,532,672,0,0,0.0980260084159561,31.75,0.8425908990879752,
1,white,0.25,7,533,672,0,0,0.079143510238874,30,0.38624720078224395,
1,white,0.25,7,534,672,0,0,0.1742278492569842,32,0.16007946196397915,
1,white,0.25,7,535,672,0,0,0.17303625117584154,31.75,0.3058621331726783,
1,white,0.25,7,536,672,0,0,0.06086897824515203,31.25,0.9684787479181948,
1,white,0.25,7,537,672,0,0,0.022896899367257362,29.5,0.44758010228960954,
1,white,0.25,7,538,672,0,0,0.08538970108251454,31.75,0.9161072648516159,
1,white,0.25,7,539,672,0,0,0.017127368873943616,31.25,0.3085407116846338,
1,white,0.25,7,540,672,0,0,0.020686823587839576,29.75,0.7139536862208242,
1,white,0.25,7,541,672,0,0,0.12174827234332675,31.75,0.3631448753648723,
1,white,0.25,7,542,672,0,0,0.012283369605322392,27.75,0.3510600392083295,
1,white,0.25,7,543,672,0,0,0.1164991139072169,31.5,0.44166964623404403,
1,white,0.25,7,544,672,0,0,0.04017624156342137,29,0.35645135439828435,
1,white,0.25,7,545,672,0,0,0.09421396848863606,31.25,0.9087278389670655,
1,white,0.25,7,546,672,0,0,0.010326193761639346,28.5,0.36574666108467047,
1,white,0.25,7,547,672,0,0,0.12321306894327377,31.75,0.9894225491363409,
1,white,0.25,7,548,672,0,0,0.017548181984035738,29.75,0.7742285383585336,
1,white,0.25,7,549,672,0,0,0.08573051125089748,31,0.9554084306979552,
1,white,0.25,7,550,672,0,0,0.033871400373717386,31,0.999145124153457,
1,white,0.25,7,551,672,0,0,0.03897877032571373,31.75,0.7266731258919441,
1,white,0.25,7,552,672,0,0,0.1587199858656697,31.75,0.8182998613884038,
1,white,0.25,7,553,672,0,0,0.08146546657082632,30,0.8573170831758645,
1,white,0.25,7,554,672,0,0,0.019598993069746884,29.5,0.8169862442882075,
1,white,0.25,7,555,672,0,0,0.045913110247345235,32,0.8096403300883578,
1,white,0.25,7,556,672,0,0,0.07986143751978336,32,0.8918594215897446,
1,white,0.25,7,557,672,0,0,0.13213201673843078,30.75,0.8231612676466766,
1,white,0.25,7,558,672,0,0,0.027829486485828725,29,0.08898455034712627,
1,white,0.25,7,559,672,0,0,0.013812281541032312,29.75,0.7011676973555254,
1,white,0.25,7,560,672,0,0,0.27800734175442554,32,0.5704886623380871,
1,white,0.25,7,561,672,0,0,0.07975624523865599,29.5,0.6167556838632973,
1,white,0.25,7,562,672,0,0,0.061305634630848704,31.25,0.8255502277520465,
1,white,0.25,7,563,672,0,0,0.1744284168158714,31.5,0.7061714447013969,
1,white,0.25,7,564,672,0,0,0.09865725652796797,30.75,0.9593325110425582,
1,white,0.25,7,565,672,0,0,0.19905218365722466,32,0.427625418005366,
1,white,0.25,7,566,672,0,0,0.13838253937974165,31.5,0.5654360378249084,
1,white,0.25,7,567,672,0,0,0.016498525329107894,30.5,0.7440906106743056,
1,white,0.25,7,568,672,0,0,0.22889347118310888,31.75,0.1262472732894666,
1,white,0.25,7,569,672,0,0,0.021376756755412507,31.25,0.9992974229208061,
1,white,0.25,7,570,672,0,0,0.016422225244486444,31,0.7864989435627678,
1,white,0.25,7,571,672,0,0,0.012936947953542277,30.5,0.3889347958936308,
1,white,0.25,7,572,672,0,0,0.017859044897161946,31.5,0.7512974448435783,
1,white,0.25,7,573,672,0,0,0.03146056053382151,30,0.9655250494882998,
1,white,0.25,7,574,672,0,0,0.01907115143633198,31.5,0.3306775812444427,
1,white,0.25,7,575,672,0,0,0.011974618463983622,29.25,0.8481737758581943,
1,white,0.25,7,576,672,0,0,0.007481712456864464,31.25,0.9588316365302105,
1,white,0.25,7,577,672,0,0,0.07221813429032786,31.5,0.09113991797607013,
1,white,0.25,7,578,672,0,0,0.13836689869206387,30.25,0.8618316379265116,
1,white,0.25,7,579,672,0,0,0.008049316292416342,26.75,0.38864654013669775,
1,white,0.25,7,580,672,0,0,0.0068056635501598794,29.25,0.4545808744331641,
1,white,0.25,7,581,672,0,0,0.2359496531660572,31.5,0.5698372842765557,
1,white,0.25,7,582,672,0,0,0.13084228176635626,30.5,0.7269649430823533,
1,white,0.25,7,583,672,0,0,0.10145818954707198,29.5,0.7003206450072127,
1,white,0.25,7,584,672,0,0,0.0159324452050964,31.5,0.06974643152564708,
1,white,0.25,7,585,672,1,1,0.0005391625075115147,31,0.5498117055517058,
1,white,0.25,7,586,672,0,0,0.0761383149740883,29.25,0.826390356169397,
1,white,0.25,7,587,672,0,0,0.03437033286001634,30.25,0.8497639825653227,
1,white,0.25,7,588,672,0,0,0.1002881632409901,29,0.20973893279362155,
1,white,0.25,7,589,672,0,0,0.03595348227776585,31,0.7621074711137706,
1,white,0.25,7,590,672,0,0,0.027562979656790776,31.5,0.9360264370094377,
1,white,0.25,7,591,672,0,0,0.10081100095239903,31.75,0.4532698706823902,
1,white,0.25,7,592,672,0,0,0.11750968289354269,32,0.1553112893741584,
1,white,0.25,7,593,672,0,0,0.0722539305270885,30.25,0.21092439281573006,
1,white,0.25,7,594,672,0,0,0.08273684421282657,32,0.5082619922401882,
1,white,0.25,7,595,672,0,0,0.1030446397627428,29.75,0.7391106571839942,
1,white,0.25,7,596,672,0,0,0.06839065875523209,32,0.7408959761203248,
1,white,0.25,7,597,672,0,0,0.2744680762691112,31.75,0.5521659360767608,
1,white,0.25,7,598,672,0,0,0.015031572918538738,30.5,0.3078464972199393,
1,white,0.25,7,599,672,0,0,0.11575332576218522,31.75,0.3610103070712576,
1,white,0.25,7,600,672,0,0,0.10102049497383425,30.75,0.8702042865707627,
1,white,0.25,7,601,672,0,0,0.009227041169243777,32,0.37824557114197366,
1,white,0.25,7,602,672,0,0,0.019061525759738518,30,0.35366475444201684,
1,white,0.25,7,603,672,0,0,0.034163300746628655,30.75,0.5724205360407312,
1,white,0.25,7,604,672,0,0,0.0290408723558383,28.75,0.9306865695774698,
1,white,0.25,7,605,672,0,0,0.02499792978974602,32,0.40818199571852865,
1,white,0.25,7,606,672,0,0,0.004596432066711009,30.5,0.7810149833924224,
1,white,0.25,7,607,672,0,0,0.1256654199655972,28.5,0.8173263472714494,
1,white,0.25,7,608,672,0,0,0.08381336898785308,31.25,0.4421709675200882,
1,white,0.25,7,609,672,0,0,0.10741947014692788,30.75,0.9707929004418796,
1,white,0.25,7,610,672,0,0,0.019044810929387923,30.25,0.9876380694242409,
1,white,0.25,7,611,672,0,0,0.0963455087257944,30.25,0.9560958676226404,
1,white,0.25,7,612,672,0,0,0.05269143074756377,30,0.4998560454839608,
1,white,0.25,7,613,672,0,0,0.1611755522661601,31.75,0.8679421002667949,
1,white,0.25,7,614,672,0,0,0.012307767753775734,31.5,0.1956270997241345,
1,white,0.25,7,615,672,0,0,0.0055460419040793685,28.5,0.8761228045758,
1,white,0.25,7,616,672,0,0,0.020206424037865434,30.75,0.0322773040139539,
1,white,0.25,7,617,672,0,0,0.07456545888740984,29.75,0.034492992343630235,
1,white,0.25,7,618,672,0,0,0.06683714691516573,28.75,0.20886551611658855,
1,white,0.25,7,619,672,0,0,0.07460763332607856,30.5,0.4518106410880469,
1,white,0.25,7,620,672,0,0,0.1333208656546091,31.5,0.9706330166435048,
1,white,0.25,7,621,672,0,0,0.019160978249710525,31.25,0.44552673581805613,
1,white,0.25,7,622,672,0,0,0.1391520170143432,31.75,0.5220863894022043,
1,white,0.25,7,623,672,0,0,0.011971585218071401,29.5,0.577958882138073,
1,white,0.25,7,624,672,0,0,0.013030214066205192,31,0.475851412148535,
1,white,0.25,7,625,672,0,0,0.019357875180146533,31.75,0.2006910632884067,
1,white,0.25,7,626,672,0,0,0.05211282200013678,31.5,0.8868249757566703,
1,white,0.25,7,627,672,0,0,0.014618504874090332,31.75,0.31841938797991487,
1,white,0.25,7,628,672,0,0,0.05853978139059535,30.5,0.8675810305929824,
1,white,0.25,7,629,672,0,0,0.020075747588135906,29,0.7925013780092582,
1,white,0.25,7,630,672,0,0,0.020622095985372346,29.25,0.4264524574357583,
1,white,0.25,7,631,672,0,0,0.07465225863083391,32,0.7109332693230663,
1,white,0.25,7,632,672,0,0,0.0649502064915527,31.5,0.831684690962373,
1,white,0.25,7,633,672,0,0,0.06461280577340822,30.25,0.8393423791519103,
1,white,0.25,7,634,672,0,0,0.14714934730457618,31.25,0.314160244993719,
1,white,0.25,7,635,672,0,0,0.0022487515784217482,28.5,0.9223127976445173,
1,white,0.25,7,636,672,0,0,0.03894332103734599,28.75,0.40060786800370374,
1,white,0.25,7,637,672,0,0,0.1077719718676432,28.75,0.17070761477890994,
1,white,0.25,7,638,672,0,0,0.028739616317385308,30,0.9818113470870722,
1,white,0.25,7,639,672,0,0,0.11102774264819759,30.25,0.714284893072926,
1,white,0.25,7,640,672,0,0,0.03487553347058092,31.75,0.5938443719785238,
1,white,0.25,7,641,672,0,0,0.0628217248503522,31,0.08443829453815987,
1,white,0.25,7,642,672,0,0,0.12039994692800426,28.75,0.8830750433028527,
1,white,0.25,7,643,672,0,0,0.15553569127177957,31.25,0.24927945844120536,
1,white,0.25,7,644,672,0,0,0.1259996939838156,31.75,0.5159979554402284,
1,white,0.25,7,645,672,0,0,0.028680564218342974,31.25,0.41757417918911155,
1,white,0.25,7,646,672,0,0,0.10967674655046711,32,0.9438711886137137,
1,white,0.25,7,647,672,0,0,0.22384574372469346,30.75,0.1498299125625755,
1,white,0.25,7,648,672,0,0,0.1804819784024848,31.25,0.6928434616083442,
1,white,0.25,7,649,672,0,0,0.0467267341404507,32,0.600378319615875,
1,white,0.25,7,650,672,0,0,0.18884003044060205,32,0.49067860933661867,
1,white,0.25,7,651,672,0,0,0.11015848742861678,31.75,0.027387488833882645,
1,white,0.25,7,652,672,0,0,0.08208194649439715,32,0.12517507551518836,
1,white,0.25,7,653,672,0,0,0.040155342728416366,30.75,0.7992051968847336,
1,white,0.25,7,654,672,0,0,0.06110995954226894,29.75,0.44925911639037674,
1,white,0.25,7,655,672,0,0,0.05193773079234787,29.75,0.36509286528554086,
1,white,0.25,7,656,672,0,0,0.033826147180403,31,0.9126508641183835,
1,white,0.25,7,657,672,0,0,0.05761480674608643,30.25,0.653607416078456,
1,white,0.25,7,658,672,0,0,0.19513344179178915,31.25,0.5567461615129391,
1,white,0.25,7,659,672,0,0,0.1867233997043951,31.5,0.23743446157247805,
1,white,0.25,7,660,672,0,0,0.026772291670229764,28.75,0.5313942307984542,
1,white,0.25,7,661,672,0,0,0.027322059118219832,30,0.907795683328612,
1,white,0.25,7,662,672,0,0,0.05556042352088797,32,0.9644410365361752,
1,white,0.25,7,663,672,0,0,0.08345998442804292,31.5,0.1769852904218554,
1,white,0.25,7,664,672,0,0,0.03285480880598457,28.75,0.749107046736933,
1,white,0.25,7,665,672,0,0,0.08315788272223024,31,0.1055820895492896,
1,white,0.25,7,666,672,0,0,0.0015580676748845335,25.75,0.7783389501394259,
1,white,0.25,7,667,672,0,0,0.01406126971057231,30.5,0.0047419153805059455,
1,white,0.25,7,668,672,0,0,0.024726261688173157,30.5,0.14880547713577608,
1,white,0.25,7,669,672,0,0,0.014818374676501156,31,0.854163912288627,
1,white,0.25,7,670,672,0,0,0.08151133995800575,29.75,0.23940529680583333,
1,white,0.25,7,671,672,0,0,0.04225772296019692,31.75,0.922436622063038,
1,white,0.25,7,672,672,0,0,0.05793685785263791,31,0.9182312149620871,
1,white,0.25,7,673,672,0,0,0.0359921502764865,29.75,0.3473256523638746,
1,white,0.25,7,674,672,0,0,0.11666814947534032,30.5,0.8465122188217404,
1,white,0.25,7,675,672,0,0,0.14576256894050743,31.5,0.29655198334459154,
1,white,0.25,7,676,672,0,0,0.01298282881767332,28.25,0.6288125403534452,
1,white,0.25,7,677,672,0,0,0.036435023891315255,31.75,0.7354563135452149,
1,white,0.25,7,678,672,0,0,0.09920883114085133,30.75,0.47943805162789077,
1,white,0.25,7,679,672,0,0,0.014623259305084568,31,0.2358534409842954,
1,white,0.25,7,680,672,0,0,0.0199802875789602,31.5,0.8258935145957617,
1,white,0.25,7,681,672,0,0,0.23215876733035468,31.75,0.9951922685983907,
1,white,0.25,7,682,672,0,0,0.03945645954652188,31.25,0.30166313807005185,
1,white,0.25,7,683,672,0,0,0.023251410812361817,31,0.7480736434715585,
1,white,0.25,7,684,672,0,1,0.06920863344426342,31,0.46405078557383916,
1,white,0.25,7,685,672,0,0,0.07663046981505772,30.75,0.3565913701550386,
1,white,0.25,7,686,672,0,0,0.05642163387405741,31,0.7372167931911435,
1,white,0.25,7,687,672,0,0,0.04822323075233137,31.75,0.5849522270692021,
1,white,0.25,7,688,672,0,0,0.1770106113886879,32,0.6626180959483894,
1,white,0.25,7,689,672,0,0,0.172008771842995,32,0.9873855666202453,
1,white,0.25,7,690,672,0,0,0.03866490003533107,31.25,0.7372842833604079,
1,white,0.25,7,691,672,0,0,0.0521878338773365,30.5,0.9529403956930503,
1,white,0.25,7,692,672,0,0,0.13301225186842058,31.25,0.7315212560395556,
1,white,0.25,7,693,672,0,0,0.021917846537842345,28.5,0.07698120301968037,
1,white,0.25,7,694,672,0,0,0.029984304067049772,30.5,0.2687171462852147,
1,white,0.25,7,695,672,0,0,0.02178794475220125,29,0.5877940308453993,
1,white,0.25,7,696,672,0,0,0.305983361012386,31.5,0.5206481444887308,
1,white,0.25,7,697,672,0,0,0.07575082909277842,31.25,0.6407555254799798,
1,white,0.25,7,698,672,0,0,0.06889061304318955,32,0.11482351475178743,
1,white,0.25,7,699,672,0,0,0.07952422109230195,30.25,0.6864242557310527,
1,white,0.25,7,700,672,0,0,0.20735936928705356,32,0.7887643765475721,
1,white,0.25,7,701,672,0,0,0.09971220848528639,30.75,0.37140288826044077,
1,white,0.25,7,702,672,0,0,0.001850267544533657,26.75,0.714214424081985,
1,white,0.25,7,703,672,0,0,0.08471203458884269,31.25,0.24979015102164548,
1,white,0.25,7,704,672,0,0,0.0040223662440657115,32,0.1288963823392616,
1,white,0.25,7,705,672,0,0,0.036770813391539536,29.75,0.517722964371695,
1,white,0.25,7,706,672,0,0,0.02680998862174877,31.25,0.4861309303442569,
1,white,0.25,7,707,672,0,1,0.020786515160485797,30,0.15181332134906633,
1,white,0.25,7,708,672,0,0,0.018894513401390256,31.5,0.9582705384713582,
1,white,0.25,7,709,672,0,0,0.13773233328739076,31.5,0.49701312893954774,
1,white,0.25,7,710,672,0,0,0.027196848814721508,31.5,0.9564120439348859,
1,white,0.25,7,711,672,0,0,0.10313933014368115,31.5,0.667616742360755,
1,white,0.25,7,712,672,0,0,0.1820974890787922,32,0.07181507710771362,
1,white,0.25,7,713,672,0,0,0.1367102733363995,31.5,0.1401610919795765,
1,white,0.25,7,714,672,0,0,0.037036364304633085,31.5,0.9575898751163486,
1,white,0.25,7,715,672,0,0,0.1402692349404756,30.75,0.08241010885935829,
1,white,0.25,7,716,672,0,0,0.14649127053818234,31.25,0.6522896812849143,
1,white,0.25,7,717,672,0,0,0.0330524490644597,28,0.08665802780421228,
1,white,0.25,7,718,672,0,0,0.007042903885090213,30.5,0.5167527508588184,
1,white,0.25,7,719,672,0,0,0.03782764038405084,28.25,0.5673974324401398,
1,white,0.25,7,720,672,0,0,0.02399425544177891,28,0.3965515584244914,
1,white,0.25,7,721,672,0,0,0.011126087801611728,31.5,0.04090296764313661,
1,white,0.25,7,722,672,0,0,0.15765745986608648,30.75,0.7307398034234018,
1,white,0.25,7,723,672,0,0,0.06892486748594151,29.75,0.24687236920368705,
1,white,0.25,7,724,672,0,0,0.07801070662556853,32,0.49073476639933233,
1,white,0.25,7,725,672,0,0,0.058632377374293054,29.75,0.8563485665611426,
1,white,0.25,7,726,672,0,0,0.04840114517477678,31.5,0.40672409827091793,
1,white,0.25,7,727,672,0,0,0.03767143935252548,27.75,0.044875812645311486,
1,white,0.25,7,728,672,0,0,0.18536889231493991,32,0.06471367426682895,
1,white,0.25,7,729,672,0,0,0.08147164636722692,29.75,0.43653654322841495,
1,white,0.25,7,730,672,0,0,0.009448568447128824,31,0.751728890726458,
1,white,0.25,7,731,672,0,0,0.006944681520396068,28.5,0.6828742435409145,
1,white,0.25,7,732,672,0,0,0.04586438616266131,28.75,0.4265253439504799,
1,white,0.25,7,733,672,0,1,0.10638119211372565,30.25,0.5289686388324999,
1,white,0.25,7,734,672,0,0,0.017273562318096514,30.75,0.24984171001188937,
1,white,0.25,7,735,672,0,0,0.27708444070053107,30.75,0.11658537351156084,
1,white,0.25,7,736,672,0,0,0.08675484840196879,30,0.7790974806393174,
1,white,0.25,7,737,672,0,0,0.07945038535737603,31.75,0.8449776733623673,
1,white,0.25,7,738,672,0,0,0.08540614358370213,30.5,0.7359697983162677,
1,white,0.25,7,739,672,0,0,0.08199384253391251,30.75,0.8814687959995648,
1,white,0.25,7,740,672,0,0,0.11206216195058039,28.25,0.20922166774565198,
1,white,0.25,7,741,672,0,0,0.06486684945819154,28.75,0.1291759571607869,
1,white,0.25,7,742,672,0,0,0.010662094181140613,29.75,0.9329934113163387,
1,white,0.25,7,743,672,0,0,0.2221621666531517,31.75,0.6426347633073995,
1,white,0.25,7,744,672,0,0,0.04303186881657628,31.25,0.39170356403735684,
1,white,0.25,7,745,672,0,0,0.03239007317569964,31.5,0.8760393477336366,
1,white,0.25,7,746,672,0,0,0.12404474851771463,32,0.6125407527988522,
1,white,0.25,7,747,672,0,0,0.16337775624080242,32,0.30305763602678293,
1,white,0.25,7,748,672,0,0,0.028335760490485806,29,0.3260942767445393,
1,white,0.25,7,749,672,0,0,0.003998731851970971,29.5,0.7828141324083124,
1,white,0.25,7,750,672,0,0,0.007373211758543552,29.25,0.2847414846861863,
1,white,0.25,7,751,672,0,0,0.2521405115593235,31.75,0.8140647359827,
1,white,0.25,7,752,672,0,0,0.10019747234324772,30.5,0.9712217861228711,
1,white,0.25,7,753,672,0,0,0.06215759802836296,31.5,0.7955690254634417,
1,white,0.25,7,754,672,0,0,0.10627225676933594,31.5,0.23092277911740144,
1,white,0.25,7,755,672,0,0,0.021482341301228614,30,0.6099037913269844,
1,white,0.25,7,756,672,0,0,0.016368759786406728,28.25,0.7471489810524211,
1,white,0.25,7,757,672,0,0,0.0330883119992893,31,0.12767935280974507,
1,white,0.25,7,758,672,0,0,0.10364497491758096,32,0.6031570901372436,
1,white,0.25,7,759,672,0,0,0.16009811172272004,31,0.6640652024248436,
1,white,0.25,7,760,672,0,1,0.006380284300871342,30.5,0.0036947985457261856,
1,white,0.25,7,761,672,0,0,0.17522646619249427,30.75,0.30711718242054087,
1,white,0.25,7,762,672,0,0,0.05433211819155015,29.25,0.5837950857929011,
1,white,0.25,7,763,672,0,0,0.04115155266134474,32,0.6764429757669828,
1,white,0.25,7,764,672,0,0,0.04712658910435197,29.5,0.6753663535720873,
1,white,0.25,7,765,672,0,0,0.01897971398315046,29.75,0.5083091996838018,
1,white,0.25,7,766,672,0,0,0.06159953966295395,31,0.8404668540849694,
1,white,0.25,7,767,672,0,0,0.08565293734938306,29.75,0.3025721010221034,
1,white,0.25,7,768,672,0,0,0.1265517396101118,32,0.36986391702353394,
1,white,0.25,7,769,672,0,0,0.06390120967395141,29.5,0.33605743502902397,
1,white,0.25,7,770,672,0,0,0.028527905271745646,30.5,0.7985209553207171,
1,white,0.25,7,771,672,0,0,0.0070625151085165205,31.75,0.700004606544777,
1,white,0.25,7,772,672,0,0,0.12414335367592555,31.5,0.6159469851192726,
1,white,0.25,7,773,672,0,0,0.21753556231337534,31.25,0.754261004141145,
1,white,0.25,7,774,672,0,0,0.10728803205152637,30,0.8605770858095854,
1,white,0.25,7,775,672,0,0,0.0511390868470436,31.25,0.6576991815315981,
1,white,0.25,7,776,672,0,0,0.1848320922238076,32,0.7486667026378528,
1,white,0.25,7,777,672,0,0,0.04630340462121452,30.75,0.17553398442837698,
1,white,0.25,7,778,672,0,0,0.12700854582750487,31.25,0.5647430207032721,
1,white,0.25,7,779,672,0,0,0.33318734247389625,31.5,0.4252391383104521,
1,white,0.25,7,780,672,0,0,0.02328867271573065,32,0.9411126559495954,
1,white,0.25,7,781,672,0,0,0.013344950072126327,26.25,0.031485989531807146,
1,white,0.25,7,782,672,0,0,0.04333390947956717,32,0.05776464810510151,
1,white,0.25,7,783,672,0,0,0.036909245540642344,31.75,0.9059437096251461,
1,white,0.25,7,784,672,0,0,0.033849635636710285,30,0.7308616809152206,
1,white,0.25,7,785,672,0,0,0.005174395580014424,29.5,0.5469332892955714,
1,white,0.25,7,786,672,0,0,0.03663241580840071,28.25,0.000537863839791819,
1,white,0.25,7,787,672,0,0,0.016574177807072377,28.25,0.614244994445184,
1,white,0.25,7,788,672,0,0,0.008853435469079018,30,0.2293268947528566,
1,white,0.25,7,789,672,0,0,0.1980988286660803,30.5,0.0012565092376802811,
1,white,0.25,7,790,672,0,0,0.029567960765549572,31,0.30238478030196825,
1,white,0.25,7,791,672,0,0,0.16509805122192311,32,0.8677896374287954,
1,white,0.25,7,792,672,0,0,0.0283514040122137,31.75,0.16088071173932805,
1,white,0.25,7,793,672,0,0,0.08233869233747093,30.25,0.25962495357527615,
1,white,0.25,7,794,672,0,0,0.12061436957032168,29.5,0.437477322570925,
1,white,0.25,7,795,672,0,0,0.06317633640419085,32,0.903303863677763,
1,white,0.25,7,796,672,0,0,0.0060398385614344186,31.25,0.4449402135568655,
1,white,0.25,7,797,672,0,0,0.047305066346369995,31.5,0.15895225007924418,
1,white,0.25,7,798,672,0,0,0.006228230520515465,29.75,0.9080073287883867,
1,white,0.25,7,799,672,0,0,0.2048615436513569,31,0.04029479227133825,
1,white,0.25,7,800,672,0,0,0.2508154535091516,31.75,0.5737416397230679,
1,white,0.25,7,801,672,0,0,0.033448391112257836,32,0.3210077619773588,
1,white,0.25,7,802,672,0,0,0.017928009688634616,31,0.2323815029153058,
1,white,0.25,7,803,672,0,0,0.10494008185840997,31.75,0.07512123486991618,
1,white,0.25,7,804,672,0,0,0.24500059149839948,32,0.4863477082097457,
1,white,0.25,7,805,672,0,0,0.050475517885929966,29.75,0.2891379429569415,
1,white,0.25,7,806,672,0,0,0.03232575940790261,29.75,0.1938091868353089,
1,white,0.25,7,807,672,0,0,0.10644792217039345,31,0.2583446212241769,
1,white,0.25,7,808,672,0,0,0.16045841837173236,31.25,0.3971736512529658,
1,white,0.25,7,809,672,0,0,0.09886179220975311,31.75,0.4209525926247415,
1,white,0.25,7,810,672,0,0,0.031502395625101154,31.75,0.5248627424131829,
1,white,0.25,7,811,672,0,0,0.13732674945562684,30.75,0.4271995209412517,
1,white,0.25,7,812,672,0,0,0.1373315354370025,31.5,0.18979392930342387,
1,white,0.25,7,813,672,0,0,0.0725788875226866,30.25,0.9861428001208786,
1,white,0.25,7,814,672,0,0,0.040587627666265336,30.25,0.8434700816389775,
1,white,0.25,7,815,672,0,0,0.01768833602770914,30.25,0.2827772532186983,
1,white,0.25,7,816,672,0,0,0.08965955816431359,30.5,0.3512273530805612,
1,white,0.25,7,817,672,0,0,0.14615141268700227,31.5,0.5909821023514297,
1,white,0.25,7,818,672,0,0,0.11079014313475477,31.75,0.9420807768585807,
1,white,0.25,7,819,672,0,0,0.06347375854856263,32,0.6414807271384735,
1,white,0.25,7,820,672,0,0,0.2199626248854024,31.25,0.17651882735657354,
1,white,0.25,7,821,672,0,0,0.08049287682877382,31.25,0.15306966746445905,
1,white,0.25,7,822,672,0,0,0.0778097414792901,31.75,0.6565789721818568,
1,white,0.25,7,823,672,0,0,0.14351244201046254,32,0.08401456443934552,
1,white,0.25,7,824,672,0,0,0.00857018104013918,26.5,0.1524141504247355,
1,white,0.25,7,825,672,0,0,0.055872186925405076,30.75,0.3296478950357997,
1,white,0.25,7,826,672,0,0,0.121727533571661,31.5,0.08497661022880387,
1,white,0.25,7,827,672,0,0,0.18182966484238194,31,0.714252304623624,
1,white,0.25,7,828,672,0,0,0.07769443796900177,29.75,0.3965543604442361,
1,white,0.25,7,829,672,0,0,0.06988295820021295,32,0.1663501663034368,
1,white,0.25,7,830,672,0,0,0.06914425541396074,30.5,0.859297862888148,
1,white,0.25,7,831,672,0,0,0.2663636232473796,32,0.25448734229446246,
1,white,0.25,7,832,672,0,0,0.013360495993698152,27,0.26291718929302443,
1,white,0.25,7,833,672,0,0,0.08524840843970383,30,0.5009567041577144,
1,white,0.25,7,834,672,0,0,0.01859554661257412,27,0.24768241463744467,
1,white,0.25,7,835,672,0,0,0.010490742732611635,30,0.337966266128887,
1,white,0.25,7,836,672,0,0,0.10320263465211332,29.75,0.5552978513345099,
1,white,0.25,7,837,672,0,0,0.09474174922417367,31.5,0.1936493114460921,
1,white,0.25,7,838,672,0,0,0.018809262283721706,30,0.46806707467752096,
1,white,0.25,7,839,672,0,0,0.002178638498992469,31.25,0.6261598351863478,
1,white,0.25,7,840,672,0,0,0.07892476618737299,31,0.5097106525552364,
1,white,0.25,7,841,672,0,0,0.1661946186632367,31.75,0.9979283273239499,
1,white,0.25,7,842,672,0,0,0.0038386267468811797,29.75,0.9683792874375977,
1,white,0.25,7,843,672,0,0,0.033345259380408,29.75,0.21282984254794113,
1,white,0.25,7,844,672,0,0,0.03645484082527095,30.25,0.24779460974434497,
1,white,0.25,7,845,672,0,0,0.0030887643958370514,27.5,0.31391261488086464,
1,white,0.25,7,846,672,0,0,0.0607329102280596,30.25,0.7013249156094581,
1,white,0.25,7,847,672,0,0,0.0576406916595259,28.75,0.7507924395422803,
1,white,0.25,7,848,672,0,0,0.1239074470502527,32,0.7911132250719359,
1,white,0.25,7,849,672,0,0,0.10664091059368208,31.75,0.9613770793997063,
1,white,0.25,7,850,672,0,0,0.019652416980060594,30.5,0.5570116943794989,
1,white,0.25,7,851,672,0,0,0.010528868836848448,28.25,0.11305038921507049,
1,white,0.25,7,852,672,0,0,0.08821117690824165,28.75,0.004418959446874315,
1,white,0.25,7,853,672,0,0,0.11509377215258942,31.75,0.9716987452129617,
1,white,0.25,7,854,672,0,0,0.0018521751913949114,30.75,0.9211103175255321,
1,white,0.25,7,855,672,0,0,0.0201529579092099,32,0.3098255595847159,
1,white,0.25,7,856,672,0,0,0.09413327238306624,31.25,0.1955754627373889,
1,white,0.25,7,857,672,0,0,0.2401792241016738,31.25,0.19682813017501788,
1,white,0.25,7,858,672,0,0,0.25620875348610794,31.5,0.8297605390774528,
1,white,0.25,7,859,672,0,0,0.029829791035005715,31.5,0.7609143144102515,
1,white,0.25,7,860,672,0,0,0.00814725883192935,27.25,0.6907100703732553,
1,white,0.25,7,861,672,0,0,0.26487782651513236,32,0.9477120699308382,
1,white,0.25,7,862,672,0,0,0.020269097987902995,28.25,0.012388099324123547,
1,white,0.25,7,863,672,0,0,0.3644150966758485,32,0.9667608748863231,
1,white,0.25,7,864,672,0,0,0.14951995063736323,32,0.7816555615543713,
1,white,0.25,7,865,672,0,0,0.07820773857338936,31.25,0.34439856373353606,
1,white,0.25,7,866,672,0,0,0.0394644701161313,30.5,0.860037781995048,
1,white,0.25,7,867,672,0,0,0.020573487381816302,29.25,0.1706459101709561,
1,white,0.25,7,868,672,0,0,0.23565132999377947,31,0.36459902878908823,
1,white,0.25,7,869,672,0,0,0.10872851847115339,31.75,0.1380803244778116,
1,white,0.25,7,870,672,0,0,0.041801840327034157,31,0.07730214010258385,
1,white,0.25,7,871,672,0,0,0.22536270697047678,32,0.7423317235323827,
1,white,0.25,7,872,672,0,0,0.11106737326782412,31.75,0.15153552233578194,
1,white,0.25,7,873,672,0,0,0.014079691925105164,30,0.37172383254857877,
1,white,0.25,7,874,672,0,0,0.027403941641133578,28.5,0.9290795932376066,
1,white,0.25,7,875,672,0,0,0.12384893314197887,30.5,0.8940567430099767,
1,white,0.25,7,876,672,0,0,0.06337283398833016,32,0.8799061728155723,
1,white,0.25,7,877,672,0,0,0.188482110634268,31.75,0.8062241638632464,
1,white,0.25,7,878,672,0,0,0.007010275682812428,29.5,0.5326664013665012,
1,white,0.25,7,879,672,0,0,0.07019334509389552,31,0.694085838946917,
1,white,0.25,7,880,672,0,0,0.11995845730192967,31.25,0.20971656206701184,
1,white,0.25,7,881,672,0,0,0.02916465604339369,29.25,0.10015865092339105,
1,white,0.25,7,882,672,0,0,0.15092522533144404,32,0.9479210188163633,
1,white,0.25,7,883,672,0,0,0.03308689602859971,30,0.6891002921817958,
1,white,0.25,7,884,672,0,0,0.049650082045201605,30.5,0.5445763945783759,
1,white,0.25,7,885,672,0,0,0.18228710019819794,30.75,0.5498842213578008,
1,white,0.25,7,886,672,0,0,0.010953546632445854,31.25,0.7556527450611837,
1,white,0.25,7,887,672,0,0,0.05799203213111226,30.5,0.22631913384239255,
1,white,0.25,7,888,672,0,0,0.003959137812598823,27.25,0.09903473412125718,
1,white,0.25,7,889,672,0,0,0.0281357793856033,30,0.17305817966017845,
1,white,0.25,7,890,672,0,0,0.12721914201497286,31.75,0.6143351287004499,
1,white,0.25,7,891,672,0,0,0.008270364724153323,30.25,0.7048518213797417,
1,white,0.25,7,892,672,0,0,0.295050393077561,31.75,0.5245029007776782,
1,white,0.25,7,893,672,0,0,0.051126951897500494,29.75,0.8230088681268661,
1,white,0.25,7,894,672,0,0,0.08201065197283652,31.25,0.026153765397192275,
1,white,0.25,7,895,672,0,0,0.0034589084174045936,30.75,0.5070491869819354,
1,white,0.25,7,896,672,0,0,0.24281912649624626,31.75,0.4598643417784819,
1,white,0.25,7,897,672,0,0,0.024822341056026542,29,0.07557909927024464,
1,white,0.25,7,898,672,0,0,0.00646179926370849,29.75,0.833099982885955,
1,white,0.25,7,899,672,0,0,0.017407819265583435,31.25,0.008243404022376888,
1,white,0.25,7,900,672,0,0,0.08869208554646779,31.25,0.28153748447430926,
1,white,0.25,7,901,672,0,0,0.09510933700820146,31,0.04786571724833899,
1,white,0.25,7,902,672,0,0,0.12675165134626465,31.75,0.5568483177678207,
1,white,0.25,7,903,672,0,0,0.013921690811220855,27,0.7651612311622199,
1,white,0.25,7,904,672,0,0,0.0401251918487624,30,0.27881141913038787,
1,white,0.25,7,905,672,0,0,0.04549260844687952,32,0.8837955701856876,
1,white,0.25,7,906,672,0,0,0.05965306340315135,31.75,0.3157940526016111,
1,white,0.25,7,907,672,0,0,0.029513532229821338,30.75,0.4606364645673814,
1,white,0.25,7,908,672,0,0,0.026677541821845896,28,0.2977558005607983,
1,white,0.25,7,909,672,0,0,0.04086415610948324,30.25,0.33261041209490383,
1,white,0.25,7,910,672,0,0,0.15550144948434996,31.75,0.7671105467784652,
1,white,0.25,7,911,672,0,0,0.047776867002057966,30.75,0.31999185905812233,
1,white,0.25,7,912,672,0,0,0.11113651862435159,32,0.6899488235335689,
1,white,0.25,7,913,672,0,0,0.13907846664794088,31.75,0.8448864636115466,
1,white,0.25,7,914,672,0,0,0.06514579292079903,31.5,0.14311920450459426,
1,white,0.25,7,915,672,0,0,0.1550448824634395,31,0.5114143306516326,
1,white,0.25,7,916,672,0,0,0.13188850350915038,31,0.5568682488853748,
1,white,0.25,7,917,672,0,0,0.0089663657233775,30,0.34819496891756296,
1,white,0.25,7,918,672,0,0,0.026453690133273033,32,0.8255913319433421,
1,white,0.25,7,919,672,0,0,0.019487093660780275,31,0.1454468074151134,
1,white,0.25,7,920,672,0,0,0.006462729950323265,25.25,0.6408340992006467,
1,white,0.25,7,921,672,0,0,0.02352892624604974,29.75,0.16455875812100507,
1,white,0.25,7,922,672,0,0,0.08294357123162899,29.75,0.37197134197497583,
1,white,0.25,7,923,672,0,0,0.07682337418839313,30.5,0.6776417780914565,
1,white,0.25,7,924,672,0,0,0.10675491916244972,32,0.59099337433543,
1,white,0.25,7,925,672,0,0,0.018887818232263043,29,0.647182447139627,
1,white,0.25,7,926,672,0,0,0.049608631267050285,32,0.5899346284847714,
1,white,0.25,7,927,672,0,0,0.04670107061640838,29.5,0.39563905954473966,
1,white,0.25,7,928,672,0,0,0.05225837062910932,31.5,0.6919414296295484,
1,white,0.25,7,929,672,0,0,0.0953301090451989,29,0.3477035292926991,
1,white,0.25,7,930,672,0,0,0.07935052339233195,30.25,0.005371917236130397,
1,white,0.25,7,931,672,0,0,0.18213381790677197,32,0.010769653001186708,
1,white,0.25,7,932,672,0,0,0.09470818346458365,31.75,0.8431947900239736,
1,white,0.25,7,933,672,0,0,0.09536069817804649,30.25,0.7581800053243721,
1,white,0.25,7,934,672,0,0,0.0780627167757415,30.75,0.1821023977875985,
1,white,0.25,7,935,672,0,0,0.0053909606970226065,26.5,0.26133393339953837,
1,white,0.25,7,936,672,0,0,0.05418231726860867,31,0.7538179575862041,
1,white,0.25,7,937,672,0,0,0.016805856282220977,27.75,0.17413651607868852,
1,white,0.25,7,938,672,0,0,0.08024421954418481,31,0.742950295834788,
1,white,0.25,7,939,672,0,0,0.10618101877466402,32,0.297827513295122,
1,white,0.25,7,940,672,0,0,0.19940601983396444,31.75,0.7627231860566496,
1,white,0.25,7,941,672,0,0,0.17121178117765545,29.25,0.273665885609532,
1,white,0.25,7,942,672,0,0,0.14470116763781615,31.75,0.12454543479626634,
1,white,0.25,7,943,672,0,0,0.07904285171946468,29.75,0.5343127436392912,
1,white,0.25,7,944,672,0,0,0.029692819211033394,29.25,0.009416921039666515,
1,white,0.25,7,945,672,0,0,0.1680394969345158,31.5,0.9569124108638993,
1,white,0.25,7,946,672,0,0,0.019605380522986326,31.75,0.8465763392805967,
1,white,0.25,7,947,672,0,0,0.07934106820042286,31.25,0.0015051460854108578,
1,white,0.25,7,948,672,0,0,0.03729322257681966,28.75,0.1389274689508868,
1,white,0.25,7,949,672,0,0,0.044263867156764336,31,0.9312708789133046,
1,white,0.25,7,950,672,0,0,0.0016216798580237501,24,0.11661528914947672,
1,white,0.25,7,951,672,0,0,0.02699299684498313,25,0.025758979085095057,
1,white,0.25,7,952,672,0,0,0.12286974663842387,29.75,0.7296718222928535,
1,white,0.25,7,953,672,0,0,0.0583578742989298,32,0.5280481860872505,
1,white,0.25,7,954,672,0,0,0.12836038657568127,31.75,0.24173520635045564,
1,white,0.25,7,955,672,0,0,0.24440204410754296,32,0.5515733129592164,
1,white,0.25,7,956,672,0,0,0.06070661640911024,30,0.42358742406500816,
1,white,0.25,7,957,672,0,0,0.03779774180106854,29.25,0.6901001759649787,
1,white,0.25,7,958,672,0,0,0.18581364856689286,30.75,0.6037088544759992,
1,white,0.25,7,959,672,0,0,0.039540293434273455,31.5,0.4939857290930234,
1,white,0.25,7,960,672,0,0,0.03418677253652902,28.5,0.8798552897403359,
1,white,0.25,7,961,672,0,0,0.29448585886256273,31.5,0.7990991663116372,
1,white,0.25,7,962,672,0,0,0.1369445938996754,32,0.08098670483951143,
1,white,0.25,7,963,672,0,0,0.02934263669341619,30.25,0.1966316169162421,
1,white,0.25,7,964,672,0,0,0.18623003249941494,32,0.3082377190382377,
1,white,0.25,7,965,672,0,0,0.05675261262196574,32,0.38600502780679113,
1,white,0.25,7,966,672,0,0,0.027133933823733858,31,0.7767426173927002,
1,white,0.25,7,967,672,0,0,0.11541783146109807,31.25,0.5331918886410294,
1,white,0.25,7,968,672,0,0,0.04656973892933158,30.5,0.7905375152284251,
1,white,0.25,7,969,672,0,0,0.14813874729033805,31.75,0.6448994121840279,
1,white,0.25,7,970,672,0,0,0.038092431335030374,29.25,0.04501765931300106,
1,white,0.25,7,971,672,0,0,0.18198510969574133,32,0.6182314720331303,
1,white,0.25,7,972,672,0,0,0.021013218876189232,30,0.47555233762468274,
1,white,0.25,7,973,672,0,0,0.006547123367954488,30.5,0.8460882778557316,
1,white,0.25,7,974,672,0,0,0.010036004836733503,31,0.061819566792156166,
1,white,0.25,7,975,672,0,0,0.037802409158112504,31,0.1375139462530912,
1,white,0.25,7,976,672,0,0,0.04182405871124173,30.25,0.94754121228763,
1,white,0.25,7,977,672,0,0,0.18409996090053027,32,0.5591846421182387,
1,white,0.25,7,978,672,0,0,0.13953109146550724,30,0.7372845651836497,
1,white,0.25,7,979,672,0,0,0.14123026243968617,32,0.9676629526830111,
1,white,0.25,7,980,672,0,0,0.03305553931608152,31.5,0.7570720486535913,
1,white,0.25,7,981,672,0,0,0.04052988966700899,31,0.4616412504354458,
1,white,0.25,7,982,672,0,0,0.13240224738555295,30.25,0.6280071050803353,
1,white,0.25,7,983,672,0,0,0.038032829935549683,30.25,0.3853522769700315,
1,white,0.25,7,984,672,0,0,0.11657889064896154,30,0.9080890015076655,
1,white,0.25,7,985,672,0,0,0.11532110987580924,31.5,0.11394746838930625,
1,white,0.25,7,986,672,0,0,0.004103790294766263,30.75,0.06552250923842196,
1,white,0.25,7,987,672,0,0,0.18493260562041214,31.75,0.7878317385031883,
1,white,0.25,7,988,672,0,0,0.058231751935501896,32,0.7092163350672742,
1,white,0.25,7,989,672,0,0,0.03533264396889435,29,0.3517201545675408,
1,white,0.25,7,990,672,0,0,0.01111870521512226,32,0.30968745483908167,
1,white,0.25,7,991,672,0,0,0.0301610402531175,28.5,0.6278141683317047,
1,white,0.25,7,992,672,0,0,0.06556451765991278,30,0.4157238747313551,
1,white,0.25,7,993,672,0,0,0.0032641046895147685,31.25,0.5117569564496665,
1,white,0.25,7,994,672,0,0,0.03402622436557967,32,0.17072297185734597,
1,white,0.25,7,995,672,0,0,0.0049734503102087935,30,0.04612715685621582,
1,white,0.25,7,996,672,0,0,0.10376832358933585,30.5,0.9385449141193857,
1,white,0.25,7,997,672,0,0,0.020714363202740227,27,0.7892370157679218,
1,white,0.25,7,998,672,0,0,0.028041746505998888,31.25,0.7202220894242797,
1,white,0.25,7,999,672,0,0,0.011667341958353172,32,0.6879507425609409,
5,white,1,14,0,336,0,0,0.2058950319549956,32,0.884344374028909,
5,white,1,14,1,336,0,0,0.0897725245857971,29,0.45974379971298107,
5,white,1,14,2,336,0,0,0.06594788944131513,29,0.5792544347643132,
5,white,1,14,3,336,0,0,0.07028286688457608,31,0.872945306541583,
5,white,1,14,4,336,0,0,0.03805571504217886,31,0.6145612311298001,
5,white,1,14,5,336,0,0,0.040952254339854166,27,0.8020267048720899,
5,white,1,14,6,336,0,0,0.009279679281169018,25,0.46006049113020486,
5,white,1,14,7,336,1,1,0.0011599774916977168,30,0.08204897971557301,
5,white,1,14,8,336,0,0,0.00982461150589431,31,0.9771892575618298,
5,white,1,14,9,336,0,0,0.054338792103724165,31,0.31838198962518993,
5,white,1,14,10,336,0,0,0.05099948190615877,27,0.8616003184612896,
5,white,1,14,11,336,0,0,0.13144290794271973,32,0.7482081111689187,
5,white,1,14,12,336,0,0,0.27728530838745913,28,0.714072034972872,
5,white,1,14,13,336,0,0,0.038369919283011034,32,0.07360188270307111,
5,white,1,14,14,336,0,0,0.07326226759649701,28,0.6545503772480425,
5,white,1,14,15,336,0,0,0.03361681251660309,28,0.2379077634522221,
5,white,1,14,16,336,0,0,0.49528823322575477,30,0.5977046589826186,
5,white,1,14,17,336,0,0,0.11673488104365592,29,0.5421753547437246,
5,white,1,14,18,336,0,0,0.00398074508825752,32,0.43020028559938994,
5,white,1,14,19,336,0,0,0.15844471391906512,29,0.6610046628249482,
5,white,1,14,20,336,0,0,0.03609017548337645,29,0.5436961234663076,
5,white,1,14,21,336,0,0,0.12655395551005566,28,0.3454107606997896,
5,white,1,14,22,336,1,1,0.001906640558323125,32,0.03224296612955857,
5,white,1,14,23,336,0,0,0.3341825057787118,32,0.5378860591726629,
5,white,1,14,24,336,0,0,0.1358872885992679,30,0.4148369264845717,
5,white,1,14,25,336,0,0,0.10496199739931711,29,0.9277388851764421,
5,white,1,14,26,336,0,0,0.21738542951695838,30,0.6031428071387468,
5,white,1,14,27,336,0,0,0.09748260359478378,31,0.9247314111465621,
5,white,1,14,28,336,0,0,0.008215440707649568,25,0.003082065691615732,
5,white,1,14,29,336,0,0,0.10164232842875864,30,0.59021680886336,
5,white,1,14,30,336,0,0,0.19976404838958672,32,0.9590120231540155,
5,white,1,14,31,336,0,0,0.05333708115356417,30,0.6436745088794633,
5,white,1,14,32,336,0,0,0.05631970185963464,26,0.8549764019014743,
5,white,1,14,33,336,1,1,0.0007138088935015885,19,0.9564455442318073,
5,white,1,14,34,336,0,0,0.17559224682365637,31,0.5162089764953994,
5,white,1,14,35,336,0,0,0.06871520016433075,30,0.6441341290513141,
5,white,1,14,36,336,0,0,0.06872501713648815,31,0.3286494628142138,
5,white,1,14,37,336,0,0,0.018267623873493122,27,0.9120097929320161,
5,white,1,14,38,336,0,0,0.023935428506522194,24,0.8116228048854732,
5,white,1,14,39,336,0,0,0.20072657431849472,29,0.2618671990535688,
5,white,1,14,40,336,0,0,0.19784776670975135,26,0.20336510421007992,
5,white,1,14,41,336,0,0,0.08798699781169417,30,0.25737444146932176,
5,white,1,14,42,336,0,0,0.12615655114882163,31,0.14829798662270732,
5,white,1,14,43,336,0,0,0.01474703826489887,27,0.34687450616646376,
5,white,1,14,44,336,0,0,0.017638608562644542,31,0.8195186665433776,
5,white,1,14,45,336,0,0,0.07445913554524353,29,0.7596670459688792,
5,white,1,14,46,336,0,0,0.04197477954850348,31,0.12074521386635373,
5,white,1,14,47,336,0,0,0.0037142663029958722,30,0.07205702896825572,
5,white,1,14,48,336,0,0,0.06970169961845996,29,0.1172012819931787,
5,white,1,14,49,336,0,0,0.01664066131267894,25,0.854687599720901,
5,white,1,14,50,336,0,0,0.06841583147048158,28,0.3858356752543417,
5,white,1,14,51,336,0,0,0.05070421948557291,28,0.5415631180977328,
5,white,1,14,52,336,0,0,0.010778817768367754,31,0.3993202687358526,
5,white,1,14,53,336,0,0,0.04073907687701395,18,0.321417211024138,
5,white,1,14,54,336,0,0,0.010425675562975356,27,0.3534221818755672,
5,white,1,14,55,336,0,0,0.051853854199995775,24,0.33024894667075566,
5,white,1,14,56,336,0,0,0.252897303429221,32,0.12823073323818746,
5,white,1,14,57,336,0,0,0.12043143921918276,31,0.7520706052596946,
5,white,1,14,58,336,0,0,0.1902363475654495,30,0.4124089474177832,
5,white,1,14,59,336,1,1,0.003058265368893087,31,0.97788526900241,
5,white,1,14,60,336,0,0,0.018953965096830894,31,0.8857721353225927,
5,white,1,14,61,336,0,0,0.006084024582153957,23,0.636882077389208,
5,white,1,14,62,336,0,0,0.1121604112733825,27,0.2840825441058059,
5,white,1,14,63,336,0,0,0.03709687663665773,29,0.47588439823207895,
5,white,1,14,64,336,0,0,0.4277910683094577,31,0.9476008618549332,
5,white,1,14,65,336,0,0,0.03960624560167336,32,0.8495250827407365,
5,white,1,14,66,336,0,0,0.01884218544491134,29,0.20006404923376997,
5,white,1,14,67,336,0,0,0.2045462915762588,30,0.4191032283680707,
5,white,1,14,68,336,0,0,0.10750592463606934,32,0.1511346091189758,
5,white,1,14,69,336,0,0,0.06258647117343097,30,0.37089994345065724,
5,white,1,14,70,336,0,0,0.13575798658851201,31,0.5569855302420157,
5,white,1,14,71,336,0,0,0.07946476617709208,27,0.4023128262851914,
5,white,1,14,72,336,0,0,0.02940010583917574,27,0.7838483600535611,
5,white,1,14,73,336,0,0,0.08277636701263447,23,0.0914361995537265,
5,white,1,14,74,336,0,0,0.02611043454580453,32,0.04315717432885202,
5,white,1,14,75,336,0,0,0.05103710501916303,25,0.3435092859890272,
5,white,1,14,76,336,0,0,0.13101503013146387,30,0.16409270223274985,
5,white,1,14,77,336,0,0,0.021828361602524216,22,0.1552691077207491,
5,white,1,14,78,336,0,0,0.15712497305751183,28,0.04092584168987978,
5,white,1,14,79,336,0,0,0.14764780258885635,31,0.5173690225334007,
5,white,1,14,80,336,0,0,0.3023024153811764,31,0.6776795312353345,
5,white,1,14,81,336,0,0,0.10579582947353428,32,0.9682865139318529,
5,white,1,14,82,336,0,0,0.29516779650392877,32,0.49897897877529296,
5,white,1,14,83,336,0,0,0.012792829354664415,25,0.5714557891039466,
5,white,1,14,84,336,0,0,0.029205602692572108,20,0.33895378674220444,
5,white,1,14,85,336,0,0,0.03923779377803038,30,0.7677912217622236,
5,white,1,14,86,336,0,0,0.050301097780926285,28,0.7622725565772104,
5,white,1,14,87,336,0,0,0.05546504268548991,28,0.09799294867600983,
5,white,1,14,88,336,0,0,0.10693041509941781,29,0.44142756117930415,
5,white,1,14,89,336,0,0,0.050666283624061004,32,0.17645937926593958,
5,white,1,14,90,336,0,0,0.15419790697737623,32,0.7600324446667086,
5,white,1,14,91,336,0,0,0.15197892043760453,31,0.16313139656346776,
5,white,1,14,92,336,0,0,0.004898103888048233,24,0.12763264623162618,
5,white,1,14,93,336,0,0,0.017657968037680383,26,0.33598304500319043,
5,white,1,14,94,336,0,0,0.1764442972088508,29,0.2959382138775615,
5,white,1,14,95,336,0,0,0.007594654203410212,22,0.45054374218269677,
5,white,1,14,96,336,0,0,0.09735356148454888,30,0.23290950939272737,
5,white,1,14,97,336,0,0,0.016054752679123707,25,0.412911095680096,
5,white,1,14,98,336,0,0,0.030476107455941426,24,0.25935244632290977,
5,white,1,14,99,336,0,0,0.17373181231358914,32,0.8516547907896184,
5,white,1,14,100,336,0,0,0.011588320453325363,19,0.24051068189312996,
5,white,1,14,101,336,0,0,0.02276989972348098,26,0.5540577235910755,
5,white,1,14,102,336,0,0,0.05080520484016937,28,0.7403580472422222,
5,white,1,14,103,336,0,0,0.20582360685489753,30,0.26038744973655437,
5,white,1,14,104,336,0,0,0.1823754795827608,30,0.07019225920783156,
5,white,1,14,105,336,0,0,0.0934290791736222,26,0.8766769104236084,
5,white,1,14,106,336,0,0,0.20389400650942568,28,0.7046154753626246,
5,white,1,14,107,336,1,1,0.00033822846066522416,24,0.20493523149744863,
5,white,1,14,108,336,0,0,0.29852375208966775,31,0.3017051987412296,
5,white,1,14,109,336,0,0,0.20603104563900976,32,0.7491910943806592,
5,white,1,14,110,336,0,0,0.34058003202739484,32,0.17640912427751387,
5,white,1,14,111,336,0,0,0.1923564746708184,32,0.9405159143358108,
5,white,1,14,112,336,0,0,0.047046937129137434,26,0.46655269726459747,
5,white,1,14,113,336,0,0,0.04234689607409292,25,0.6968626965082049,
5,white,1,14,114,336,0,0,0.2517177921448799,29,0.38389808720998897,
5,white,1,14,115,336,0,0,0.19560449334709895,32,0.01955511225521367,
5,white,1,14,116,336,0,0,0.10373010760591117,30,0.9381396343989602,
5,white,1,14,117,336,0,0,0.005194163100797788,25,0.39640628064750505,
5,white,1,14,118,336,0,0,0.10080851927046974,32,0.08235166423471474,
5,white,1,14,119,336,0,0,0.07781278341869535,31,0.5348063934889992,
5,white,1,14,120,336,0,0,0.08648505074760271,28,0.1753953934459631,
5,white,1,14,121,336,0,0,0.09533974686159197,27,0.2108384932926678,
5,white,1,14,122,336,0,0,0.003610881936865762,28,0.5058652761678935,
5,white,1,14,123,336,0,0,0.0469335331112547,30,0.8164523754767239,
5,white,1,14,124,336,0,0,0.047275495111699484,30,0.5942919863489783,
5,white,1,14,125,336,0,0,0.32905486104105575,31,0.7155813970670817,
5,white,1,14,126,336,0,0,0.03712798032022635,32,0.5864373395064092,
5,white,1,14,127,336,0,0,0.14957416833571036,31,0.32434385465529303,
5,white,1,14,128,336,0,0,0.2004418948797737,32,0.4474561299055053,
5,white,1,14,129,336,0,0,0.05463300033361618,29,0.4444202152546419,
5,white,1,14,130,336,0,0,0.014567082088207894,25,0.09878061733206434,
5,white,1,14,131,336,0,0,0.18674104937743685,32,0.6857423186564193,
5,white,1,14,132,336,0,0,0.14455877342974066,30,0.7121741641493583,
5,white,1,14,133,336,0,0,0.05684020788923194,30,0.5958543686874054,
5,white,1,14,134,336,0,0,0.10010482246930386,31,0.20124255410705238,
5,white,1,14,135,336,0,0,0.06410657209931747,31,0.9895627199718223,
5,white,1,14,136,336,0,0,0.2786772361248785,30,0.6039231082555209,
5,white,1,14,137,336,0,0,0.053300292113260817,26,0.6423219476592457,
5,white,1,14,138,336,0,0,0.02176172248234942,25,0.004576175041005159,
5,white,1,14,139,336,0,0,0.2119010917932278,31,0.9626273561589849,
5,white,1,14,140,336,0,0,0.055667067132631476,24,0.25743535530210404,
5,white,1,14,141,336,0,0,0.08798218600220609,32,0.5999878525937682,
5,white,1,14,142,336,0,0,0.1915698577390368,31,0.12173148597899597,
5,white,1,14,143,336,0,0,0.04073973033632006,25,0.5519050179178111,
5,white,1,14,144,336,1,1,0.00018298876527544916,30,0.559420105669677,
5,white,1,14,145,336,0,0,0.1145481571660002,29,0.0037600882798656254,
5,white,1,14,146,336,0,0,0.094882222786841,31,0.39095373824127355,
5,white,1,14,147,336,0,0,0.09726419497152117,24,0.8775776582613904,
5,white,1,14,148,336,0,0,0.2410580647928926,31,0.975405720122204,
5,white,1,14,149,336,0,0,0.03417165393720911,32,0.43408493925894176,
5,white,1,14,150,336,0,0,0.05919044759906378,30,0.24919806409294387,
5,white,1,14,151,336,0,0,0.14183526882851372,31,0.7292841379090934,
5,white,1,14,152,336,0,0,0.020781198424754455,27,0.5046782038250994,
5,white,1,14,153,336,0,0,0.14700466939162815,27,0.2765055442163715,
5,white,1,14,154,336,0,0,0.03913737896996827,32,0.4584445096749764,
5,white,1,14,155,336,0,0,0.23755263927601322,32,0.8456572934044987,
5,white,1,14,156,336,0,0,0.0883504677328032,27,0.4890304562752371,
5,white,1,14,157,336,0,0,0.04328497294228728,30,0.5861160925488202,
5,white,1,14,158,336,0,0,0.052682406031881235,31,0.514079260483397,
5,white,1,14,159,336,0,0,0.018704065121207702,27,0.2225116635544725,
5,white,1,14,160,336,0,0,0.030782630259599597,26,0.7383798037852441,
5,white,1,14,161,336,0,0,0.09042354314043133,30,0.14084855274482544,
5,white,1,14,162,336,0,0,0.007831157767236419,22,0.07521117803381616,
5,white,1,14,163,336,0,0,0.077110725886816,26,0.5351759229539185,
5,white,1,14,164,336,0,0,0.09232458412829725,29,0.44061876947755885,
5,white,1,14,165,336,0,0,0.006136430913371793,29,0.13399819636691634,
5,white,1,14,166,336,0,0,0.10148277662105931,30,0.3713759704219539,
5,white,1,14,167,336,0,0,0.018360041967320773,30,0.9874625294414712,
5,white,1,14,168,336,0,0,0.026251885975256184,31,0.663891366502454,
5,white,1,14,169,336,0,0,0.016819304742372365,29,0.791863194188939,
5,white,1,14,170,336,0,0,0.042542228974340235,31,0.4249558343127995,
5,white,1,14,171,336,0,0,0.03641380918178416,31,0.2239406898588111,
5,white,1,14,172,336,0,0,0.32218829702245655,32,0.2735147348718976,
5,white,1,14,173,336,0,0,0.03009460081532911,30,0.3776931266613667,
5,white,1,14,174,336,0,0,0.09344450874149723,29,0.017830463458628487,
5,white,1,14,175,336,0,0,0.07820685987595843,31,0.5482168773033291,
5,white,1,14,176,336,0,0,0.05101440577201488,23,0.6785487284049931,
5,white,1,14,177,336,0,0,0.053008006805635555,25,0.09142871616437598,
5,white,1,14,178,336,0,0,0.051223863549652804,32,0.8797422891506257,
5,white,1,14,179,336,0,0,0.03973734442616106,22,0.8136738765424174,
5,white,1,14,180,336,0,0,0.18931566820426338,30,0.41039229942228395,
5,white,1,14,181,336,0,0,0.10976660384526238,32,0.06936748861782283,
5,white,1,14,182,336,0,0,0.11612737506914883,32,0.33938318835868153,
5,white,1,14,183,336,0,0,0.04188425042385102,27,0.20976215751981386,
5,white,1,14,184,336,0,0,0.025499604583281266,27,0.6233144881499222,
5,white,1,14,185,336,0,0,0.012412164537977333,32,0.0477800708675008,
5,white,1,14,186,336,0,0,0.2525165235381239,25,0.27033712513678543,
5,white,1,14,187,336,0,0,0.06522455631525492,29,0.6387128462054306,
5,white,1,14,188,336,0,0,0.017746055690145535,30,0.49936210923201685,
5,white,1,14,189,336,0,0,0.031037813544298354,30,0.5619359664274723,
5,white,1,14,190,336,0,0,0.12641604782596416,30,0.07053334930824251,
5,white,1,14,191,336,0,0,0.043695491989114044,28,0.522823283980523,
5,white,1,14,192,336,0,0,0.0476130666753416,28,0.7574100738685469,
5,white,1,14,193,336,0,0,0.23013371239389668,32,0.3541933847712978,
5,white,1,14,194,336,0,0,0.2869404844647645,32,0.661255427450488,
5,white,1,14,195,336,0,0,0.2633241923785463,31,0.365239670772441,
5,white,1,14,196,336,0,0,0.016738517930315333,29,0.8749117183775293,
5,white,1,14,197,336,0,0,0.13633491960572297,32,0.8811818126717798,
5,white,1,14,198,336,0,0,0.1201556826140674,31,0.3170472769184782,
5,white,1,14,199,336,0,0,0.1531331111804739,32,0.9464744305418589,
5,white,1,14,200,336,0,0,0.024833861053696116,27,0.31000131649327023,
5,white,1,14,201,336,0,0,0.11969218208138732,31,0.7799376117411386,
5,white,1,14,202,336,0,0,0.05168038951558762,32,0.5323419696384002,
5,white,1,14,203,336,0,0,0.10575330420391793,30,0.2220123566344705,
5,white,1,14,204,336,0,0,0.3729016491046133,31,0.956044022592839,
5,white,1,14,205,336,0,0,0.031739297427267665,25,0.9756718170460629,
5,white,1,14,206,336,0,0,0.1808405413562425,29,0.04105855227121169,
5,white,1,14,207,336,0,0,0.16684267558247434,31,0.4688791843001353,
5,white,1,14,208,336,0,0,0.19323629513308005,31,0.9849731054402596,
5,white,1,14,209,336,0,0,0.02167192344448432,28,0.629796450655099,
5,white,1,14,210,336,0,0,0.06702446707968912,24,0.41057786088130244,
5,white,1,14,211,336,0,0,0.0055706095130296784,31,0.7418026204826531,
5,white,1,14,212,336,0,0,0.01710515638490928,29,0.7450994118192535,
5,white,1,14,213,336,0,0,0.18579440063985309,32,0.7271247738531676,
5,white,1,14,214,336,0,0,0.02210527284212993,31,0.136958685853669,
5,white,1,14,215,336,0,0,0.03495699892117232,32,0.9120082563156668,
5,white,1,14,216,336,0,0,0.13051814394131167,31,0.6485830286956875,
5,white,1,14,217,336,0,0,0.10711393525925672,30,0.9488162717672223,
5,white,1,14,218,336,0,0,0.008426909835068774,23,0.4431792209223574,
5,white,1,14,219,336,0,0,0.2507805008380761,30,0.6731885358043037,
5,white,1,14,220,336,0,0,0.04336544078853333,24,0.9427314001016318,
5,white,1,14,221,336,0,0,0.12511388890174602,30,0.3646859414683491,
5,white,1,14,222,336,0,0,0.03624681375380112,29,0.6828727645261716,
5,white,1,14,223,336,0,0,0.012141242875029712,29,0.9367138843518712,
5,white,1,14,224,336,0,0,0.04424471036282496,28,0.7223842250697647,
5,white,1,14,225,336,0,0,0.054044286608516234,29,0.01642942341197884,
5,white,1,14,226,336,0,0,0.1111590654623229,27,0.6471043794579787,
5,white,1,14,227,336,0,0,0.027881351083181793,31,0.2398833051609306,
5,white,1,14,228,336,0,0,0.07628594486872242,26,0.17266470425786418,
5,white,1,14,229,336,0,0,0.10301971371246477,32,0.6486793976710066,
5,white,1,14,230,336,0,0,0.04674779963900555,32,0.647649435831292,
5,white,1,14,231,336,0,0,0.0471570447370423,26,0.625047464378187,
5,white,1,14,232,336,0,0,0.06646052490658161,26,0.38300854166092413,
5,white,1,14,233,336,0,0,0.010391120604474557,28,0.4182973752777508,
5,white,1,14,234,336,1,1,0.0015786751544413224,26,0.9958297198406224,
5,white,1,14,235,336,0,0,0.18391194371381803,27,0.8233168011684108,
5,white,1,14,236,336,0,0,0.34048293661181805,32,0.529907808746415,
5,white,1,14,237,336,0,0,0.38556126468931073,32,0.8495076636256272,
5,white,1,14,238,336,0,0,0.13109468319029838,32,0.9192870350929893,
5,white,1,14,239,336,0,0,0.03966630653187486,32,0.9946837831059205,
5,white,1,14,240,336,0,0,0.3006341189148338,31,0.7511296607773013,
5,white,1,14,241,336,1,1,0.002198866932036636,28,0.5163440901766831,
5,white,1,14,242,336,0,0,0.08710180624200037,24,0.29302050360687404,
5,white,1,14,243,336,0,0,0.04681394337723643,26,0.6421331771589203,
5,white,1,14,244,336,0,0,0.3307321716948377,30,0.036228825049799185,
5,white,1,14,245,336,0,0,0.03422421051745206,22,0.43980332211633344,
5,white,1,14,246,336,0,0,0.11146384433853063,32,0.07820854238899444,
5,white,1,14,247,336,0,0,0.018614720355195402,26,0.6859244004246754,
5,white,1,14,248,336,0,0,0.2835888649499527,32,0.08710506669162799,
5,white,1,14,249,336,0,0,0.09333047252932036,22,0.30635762872002625,
5,white,1,14,250,336,0,0,0.07885946773592534,30,0.9646016430511066,
5,white,1,14,251,336,0,0,0.47336803677758776,31,0.2918585040775039,
5,white,1,14,252,336,0,0,0.12798057338034496,32,0.3484684311669246,
5,white,1,14,253,336,0,0,0.03371615598224875,28,0.9759383052513243,
5,white,1,14,254,336,0,0,0.09477263069593678,29,0.692506762996752,
5,white,1,14,255,336,0,0,0.02492962099349938,29,0.5767820565366004,
5,white,1,14,256,336,0,0,0.013899019865492135,27,0.8804859411986201,
5,white,1,14,257,336,0,0,0.05352333979896451,26,0.6962697528364937,
5,white,1,14,258,336,0,0,0.11852967743277798,26,0.5102483872152457,
5,white,1,14,259,336,0,0,0.2833180628471892,32,0.9787717043361082,
5,white,1,14,260,336,0,0,0.10317728610040333,28,0.4414103611879693,
5,white,1,14,261,336,0,0,0.0665138232473852,29,0.31834138879912655,
5,white,1,14,262,336,0,0,0.012085522729298193,26,0.9878909674033847,
5,white,1,14,263,336,0,0,0.13708374007664492,31,0.08315693676834679,
5,white,1,14,264,336,0,0,0.14858859958440584,28,0.06594530933724452,
5,white,1,14,265,336,0,0,0.011385910382000985,28,0.6769239964956721,
5,white,1,14,266,336,0,0,0.09301481278673773,29,0.9188535951199828,
5,white,1,14,267,336,0,0,0.02884041924950531,24,0.4830930574238502,
5,white,1,14,268,336,0,0,0.3060427839047779,30,0.04258885194020445,
5,white,1,14,269,336,0,0,0.07665248488330256,30,0.21255067402331052,
5,white,1,14,270,336,0,0,0.20830147298863455,32,0.1497761051448061,
5,white,1,14,271,336,0,0,0.1495182078286159,30,0.014550196504894641,
5,white,1,14,272,336,0,0,0.08529336397277987,28,0.608045977358836,
5,white,1,14,273,336,0,0,0.16500809107069658,31,0.8675100514154028,
5,white,1,14,274,336,0,0,0.04165744808974825,28,0.817680537205673,
5,white,1,14,275,336,0,0,0.03781311321668501,28,0.6076661609316778,
5,white,1,14,276,336,0,0,0.03806852503085856,27,0.43948583716871403,
5,white,1,14,277,336,0,0,0.054654590674396486,32,0.7543911154337793,
5,white,1,14,278,336,1,1,0.0028719007418128717,28,0.4481413720809111,
5,white,1,14,279,336,0,0,0.20477012860363575,28,0.7335039216585577,
5,white,1,14,280,336,0,0,0.04630971849924337,29,0.8527643771471987,
5,white,1,14,281,336,0,0,0.013018405369501385,26,0.08053143613124625,
5,white,1,14,282,336,0,0,0.13111155451981726,32,0.2673647836330981,
5,white,1,14,283,336,0,0,0.029036568870468904,28,0.7524294031794098,
5,white,1,14,284,336,1,1,0.0006069019080211513,23,0.6894748195426363,
5,white,1,14,285,336,0,0,0.11067995592274671,31,0.7722824962568806,
5,white,1,14,286,336,0,0,0.11037834354100706,31,0.3881716452419123,
5,white,1,14,287,336,0,0,0.015269416880346443,25,0.08338946788818302,
5,white,1,14,288,336,0,0,0.0706189971262301,31,0.7569995722975201,
5,white,1,14,289,336,0,0,0.2308937009413825,26,0.8925783011139958,
5,white,1,14,290,336,0,0,0.025166083695830066,30,0.9708129397308267,
5,white,1,14,291,336,0,0,0.22660381798731566,31,0.8617802778728515,
5,white,1,14,292,336,0,0,0.07655133384278767,31,0.9694447026750216,
5,white,1,14,293,336,0,0,0.1630711087034522,30,0.8687493396100643,
5,white,1,14,294,336,0,0,0.2163306408889949,29,0.19488200234910913,
5,white,1,14,295,336,0,0,0.23806019885714225,28,0.6657920076217402,
5,white,1,14,296,336,0,0,0.32371859397878944,32,0.17129218537380075,
5,white,1,14,297,336,0,0,0.007632223791952164,22,0.9582981931540525,
5,white,1,14,298,336,0,0,0.25795685261428103,32,0.5920497630483652,
5,white,1,14,299,336,0,0,0.10122642581791264,29,0.7726833291968332,
5,white,1,14,300,336,0,0,0.07926949190173083,28,0.1611489043042038,
5,white,1,14,301,336,0,0,0.10850921711689054,29,0.7076786840432152,
5,white,1,14,302,336,0,0,0.02713409529228883,28,0.7997889952970378,
5,white,1,14,303,336,0,0,0.11128115322462673,29,0.9925960873942974,
5,white,1,14,304,336,0,0,0.3025966140438323,32,0.5959925024337851,
5,white,1,14,305,336,0,0,0.020812087100202548,25,0.9736814797525317,
5,white,1,14,306,336,0,0,0.08242652305395903,29,0.6429445058940064,
5,white,1,14,307,336,0,0,0.1286818706542876,30,0.5086795379216225,
5,white,1,14,308,336,0,0,0.04119130128563009,23,0.020834357769755507,
5,white,1,14,309,336,0,0,0.3798086124281598,32,0.9535642523192879,
5,white,1,14,310,336,0,0,0.21816005052618181,32,0.528169629351291,
5,white,1,14,311,336,0,0,0.10918708378244879,24,0.027531038566373844,
5,white,1,14,312,336,0,0,0.049928881228881394,28,0.0811392766409792,
5,white,1,14,313,336,0,0,0.004623839958106668,28,0.4292746048857664,
5,white,1,14,314,336,0,0,0.1724962775664296,29,0.7134625191303794,
5,white,1,14,315,336,0,0,0.10837707208979863,28,0.10911993744317128,
5,white,1,14,316,336,0,0,0.10122794320021,31,0.5833755038738272,
5,white,1,14,317,336,0,0,0.062353648226855185,31,0.5298926502707892,
5,white,1,14,318,336,0,0,0.2643190900178627,32,0.0798820592409204,
5,white,1,14,319,336,0,0,0.19816229414097886,28,0.7634374502699726,
5,white,1,14,320,336,0,0,0.02497358465563515,32,0.8162001757220538,
5,white,1,14,321,336,0,0,0.02107326165969947,27,0.8314873323009198,
5,white,1,14,322,336,0,0,0.336446845892568,32,0.46861605000356843,
5,white,1,14,323,336,0,0,0.06841901438753073,30,0.029710716736916498,
5,white,1,14,324,336,0,0,0.23027046010159768,31,0.9332366458595862,
5,white,1,14,325,336,0,0,0.09779346497240082,30,0.8080802564366207,
5,white,1,14,326,336,0,0,0.007519488417578879,26,0.44031431056934045,
5,white,1,14,327,336,0,0,0.028077470908740354,23,0.39940356597109217,
5,white,1,14,328,336,0,0,0.024329555477211717,22,0.23760863749139227,
5,white,1,14,329,336,0,0,0.39558489064530433,31,0.8443614565059416,
5,white,1,14,330,336,0,0,0.18263854565718174,27,0.3069686614276994,
5,white,1,14,331,336,0,0,0.2738563933037017,32,0.5781258203554692,
5,white,1,14,332,336,0,0,0.25501634940280826,32,0.9824008320699794,
5,white,1,14,333,336,0,0,0.0073268491781902645,22,0.446405086885477,
5,white,1,14,334,336,0,0,0.22393338227983994,32,0.4981925886449259,
5,white,1,14,335,336,0,0,0.02936391282536499,31,0.80701466069488,
5,white,1,14,336,336,0,0,0.5385507251680404,32,0.33586289138628367,
5,white,1,14,337,336,0,0,0.059103473818392094,28,0.822849724151038,
5,white,1,14,338,336,0,0,0.12583358735245176,28,0.5648241900663078,
5,white,1,14,339,336,0,0,0.06292765580689563,32,0.29031804882708356,
5,white,1,14,340,336,0,0,0.04333813662326147,26,0.40985820051481014,
5,white,1,14,341,336,0,0,0.05858256067996792,22,0.3331679255505594,
5,white,1,14,342,336,0,0,0.05819944580085501,22,0.7895142726663517,
5,white,1,14,343,336,0,0,0.01656687923306477,26,0.4807751267023178,
5,white,1,14,344,336,0,0,0.12477468037851236,32,0.46675532627231964,
5,white,1,14,345,336,0,0,0.009599637930723381,21,0.5671725095764903,
5,white,1,14,346,336,0,0,0.0077435165749454304,23,0.9300460357135035,
5,white,1,14,347,336,0,0,0.012440396310468338,24,0.43262349395109667,
5,white,1,14,348,336,0,0,0.17715576718493786,31,0.49017387891627817,
5,white,1,14,349,336,0,0,0.13194033530263227,31,0.3625402153513453,
5,white,1,14,350,336,0,0,0.15518126958290068,32,0.36984429797305574,
5,white,1,14,351,336,0,0,0.23829044964880408,32,0.026370852803337397,
5,white,1,14,352,336,0,0,0.11071472623864298,27,0.9069603391739975,
5,white,1,14,353,336,0,0,0.05543987483014268,23,0.753943116918086,
5,white,1,14,354,336,0,0,0.05263673132105984,26,0.589290856305275,
5,white,1,14,355,336,0,0,0.07162636461889016,29,0.14106114025760563,
5,white,1,14,356,336,0,0,0.07110070302315719,24,0.5399442263706129,
5,white,1,14,357,336,0,0,0.06449994892439292,29,0.36679802443719733,
5,white,1,14,358,336,0,0,0.2918208444844559,31,0.01269834913778567,
5,white,1,14,359,336,0,0,0.2646793620585304,32,0.7834094228675746,
5,white,1,14,360,336,0,0,0.15305520794805183,29,0.3244934145763476,
5,white,1,14,361,336,0,0,0.05018019255409323,28,0.8233637895034396,
5,white,1,14,362,336,0,0,0.35231399473002034,31,0.19295168261288076,
5,white,1,14,363,336,0,0,0.07128268868556886,25,0.27903080923064105,
5,white,1,14,364,336,0,0,0.3668791484775986,31,0.28258472832595993,
5,white,1,14,365,336,0,0,0.04949768123106202,23,0.6823810827732075,
5,white,1,14,366,336,0,0,0.1515073881135155,31,0.22765006160496348,
5,white,1,14,367,336,0,0,0.15533666525248346,29,0.5270902046002598,
5,white,1,14,368,336,0,0,0.026014491807577644,28,0.7747199921172335,
5,white,1,14,369,336,0,0,0.05184500812409787,27,0.30989763143499405,
5,white,1,14,370,336,0,0,0.21329274789504882,31,0.6926794085816136,
5,white,1,14,371,336,0,0,0.13567862769649464,30,0.38494562082750916,
5,white,1,14,372,336,0,0,0.011625018535211806,20,0.8728288491246974,
5,white,1,14,373,336,0,0,0.10501313347065311,31,0.2470734356788883,
5,white,1,14,374,336,0,0,0.18996781539693441,29,0.5775461259584774,
5,white,1,14,375,336,0,0,0.05385500594832937,24,0.030556981845052178,
5,white,1,14,376,336,0,0,0.0378735772538531,21,0.30308537001933145,
5,white,1,14,377,336,0,0,0.018839714616576297,19,0.02665076098037067,
5,white,1,14,378,336,0,0,0.3326271290819707,32,0.5768592707618185,
5,white,1,14,379,336,0,0,0.21135629266397404,29,0.8791908508434186,
5,white,1,14,380,336,0,0,0.05253537115939111,28,0.9106503132245852,
5,white,1,14,381,336,0,0,0.016493291864909332,25,0.6299251282004943,
5,white,1,14,382,336,0,0,0.38561991199592227,32,0.5960170469465806,
5,white,1,14,383,336,0,0,0.040674656760472216,27,0.7407276380521005,
5,white,1,14,384,336,0,0,0.11264300086843282,30,0.5074887988193486,
5,white,1,14,385,336,0,0,0.025190044470998485,22,0.29723197114072053,
5,white,1,14,386,336,0,0,0.19845229075359772,31,0.8442984562517684,
5,white,1,14,387,336,0,0,0.01287158753153228,28,0.5341126594509453,
5,white,1,14,388,336,0,0,0.06229410447103467,22,0.20327455387421733,
5,white,1,14,389,336,0,0,0.19673981461248524,31,0.53526680232189,
5,white,1,14,390,336,0,0,0.05720085157461363,29,0.5524549791992875,
5,white,1,14,391,336,0,0,0.04904102168803226,32,0.550853937897879,
5,white,1,14,392,336,0,0,0.15081400657251143,31,0.8802961290257872,
5,white,1,14,393,336,0,0,0.140852989073335,31,0.4781783414312373,
5,white,1,14,394,336,0,0,0.03283280962132795,22,0.9699218751789733,
5,white,1,14,395,336,1,1,0.0014936081417273872,29,0.9033153860054266,
5,white,1,14,396,336,0,0,0.03265760746222546,32,0.5183768092940131,
5,white,1,14,397,336,0,0,0.4321356661124012,32,0.2832496638748794,
5,white,1,14,398,336,0,0,0.15538510309148656,28,0.9582554804274807,
5,white,1,14,399,336,0,0,0.062289326091158115,27,0.19648995460724694,
5,white,1,14,400,336,0,0,0.0064236859721354955,20,0.6568637788064264,
5,white,1,14,401,336,0,0,0.04305144496749225,30,0.35378659719536476,
5,white,1,14,402,336,0,0,0.04951397735072205,21,0.601645847260061,
5,white,1,14,403,336,0,0,0.018555911154254257,29,0.1360456590134962,
5,white,1,14,404,336,0,0,0.2510631161461091,31,0.2752530535143316,
5,white,1,14,405,336,0,0,0.053024616208523834,31,0.8770703217126659,
5,white,1,14,406,336,0,0,0.06662167164837829,27,0.7851364565739467,
5,white,1,14,407,336,0,0,0.08760891317401731,26,0.8586940773072823,
5,white,1,14,408,336,0,0,0.16066316943150605,25,0.4341446095250364,
5,white,1,14,409,336,0,0,0.06328659978386153,32,0.1863981360295962,
5,white,1,14,410,336,0,0,0.1559648075520963,31,0.5188083728413612,
5,white,1,14,411,336,0,0,0.033970777064532665,24,0.44459702662651945,
5,white,1,14,412,336,0,0,0.051226251294088754,26,0.8903165653671006,
5,white,1,14,413,336,0,0,0.017944873722176458,32,0.24407393256095467,
5,white,1,14,414,336,0,0,0.0912151966750373,27,0.5614863720259393,
5,white,1,14,415,336,0,0,0.15471523710824664,29,0.6876561827163666,
5,white,1,14,416,336,0,0,0.035432231690115334,31,0.4382706976769801,
5,white,1,14,417,336,1,1,0.0032895463204490882,22,0.7946692688004853,
5,white,1,14,418,336,0,0,0.15557438293499914,27,0.8975195397451763,
5,white,1,14,419,336,0,0,0.24382529868370972,26,0.5435848272839094,
5,white,1,14,420,336,0,0,0.19717086248966653,32,0.51646851428339,
5,white,1,14,421,336,0,0,0.08330915091292246,32,0.7724320295276255,
5,white,1,14,422,336,0,0,0.010088563844786624,31,0.9972758170026089,
5,white,1,14,423,336,0,0,0.10450234319376894,26,0.19733049580416862,
5,white,1,14,424,336,0,0,0.21385748673492344,31,0.024987005025533082,
5,white,1,14,425,336,0,0,0.10761207149357077,32,0.21865764871745452,
5,white,1,14,426,336,1,1,0.0017897480683471967,26,0.06906964911913549,
5,white,1,14,427,336,0,0,0.07314110080570857,27,0.8278212068049917,
5,white,1,14,428,336,0,0,0.12307698521659705,28,0.2014082196844743,
5,white,1,14,429,336,1,1,0.0016369311290536093,32,0.6951020683549317,
5,white,1,14,430,336,0,0,0.11999614530750591,30,0.823834513396942,
5,white,1,14,431,336,0,0,0.2287424150927848,30,0.6632640965022997,
5,white,1,14,432,336,0,0,0.06923580985678679,32,0.6310325853929091,
5,white,1,14,433,336,0,0,0.017096517071880868,32,0.999302986709911,
5,white,1,14,434,336,0,0,0.09186105573478309,27,0.032132412307678604,
5,white,1,14,435,336,1,1,0.0019444858448793845,29,0.5364506160453262,
5,white,1,14,436,336,0,0,0.08505054543773882,28,0.6403100525676846,
5,white,1,14,437,336,0,0,0.234787065574936,28,0.8594675412198496,
5,white,1,14,438,336,0,0,0.15087396482252402,30,0.8832623747645436,
5,white,1,14,439,336,0,0,0.09962481311688298,32,0.5698822776346104,
5,white,1,14,440,336,0,0,0.003899686030224059,22,0.3905984701330225,
5,white,1,14,441,336,0,0,0.021684947722259262,26,0.2608210300685929,
5,white,1,14,442,336,0,0,0.3438053268347352,32,0.22027093443361778,
5,white,1,14,443,336,0,0,0.03041935518651484,32,0.23517487891671618,
5,white,1,14,444,336,0,0,0.04243183980094645,30,0.5216256348033528,
5,white,1,14,445,336,0,0,0.07743001830518548,29,0.5960881972772095,
5,white,1,14,446,336,0,0,0.17728477072196336,27,0.5890995719520699,
5,white,1,14,447,336,0,0,0.4169835710866121,31,0.33335183002105295,
5,white,1,14,448,336,0,0,0.03212404419352688,32,0.2574725404813729,
5,white,1,14,449,336,0,0,0.09754120386383658,29,0.965375281926084,
5,white,1,14,450,336,0,0,0.13650222333342987,30,0.742654410931505,
5,white,1,14,451,336,0,0,0.15891023022309136,29,0.4285414153069378,
5,white,1,14,452,336,0,0,0.020784369664144764,26,0.6783151616068115,
5,white,1,14,453,336,0,0,0.020597047706686356,24,0.950149230030676,
5,white,1,14,454,336,0,0,0.07366659756537808,32,0.07123679521912862,
5,white,1,14,455,336,0,0,0.16340529430765882,27,0.5015832954148245,
5,white,1,14,456,336,0,0,0.1556725185440272,30,0.9006059683205282,
5,white,1,14,457,336,0,0,0.10883338094884376,29,0.7561144489072319,
5,white,1,14,458,336,0,0,0.01700834432624776,31,0.8114801520209609,
5,white,1,14,459,336,0,0,0.29509899787385296,31,0.7577469730803599,
5,white,1,14,460,336,0,0,0.13799679816350197,31,0.059387388628995064,
5,white,1,14,461,336,0,0,0.048444782061660696,30,0.6106837935822359,
5,white,1,14,462,336,0,0,0.05707802127896622,30,0.09252205873610175,
5,white,1,14,463,336,0,0,0.34057017000267853,29,0.6981950141637846,
5,white,1,14,464,336,0,0,0.006408524914751301,32,0.1983224017354912,
5,white,1,14,465,336,0,0,0.061330342986816166,25,0.547793766664925,
5,white,1,14,466,336,0,0,0.23241737633008408,30,0.8172405790084647,
5,white,1,14,467,336,0,0,0.020624739889932076,32,0.49122472530853833,
5,white,1,14,468,336,0,0,0.13577448286016702,31,0.6766403603252452,
5,white,1,14,469,336,0,0,0.16954527799593833,32,0.7294037806307808,
5,white,1,14,470,336,0,0,0.13829278493438246,32,0.6498998572243788,
5,white,1,14,471,336,0,0,0.08462968209812938,27,0.936041965330003,
5,white,1,14,472,336,0,0,0.01372163041200003,28,0.4991645971352844,
5,white,1,14,473,336,0,0,0.12747621410941634,26,0.8875338294793425,
5,white,1,14,474,336,0,0,0.03667322817248719,28,0.6020973688561502,
5,white,1,14,475,336,0,0,0.04344810371373553,30,0.18178367984585542,
5,white,1,14,476,336,0,0,0.04895007965073994,28,0.976451448732083,
5,white,1,14,477,336,0,0,0.08740115186905217,28,0.49947810647646274,
5,white,1,14,478,336,0,0,0.2902155758392646,27,0.38370082590330745,
5,white,1,14,479,336,0,0,0.1104567286457605,31,0.7745292725110405,
5,white,1,14,480,336,0,0,0.06813585863818339,31,0.6003255108491472,
5,white,1,14,481,336,0,0,0.29160717350461696,32,0.8712868910546353,
5,white,1,14,482,336,0,0,0.2620216278202693,30,0.09038996347202721,
5,white,1,14,483,336,0,0,0.12297739605121649,26,0.4287294602416619,
5,white,1,14,484,336,0,0,0.020480300662837903,27,0.5659961143484415,
5,white,1,14,485,336,0,0,0.03661391982544204,26,0.4584948739811019,
5,white,1,14,486,336,0,0,0.2703801422887091,31,0.08361562555090263,
5,white,1,14,487,336,0,0,0.0734852351812939,31,0.8814543242574325,
5,white,1,14,488,336,0,0,0.0699645039349539,32,0.7595044732570394,
5,white,1,14,489,336,0,0,0.061981150623482195,28,0.47112317719030905,
5,white,1,14,490,336,0,0,0.048111338170526596,29,0.2792567990164707,
5,white,1,14,491,336,0,0,0.13983637827226503,28,0.9486787327260067,
5,white,1,14,492,336,0,0,0.025831568809647876,28,0.8921452891296128,
5,white,1,14,493,336,0,0,0.0995200431528045,30,0.4255703381245861,
5,white,1,14,494,336,0,0,0.014488264338393897,31,0.6030818799240332,
5,white,1,14,495,336,0,0,0.07300859487288058,32,0.34906432372027485,
5,white,1,14,496,336,0,0,0.05740422617366625,26,0.62439064494036,
5,white,1,14,497,336,0,0,0.06516658941107623,32,0.5407003023972321,
5,white,1,14,498,336,0,0,0.007158068514241167,28,0.12500570873499361,
5,white,1,14,499,336,0,0,0.025384737480189212,26,0.6796095088895097,
5,white,1,14,500,336,0,0,0.050371417113246664,27,0.651437259787785,
5,white,1,14,501,336,0,0,0.040840188885234996,32,0.8138303404614416,
5,white,1,14,502,336,0,0,0.05085457657340897,30,0.9258702146741316,
5,white,1,14,503,336,0,0,0.17754048897908736,30,0.8235320988736275,
5,white,1,14,504,336,0,0,0.04539880784506556,29,0.06641842895737271,
5,white,1,14,505,336,0,0,0.04167336302567515,32,0.22813442297540143,
5,white,1,14,506,336,0,0,0.11593281636166608,32,0.6867791438592767,
5,white,1,14,507,336,0,0,0.20512100716885895,31,0.8862213345554518,
5,white,1,14,508,336,0,0,0.2008743739588018,32,0.42202765698643896,
5,white,1,14,509,336,0,0,0.007371588528676476,29,0.13321531010169474,
5,white,1,14,510,336,0,0,0.03202744483687825,29,0.40061643203565467,
5,white,1,14,511,336,0,0,0.027721344567180894,26,0.22518733373472177,
5,white,1,14,512,336,0,0,0.011011233572436385,25,0.9139381562914629,
5,white,1,14,513,336,0,0,0.260886771976405,30,0.9172429710378477,
5,white,1,14,514,336,0,0,0.014617250574445295,31,0.635535097820872,
5,white,1,14,515,336,0,0,0.26699538774812637,31,0.7542044794685947,
5,white,1,14,516,336,0,0,0.029393980930880192,28,0.9229980766733058,
5,white,1,14,517,336,0,0,0.17862395005303378,28,0.5868928905158877,
5,white,1,14,518,336,0,0,0.040539502585376086,28,0.947106355397634,
5,white,1,14,519,336,0,0,0.047980107229061875,28,0.870341595632135,
5,white,1,14,520,336,0,0,0.18201134127312546,29,0.7291671709908156,
5,white,1,14,521,336,0,0,0.06941543855766685,26,0.7281893164465607,
5,white,1,14,522,336,0,0,0.24753599133202908,31,0.26803891034502736,
5,white,1,14,523,336,0,0,0.06960736214598984,27,0.341591427727873,
5,white,1,14,524,336,0,0,0.0037620080688991475,22,0.15092398097393145,
5,white,1,14,525,336,0,0,0.09739832965942885,30,0.42328164449577965,
5,white,1,14,526,336,0,0,0.2606802534591143,32,0.1822555234621508,
5,white,1,14,527,336,0,0,0.2254278109413671,32,0.048839044291023814,
5,white,1,14,528,336,0,0,0.014735667409786601,30,0.6375661534357828,
5,white,1,14,529,336,0,0,0.037864190069792025,22,0.9430549559132657,
5,white,1,14,530,336,0,0,0.1714334558503391,29,0.3468569097404923,
5,white,1,14,531,336,0,0,0.014850830704124962,28,0.29562514643571713,
5,white,1,14,532,336,0,0,0.7195367555209298,32,0.9586930051698265,
5,white,1,14,533,336,0,0,0.1743659321191512,32,0.2349156705354204,
5,white,1,14,534,336,0,0,0.07197109041613936,30,0.20651045268227397,
5,white,1,14,535,336,0,0,0.25992401401440657,26,0.0718167383451438,
5,white,1,14,536,336,0,0,0.041791591670275574,32,0.20467652519506174,
5,white,1,14,537,336,0,0,0.04279992011562461,29,0.17455715388172988,
5,white,1,14,538,336,0,0,0.003967327011401123,20,0.6495421811508295,
5,white,1,14,539,336,0,0,0.19469848762282982,31,0.3352054695343474,
5,white,1,14,540,336,0,0,0.08720784142825166,29,0.6323417189185103,
5,white,1,14,541,336,0,0,0.02861723453689491,26,0.010990498622048372,
5,white,1,14,542,336,0,0,0.011533404475385645,26,0.016828610433125002,
5,white,1,14,543,336,0,0,0.057222140551208334,32,0.19653584931511214,
5,white,1,14,544,336,0,0,0.28177670471411376,32,0.806999226264063,
5,white,1,14,545,336,0,0,0.05138507028125827,32,0.3799457210383972,
5,white,1,14,546,336,0,0,0.23476336728440694,30,0.804317876164776,
5,white,1,14,547,336,0,0,0.301122914476301,29,0.961836479311487,
5,white,1,14,548,336,0,0,0.020244422685558594,31,0.7849390926917325,
5,white,1,14,549,336,0,0,0.0196581470400512,19,0.4079859594307329,
5,white,1,14,550,336,0,0,0.028263173372206185,28,0.9871369410557479,
5,white,1,14,551,336,0,0,0.08853903268066632,29,0.6070798354924535,
5,white,1,14,552,336,0,0,0.007166608281965803,23,0.10735309478764654,
5,white,1,14,553,336,0,0,0.021754880076974903,25,0.06957394870768252,
5,white,1,14,554,336,0,0,0.0809450341582566,31,0.03189097925177109,
5,white,1,14,555,336,0,0,0.09288840312323177,26,0.5027446687494666,
5,white,1,14,556,336,0,0,0.12207680658768383,29,0.14376449173873196,
5,white,1,14,557,336,0,0,0.36775429248289515,32,0.34954796766838947,
5,white,1,14,558,336,0,0,0.026133951186982474,24,0.03610003652880944,
5,white,1,14,559,336,0,0,0.3938800401587279,32,0.18767372819968653,
5,white,1,14,560,336,0,0,0.07595951159155845,32,0.9497253196160755,
5,white,1,14,561,336,1,1,0.00126698345170273,19,0.7315916567196596,
5,white,1,14,562,336,0,0,0.3019917973007755,28,0.43590269512481283,
5,white,1,14,563,336,0,0,0.06510008163108316,27,0.10172296509087397,
5,white,1,14,564,336,0,0,0.09872723921135218,30,0.24889671083200304,
5,white,1,14,565,336,0,0,0.018856117989886734,21,0.3193152873650753,
5,white,1,14,566,336,0,0,0.01571706210778845,22,0.9130034737943231,
5,white,1,14,567,336,0,0,0.050115538170619756,28,0.5795236276859167,
5,white,1,14,568,336,0,0,0.019430693591144577,26,0.599005307674116,
5,white,1,14,569,336,0,0,0.15003373189444968,29,0.08539303245566088,
5,white,1,14,570,336,1,1,0.002912377450205117,22,0.23626360677801095,
5,white,1,14,571,336,0,0,0.04092447476343963,23,0.3756625645471017,
5,white,1,14,572,336,0,0,0.027073262663389164,26,0.24962866746734758,
5,white,1,14,573,336,0,0,0.16124634474396138,31,0.12045679050715496,
5,white,1,14,574,336,0,0,0.013286284132382975,22,0.8540310375619935,
5,white,1,14,575,336,1,1,0.0015360356678572051,22,0.07671076480263017,
5,white,1,14,576,336,0,0,0.21032974514911273,32,0.9318956251388758,
5,white,1,14,577,336,0,0,0.017886965075915806,29,0.0028439654871250664,
5,white,1,14,578,336,1,1,0.0023153056159297414,31,0.2675395107709515,
5,white,1,14,579,336,0,0,0.02101944126982014,25,0.00006977971061261634,
5,white,1,14,580,336,0,0,0.07073979366285732,27,0.49658826307376336,
5,white,1,14,581,336,0,0,0.025007144105336,30,0.3231011603463574,
5,white,1,14,582,336,0,0,0.057147687484243925,29,0.027488404636648367,
5,white,1,14,583,336,0,0,0.06367421518314287,28,0.8045830294778147,
5,white,1,14,584,336,0,0,0.032876911615852156,30,0.6737930061822945,
5,white,1,14,585,336,0,0,0.022275647718477454,23,0.9992673969728235,
5,white,1,14,586,336,1,1,0.00044595471033237466,26,0.6240157181001216,
5,white,1,14,587,336,0,0,0.045236093908984754,31,0.2644702296295943,
5,white,1,14,588,336,0,0,0.0529345137956756,30,0.7153905367916247,
5,white,1,14,589,336,0,0,0.10045104334224464,32,0.5512044687869421,
5,white,1,14,590,336,0,0,0.04771449490348012,25,0.07502777722644072,
5,white,1,14,591,336,0,0,0.020847804293920857,32,0.5334990042775591,
5,white,1,14,592,336,0,0,0.17225458104073765,30,0.6392116500320902,
5,white,1,14,593,336,0,0,0.02300836970305642,19,0.24304324063049365,
5,white,1,14,594,336,0,0,0.3340590590314604,31,0.8365259243389315,
5,white,1,14,595,336,0,0,0.012827398706032223,30,0.46124117588830105,
5,white,1,14,596,336,1,1,0.0009036918083837886,28,0.6667803224689436,
5,white,1,14,597,336,0,0,0.21951969479427558,29,0.4634399725778503,
5,white,1,14,598,336,0,0,0.03256278799764156,24,0.5847648917558599,
5,white,1,14,599,336,0,0,0.1606313484319446,30,0.889956846325666,
5,white,1,14,600,336,0,0,0.01468608260203419,29,0.8491842860317196,
5,white,1,14,601,336,1,1,0.0016278140973428057,28,0.936720136156866,
5,white,1,14,602,336,0,0,0.01671631595794132,21,0.33323607350288786,
5,white,1,14,603,336,0,0,0.08738921212053463,31,0.7052118540246289,
5,white,1,14,604,336,0,0,0.1545526048920951,29,0.08388844432764331,
5,white,1,14,605,336,0,0,0.01286769205622651,22,0.010525678721694187,
5,white,1,14,606,336,0,0,0.1104878152164096,27,0.14349312251901591,
5,white,1,14,607,336,0,0,0.2021702712533162,32,0.7580832033734948,
5,white,1,14,608,336,0,1,0.01663070951817147,28,0.98187815374832,
5,white,1,14,609,336,0,0,0.22527702104795455,32,0.3888124477478929,
5,white,1,14,610,336,0,0,0.2342338062863467,28,0.15726213149643165,
5,white,1,14,611,336,0,0,0.057880047793491984,32,0.2037907837503813,
5,white,1,14,612,336,0,0,0.15000302693198075,27,0.5827474425581765,
5,white,1,14,613,336,0,0,0.08868219948811895,31,0.45925866021153783,
5,white,1,14,614,336,0,0,0.14043610502149007,29,0.3226034061213807,
5,white,1,14,615,336,0,0,0.03812842863651622,23,0.05094156778902892,
5,white,1,14,616,336,0,0,0.011079838341535253,26,0.12226121938443268,
5,white,1,14,617,336,0,0,0.2512253544746532,32,0.042480074912245036,
5,white,1,14,618,336,0,0,0.11979278322653031,32,0.3668471799212456,
5,white,1,14,619,336,0,0,0.03532611439033162,25,0.9454410800183313,
5,white,1,14,620,336,0,0,0.05805160655486563,32,0.9096685990124348,
5,white,1,14,621,336,0,0,0.010733779852516112,27,0.7732412218829426,
5,white,1,14,622,336,0,0,0.12414964924128591,31,0.29914081557799443,
5,white,1,14,623,336,0,0,0.06221628248498423,30,0.11267515463198985,
5,white,1,14,624,336,0,0,0.22934148214708083,32,0.05393927412694588,
5,white,1,14,625,336,0,1,0.07659279056049006,31,0.6426415607329841,
5,white,1,14,626,336,0,0,0.019675222797343905,24,0.4809670588993732,
5,white,1,14,627,336,0,0,0.13521986185964996,27,0.4089022210159444,
5,white,1,14,628,336,0,0,0.3075991414793965,31,0.35050655321403745,
5,white,1,14,629,336,0,0,0.11784320104847001,30,0.40799156519988666,
5,white,1,14,630,336,0,0,0.003959425903396707,32,0.9774954865428842,
5,white,1,14,631,336,0,0,0.20260138718601994,31,0.1586230587202,
5,white,1,14,632,336,0,0,0.21411664677165343,27,0.36182126402219994,
5,white,1,14,633,336,0,0,0.06563511042020864,29,0.9637775422575635,
5,white,1,14,634,336,0,0,0.026446527136415487,31,0.1693231268673031,
5,white,1,14,635,336,0,0,0.03278795474094065,30,0.33240924437265895,
5,white,1,14,636,336,0,0,0.0617287913909883,30,0.30791078348256473,
5,white,1,14,637,336,0,0,0.005528635210892863,28,0.18382967980265152,
5,white,1,14,638,336,0,0,0.0748875975095441,31,0.19377915329823858,
5,white,1,14,639,336,1,1,0.002347049087999875,27,0.5759175352799186,
5,white,1,14,640,336,0,0,0.17858126657122697,32,0.21656477734014146,
5,white,1,14,641,336,0,0,0.22349378624778438,31,0.10710299273424084,
5,white,1,14,642,336,0,0,0.2540498445443432,32,0.17991160338212264,
5,white,1,14,643,336,0,0,0.37978146824173065,31,0.5505948357149508,
5,white,1,14,644,336,0,0,0.06605744259483481,25,0.6996375364259599,
5,white,1,14,645,336,0,0,0.031154723531902295,20,0.757792809369106,
5,white,1,14,646,336,1,1,0.0005534607892063725,26,0.20823244523159434,
5,white,1,14,647,336,0,0,0.17681279211155498,32,0.1341875854348662,
5,white,1,14,648,336,0,0,0.1810834280010416,31,0.6378716359772558,
5,white,1,14,649,336,0,0,0.068905726236837,29,0.5805472014910962,
5,white,1,14,650,336,0,0,0.16314671690603044,28,0.7213676006168099,
5,white,1,14,651,336,0,0,0.0038208907461066977,29,0.18103853872884157,
5,white,1,14,652,336,0,0,0.18419334272027044,32,0.899799049464677,
5,white,1,14,653,336,0,0,0.1518122282329124,29,0.08895859426467112,
5,white,1,14,654,336,0,0,0.06985616561741104,28,0.9003479679665037,
5,white,1,14,655,336,0,0,0.0823301234230166,32,0.7929995954062972,
5,white,1,14,656,336,1,1,0.001699302335650188,27,0.670626359010542,
5,white,1,14,657,336,0,0,0.05911589868441591,30,0.32168928435889454,
5,white,1,14,658,336,0,0,0.1272213401983444,27,0.6766237191803729,
5,white,1,14,659,336,0,0,0.010046088233282013,27,0.11247620021264593,
5,white,1,14,660,336,0,0,0.011918695751910402,28,0.08302365961060965,
5,white,1,14,661,336,0,0,0.1431878866327697,31,0.6891769746086652,
5,white,1,14,662,336,0,0,0.093022991238353,30,0.6549850917689043,
5,white,1,14,663,336,0,0,0.07163956638669466,31,0.9437757394448677,
5,white,1,14,664,336,0,0,0.21061770428208793,29,0.6215387956371572,
5,white,1,14,665,336,0,0,0.04256895953669504,23,0.8209017539949411,
5,white,1,14,666,336,0,0,0.18836270698605928,28,0.046507978924518634,
5,white,1,14,667,336,0,0,0.09459460323965962,27,0.9258135330299184,
5,white,1,14,668,336,0,0,0.048364428468101295,22,0.1131904495820677,
5,white,1,14,669,336,0,0,0.057104500726479324,27,0.6423975883374976,
5,white,1,14,670,336,0,0,0.022246597292425507,25,0.7348117702899263,
5,white,1,14,671,336,0,0,0.23739533801781265,32,0.4885524564449252,
5,white,1,14,672,336,0,0,0.2718426891098361,32,0.4425266126146985,
5,white,1,14,673,336,0,0,0.1260653876498835,31,0.28698184618824807,
5,white,1,14,674,336,0,0,0.05900336196856304,27,0.12557457976125608,
5,white,1,14,675,336,0,0,0.16595795149100712,30,0.863206050754596,
5,white,1,14,676,336,0,0,0.18624601388061657,31,0.15798601178727822,
5,white,1,14,677,336,0,0,0.08955099945942746,32,0.2244589619506273,
5,white,1,14,678,336,0,0,0.16476252473495134,27,0.23530524924629836,
5,white,1,14,679,336,0,0,0.3428567866190029,32,0.11002725452984619,
5,white,1,14,680,336,0,0,0.2578445139557728,32,0.024424150237924547,
5,white,1,14,681,336,0,0,0.040911079425209995,25,0.9564161391755669,
5,white,1,14,682,336,0,0,0.09363844952802425,31,0.24779915594028545,
5,white,1,14,683,336,0,0,0.01435670185555138,27,0.23372446151888537,
5,white,1,14,684,336,0,0,0.04329560636320762,27,0.690305649432902,
5,white,1,14,685,336,0,0,0.260035563843412,32,0.10700060890327479,
5,white,1,14,686,336,0,0,0.22674290621191917,32,0.7588532382792177,
5,white,1,14,687,336,0,0,0.31385588960147426,32,0.8810385152824948,
5,white,1,14,688,336,0,0,0.058932997760141825,29,0.45214680618799397,
5,white,1,14,689,336,0,0,0.20862543067488049,31,0.8772682277436368,
5,white,1,14,690,336,0,0,0.02458207435452775,28,0.5332338566727508,
5,white,1,14,691,336,0,0,0.1045533424823174,32,0.4913022629875541,
5,white,1,14,692,336,0,0,0.040298955694509586,29,0.8074495999752682,
5,white,1,14,693,336,0,0,0.1645286822690818,30,0.8113404238303739,
5,white,1,14,694,336,0,0,0.05664948248265089,32,0.5807219341476129,
5,white,1,14,695,336,0,0,0.0398272836127066,28,0.8585509371584117,
5,white,1,14,696,336,0,0,0.16215708028592402,28,0.2702587408985876,
5,white,1,14,697,336,0,0,0.023942192779431215,28,0.5847036407456019,
5,white,1,14,698,336,0,0,0.18102796544646815,32,0.758143679571325,
5,white,1,14,699,336,1,1,0.001518316069443415,22,0.3574850905030631,
5,white,1,14,700,336,0,0,0.05873975384733188,29,0.17470285873683822,
5,white,1,14,701,336,0,0,0.1530415229727895,30,0.3305682345476979,
5,white,1,14,702,336,0,0,0.2093026222756289,30,0.567002526927406,
5,white,1,14,703,336,0,0,0.07223303779528989,30,0.9685775278709443,
5,white,1,14,704,336,0,0,0.06230659188564491,29,0.0549006087451831,
5,white,1,14,705,336,0,0,0.16019796685537768,32,0.25802702675049227,
5,white,1,14,706,336,0,0,0.021511866572745064,28,0.5168831967688093,
5,white,1,14,707,336,0,0,0.0861615191471754,29,0.520819190547704,
5,white,1,14,708,336,0,0,0.013308951407266512,26,0.6266759816875062,
5,white,1,14,709,336,0,0,0.13935976928035176,32,0.39689760694573684,
5,white,1,14,710,336,0,0,0.10983751626495575,25,0.4544257726410661,
5,white,1,14,711,336,0,0,0.06716373237118878,29,0.8885400745502677,
5,white,1,14,712,336,0,0,0.3700642844357973,32,0.24887093501605673,
5,white,1,14,713,336,0,0,0.040820640952732634,29,0.7559852799786146,
5,white,1,14,714,336,0,0,0.16957575988676,32,0.41380322728822794,
5,white,1,14,715,336,0,0,0.05815406949491542,29,0.1317601096457437,
5,white,1,14,716,336,0,0,0.08514337437397201,31,0.7388996174584285,
5,white,1,14,717,336,0,0,0.02693052080697622,30,0.7481032567523979,
5,white,1,14,718,336,0,0,0.371225939248802,32,0.5687324472190605,
5,white,1,14,719,336,0,0,0.014148892465499996,26,0.999603477199284,
5,white,1,14,720,336,0,0,0.26293349541964717,28,0.34317671449311804,
5,white,1,14,721,336,1,1,0.001160667313757413,20,0.6201945013206693,
5,white,1,14,722,336,0,0,0.12153276691816017,28,0.2509687043810178,
5,white,1,14,723,336,0,0,0.12071872728364863,32,0.2934154442745045,
5,white,1,14,724,336,0,0,0.004757019293170406,21,0.44170581344490023,
5,white,1,14,725,336,0,0,0.12021681755601821,32,0.16229627163429872,
5,white,1,14,726,336,0,0,0.041971521399780776,26,0.36229224326697573,
5,white,1,14,727,336,0,0,0.059553863510954375,22,0.08335017646545217,
5,white,1,14,728,336,0,0,0.056821719811562366,30,0.04654245240940047,
5,white,1,14,729,336,0,0,0.10826663717245277,31,0.3598038599692184,
5,white,1,14,730,336,0,0,0.206965521175132,32,0.8979007582411958,
5,white,1,14,731,336,0,0,0.029368425006641163,32,0.3864408829800935,
5,white,1,14,732,336,0,0,0.04552980709868559,32,0.463266067177728,
5,white,1,14,733,336,0,0,0.016300530089082832,29,0.4615912197137012,
5,white,1,14,734,336,0,0,0.03910665119818901,26,0.8926605880950004,
5,white,1,14,735,336,0,0,0.04859116129393104,32,0.5779538193592888,
5,white,1,14,736,336,0,0,0.028141826058015074,24,0.07773334023156053,
5,white,1,14,737,336,0,0,0.05289052225946789,22,0.34734292261994093,
5,white,1,14,738,336,0,0,0.24850924247777706,30,0.7813162251838973,
5,white,1,14,739,336,0,0,0.15203376267902124,29,0.5401252933479117,
5,white,1,14,740,336,0,0,0.057291006640980635,29,0.7432056502902177,
5,white,1,14,741,336,0,0,0.06764418019621288,26,0.9237624326436692,
5,white,1,14,742,336,0,0,0.12823917657858452,29,0.32325282366314667,
5,white,1,14,743,336,0,0,0.016325530007825217,27,0.3472766685886689,
5,white,1,14,744,336,0,0,0.15693745336156517,26,0.6528281875557771,
5,white,1,14,745,336,0,0,0.006929019703739048,21,0.38252265639293914,
5,white,1,14,746,336,0,0,0.014244075011215385,19,0.583115028797376,
5,white,1,14,747,336,0,0,0.20150733453176684,32,0.9570174573065556,
5,white,1,14,748,336,0,0,0.1574373550271303,32,0.9322188303524577,
5,white,1,14,749,336,0,0,0.04132216042436532,30,0.8889179527952181,
5,white,1,14,750,336,0,0,0.1105120197402486,32,0.2859138061148828,
5,white,1,14,751,336,0,0,0.10723120454510082,31,0.6307393196597926,
5,white,1,14,752,336,0,0,0.06552247010124868,24,0.34643298518744614,
5,white,1,14,753,336,0,0,0.17068012052066894,30,0.03709099663325166,
5,white,1,14,754,336,0,0,0.2699705763009377,32,0.381155688918248,
5,white,1,14,755,336,0,0,0.07856875133110874,32,0.5513411860106748,
5,white,1,14,756,336,0,0,0.03128347373982865,31,0.4325049716832903,
5,white,1,14,757,336,0,0,0.029878836044335833,26,0.9050783443741377,
5,white,1,14,758,336,0,0,0.04825118934497663,25,0.21581160753340556,
5,white,1,14,759,336,0,0,0.12094413982006302,29,0.653266061814981,
5,white,1,14,760,336,0,0,0.14844128178241323,30,0.5161465550466477,
5,white,1,14,761,336,0,0,0.10189494046136938,32,0.2711923551651998,
5,white,1,14,762,336,0,0,0.2021166297355198,31,0.3251777785561978,
5,white,1,14,763,336,0,0,0.2684517573057461,32,0.013333680165365402,
5,white,1,14,764,336,0,0,0.1683200296537819,29,0.1927021826340043,
5,white,1,14,765,336,1,1,0.0006895097520069893,24,0.4030847062884052,
5,white,1,14,766,336,0,0,0.13068317109613792,25,0.4943569069990684,
5,white,1,14,767,336,0,0,0.06057720259670363,26,0.5829501134507576,
5,white,1,14,768,336,0,0,0.03384603435196831,31,0.54161733127157,
5,white,1,14,769,336,0,0,0.040733831099196705,24,0.9763720015828988,
5,white,1,14,770,336,0,0,0.02834034138293906,28,0.1103950688646318,
5,white,1,14,771,336,0,0,0.22968008389293604,29,0.7437489432432314,
5,white,1,14,772,336,0,0,0.05834932874812404,25,0.7750189111328383,
5,white,1,14,773,336,0,0,0.03101951980321438,32,0.15445104589942826,
5,white,1,14,774,336,0,0,0.17985570565539244,30,0.8060203566713562,
5,white,1,14,775,336,0,0,0.09993477826291242,30,0.25414460711319964,
5,white,1,14,776,336,0,0,0.20308059186365246,30,0.9180105574609208,
5,white,1,14,777,336,0,0,0.07850317614361191,29,0.7349158409941179,
5,white,1,14,778,336,0,0,0.05623737128461603,29,0.8956662303880806,
5,white,1,14,779,336,0,0,0.11801061230624355,32,0.18302244132169587,
5,white,1,14,780,336,0,0,0.10050298435692318,31,0.9138275250759076,
5,white,1,14,781,336,0,0,0.06472503945449093,28,0.34234571111702894,
5,white,1,14,782,336,0,0,0.38669871449141735,31,0.1900717640888816,
5,white,1,14,783,336,0,0,0.029194519380873585,21,0.3100444734216292,
5,white,1,14,784,336,0,0,0.017156411694536522,30,0.8715376381086908,
5,white,1,14,785,336,0,0,0.11011134927957822,30,0.6010706251042386,
5,white,1,14,786,336,0,0,0.04724501361067679,23,0.7931006586227557,
5,white,1,14,787,336,0,0,0.07436734074196849,25,0.5092054955952722,
5,white,1,14,788,336,0,0,0.014255725880472303,31,0.12595509834435625,
5,white,1,14,789,336,0,0,0.2244654661049058,30,0.6272735738320596,
5,white,1,14,790,336,0,0,0.18215891138633145,32,0.36477003970388866,
5,white,1,14,791,336,0,0,0.058987884634389975,32,0.7593892355151879,
5,white,1,14,792,336,0,0,0.094881903112501,28,0.40502556112098176,
5,white,1,14,793,336,0,0,0.025615387709341797,29,0.6796736450923795,
5,white,1,14,794,336,0,0,0.24619684261164276,32,0.3716076348415074,
5,white,1,14,795,336,0,0,0.03344288312978949,31,0.6651224097336086,
5,white,1,14,796,336,0,0,0.029498899496042008,29,0.31230777763770956,
5,white,1,14,797,336,0,0,0.0209468499894907,30,0.802906771603122,
5,white,1,14,798,336,0,0,0.018918626755463963,29,0.888525806090831,
5,white,1,14,799,336,0,0,0.19216850447421874,32,0.4294738464869956,
5,white,1,14,800,336,0,0,0.08168858684052949,30,0.69433829098855,
5,white,1,14,801,336,0,0,0.12334249701549294,32,0.05805061475054363,
5,white,1,14,802,336,0,0,0.12634823376125892,29,0.8014395882493167,
5,white,1,14,803,336,0,0,0.05801649837169587,25,0.45372124944983716,
5,white,1,14,804,336,1,1,0.00333376013990061,22,0.7440536927132713,
5,white,1,14,805,336,0,0,0.020589532570154168,32,0.4401380624944399,
5,white,1,14,806,336,0,0,0.18055759988186726,29,0.6784016820548004,
5,white,1,14,807,336,0,0,0.09603189613028573,31,0.5642622336095419,
5,white,1,14,808,336,0,0,0.08097011762846451,30,0.39995249158122803,
5,white,1,14,809,336,0,0,0.29697108127456606,28,0.20083222868841255,
5,white,1,14,810,336,0,0,0.05491151441209374,31,0.2766132043457882,
5,white,1,14,811,336,0,0,0.022482471972926188,22,0.6256223279911386,
5,white,1,14,812,336,0,0,0.08214406401847896,29,0.28813418820037784,
5,white,1,14,813,336,0,0,0.009975875589245176,23,0.06475609056974596,
5,white,1,14,814,336,0,0,0.14297992427104222,30,0.0745946627143057,
5,white,1,14,815,336,0,0,0.22575275885521484,31,0.6484572744666237,
5,white,1,14,816,336,0,0,0.08494704765635885,32,0.17185447481893124,
5,white,1,14,817,336,0,0,0.1849574013275389,31,0.346482459302913,
5,white,1,14,818,336,0,0,0.16821637555513014,30,0.0978116980487076,
5,white,1,14,819,336,0,0,0.2437001557875612,29,0.5408019540247727,
5,white,1,14,820,336,0,0,0.035117909076569864,27,0.8463844360735133,
5,white,1,14,821,336,0,0,0.009163812213918043,19,0.11005225122897633,
5,white,1,14,822,336,0,0,0.025818662370851397,30,0.6517791030936676,
5,white,1,14,823,336,0,0,0.06336515560637723,30,0.046358131424764526,
5,white,1,14,824,336,0,0,0.12771326473346212,32,0.7517038796414739,
5,white,1,14,825,336,0,0,0.3548995941024107,32,0.1583218220165168,
5,white,1,14,826,336,0,0,0.048024627999408764,27,0.7973203325502525,
5,white,1,14,827,336,0,0,0.2108708672589963,29,0.11417356891898067,
5,white,1,14,828,336,0,0,0.16661674093364953,29,0.9597121834964544,
5,white,1,14,829,336,0,0,0.07957787811714379,28,0.6278574858526397,
5,white,1,14,830,336,0,0,0.17389209758504132,31,0.2067114376770951,
5,white,1,14,831,336,0,0,0.24399673021661228,29,0.3272765160436507,
5,white,1,14,832,336,0,0,0.08201952270438873,30,0.9109932866059688,
5,white,1,14,833,336,0,0,0.025590570139988444,29,0.9282219622032507,
5,white,1,14,834,336,0,0,0.0435274960400136,27,0.8283626779372378,
5,white,1,14,835,336,0,0,0.015433847815377377,26,0.9319191534925372,
5,white,1,14,836,336,0,0,0.06599106778054442,31,0.1571655810959104,
5,white,1,14,837,336,0,0,0.4434680755122935,32,0.6798543926143888,
5,white,1,14,838,336,0,0,0.14612251548110533,29,0.6747265684396087,
5,white,1,14,839,336,0,0,0.02230466328885039,28,0.3813555842676487,
5,white,1,14,840,336,0,0,0.08242584282102139,26,0.9632263184112463,
5,white,1,14,841,336,0,0,0.0034996961165160156,18,0.14124579744282661,
5,white,1,14,842,336,0,0,0.09954708580696658,28,0.19581563962781623,
5,white,1,14,843,336,0,0,0.10009006178475299,28,0.8974392920438793,
5,white,1,14,844,336,0,0,0.10056131415784186,30,0.8922675445030295,
5,white,1,14,845,336,0,0,0.012656399258223372,25,0.6937141375079519,
5,white,1,14,846,336,0,0,0.06384499835923019,31,0.2119087291554561,
5,white,1,14,847,336,0,0,0.029093905590011238,26,0.3021394800339572,
5,white,1,14,848,336,0,0,0.01929625929190959,28,0.05598617843429188,
5,white,1,14,849,336,0,0,0.1937699211181093,30,0.7953151716426797,
5,white,1,14,850,336,0,0,0.07302132455194521,31,0.6295708084774925,
5,white,1,14,851,336,0,0,0.2520136777541374,29,0.13338021105990294,
5,white,1,14,852,336,0,0,0.39611817293048435,32,0.0189497877939262,
5,white,1,14,853,336,0,0,0.11053354239707902,32,0.10918320635384327,
5,white,1,14,854,336,0,0,0.0774333436144492,24,0.0437084525667365,
5,white,1,14,855,336,0,0,0.17424004251266134,27,0.6879057302687334,
5,white,1,14,856,336,0,0,0.29879565873129976,30,0.5376202888750479,
5,white,1,14,857,336,0,0,0.01183063668547546,32,0.661939342719647,
5,white,1,14,858,336,0,0,0.09250252689155691,31,0.26037921067209957,
5,white,1,14,859,336,0,0,0.1493913178362969,31,0.11610129190170371,
5,white,1,14,860,336,0,0,0.059060170451080696,29,0.5453680250251394,
5,white,1,14,861,336,0,0,0.17666977354670288,32,0.5474296587434793,
5,white,1,14,862,336,0,0,0.021434724751023704,26,0.2160574543338072,
5,white,1,14,863,336,0,0,0.22360282027081957,27,0.01727391357511976,
5,white,1,14,864,336,0,0,0.24144245787788132,30,0.04649316282492599,
5,white,1,14,865,336,0,0,0.40172952409932083,29,0.6732567987129282,
5,white,1,14,866,336,0,0,0.18207427646232777,32,0.11685872600358305,
5,white,1,14,867,336,0,0,0.12774125789823665,32,0.7602769821862466,
5,white,1,14,868,336,1,1,0.0029197314990558887,24,0.621308908784701,
5,white,1,14,869,336,0,0,0.0961855130860545,28,0.9435382637012902,
5,white,1,14,870,336,0,0,0.020178464818312203,30,0.28134503171305014,
5,white,1,14,871,336,0,0,0.009040047499215387,26,0.2020631206890695,
5,white,1,14,872,336,0,0,0.07985757367486501,32,0.9254799255548425,
5,white,1,14,873,336,0,0,0.38428670341906557,32,0.8441251735399787,
5,white,1,14,874,336,0,0,0.016327270945523775,32,0.7578142381289805,
5,white,1,14,875,336,0,0,0.0817510807841263,21,0.4545565514810457,
5,white,1,14,876,336,0,0,0.007928489211958434,32,0.26590203790655353,
5,white,1,14,877,336,0,0,0.19394608306050531,31,0.08706428881243766,
5,white,1,14,878,336,0,0,0.1812518649812076,30,0.17677129504816502,
5,white,1,14,879,336,0,0,0.09194550007508995,31,0.5582150108261774,
5,white,1,14,880,336,0,0,0.09608880352855498,30,0.6131715531546934,
5,white,1,14,881,336,0,0,0.006939477996723453,25,0.8887368418427537,
5,white,1,14,882,336,0,0,0.09179228336235057,28,0.21139682006862648,
5,white,1,14,883,336,0,0,0.16041676418263084,31,0.40948062286239084,
5,white,1,14,884,336,0,0,0.07200933269252396,31,0.012238933348066583,
5,white,1,14,885,336,0,0,0.18374523103820573,29,0.22649872967173246,
5,white,1,14,886,336,0,0,0.019886524868558908,31,0.3471492746486826,
5,white,1,14,887,336,0,0,0.03490529365814787,32,0.9234179140213293,
5,white,1,14,888,336,0,0,0.057232237794246354,29,0.8409487699334692,
5,white,1,14,889,336,0,0,0.023873293887467395,24,0.15380313416342117,
5,white,1,14,890,336,0,0,0.09665498287861696,29,0.5425985307808878,
5,white,1,14,891,336,0,0,0.07032781162775958,29,0.9956315399209031,
5,white,1,14,892,336,0,0,0.1675575040503664,31,0.6255500165277339,
5,white,1,14,893,336,1,1,0.00209517430056827,25,0.38921631922393374,
5,white,1,14,894,336,0,0,0.0076074460632474805,29,0.3613527493798747,
5,white,1,14,895,336,1,1,0.0019833734273062564,24,0.2713925445298585,
5,white,1,14,896,336,0,0,0.0076794754360474116,31,0.4070278859591383,
5,white,1,14,897,336,0,0,0.2462086485552859,32,0.1144434463412628,
5,white,1,14,898,336,0,0,0.008883010419746484,24,0.14810790905891014,
5,white,1,14,899,336,0,0,0.15277340401378658,28,0.9171567970880092,
5,white,1,14,900,336,0,0,0.0694098362118063,26,0.9983398663422911,
5,white,1,14,901,336,0,0,0.15246201643120283,29,0.2844245131006643,
5,white,1,14,902,336,0,0,0.23822672031445213,30,0.061562925948915215,
5,white,1,14,903,336,0,0,0.09943316574400596,26,0.525068618421282,
5,white,1,14,904,336,0,0,0.12476860787169186,31,0.8800081542760673,
5,white,1,14,905,336,0,0,0.30304168980226176,31,0.28052536419701735,
5,white,1,14,906,336,0,0,0.10112580642522251,30,0.15676203680300005,
5,white,1,14,907,336,0,0,0.17790544998988178,28,0.3495259190089379,
5,white,1,14,908,336,0,0,0.008516923635306317,24,0.37512159020839897,
5,white,1,14,909,336,0,0,0.05546396315575053,31,0.3048292377332057,
5,white,1,14,910,336,0,0,0.25783497124270505,30,0.7304648108226619,
5,white,1,14,911,336,0,0,0.187824738327928,28,0.214666097683206,
5,white,1,14,912,336,0,0,0.027744491446049624,31,0.7878206376627805,
5,white,1,14,913,336,1,1,0.001660084367818282,23,0.08743300672519427,
5,white,1,14,914,336,0,0,0.02226870156544658,31,0.5982648350778987,
5,white,1,14,915,336,0,0,0.04737143179840442,30,0.920122648711083,
5,white,1,14,916,336,0,0,0.12767654498196102,30,0.7694825117919175,
5,white,1,14,917,336,0,0,0.07020743630567039,30,0.6754417191594363,
5,white,1,14,918,336,0,0,0.062034096555826146,26,0.04398203560376235,
5,white,1,14,919,336,0,0,0.048643293964768186,26,0.8014812370114672,
5,white,1,14,920,336,0,0,0.17247752282593976,31,0.2378949090540492,
5,white,1,14,921,336,0,0,0.1653408145275751,30,0.17647156982124645,
5,white,1,14,922,336,0,0,0.0697901328066226,28,0.004245861081180635,
5,white,1,14,923,336,0,0,0.006384440063280983,27,0.5828604916613365,
5,white,1,14,924,336,0,0,0.40936699727282,30,0.9870742270507709,
5,white,1,14,925,336,0,0,0.3655235407622204,30,0.9894518385969971,
5,white,1,14,926,336,0,0,0.14863809282612706,31,0.3085914506865428,
5,white,1,14,927,336,0,0,0.01751839833564406,30,0.7544355868433815,
5,white,1,14,928,336,0,0,0.05221033872401282,26,0.35646603959880174,
5,white,1,14,929,336,0,0,0.06868301616426797,26,0.6602217424105985,
5,white,1,14,930,336,0,0,0.00646763338972467,31,0.7257992813701325,
5,white,1,14,931,336,0,0,0.029854350641766336,26,0.5553805712719824,
5,white,1,14,932,336,0,0,0.11796093929221874,28,0.9811191701071065,
5,white,1,14,933,336,0,0,0.07548100780351152,32,0.8794105123550385,
5,white,1,14,934,336,0,0,0.1548099424729409,28,0.4141909054079991,
5,white,1,14,935,336,0,0,0.033914775172021905,28,0.5223011358262131,
5,white,1,14,936,336,0,0,0.07398139901885226,29,0.6307570318310776,
5,white,1,14,937,336,0,0,0.12119092948010213,32,0.37145562452878733,
5,white,1,14,938,336,0,0,0.28350215634967224,32,0.5152078849649245,
5,white,1,14,939,336,0,0,0.016927257118435235,20,0.15433108079060132,
5,white,1,14,940,336,0,0,0.01432435705630375,32,0.07646089862395966,
5,white,1,14,941,336,0,0,0.07981326513323339,32,0.6156956624427543,
5,white,1,14,942,336,0,0,0.08761723692569534,32,0.24130538617916764,
5,white,1,14,943,336,0,0,0.04093064028621307,31,0.27125114619143353,
5,white,1,14,944,336,0,0,0.1539425478089348,30,0.28717456490928006,
5,white,1,14,945,336,0,0,0.04849894215156114,28,0.3786367225632046,
5,white,1,14,946,336,0,0,0.04862585902197858,29,0.5263353242236657,
5,white,1,14,947,336,0,0,0.012485558685149334,25,0.021685282231728054,
5,white,1,14,948,336,0,0,0.051863993280531595,32,0.7564730310352985,
5,white,1,14,949,336,0,0,0.16637155539891846,31,0.2031554708321398,
5,white,1,14,950,336,0,0,0.05329164896161731,31,0.9241474312310044,
5,white,1,14,951,336,0,0,0.14582683142926545,31,0.773626313776052,
5,white,1,14,952,336,0,0,0.20881278478916687,31,0.9481055710222087,
5,white,1,14,953,336,0,0,0.12100512542714426,31,0.4678071307714845,
5,white,1,14,954,336,0,0,0.07223538164657872,26,0.3894545883893705,
5,white,1,14,955,336,0,0,0.07507389722766877,26,0.7035035382718866,
5,white,1,14,956,336,0,0,0.0957356370982888,29,0.8384215020761133,
5,white,1,14,957,336,0,0,0.04545142238281896,31,0.1498869574114562,
5,white,1,14,958,336,0,0,0.05298655603736524,32,0.20254053261263594,
5,white,1,14,959,336,0,0,0.11333931449517698,31,0.38548257007354036,
5,white,1,14,960,336,0,0,0.17586539488767017,32,0.12171870767381299,
5,white,1,14,961,336,0,0,0.12663288469618728,32,0.9176943545820941,
5,white,1,14,962,336,0,0,0.43923051999740914,32,0.5612945861912484,
5,white,1,14,963,336,0,0,0.04088649487827678,30,0.41850381302836714,
5,white,1,14,964,336,0,0,0.3454982398342501,31,0.5478747296364983,
5,white,1,14,965,336,0,0,0.19050466884037687,31,0.8485105531955128,
5,white,1,14,966,336,1,1,0.0018554319466257407,32,0.1692273648273812,
5,white,1,14,967,336,0,0,0.050857259868258176,32,0.6594198895524278,
5,white,1,14,968,336,0,0,0.20669203782996903,32,0.7272545170519232,
5,white,1,14,969,336,0,0,0.4039953512708523,32,0.19731663829564106,
5,white,1,14,970,336,0,0,0.10627955144239687,29,0.8653534586346934,
5,white,1,14,971,336,0,0,0.07023812689460018,31,0.1617542180316407,
5,white,1,14,972,336,0,0,0.021890661183462723,31,0.6670130950242968,
5,white,1,14,973,336,0,0,0.10982977246713399,31,0.25775123345539397,
5,white,1,14,974,336,1,1,0.0020891684142687605,18,0.487411567351411,
5,white,1,14,975,336,0,0,0.09835862140982454,32,0.1219029849720985,
5,white,1,14,976,336,0,0,0.08092714769046605,27,0.13904667386125236,
5,white,1,14,977,336,0,0,0.27964916275090823,31,0.9521387060449044,
5,white,1,14,978,336,0,0,0.0769316484639696,29,0.24040971501301367,
5,white,1,14,979,336,0,0,0.044098349408744464,31,0.5985741968128526,
5,white,1,14,980,336,0,0,0.19311517517157695,32,0.9815643068311867,
5,white,1,14,981,336,0,0,0.010637487663228251,27,0.22364510802658655,
5,white,1,14,982,336,0,0,0.028730364690862875,28,0.42762120220857147,
5,white,1,14,983,336,0,0,0.0968120958760541,32,0.48074069152608945,
5,white,1,14,984,336,0,0,0.190744352803786,30,0.9631077886048293,
5,white,1,14,985,336,0,0,0.023632501416258056,24,0.8749342925846442,
5,white,1,14,986,336,0,0,0.3061401684020473,32,0.5354711877314822,
5,white,1,14,987,336,0,0,0.1881580650725483,32,0.8350801723384338,
5,white,1,14,988,336,0,0,0.28878504902412017,25,0.707548252122415,
5,white,1,14,989,336,0,0,0.02845083540548421,32,0.9111518337744875,
5,white,1,14,990,336,0,0,0.013690838760575086,23,0.3497147054799262,
5,white,1,14,991,336,0,0,0.07199746419337683,26,0.36661393689040955,
5,white,1,14,992,336,0,0,0.023612393958397537,31,0.1072270011181945,
5,white,1,14,993,336,0,0,0.0556638372340138,31,0.43495149317327464,
5,white,1,14,994,336,0,0,0.09318083799025323,30,0.7668976394303163,
5,white,1,14,995,336,0,0,0.30684672700301474,30,0.5225834184287994,
5,white,1,14,996,336,0,0,0.14694848033757846,32,0.7845243855045907,
5,white,1,14,997,336,0,0,0.011339174969388632,26,0.9098235142969655,
5,white,1,14,998,336,0,0,0.1288424065457977,27,0.9554760671598223,
5,white,1,14,999,336,0,0,0.15804535123785246,29,0.897891515785878,
9,ar1,1,3,0,72,0,0,0.40452028694525843,32,0.09513385834465304,
9,ar1,1,3,1,72,0,0,0.3115286447788702,32,0.3733975987423408,
9,ar1,1,3,2,72,0,0,0.09630829301978083,27,0.03786856361916091,
9,ar1,1,3,3,72,0,0,0.17070595208208417,30,0.621641705081857,
9,ar1,1,3,4,72,0,0,0.16851508108927482,29,0.9390568787251862,
9,ar1,1,3,5,72,0,0,0.01913640012716744,30,0.0041026709422838925,
9,ar1,1,3,6,72,0,0,0.026255578116770706,30,0.02296854976030871,
9,ar1,1,3,7,72,0,0,0.027856244508880357,29,0.021054648094639306,
9,ar1,1,3,8,72,0,0,0.139796798269193,29,0.00014293024628342366,
9,ar1,1,3,9,72,0,0,0.16852060833336902,29,0.2515521526347684,
9,ar1,1,3,10,72,0,0,0.41341629249064216,28,0.028499596673050243,
9,ar1,1,3,11,72,0,0,0.11360720000104974,32,0.0007825095151495765,
9,ar1,1,3,12,72,0,0,0.05528673130750128,28,0.05824909437552872,
9,ar1,1,3,13,72,0,0,0.1764171865916685,30,0.08362207927179965,
9,ar1,1,3,14,72,0,0,0.72251228069936,32,0.00400918655964988,
9,ar1,1,3,15,72,0,0,0.08520077179218022,24,0.013449301983006867,
9,ar1,1,3,16,72,0,0,0.3286239511755038,32,0.8857829797563564,
9,ar1,1,3,17,72,0,0,0.054701057460550206,24,0.0013634220297570332,
9,ar1,1,3,18,72,0,0,0.004548463489219223,25,0.00023989076528907471,
9,ar1,1,3,19,72,0,0,0.07769720537153124,32,0.061492137998862884,
9,ar1,1,3,20,72,0,0,0.04104902179912773,23,0.7615380474751725,
9,ar1,1,3,21,72,0,0,0.13928281379913343,32,0.5939813343065142,
9,ar1,1,3,22,72,0,0,0.006333544640348299,27,0.01761343471757104,
9,ar1,1,3,23,72,0,0,0.03367972907250294,25,0.003523015826961906,
9,ar1,1,3,24,72,0,0,0.44784291323783976,29,0.10622171539733583,
9,ar1,1,3,25,72,0,0,0.11375934149979461,31,0.8498372274728202,
9,ar1,1,3,26,72,0,0,0.06514636188621548,32,0.890696182811852,
9,ar1,1,3,27,72,1,1,0.0025522493247505107,28,0.010328837557584514,
9,ar1,1,3,28,72,0,0,0.05941878619221452,31,0.10019122330726371,
9,ar1,1,3,29,72,0,0,0.14644052809544217,32,0.8281235048316935,
9,ar1,1,3,30,72,0,0,0.4391182081390377,31,0.09088067688180712,
9,ar1,1,3,31,72,0,0,0.13082550986625718,31,0.6479348068949998,
9,ar1,1,3,32,72,0,0,0.021190171557735504,27,0.0030051082275651675,
9,ar1,1,3,33,72,0,0,0.2215078836465023,32,0.5219745148983175,
9,ar1,1,3,34,72,0,0,0.029149510112428834,22,0.12211747822844288,
9,ar1,1,3,35,72,0,0,0.05938582324910979,32,0.30208147456194134,
9,ar1,1,3,36,72,0,0,0.33623924610847944,32,0.23709585001847677,
9,ar1,1,3,37,72,0,0,0.2270873074734936,31,0.0007532020888696422,
9,ar1,1,3,38,72,0,0,0.017302405727891323,27,0.0027037248755191756,
9,ar1,1,3,39,72,0,0,0.3725189151143453,29,0.7422884631998521,
9,ar1,1,3,40,72,0,0,0.20816846813636192,31,0.7296847314316419,
9,ar1,1,3,41,72,0,0,0.03454067697510832,22,0.010411398567929608,
9,ar1,1,3,42,72,0,0,0.16321210559518884,30,0.0003016774802792055,
9,ar1,1,3,43,72,0,0,0.21058987997544354,32,0.2748414222469274,
9,ar1,1,3,44,72,0,0,0.191953443504003,31,0.3715306332425966,
9,ar1,1,3,45,72,0,0,0.11773257944008386,24,0.09258353269011266,
9,ar1,1,3,46,72,0,0,0.21630245894999955,27,0.012494376331278922,
9,ar1,1,3,47,72,0,0,0.4813245433031266,31,0.7977672900823699,
9,ar1,1,3,48,72,0,0,0.16195649520011357,29,0.037254456248034695,
9,ar1,1,3,49,72,0,0,0.405940698668912,27,0.44253199424360734,
9,ar1,1,3,50,72,0,0,0.5409649713678867,30,0.10970683956268301,
9,ar1,1,3,51,72,0,0,0.23625961995778633,32,0.00683084364410147,
9,ar1,1,3,52,72,0,0,0.41390689191566366,32,0.0698801673314049,
9,ar1,1,3,53,72,0,0,0.280651920043536,31,0.7452264655835088,
9,ar1,1,3,54,72,0,0,0.43419211480123643,32,0.9047309927882301,
9,ar1,1,3,55,72,0,0,0.21365860204378695,24,0.00932321917984169,
9,ar1,1,3,56,72,0,0,0.07970581716017633,29,0.3029062520228132,
9,ar1,1,3,57,72,0,0,0.5786989394326982,31,0.42300691222448306,
9,ar1,1,3,58,72,0,0,0.2022211750000602,32,0.7233729697664688,
9,ar1,1,3,59,72,0,0,0.3021057244580405,32,0.6349967481890805,
9,ar1,1,3,60,72,0,0,0.35929686530074534,31,0.08417956204442267,
9,ar1,1,3,61,72,0,0,0.42425441944024134,32,0.04003553271494775,
9,ar1,1,3,62,72,0,0,0.021660325764626176,22,0.06296540133705752,
9,ar1,1,3,63,72,0,0,0.22065189383511807,31,0.14791445337422016,
9,ar1,1,3,64,72,0,0,0.19794995394962678,31,0.12232789802343602,
9,ar1,1,3,65,72,0,0,0.3563766193449469,32,0.04350441247090897,
9,ar1,1,3,66,72,0,0,0.04803414468693834,32,0.3511179841907146,
9,ar1,1,3,67,72,0,0,0.17207346015522917,28,0.1801266810431057,
9,ar1,1,3,68,72,0,0,0.22893872333631116,28,0.9576052816193611,
9,ar1,1,3,69,72,0,0,0.4183827277012755,32,0.6861264908048101,
9,ar1,1,3,70,72,0,0,0.05100634150061567,22,0.0023775150990594796,
9,ar1,1,3,71,72,0,0,0.015262301000065426,20,0.03009087329351612,
9,ar1,1,3,72,72,0,0,0.38640362976203435,32,0.005119115442120514,
9,ar1,1,3,73,72,0,0,0.12735246249337784,27,0.7850263362524506,
9,ar1,1,3,74,72,0,0,0.05902434602278572,24,0.7136875990788641,
9,ar1,1,3,75,72,0,0,0.1519766545156389,31,0.42914671281582817,
9,ar1,1,3,76,72,0,0,0.6758705711237278,31,0.6104749519871564,
9,ar1,1,3,77,72,0,0,0.09650352408379959,24,0.07245744026937972,
9,ar1,1,3,78,72,0,0,0.04662257903721534,22,0.03119364932726798,
9,ar1,1,3,79,72,0,0,0.1865717461445464,30,0.9503496507025259,
9,ar1,1,3,80,72,0,0,0.012090454555823471,28,0.15686084970212666,
9,ar1,1,3,81,72,0,0,0.06863286358599674,29,0.5677401163490005,
9,ar1,1,3,82,72,0,0,0.26591629193129795,29,0.011301880468861603,
9,ar1,1,3,83,72,0,0,0.31850703965425764,32,0.004246036336484238,
9,ar1,1,3,84,72,0,0,0.15698074761788905,28,0.01286603968184763,
9,ar1,1,3,85,72,0,0,0.15466214722850247,31,0.6936875163283944,
9,ar1,1,3,86,72,0,0,0.07525656012376325,22,0.0005552033705378268,
9,ar1,1,3,87,72,0,0,0.3833687144483051,31,0.0019973250049408753,
9,ar1,1,3,88,72,0,0,0.06164702632285857,30,0.11412202930876869,
9,ar1,1,3,89,72,0,0,0.11185854847903187,29,0.5739490880522842,
9,ar1,1,3,90,72,0,0,0.20300100737838234,28,0.1239688923467066,
9,ar1,1,3,91,72,0,0,0.045882229630082705,27,0.010579981948717343,
9,ar1,1,3,92,72,0,0,0.13771451349816832,28,0.22519927705553056,
9,ar1,1,3,93,72,0,0,0.08545606158659658,28,0.5088726164264591,
9,ar1,1,3,94,72,0,0,0.49241539794604394,32,0.935354534943904,
9,ar1,1,3,95,72,0,0,0.29679256996244385,31,0.003617559561523098,
9,ar1,1,3,96,72,0,0,0.06538564791497936,21,0.07465154725885748,
9,ar1,1,3,97,72,0,0,0.5505446722179571,31,0.013020746787002602,
9,ar1,1,3,98,72,0,0,0.17875192504596482,28,0.032806242127691676,
9,ar1,1,3,99,72,0,0,0.27162236934050177,32,0.06324879543057127,
9,ar1,1,3,100,72,0,0,0.8240051761564746,32,0.8094966823462106,
9,ar1,1,3,101,72,0,0,0.011727769700580093,26,0.0001008040466785598,
9,ar1,1,3,102,72,0,0,0.09544330181997696,32,0.630922712142626,
9,ar1,1,3,103,72,0,0,0.26831460875187696,30,0.32186075448502993,
9,ar1,1,3,104,72,0,0,0.18667895770021303,29,0.06538422638800467,
9,ar1,1,3,105,72,0,0,0.01652786795671346,24,0.0049935559036948796,
9,ar1,1,3,106,72,0,0,0.031350254715165504,24,0.007625026094483456,
9,ar1,1,3,107,72,0,0,0.1545542428143526,31,0.05719729765199211,
9,ar1,1,3,108,72,0,0,0.07801765827515961,32,0.20171024416188876,
9,ar1,1,3,109,72,0,0,0.2780576381046793,29,0.3340078249466736,
9,ar1,1,3,110,72,0,0,0.13420802367593998,31,0.011426269250313204,
9,ar1,1,3,111,72,0,0,0.09302991353811363,31,0.4320829868869249,
9,ar1,1,3,112,72,0,0,0.04773226836748268,29,0.43032598826765633,
9,ar1,1,3,113,72,0,0,0.10172748713030855,31,0.5579280675227657,
9,ar1,1,3,114,72,0,0,0.043648710840124894,31,0.8339523252707304,
9,ar1,1,3,115,72,0,0,0.4756160165747765,32,0.340995960399761,
9,ar1,1,3,116,72,0,0,0.22103334396922514,31,0.34834374843834803,
9,ar1,1,3,117,72,0,0,0.15367760532763186,28,0.2084460536128495,
9,ar1,1,3,118,72,0,0,0.5611902940172075,30,0.07860814198356247,
9,ar1,1,3,119,72,0,0,0.040932742728397975,32,0.8901837801709218,
9,ar1,1,3,120,72,0,0,0.052623949548634696,28,0.07564523493857767,
9,ar1,1,3,121,72,0,0,0.32244863760040254,31,0.030425005824104123,
9,ar1,1,3,122,72,0,0,0.3332158480285564,32,0.0002741370689006706,
9,ar1,1,3,123,72,0,0,0.1382536855945249,32,0.08759752658318132,
9,ar1,1,3,124,72,0,0,0.17708124295655325,28,0.0010897735953329102,
9,ar1,1,3,125,72,0,0,0.111465914953647,31,0.4252567086786716,
9,ar1,1,3,126,72,0,0,0.08904016511227986,30,0.13594110094253609,
9,ar1,1,3,127,72,0,0,0.030133153142774205,19,0.9877071181011682,
9,ar1,1,3,128,72,0,0,0.014761299482093926,22,0.005061771246136604,
9,ar1,1,3,129,72,0,0,0.12942859472529566,31,0.0078196807450025,
9,ar1,1,3,130,72,0,0,0.12356219866485785,32,0.01490987528358656,
9,ar1,1,3,131,72,0,0,0.3094596255598462,32,0.14941104625151302,
9,ar1,1,3,132,72,0,0,0.1797246567672377,32,0.007929409245198804,
9,ar1,1,3,133,72,0,0,0.1485233758973057,32,0.562715163775,
9,ar1,1,3,134,72,0,0,0.03009675871421802,24,0.12249450588406674,
9,ar1,1,3,135,72,0,0,0.4701196939221064,31,0.5627967692411875,
9,ar1,1,3,136,72,0,0,0.284257950901718,30,0.6158224666046286,
9,ar1,1,3,137,72,0,0,0.7127471857088499,32,0.02098364946824416,
9,ar1,1,3,138,72,0,0,0.2834717718966886,29,0.055839375319482576,
9,ar1,1,3,139,72,0,0,0.24516229392221,32,0.19519868692585918,
9,ar1,1,3,140,72,0,0,0.2069769820726607,32,0.0005899893340843843,
9,ar1,1,3,141,72,0,0,0.1376622507090708,28,0.9944113312487254,
9,ar1,1,3,142,72,0,0,0.34451466516743845,30,0.3063702554485197,
9,ar1,1,3,143,72,0,0,0.027200172942777212,32,0.1868262025129197,
9,ar1,1,3,144,72,0,0,0.5063883329224241,31,0.16679362352486504,
9,ar1,1,3,145,72,0,0,0.015016496899272536,30,0.00024037123916420544,
9,ar1,1,3,146,72,0,0,0.035262043665313825,32,0.7066153813250472,
9,ar1,1,3,147,72,0,0,0.12382842173688935,32,0.028363620574360815,
9,ar1,1,3,148,72,0,0,0.15533793894893622,31,0.6769175756898126,
9,ar1,1,3,149,72,0,0,0.36332509563756576,31,0.0764901272356272,
9,ar1,1,3,150,72,0,0,0.004247227338444293,23,0.00036076400858031654,
9,ar1,1,3,151,72,0,0,0.17997747751704163,31,0.6068969783627282,
9,ar1,1,3,152,72,0,0,0.10944581238131845,30,0.24088016040094684,
9,ar1,1,3,153,72,0,0,0.07093348115494369,32,0.3668141590193643,
9,ar1,1,3,154,72,0,0,0.14937589159770492,28,0.1381288652068009,
9,ar1,1,3,155,72,0,0,0.21859365623922788,27,0.04592923194108112,
9,ar1,1,3,156,72,0,0,0.32970771193491444,27,0.8166910233452748,
9,ar1,1,3,157,72,0,0,0.1286191536865171,30,0.005963020494662796,
9,ar1,1,3,158,72,0,0,0.170531249019239,32,0.0916002165940446,
9,ar1,1,3,159,72,0,0,0.6354995965050768,26,0.14979512871925194,
9,ar1,1,3,160,72,0,0,0.5045074576075304,31,0.12941884459855568,
9,ar1,1,3,161,72,0,0,0.22478234202711755,32,0.07168137241006023,
9,ar1,1,3,162,72,0,0,0.23863910620258422,31,0.5166712659412669,
9,ar1,1,3,163,72,0,0,0.08725829267229157,32,0.4096270889714263,
9,ar1,1,3,164,72,0,0,0.11303023732677875,26,0.004573207076146835,
9,ar1,1,3,165,72,0,0,0.09058145884089719,22,0.08487014020281503,
9,ar1,1,3,166,72,0,0,0.10542820601834713,32,0.049349895569883784,
9,ar1,1,3,167,72,0,0,0.01500940200137757,26,3.0779461313024115e-8,
9,ar1,1,3,168,72,0,0,0.06019316235420946,31,0.3781559553826068,
9,ar1,1,3,169,72,0,0,0.09025104871028489,32,0.02405374305653163,
9,ar1,1,3,170,72,0,0,0.15457092834186092,30,0.5982569465413909,
9,ar1,1,3,171,72,0,0,0.054879000292400226,32,0.144953442042149,
9,ar1,1,3,172,72,0,0,0.022574597662341267,19,0.16905210051232133,
9,ar1,1,3,173,72,0,0,0.07370623572258017,32,0.8881153130243945,
9,ar1,1,3,174,72,0,0,0.1659307083460666,28,0.00700751324958826,
9,ar1,1,3,175,72,0,0,0.13599800625245562,28,0.7420475384529238,
9,ar1,1,3,176,72,0,0,0.3555938600015296,32,0.1731088241051867,
9,ar1,1,3,177,72,0,0,0.12649647214263215,31,0.34445173725120604,
9,ar1,1,3,178,72,0,0,0.5927639827960394,32,0.3147883395598474,
9,ar1,1,3,179,72,0,0,0.34126543064750403,30,0.4826565680386702,
9,ar1,1,3,180,72,0,0,0.21144682594986242,32,0.6935331425996871,
9,ar1,1,3,181,72,0,0,0.12375261721919317,32,0.24017020312804638,
9,ar1,1,3,182,72,0,0,0.2367980816543045,30,0.060534262354642876,
9,ar1,1,3,183,72,0,0,0.07525690388001105,27,0.7371109184650494,
9,ar1,1,3,184,72,0,0,0.05962593937860239,27,0.2285981521371545,
9,ar1,1,3,185,72,0,0,0.06180608049108849,32,0.31019360190039424,
9,ar1,1,3,186,72,0,0,0.45317820036670486,31,0.9586194764242906,
9,ar1,1,3,187,72,0,0,0.10118591420355916,31,0.04194163982135324,
9,ar1,1,3,188,72,0,0,0.06905805337886772,27,0.6216409672575063,
9,ar1,1,3,189,72,0,0,0.37358565769385177,32,0.3441364550140167,
9,ar1,1,3,190,72,0,0,0.43153255887886155,32,0.21637505480292396,
9,ar1,1,3,191,72,0,0,0.05543424777686867,29,0.08185633276955384,
9,ar1,1,3,192,72,0,0,0.09884125813782751,26,0.016837758802919267,
9,ar1,1,3,193,72,0,0,0.00744558489356284,18,0.8809796900305996,
9,ar1,1,3,194,72,0,0,0.18143732945161928,32,0.0036447552191448684,
9,ar1,1,3,195,72,0,0,0.33621543788607133,32,0.25944451208129327,
9,ar1,1,3,196,72,0,0,0.046964519200761834,24,0.016301565663317086,
9,ar1,1,3,197,72,0,0,0.03238306608895947,31,0.44337355846856297,
9,ar1,1,3,198,72,0,0,0.3654869149566389,29,0.004198508590448791,
9,ar1,1,3,199,72,0,0,0.046010781225952924,27,0.001973647396874556,
9,ar1,1,3,200,72,0,0,0.05547908575046778,26,0.0006297537589861069,
9,ar1,1,3,201,72,0,0,0.03436235800633658,30,0.9031793760948317,
9,ar1,1,3,202,72,0,0,0.2900589284419439,30,0.41463869540497034,
9,ar1,1,3,203,72,0,0,0.47084100361968484,32,0.29878177342877676,
9,ar1,1,3,204,72,0,0,0.26000008880552317,32,0.6955386161102115,
9,ar1,1,3,205,72,0,0,0.09686584954067345,32,0.1880573415295549,
9,ar1,1,3,206,72,0,0,0.3195939148600808,31,0.022384180110215146,
9,ar1,1,3,207,72,0,0,0.09647269996297125,30,0.753939637583664,
9,ar1,1,3,208,72,0,0,0.3629178634667829,32,0.025599277786339636,
9,ar1,1,3,209,72,0,0,0.1501955703821265,31,0.21586953894272187,
9,ar1,1,3,210,72,0,0,0.5790602417423903,30,0.18236864676249098,
9,ar1,1,3,211,72,0,0,0.24281697118265622,32,0.6758627090089026,
9,ar1,1,3,212,72,0,0,0.3819459741922674,32,0.3824771078246396,
9,ar1,1,3,213,72,0,0,0.01512216432574598,29,0.09444324682965477,
9,ar1,1,3,214,72,0,0,0.34014100392536495,32,0.03264239844853156,
9,ar1,1,3,215,72,0,0,0.25187795597385065,31,0.30809938364581724,
9,ar1,1,3,216,72,0,0,0.37280093113647295,32,0.8882522193395972,
9,ar1,1,3,217,72,0,0,0.012337807703972192,28,0.17049611474097337,
9,ar1,1,3,218,72,0,0,0.23421668085529324,30,0.5752056381166485,
9,ar1,1,3,219,72,0,0,0.1864656407932027,32,0.0615753226185739,
9,ar1,1,3,220,72,0,0,0.22239483495216805,27,0.001692287932999026,
9,ar1,1,3,221,72,0,0,0.1742582335202898,27,0.10966605199089419,
9,ar1,1,3,222,72,0,0,0.018111332585664885,24,0.19755506049371252,
9,ar1,1,3,223,72,0,0,0.28785024962363237,30,0.25206102304629663,
9,ar1,1,3,224,72,0,0,0.005231713681376204,22,0.012428155307166011,
9,ar1,1,3,225,72,0,0,0.07081014108774897,29,0.14480184063897805,
9,ar1,1,3,226,72,0,0,0.22675779766774262,31,0.04754203389334255,
9,ar1,1,3,227,72,0,0,0.17784164429418325,32,0.04270267949976558,
9,ar1,1,3,228,72,0,0,0.08773375266015393,27,0.003960953277901691,
9,ar1,1,3,229,72,0,0,0.5588550963691892,32,0.04122220092568318,
9,ar1,1,3,230,72,0,0,0.3273620861221016,31,0.21102014045672024,
9,ar1,1,3,231,72,0,0,0.03312395357919706,22,0.002462177354573103,
9,ar1,1,3,232,72,0,0,0.4575457393526283,32,0.6457932295454425,
9,ar1,1,3,233,72,0,0,0.44223395069316984,31,0.7814303267092348,
9,ar1,1,3,234,72,0,0,0.42498724667333376,30,0.034263921065133096,
9,ar1,1,3,235,72,0,0,0.07661132105060564,28,0.01086618668931838,
9,ar1,1,3,236,72,0,0,0.12956737607768376,29,0.0037502867384879846,
9,ar1,1,3,237,72,0,0,0.024695658921085717,18,0.26726983597531784,
9,ar1,1,3,238,72,0,0,0.04558992044958976,27,0.00013749876229585123,
9,ar1,1,3,239,72,0,0,0.7226303202665411,32,0.18421281612190166,
9,ar1,1,3,240,72,0,0,0.10496614712433172,27,0.3208117239178886,
9,ar1,1,3,241,72,0,0,0.4670083758639585,29,0.3380584647089455,
9,ar1,1,3,242,72,0,0,0.12365496811919241,31,0.008684673063446557,
9,ar1,1,3,243,72,0,0,0.185124821318418,28,0.11072430220791296,
9,ar1,1,3,244,72,0,0,0.025144519045890323,30,0.022294208087865974,
9,ar1,1,3,245,72,0,0,0.11303248991458081,31,0.2897932249585877,
9,ar1,1,3,246,72,0,0,0.11872885051252713,25,0.0307419097048941,
9,ar1,1,3,247,72,0,0,0.038295726597109,25,0.29771313390541443,
9,ar1,1,3,248,72,0,0,0.04367988580090543,20,0.1905880391465926,
9,ar1,1,3,249,72,0,0,0.02157599885886685,23,0.4058628374214318,
9,ar1,1,3,250,72,0,0,0.03197582972708102,20,0.5830233297342593,
9,ar1,1,3,251,72,0,0,0.0262596281571702,26,0.1133788070035543,
9,ar1,1,3,252,72,0,0,0.14182855855260734,29,0.8183344673978223,
9,ar1,1,3,253,72,0,0,0.14099368659463152,30,0.0039736150188672825,
9,ar1,1,3,254,72,0,0,0.25565570502104373,29,0.5640988160936193,
9,ar1,1,3,255,72,0,0,0.26966221195406104,31,0.012447958546124682,
9,ar1,1,3,256,72,0,0,0.06639843748886631,27,0.3727750080663378,
9,ar1,1,3,257,72,0,0,0.28642637591691966,32,0.3385393582442029,
9,ar1,1,3,258,72,0,0,0.08110259015564347,25,0.00499807377981365,
9,ar1,1,3,259,72,0,0,0.02182813372066328,29,0.000027248769925991567,
9,ar1,1,3,260,72,0,0,0.01536169737246873,31,0.2492094977453707,
9,ar1,1,3,261,72,0,0,0.4727052858086409,32,0.07392398289227098,
9,ar1,1,3,262,72,0,0,0.08355413368637832,24,0.16691729209383177,
9,ar1,1,3,263,72,0,0,0.34524409984492876,31,0.1266579883661838,
9,ar1,1,3,264,72,0,0,0.29057728886621914,30,0.028772712150801683,
9,ar1,1,3,265,72,0,0,0.09104157857472006,29,0.0011464248927148812,
9,ar1,1,3,266,72,0,0,0.029066728324673274,30,0.6682370956647787,
9,ar1,1,3,267,72,0,0,0.27292901783717416,22,0.33070815572355505,
9,ar1,1,3,268,72,0,0,0.19655036074524845,32,0.3236797597858768,
9,ar1,1,3,269,72,0,0,0.22731191759299563,32,0.008517420773549667,
9,ar1,1,3,270,72,0,0,0.18999824365232754,30,0.5132452632355908,
9,ar1,1,3,271,72,0,0,0.1798676711309597,30,0.05138741522417345,
9,ar1,1,3,272,72,0,0,0.7216787990489834,32,0.1255329892049728,
9,ar1,1,3,273,72,0,0,0.05461012889111139,27,0.1832791714035148,
9,ar1,1,3,274,72,0,0,0.23907452277363195,32,0.2863346999327425,
9,ar1,1,3,275,72,0,0,0.3044606693225944,30,0.2673751840715747,
9,ar1,1,3,276,72,0,0,0.18461912808170033,30,0.005290781660429511,
9,ar1,1,3,277,72,0,0,0.32588922319761715,31,0.3773336753841142,
9,ar1,1,3,278,72,0,0,0.07798561843812912,31,0.5670417740608439,
9,ar1,1,3,279,72,0,0,0.5100631331404628,30,0.287481877359107,
9,ar1,1,3,280,72,0,0,0.08709599005987412,32,0.011202290648106072,
9,ar1,1,3,281,72,0,0,0.22789580296881673,32,0.30754904681407513,
9,ar1,1,3,282,72,0,0,0.036734148455545124,27,0.033494484863113794,
9,ar1,1,3,283,72,0,0,0.01631660896771303,18,0.08005438034812262,
9,ar1,1,3,284,72,0,0,0.29834118434629786,28,0.0872219767549054,
9,ar1,1,3,285,72,0,0,0.03734448257606493,21,0.001368659791422533,
9,ar1,1,3,286,72,0,0,0.07100186052838231,24,0.0005006075630210605,
9,ar1,1,3,287,72,0,0,0.114587296378165,25,0.002122385755620071,
9,ar1,1,3,288,72,0,0,0.03466102725121156,29,0.006468127600384843,
9,ar1,1,3,289,72,0,0,0.005726600383589742,24,0.0023612803382743186,
9,ar1,1,3,290,72,0,0,0.6345382419174637,32,0.3337995548519761,
9,ar1,1,3,291,72,0,0,0.05979940412390572,32,0.4592316468532429,
9,ar1,1,3,292,72,0,0,0.04427808800605537,23,0.00257207464528475,
9,ar1,1,3,293,72,0,0,0.08837599505872451,25,0.3261781676566511,
9,ar1,1,3,294,72,0,0,0.29910738630101064,32,0.039560989308847216,
9,ar1,1,3,295,72,0,0,0.33897098721131813,28,0.7729850888257835,
9,ar1,1,3,296,72,0,0,0.007904201196714311,21,0.006519252194889358,
9,ar1,1,3,297,72,0,0,0.0036156013878576587,19,0.5553192493893472,
9,ar1,1,3,298,72,0,0,0.13658531680956942,27,0.005074703056598295,
9,ar1,1,3,299,72,0,0,0.02501617685083013,31,0.0036064532072378475,
9,ar1,1,3,300,72,0,0,0.10964759100055432,31,0.009612940713332185,
9,ar1,1,3,301,72,0,0,0.04385685006403106,32,0.9484042582048625,
9,ar1,1,3,302,72,0,0,0.08666620985268225,32,0.12316426343559772,
9,ar1,1,3,303,72,0,0,0.10650893112682325,20,0.07327045013916089,
9,ar1,1,3,304,72,0,0,0.07429883548290028,26,0.10619133526087332,
9,ar1,1,3,305,72,0,0,0.03804054288428482,32,0.5125491315426445,
9,ar1,1,3,306,72,0,0,0.08427780636735127,30,0.38939956069801807,
9,ar1,1,3,307,72,0,0,0.15651785582037725,28,0.10063525787534422,
9,ar1,1,3,308,72,0,0,0.1725775701981721,29,0.1732311140619578,
9,ar1,1,3,309,72,0,0,0.14791432741615584,32,0.46522681807664856,
9,ar1,1,3,310,72,0,0,0.1905145789897268,25,0.011947603322159273,
9,ar1,1,3,311,72,0,0,0.07295490153860285,31,0.47777038087935364,
9,ar1,1,3,312,72,0,0,0.0061432096047689955,27,0.000014245545025382,
9,ar1,1,3,313,72,0,0,0.08339875237095495,26,0.008516158106578797,
9,ar1,1,3,314,72,0,0,0.22221562268835027,31,0.2775232783095507,
9,ar1,1,3,315,72,0,0,0.3871303770718866,30,0.1743477377395941,
9,ar1,1,3,316,72,0,0,0.13450781718648241,28,0.4480240001677941,
9,ar1,1,3,317,72,0,0,0.0034189168534762837,26,0.13371541684014931,
9,ar1,1,3,318,72,0,0,0.6997316892235983,32,0.3966357004746842,
9,ar1,1,3,319,72,0,0,0.13629426650281062,32,0.43656245247934256,
9,ar1,1,3,320,72,0,0,0.10722327010286647,32,0.7536588648478617,
9,ar1,1,3,321,72,0,0,0.5420587998217266,32,0.7054259629291492,
9,ar1,1,3,322,72,0,0,0.035370146018427806,22,0.40904496649145194,
9,ar1,1,3,323,72,0,0,0.13905100953455207,32,0.3549563073016305,
9,ar1,1,3,324,72,0,0,0.18663148917660355,32,0.44536112001718875,
9,ar1,1,3,325,72,0,0,0.12242506212378346,32,0.36182887133705266,
9,ar1,1,3,326,72,0,0,0.11204464534282221,24,0.0015114541944203363,
9,ar1,1,3,327,72,0,0,0.026152580150514693,22,0.0004845401860459342,
9,ar1,1,3,328,72,0,0,0.09245441673755184,30,0.9708416731481484,
9,ar1,1,3,329,72,0,0,0.13522329428804536,31,0.007691464666048975,
9,ar1,1,3,330,72,0,0,0.40751198359228313,31,0.36721337688308997,
9,ar1,1,3,331,72,0,0,0.009386773612694799,23,0.00004840430327979206,
9,ar1,1,3,332,72,0,0,0.030623472975079835,27,0.0001438503782599243,
9,ar1,1,3,333,72,0,0,0.03313318556276301,32,0.011646312806415482,
9,ar1,1,3,334,72,0,0,0.2418800246078996,32,0.007430136326966097,
9,ar1,1,3,335,72,0,0,0.20287028083600012,31,0.5435817701570769,
9,ar1,1,3,336,72,0,0,0.11995840897980148,32,0.5735936400587149,
9,ar1,1,3,337,72,0,0,0.05049214035240013,24,0.26041624061934465,
9,ar1,1,3,338,72,0,0,0.17876069862881705,31,0.5231787977742997,
9,ar1,1,3,339,72,0,0,0.30831409112840324,29,0.010788705647876706,
9,ar1,1,3,340,72,1,1,0.0032195509165118263,30,0.05976521904661136,
9,ar1,1,3,341,72,0,0,0.1389669144833824,26,0.00001563965889217478,
9,ar1,1,3,342,72,0,0,0.29924221420764896,27,0.48322904858427673,
9,ar1,1,3,343,72,0,0,0.7204361327449823,32,0.029100955913410553,
9,ar1,1,3,344,72,0,0,0.007051770452006112,25,0.048031961682520774,
9,ar1,1,3,345,72,0,0,0.30615429714555775,29,0.2957152246713157,
9,ar1,1,3,346,72,0,0,0.0425319128654712,28,0.004238587776266622,
9,ar1,1,3,347,72,0,0,0.04147887802607031,20,0.20058833514383212,
9,ar1,1,3,348,72,0,0,0.2030376751092513,31,0.007230164885607571,
9,ar1,1,3,349,72,0,0,0.05585047730174497,26,0.02081816750603327,
9,ar1,1,3,350,72,0,0,0.1440037167438164,28,0.08641580811684801,
9,ar1,1,3,351,72,0,0,0.2746139746581505,31,0.45969679260653884,
9,ar1,1,3,352,72,0,0,0.2663910947800867,26,0.834696027921898,
9,ar1,1,3,353,72,0,0,0.13734992575712912,29,0.001375269715289562,
9,ar1,1,3,354,72,0,0,0.32758756857782656,28,0.6118899539186714,
9,ar1,1,3,355,72,0,0,0.45008618605058026,32,0.03086850979419664,
9,ar1,1,3,356,72,0,0,0.3713034751700304,28,0.5694365929529255,
9,ar1,1,3,357,72,0,0,0.02101124811146693,27,0.0000833246583167302,
9,ar1,1,3,358,72,0,0,0.05499768643669256,26,0.07599826578464108,
9,ar1,1,3,359,72,0,0,0.07038370727987198,29,0.035658251212849934,
9,ar1,1,3,360,72,0,0,0.7751901401490348,32,0.4295920999178101,
9,ar1,1,3,361,72,0,0,0.11915375703731146,27,0.005324686637253273,
9,ar1,1,3,362,72,0,0,0.1455662701203425,30,0.19256458435685253,
9,ar1,1,3,363,72,0,0,0.11233370942653864,31,0.3012909617543027,
9,ar1,1,3,364,72,0,0,0.16264888519964882,32,0.6606426353151319,
9,ar1,1,3,365,72,0,0,0.007189220916329564,19,0.628418320594862,
9,ar1,1,3,366,72,0,0,0.010362559324644471,28,0.011203139830397557,
9,ar1,1,3,367,72,0,0,0.36414799981485757,32,0.0598148832810258,
9,ar1,1,3,368,72,0,0,0.09461683228981088,30,0.0012259511265149126,
9,ar1,1,3,369,72,0,0,0.20973398981975677,32,0.607242023837252,
9,ar1,1,3,370,72,0,0,0.2153633835180191,28,0.4833528161657491,
9,ar1,1,3,371,72,0,0,0.007730186993727628,20,0.0008139129869731976,
9,ar1,1,3,372,72,0,0,0.14199680237018975,31,0.03870703229771422,
9,ar1,1,3,373,72,0,0,0.18574885882494352,32,0.4958409612623108,
9,ar1,1,3,374,72,0,0,0.06987845220895195,25,0.09820700121976744,
9,ar1,1,3,375,72,0,0,0.12766669334636638,31,0.7464043769458634,
9,ar1,1,3,376,72,0,0,0.08086686156073597,29,0.6178978076951582,
9,ar1,1,3,377,72,0,0,0.5988453348656633,29,0.7910540110611146,
9,ar1,1,3,378,72,0,0,0.0470869124703619,32,0.1655096192364205,
9,ar1,1,3,379,72,0,0,0.14829466808122427,28,0.33701640209793193,
9,ar1,1,3,380,72,0,0,0.009343220843020528,21,0.017709039664774662,
9,ar1,1,3,381,72,0,0,0.07563893273294275,28,0.6214014485161676,
9,ar1,1,3,382,72,0,0,0.4872482545057044,26,0.313404526241596,
9,ar1,1,3,383,72,0,0,0.4998546212447067,32,0.019935548461286645,
9,ar1,1,3,384,72,0,0,0.22121940313702604,25,0.023044060014472012,
9,ar1,1,3,385,72,0,0,0.7885839187200493,32,0.1775134790464784,
9,ar1,1,3,386,72,0,0,0.02417507077729364,30,0.08166298999826083,
9,ar1,1,3,387,72,0,0,0.06154715938847699,28,0.006767709176583536,
9,ar1,1,3,388,72,0,0,0.14725751309265833,30,0.024709847974781596,
9,ar1,1,3,389,72,0,0,0.03750652262977361,22,0.0023640335555225045,
9,ar1,1,3,390,72,0,0,0.5721270942535173,31,0.12909290299553655,
9,ar1,1,3,391,72,0,0,0.013925517376050522,27,0.001464244893488842,
9,ar1,1,3,392,72,0,0,0.0754181838699779,31,0.07209440643396492,
9,ar1,1,3,393,72,0,0,0.06994187144730302,29,0.8941437334367976,
9,ar1,1,3,394,72,0,0,0.025840485915678668,19,0.4336355684803067,
9,ar1,1,3,395,72,0,0,0.031304062194883575,23,0.006289958918587635,
9,ar1,1,3,396,72,0,0,0.09188434114092103,29,0.008512355037793129,
9,ar1,1,3,397,72,0,0,0.06124257465458505,27,0.5876930544082808,
9,ar1,1,3,398,72,0,0,0.3332021927386506,31,0.012901814471519835,
9,ar1,1,3,399,72,0,0,0.289637790574079,31,0.8925404530245481,
9,ar1,1,3,400,72,0,0,0.010776323074242922,22,0.00014192543827939996,
9,ar1,1,3,401,72,0,0,0.3429652681236842,31,0.6782965504156099,
9,ar1,1,3,402,72,0,0,0.26921224787944764,31,0.10418546583248423,
9,ar1,1,3,403,72,0,0,0.18895426856909048,29,0.8409564012939422,
9,ar1,1,3,404,72,0,0,0.13804198171054383,32,0.0021276398386047557,
9,ar1,1,3,405,72,0,0,0.008179987654736487,28,0.4370385445552638,
9,ar1,1,3,406,72,0,0,0.01246295926126928,22,0.00011507057400694798,
9,ar1,1,3,407,72,0,0,0.08426729329177274,30,0.24897609673313625,
9,ar1,1,3,408,72,0,0,0.2162803777248805,28,0.9545457046758746,
9,ar1,1,3,409,72,0,0,0.23332809273159638,27,0.027426238589646434,
9,ar1,1,3,410,72,0,0,0.20422075518585103,30,0.03577761711232186,
9,ar1,1,3,411,72,0,0,0.0826656098407279,31,0.22255879471396922,
9,ar1,1,3,412,72,0,0,0.4514427583691305,31,0.4932858321353032,
9,ar1,1,3,413,72,1,1,0.0017853986571693126,27,0.0000013609158107108499,
9,ar1,1,3,414,72,0,0,0.10467312878877588,25,0.15636938374089215,
9,ar1,1,3,415,72,0,0,0.12008059119158365,32,0.32496804054117057,
9,ar1,1,3,416,72,0,0,0.10734270123477052,26,0.07490682994222797,
9,ar1,1,3,417,72,0,0,0.03348498007110923,27,0.0019065654465446613,
9,ar1,1,3,418,72,0,0,0.03568057431892091,29,0.07215742020950056,
9,ar1,1,3,419,72,0,0,0.1773910441535399,30,0.06580362974343423,
9,ar1,1,3,420,72,0,0,0.4235298726790073,30,0.3929406597018651,
9,ar1,1,3,421,72,0,0,0.32832649428445126,32,0.24521511905281912,
9,ar1,1,3,422,72,0,0,0.1226392572021715,26,0.000002498188818256253,
9,ar1,1,3,423,72,0,0,0.03379636866983671,32,0.012428136416868352,
9,ar1,1,3,424,72,0,0,0.43113085511592286,32,0.11614487753653102,
9,ar1,1,3,425,72,0,0,0.0422537740553216,31,0.6016276167609669,
9,ar1,1,3,426,72,0,0,0.2900750255621123,28,0.0680294654213065,
9,ar1,1,3,427,72,0,0,0.4167588769969329,32,0.7416142984022954,
9,ar1,1,3,428,72,0,0,0.2965156950187784,26,0.5841181164145262,
9,ar1,1,3,429,72,0,0,0.04916799871995803,29,0.9516274658952038,
9,ar1,1,3,430,72,0,0,0.05166520851839407,21,0.10023176690338609,
9,ar1,1,3,431,72,0,0,0.028727870660241628,27,0.0009303956548760706,
9,ar1,1,3,432,72,0,0,0.2748375047460083,30,0.3075958816107849,
9,ar1,1,3,433,72,0,0,0.44683144183863877,32,0.0009098936627516263,
9,ar1,1,3,434,72,0,0,0.7339916046310511,32,0.5948250033822193,
9,ar1,1,3,435,72,0,0,0.1367446762508595,32,0.7706026303146162,
9,ar1,1,3,436,72,0,0,0.036255631172435465,28,0.9598081281557178,
9,ar1,1,3,437,72,0,0,0.9312250097050655,32,0.2286572089673431,
9,ar1,1,3,438,72,0,0,0.026919582584962742,29,0.13411084133819728,
9,ar1,1,3,439,72,0,0,0.08660038665765168,26,0.46139167760401456,
9,ar1,1,3,440,72,0,0,0.03211407057967919,28,0.8672533863839114,
9,ar1,1,3,441,72,0,0,0.24552204146834422,30,0.159790110247521,
9,ar1,1,3,442,72,0,0,0.12289343116323037,23,0.5770376021565271,
9,ar1,1,3,443,72,0,0,0.126777286146452,30,0.9959656364686357,
9,ar1,1,3,444,72,0,0,0.17260025346057273,32,0.5999959673047788,
9,ar1,1,3,445,72,0,0,0.0997665922489459,26,0.00504135018376739,
9,ar1,1,3,446,72,0,0,0.10787732167123465,32,0.18452828344578398,
9,ar1,1,3,447,72,0,0,0.2799972263339523,27,0.1985492894246863,
9,ar1,1,3,448,72,0,0,0.26122402355679153,30,0.056837012112668894,
9,ar1,1,3,449,72,0,0,0.16351730547797327,30,0.019274967293598566,
9,ar1,1,3,450,72,0,0,0.1854520956647867,29,0.7732911480817183,
9,ar1,1,3,451,72,0,0,0.08330962990192325,31,0.01072478338336702,
9,ar1,1,3,452,72,0,0,0.07040688359940572,29,0.1850402909045722,
9,ar1,1,3,453,72,0,0,0.26439858834741325,29,0.8342674924723761,
9,ar1,1,3,454,72,0,0,0.003511291194474131,18,0.40304592558547925,
9,ar1,1,3,455,72,0,0,0.13905886625015063,25,0.0005883218474376228,
9,ar1,1,3,456,72,0,0,0.6180215367302566,32,0.4440366899699326,
9,ar1,1,3,457,72,0,0,0.07556136242891176,28,0.1333458894738142,
9,ar1,1,3,458,72,0,0,0.082858310767573,27,0.8791907389491903,
9,ar1,1,3,459,72,0,0,0.6847099771016278,32,0.13617338363829046,
9,ar1,1,3,460,72,0,0,0.30473800895217273,30,0.01936386917648447,
9,ar1,1,3,461,72,0,0,0.6377712333858554,32,0.6088084642878997,
9,ar1,1,3,462,72,0,0,0.016416854456828278,27,0.5749022320896406,
9,ar1,1,3,463,72,0,0,0.16675316366796544,32,0.04102498624044726,
9,ar1,1,3,464,72,0,0,0.03462374317853467,32,0.8234089829715205,
9,ar1,1,3,465,72,0,0,0.025119271209016247,26,0.5393305891415028,
9,ar1,1,3,466,72,0,0,0.5113551707100965,31,0.4144985884454391,
9,ar1,1,3,467,72,0,0,0.20782293373305005,26,0.22565931293507746,
9,ar1,1,3,468,72,0,0,0.06077490270833619,30,0.0650737270235815,
9,ar1,1,3,469,72,0,0,0.23647801178807237,29,0.0852179929513115,
9,ar1,1,3,470,72,0,0,0.4933122089846148,32,0.3172248232433559,
9,ar1,1,3,471,72,0,0,0.029534691837198035,31,0.277856123819616,
9,ar1,1,3,472,72,0,0,0.239901258726141,26,0.0991412124545148,
9,ar1,1,3,473,72,0,0,0.20116449704042116,32,0.14644426470652538,
9,ar1,1,3,474,72,0,0,0.012204043384327123,32,0.06074740848294646,
9,ar1,1,3,475,72,0,0,0.04587440805142606,32,0.39452912708009913,
9,ar1,1,3,476,72,0,0,0.10073975393532852,25,0.8890603380953783,
9,ar1,1,3,477,72,0,0,0.2675044122697977,31,0.038649357332329326,
9,ar1,1,3,478,72,0,0,0.9242061143660996,32,0.8122392987181366,
9,ar1,1,3,479,72,0,0,0.14610399367698323,30,0.2616025208324708,
9,ar1,1,3,480,72,0,0,0.02631119246036251,30,0.06777311964188815,
9,ar1,1,3,481,72,0,0,0.05660291583266497,32,0.719146291952664,
9,ar1,1,3,482,72,0,0,0.051996429393693644,25,0.23500244687660787,
9,ar1,1,3,483,72,0,0,0.10272176896512808,23,0.0007352483555612688,
9,ar1,1,3,484,72,0,0,0.0275571609877312,30,0.02124398108332759,
9,ar1,1,3,485,72,0,0,0.10189611513783936,28,0.014662378586519975,
9,ar1,1,3,486,72,0,0,0.06703953629396775,27,0.15121300102020563,
9,ar1,1,3,487,72,0,0,0.026486597335519058,25,0.14487658633277412,
9,ar1,1,3,488,72,0,0,0.04817761306878199,26,0.02663110320465556,
9,ar1,1,3,489,72,0,0,0.49404663752919364,32,0.40360979695866916,
9,ar1,1,3,490,72,0,0,0.09124580977688823,29,0.4459032668275187,
9,ar1,1,3,491,72,0,0,0.024110935771335384,21,0.009838473750819365,
9,ar1,1,3,492,72,0,0,0.07608948600652043,27,0.39804425087579554,
9,ar1,1,3,493,72,0,0,0.10052878497559392,28,0.6687883046259792,
9,ar1,1,3,494,72,0,0,0.011271671987068466,26,0.000018043522168165183,
9,ar1,1,3,495,72,0,0,0.055780392707940774,21,0.09647624875390759,
9,ar1,1,3,496,72,0,0,0.40178010865162017,32,0.9544144301822612,
9,ar1,1,3,497,72,1,1,0.0009482321991344245,22,0.00036431593168650966,
9,ar1,1,3,498,72,0,0,0.49690335221210136,27,0.07947307959594341,
9,ar1,1,3,499,72,0,0,0.27787291247504387,31,0.1864328224689712,
9,ar1,1,3,500,72,0,0,0.1729185825669154,31,0.76754496936893,
9,ar1,1,3,501,72,0,0,0.7179985768644901,32,0.0330099365246872,
9,ar1,1,3,502,72,0,0,0.11373092389209116,31,0.12510989496364855,
9,ar1,1,3,503,72,0,0,0.41528489541009384,32,0.5106556649831153,
9,ar1,1,3,504,72,0,0,0.055629374785582164,32,0.2227450134112705,
9,ar1,1,3,505,72,0,0,0.106913882730312,32,0.9432937844724706,
9,ar1,1,3,506,72,0,0,0.006293863760008289,24,0.009151048856887556,
9,ar1,1,3,507,72,0,0,0.1951541341538362,30,0.4591431856570809,
9,ar1,1,3,508,72,0,0,0.09329405981083727,26,0.08460958400797725,
9,ar1,1,3,509,72,0,0,0.1582537127863437,32,0.7125514177050095,
9,ar1,1,3,510,72,0,0,0.0067022926136837135,23,0.00003093336232984356,
9,ar1,1,3,511,72,0,0,0.027605650632727685,23,0.3693937438755115,
9,ar1,1,3,512,72,0,0,0.5309513602203543,31,0.9292542718745976,
9,ar1,1,3,513,72,0,0,0.3652587787865691,29,0.01657201697391042,
9,ar1,1,3,514,72,0,0,0.2461015527083502,29,0.28203554519862895,
9,ar1,1,3,515,72,0,0,0.014875681874342073,22,0.000011901582874451755,
9,ar1,1,3,516,72,0,0,0.2795183548503377,32,0.4321501848989455,
9,ar1,1,3,517,72,0,0,0.2854145032798745,30,0.0038165508626462064,
9,ar1,1,3,518,72,0,0,0.2892407696324344,31,0.42731517369392613,
9,ar1,1,3,519,72,0,0,0.27245775019865703,32,0.39567787798936194,
9,ar1,1,3,520,72,0,0,0.21647331062389652,32,0.3916347917992997,
9,ar1,1,3,521,72,0,0,0.15691423952919015,26,0.09646574826615517,
9,ar1,1,3,522,72,0,0,0.04333581434212108,22,0.006720540942687703,
9,ar1,1,3,523,72,0,0,0.009469997397713814,21,0.2755673107770019,
9,ar1,1,3,524,72,0,0,0.14566551633827263,28,0.7509810986694934,
9,ar1,1,3,525,72,0,0,0.064147844172044,26,0.3799245819900108,
9,ar1,1,3,526,72,0,0,0.053475339602943595,29,0.0001300937036982086,
9,ar1,1,3,527,72,0,0,0.3602835160494049,30,0.27643885875311136,
9,ar1,1,3,528,72,0,0,0.047898972266217754,26,0.00036858872262379716,
9,ar1,1,3,529,72,0,0,0.17681166717219465,32,0.8696435424732942,
9,ar1,1,3,530,72,0,0,0.15889155225272866,29,0.7964613421010799,
9,ar1,1,3,531,72,0,0,0.02563923858911943,30,0.17655928859558212,
9,ar1,1,3,532,72,0,0,0.17706675272944716,23,0.010538156571397672,
9,ar1,1,3,533,72,0,0,0.506276409296361,32,0.4683235616245611,
9,ar1,1,3,534,72,0,0,0.20260285995057203,31,0.036193621180424795,
9,ar1,1,3,535,72,0,0,0.16950004539275665,32,0.20575815437591394,
9,ar1,1,3,536,72,0,0,0.045393442733193234,30,0.001818626813900881,
9,ar1,1,3,537,72,0,0,0.04800904770775616,31,0.5367162001190469,
9,ar1,1,3,538,72,0,0,0.13280162272830054,28,0.2927648498611868,
9,ar1,1,3,539,72,0,0,0.132532864251642,32,0.38799039135356606,
9,ar1,1,3,540,72,0,0,0.20224730452142015,26,0.0653731077668982,
9,ar1,1,3,541,72,0,0,0.2303595984992709,32,0.6055102780385895,
9,ar1,1,3,542,72,0,0,0.39343512431103456,32,0.09681179238518822,
9,ar1,1,3,543,72,0,0,0.017076260386196362,24,0.1116578456307118,
9,ar1,1,3,544,72,0,0,0.03750196878044276,20,0.04427563141648827,
9,ar1,1,3,545,72,0,0,0.054405401294053024,32,0.5704902626762949,
9,ar1,1,3,546,72,0,0,0.2019421539275561,32,0.012122534550694564,
9,ar1,1,3,547,72,0,0,0.28305062756629873,29,0.03559134980151035,
9,ar1,1,3,548,72,0,0,0.16717784582405215,32,0.536305575035824,
9,ar1,1,3,549,72,0,0,0.12307267986862969,30,0.3805363172861004,
9,ar1,1,3,550,72,0,0,0.14257195694639935,24,0.01127126496066877,
9,ar1,1,3,551,72,0,0,0.6946617099889352,32,0.2589667953442042,
9,ar1,1,3,552,72,0,0,0.2772247652882547,31,0.4529381927859595,
9,ar1,1,3,553,72,0,0,0.05036222390896372,25,0.07003249000964984,
9,ar1,1,3,554,72,0,0,0.1246904862510333,27,0.6549372972730148,
9,ar1,1,3,555,72,1,1,0.0018918816343006517,29,0.0009851653293369012,
9,ar1,1,3,556,72,0,0,0.18181573245755722,30,0.5261612030286467,
9,ar1,1,3,557,72,0,0,0.06201006412673227,26,0.22363750166505936,
9,ar1,1,3,558,72,0,0,0.20794526813835335,30,0.12305085802092197,
9,ar1,1,3,559,72,0,0,0.44775127436926065,32,0.0008200668326463489,
9,ar1,1,3,560,72,0,0,0.1302541635801826,30,0.11643823210840831,
9,ar1,1,3,561,72,0,0,0.11007562650513958,29,0.0744904996174085,
9,ar1,1,3,562,72,0,0,0.6099810652870075,32,0.5474893528115381,
9,ar1,1,3,563,72,0,0,0.05180217258229192,30,0.3287402563457499,
9,ar1,1,3,564,72,0,0,0.0715418764825394,30,0.2980606369371013,
9,ar1,1,3,565,72,0,0,0.15781359559418595,27,0.17307115267757966,
9,ar1,1,3,566,72,0,0,0.17670238420336593,27,0.08040369341453513,
9,ar1,1,3,567,72,0,0,0.0074888717269615546,21,0.00027006307183385925,
9,ar1,1,3,568,72,0,0,0.027004408729264906,31,0.11451433636921093,
9,ar1,1,3,569,72,0,0,0.12362069567459322,32,0.16380124269597907,
9,ar1,1,3,570,72,0,0,0.004311103212816247,21,0.07303301362361059,
9,ar1,1,3,571,72,0,0,0.1576557719525713,31,0.0010223037634935483,
9,ar1,1,3,572,72,0,0,0.3299706086449474,29,0.010392782561023495,
9,ar1,1,3,573,72,0,0,0.07637478186274027,27,0.16743600273754455,
9,ar1,1,3,574,72,0,0,0.048316716266442516,22,0.0008713618201471318,
9,ar1,1,3,575,72,0,0,0.18901620673811848,31,0.9345876668405905,
9,ar1,1,3,576,72,0,0,0.09860694117706226,32,0.4778397664105889,
9,ar1,1,3,577,72,0,0,0.08073237323592097,30,0.2391297843233844,
9,ar1,1,3,578,72,0,0,0.03130514655840666,25,0.25708382648897854,
9,ar1,1,3,579,72,0,0,0.4875702444942197,31,0.14969886312979153,
9,ar1,1,3,580,72,0,0,0.3560515045616848,32,0.0017385535245609818,
9,ar1,1,3,581,72,0,0,0.1917217374650385,23,0.15571893090208488,
9,ar1,1,3,582,72,0,0,0.049794116023578416,28,0.9387210278688567,
9,ar1,1,3,583,72,0,0,0.02078822750502385,18,0.3485426597631698,
9,ar1,1,3,584,72,0,0,0.2762020822519684,31,0.546815169488647,
9,ar1,1,3,585,72,0,0,0.550033474305998,30,0.1305255528849465,
9,ar1,1,3,586,72,0,0,0.16201423995934605,29,0.0033862015489777297,
9,ar1,1,3,587,72,0,0,0.4531998102125434,32,0.5474495687020595,
9,ar1,1,3,588,72,0,0,0.01622749191665107,27,0.0006690715928149293,
9,ar1,1,3,589,72,0,0,0.07711391009929947,31,0.6667164372160874,
9,ar1,1,3,590,72,0,0,0.027159081965015375,32,0.6453707147210975,
9,ar1,1,3,591,72,0,0,0.31118481767236916,31,0.2707542064470405,
9,ar1,1,3,592,72,0,0,0.06092155109660624,25,0.12636199759497946,
9,ar1,1,3,593,72,0,0,0.03615265045768179,27,0.0025791240641663826,
9,ar1,1,3,594,72,0,0,0.09071717719292316,25,0.01800255866144096,
9,ar1,1,3,595,72,0,0,0.04926983199856527,29,0.5200894719038976,
9,ar1,1,3,596,72,0,0,0.043798464344495636,24,0.8182360442367953,
9,ar1,1,3,597,72,0,0,0.07272382136710753,27,0.00017741738399135176,
9,ar1,1,3,598,72,0,0,0.1925037972860889,29,0.41476515950948145,
9,ar1,1,3,599,72,0,0,0.03918745153721548,28,0.3581718551432922,
9,ar1,1,3,600,72,0,0,0.11353800576030959,21,0.2991822051466113,
9,ar1,1,3,601,72,0,0,0.3699729882963094,30,0.07765956459025325,
9,ar1,1,3,602,72,0,0,0.30489995341021214,32,0.057483895267264384,
9,ar1,1,3,603,72,0,0,0.30218440482913833,31,0.09971940763099318,
9,ar1,1,3,604,72,0,0,0.08433679083234025,23,0.1731250866713786,
9,ar1,1,3,605,72,0,0,0.135834158394881,26,0.02357303944559408,
9,ar1,1,3,606,72,0,0,0.09683468076869484,24,0.002113307436306666,
9,ar1,1,3,607,72,0,0,0.2274442929216961,32,0.19882385058402252,
9,ar1,1,3,608,72,0,0,0.013592414794159846,31,0.5014473711765051,
9,ar1,1,3,609,72,0,0,0.2579322844443319,31,0.2061903530658098,
9,ar1,1,3,610,72,0,0,0.5305394323885038,32,0.133687363395938,
9,ar1,1,3,611,72,0,0,0.1677490439567505,29,0.03916921426758424,
9,ar1,1,3,612,72,0,0,0.011322288185668938,31,0.8309035672281526,
9,ar1,1,3,613,72,0,0,0.22690303105601173,29,0.14875593187422653,
9,ar1,1,3,614,72,0,0,0.038809046146598414,30,0.2257249146908007,
9,ar1,1,3,615,72,0,0,0.1275030366310279,31,0.6355865055694019,
9,ar1,1,3,616,72,0,0,0.813906327117929,32,0.10989743222700488,
9,ar1,1,3,617,72,0,0,0.12235363773718622,32,0.533628386658161,
9,ar1,1,3,618,72,0,0,0.04662187879703461,27,0.01869804038048084,
9,ar1,1,3,619,72,0,0,0.2638332320152956,32,0.45102703491683704,
9,ar1,1,3,620,72,0,0,0.08014329610808935,27,0.6775618041933982,
9,ar1,1,3,621,72,0,0,0.2672112649379782,30,0.052607387419074225,
9,ar1,1,3,622,72,0,0,0.13513999436479318,29,0.46252659594099965,
9,ar1,1,3,623,72,0,0,0.18148669496067205,32,0.8082299690089393,
9,ar1,1,3,624,72,0,0,0.07326388653706961,26,0.0012704787341267787,
9,ar1,1,3,625,72,0,0,0.11717784601759862,26,0.0012311836175906699,
9,ar1,1,3,626,72,0,0,0.006005673253659416,21,0.0074636108299002135,
9,ar1,1,3,627,72,0,0,0.21305676915108018,28,0.9083814299057347,
9,ar1,1,3,628,72,0,0,0.3039926959259326,27,0.09923674416698991,
9,ar1,1,3,629,72,0,0,0.03710540087477021,23,0.025040676147661034,
9,ar1,1,3,630,72,0,0,0.053979878513042534,25,0.010177270709786135,
9,ar1,1,3,631,72,0,0,0.19879379003666797,28,0.024451044413656975,
9,ar1,1,3,632,72,0,0,0.3757458686131474,32,0.0206990296132209,
9,ar1,1,3,633,72,0,0,0.25094906974391584,27,0.018832466173838047,
9,ar1,1,3,634,72,0,0,0.09286943795169611,30,0.17408889428422414,
9,ar1,1,3,635,72,0,0,0.20814929319444064,27,0.4437907197467764,
9,ar1,1,3,636,72,0,0,0.5545032944587894,32,0.57589857909188,
9,ar1,1,3,637,72,0,0,0.06430180589249623,32,0.9087491132960345,
9,ar1,1,3,638,72,0,0,0.12319461297702405,31,0.11413186336194758,
9,ar1,1,3,639,72,0,0,0.20044394703345692,25,0.24259496936529357,
9,ar1,1,3,640,72,0,0,0.07606365753504885,20,0.2270352175251107,
9,ar1,1,3,641,72,0,0,0.020593282982364514,30,0.2579914425365981,
9,ar1,1,3,642,72,0,0,0.026819112367342135,30,0.09592815629178908,
9,ar1,1,3,643,72,0,0,0.04140591403717819,32,0.8625373288965541,
9,ar1,1,3,644,72,0,0,0.19436329229379534,32,0.6218664754184082,
9,ar1,1,3,645,72,0,0,0.19262975090669676,29,0.3730185625665656,
9,ar1,1,3,646,72,0,0,0.08229288868322537,32,0.0529285593454103,
9,ar1,1,3,647,72,0,0,0.1399553875577222,23,0.4360661079985094,
9,ar1,1,3,648,72,0,0,0.019897989388130144,25,0.11055774613974145,
9,ar1,1,3,649,72,0,0,0.0560620240856885,27,0.9375804173353057,
9,ar1,1,3,650,72,0,0,0.004175707792613226,32,0.5012744485102316,
9,ar1,1,3,651,72,0,0,0.39934974950934055,28,0.6945934755682946,
9,ar1,1,3,652,72,0,0,0.32634639375695995,28,0.16840847018972083,
9,ar1,1,3,653,72,0,0,0.102498849018402,29,0.004037245503160203,
9,ar1,1,3,654,72,0,0,0.14055762266061422,23,0.013532909704762286,
9,ar1,1,3,655,72,0,0,0.06695673225180843,24,0.000030131831032509382,
9,ar1,1,3,656,72,0,0,0.3131618714794988,31,0.052997353851854334,
9,ar1,1,3,657,72,0,0,0.030343808581510867,25,0.6960688910218308,
9,ar1,1,3,658,72,0,0,0.2686018400122834,28,0.49939159108027464,
9,ar1,1,3,659,72,0,0,0.1608025869714087,32,0.3257843583036175,
9,ar1,1,3,660,72,0,0,0.04246194180161622,32,0.8462201120003814,
9,ar1,1,3,661,72,0,0,0.44329513157631395,32,0.24679726383682254,
9,ar1,1,3,662,72,0,0,0.02558767441904497,31,0.025393910664081698,
9,ar1,1,3,663,72,0,0,0.45485767405219146,32,0.3362070440535774,
9,ar1,1,3,664,72,0,0,0.05629892898659483,32,0.8820669853300166,
9,ar1,1,3,665,72,0,0,0.7304250541886679,32,0.1221156007767753,
9,ar1,1,3,666,72,0,0,0.021944001174745265,28,0.3056756633286598,
9,ar1,1,3,667,72,0,0,0.2241724568210537,32,0.012174074585926675,
9,ar1,1,3,668,72,0,0,0.42276923312825154,30,0.3289701249456798,
9,ar1,1,3,669,72,0,0,0.3763480399817126,32,0.0005892615534716095,
9,ar1,1,3,670,72,0,0,0.1369904234841094,32,0.07382919488893458,
9,ar1,1,3,671,72,0,0,0.8530715802356794,31,0.2209371301154338,
9,ar1,1,3,672,72,0,0,0.18176545917105746,28,0.8110696556504718,
9,ar1,1,3,673,72,0,0,0.14868348914226293,31,0.16328872906680036,
9,ar1,1,3,674,72,0,0,0.21342679005197274,29,0.2949279626886956,
9,ar1,1,3,675,72,0,1,0.06651349327737188,32,0.6277528947409883,
9,ar1,1,3,676,72,0,0,0.13116727130263905,28,0.03522501733185357,
9,ar1,1,3,677,72,0,0,0.09264590384598992,26,0.5436072959830833,
9,ar1,1,3,678,72,0,0,0.23855277980514744,32,0.09795205389100159,
9,ar1,1,3,679,72,0,0,0.7809222884848318,32,0.18931765218181462,
9,ar1,1,3,680,72,0,0,0.37285749935425305,30,0.018503522791722737,
9,ar1,1,3,681,72,0,0,0.336836591740572,32,0.8269310503878842,
9,ar1,1,3,682,72,0,0,0.31919417392502236,31,0.47992853661938006,
9,ar1,1,3,683,72,0,0,0.5867235942363069,32,0.007596182540345442,
9,ar1,1,3,684,72,0,0,0.04054883621175864,28,0.000025107698993775962,
9,ar1,1,3,685,72,0,0,0.598870179999088,27,0.26451993187452083,
9,ar1,1,3,686,72,0,0,0.0316738946547912,29,0.9140197230884946,
9,ar1,1,3,687,72,0,0,0.08799214646943088,26,0.8364950312334989,
9,ar1,1,3,688,72,0,0,0.13913630654911457,27,0.41419802874255507,
9,ar1,1,3,689,72,0,0,0.10805742385647499,32,0.07815768286993174,
9,ar1,1,3,690,72,0,0,0.5518459584647969,32,0.636411872753905,
9,ar1,1,3,691,72,0,0,0.10946693595284573,28,0.16382767133027631,
9,ar1,1,3,692,72,0,0,0.04385450306827832,28,0.08791220483810058,
9,ar1,1,3,693,72,0,0,0.016878646254882446,19,0.6669220261115496,
9,ar1,1,3,694,72,0,0,0.027286767848458737,31,0.0008595152157719887,
9,ar1,1,3,695,72,0,0,0.2654200407261569,30,0.017024441222228903,
9,ar1,1,3,696,72,0,0,0.4168434445216257,32,0.8568149268750452,
9,ar1,1,3,697,72,0,0,0.11938459393103595,32,0.6047592070557319,
9,ar1,1,3,698,72,0,0,0.06554655166537249,27,0.07017229962877314,
9,ar1,1,3,699,72,0,0,0.12113600976412076,31,0.001482483622925579,
9,ar1,1,3,700,72,0,0,0.07172572789578135,26,0.5305640941570133,
9,ar1,1,3,701,72,0,0,0.45718996265075074,32,0.005065279222696839,
9,ar1,1,3,702,72,0,0,0.0045986668255186824,19,0.16240897765190632,
9,ar1,1,3,703,72,0,0,0.21789934846339576,32,0.07266217556331611,
9,ar1,1,3,704,72,0,0,0.07690128409734198,29,0.7048295681224422,
9,ar1,1,3,705,72,0,0,0.20431253351434076,32,0.1088337002125046,
9,ar1,1,3,706,72,0,0,0.39094353154365113,32,0.04814431364038296,
9,ar1,1,3,707,72,0,0,0.02673234234723798,25,0.019947554192183192,
9,ar1,1,3,708,72,0,0,0.3277956654130769,29,0.2611214573702356,
9,ar1,1,3,709,72,0,0,0.21362204098189141,30,0.7912622067154058,
9,ar1,1,3,710,72,0,0,0.0702542789884042,32,0.00021320607778119172,
9,ar1,1,3,711,72,0,0,0.15965810662680335,30,0.9638023039833625,
9,ar1,1,3,712,72,0,0,0.007951169088335597,30,0.005023535342753016,
9,ar1,1,3,713,72,0,0,0.2868289473704857,32,0.08334725103809437,
9,ar1,1,3,714,72,0,0,0.09705414347953634,27,0.007250245833012703,
9,ar1,1,3,715,72,0,0,0.21752783027267375,30,0.2552007936073959,
9,ar1,1,3,716,72,0,0,0.3064994759761912,32,0.01030601894263461,
9,ar1,1,3,717,72,0,0,0.02769637431398886,21,0.025768506647271705,
9,ar1,1,3,718,72,0,0,0.14501905965229056,24,0.000046597707276663236,
9,ar1,1,3,719,72,0,0,0.1082787132650952,23,0.001313463031457962,
9,ar1,1,3,720,72,0,0,0.08200768062101971,28,0.007235322970815972,
9,ar1,1,3,721,72,0,0,0.1601006914833114,32,0.03522385011788132,
9,ar1,1,3,722,72,0,0,0.011649194939684193,25,0.06751751634908265,
9,ar1,1,3,723,72,0,0,0.4012423230148243,31,0.794468463444842,
9,ar1,1,3,724,72,0,0,0.09565278299478952,30,0.04992284405462555,
9,ar1,1,3,725,72,0,0,0.06793600712526227,23,0.10676731144400864,
9,ar1,1,3,726,72,0,0,0.1251860108740941,32,0.8755546417360579,
9,ar1,1,3,727,72,0,0,0.5904157397982179,29,0.05255382406300124,
9,ar1,1,3,728,72,0,0,0.005079924491753207,20,0.17482777904448343,
9,ar1,1,3,729,72,0,0,0.10886008434132588,30,0.1979103159736808,
9,ar1,1,3,730,72,0,0,0.044322343292506505,32,0.23026931215616875,
9,ar1,1,3,731,72,0,0,0.424493076073996,31,0.10662835241063773,
9,ar1,1,3,732,72,0,0,0.10799142963133912,30,0.004274119236726492,
9,ar1,1,3,733,72,0,0,0.3438193165118357,31,0.233572860470747,
9,ar1,1,3,734,72,0,0,0.19287679048554596,29,0.31458199709024437,
9,ar1,1,3,735,72,0,0,0.14066153497884826,28,0.0014586651610821733,
9,ar1,1,3,736,72,0,0,0.26726664920138743,32,0.8053998316539602,
9,ar1,1,3,737,72,0,0,0.0677870015932227,31,0.2937714575422039,
9,ar1,1,3,738,72,0,0,0.11815344862048127,22,0.009072903601497817,
9,ar1,1,3,739,72,0,0,0.30405195569791177,24,0.040233428766898616,
9,ar1,1,3,740,72,0,0,0.5488739104085857,32,0.26666000097016695,
9,ar1,1,3,741,72,0,0,0.17781272186965813,32,0.7978619249138548,
9,ar1,1,3,742,72,0,0,0.08392439491560333,32,0.09103810914946042,
9,ar1,1,3,743,72,0,0,0.010987565230206275,31,0.21001205418411995,
9,ar1,1,3,744,72,0,0,0.11680969754720527,26,0.029198841627696925,
9,ar1,1,3,745,72,0,0,0.5022774676728058,28,0.5356536306336532,
9,ar1,1,3,746,72,0,0,0.1774345352782719,32,0.010003033987416976,
9,ar1,1,3,747,72,0,0,0.02861445869609247,29,0.003322766863933846,
9,ar1,1,3,748,72,0,0,0.06487278774640415,27,0.2890876861714695,
9,ar1,1,3,749,72,0,0,0.007839835445360044,32,0.1643745792472262,
9,ar1,1,3,750,72,0,0,0.3768142610317562,32,0.9427472754325474,
9,ar1,1,3,751,72,0,0,0.3801355172879959,32,0.048926890923528865,
9,ar1,1,3,752,72,0,0,0.01812281801766702,20,0.3385732588747449,
9,ar1,1,3,753,72,0,0,0.06179221824806591,26,0.27727104786776735,
9,ar1,1,3,754,72,0,0,0.10092365971499384,31,0.1240872451070909,
9,ar1,1,3,755,72,0,0,0.44217577809734965,32,0.07108872620570372,
9,ar1,1,3,756,72,0,0,0.020536534798875516,25,0.0000015486277373799595,
9,ar1,1,3,757,72,0,0,0.07381479080973019,31,0.3907777289998857,
9,ar1,1,3,758,72,0,0,0.3870302744188572,32,0.18539705891012193,
9,ar1,1,3,759,72,0,0,0.1190573715260762,32,0.25697861705057234,
9,ar1,1,3,760,72,0,0,0.01824787033193709,21,0.00028992084673828966,
9,ar1,1,3,761,72,0,0,0.2775656642009694,30,0.056995421007002056,
9,ar1,1,3,762,72,0,0,0.2781677280425503,32,0.009300268467852368,
9,ar1,1,3,763,72,0,0,0.1517501732718478,27,0.01958419807209799,
9,ar1,1,3,764,72,0,0,0.028993502953091888,23,0.0018873999343901326,
9,ar1,1,3,765,72,0,0,0.5157314035661754,32,0.3142118852866538,
9,ar1,1,3,766,72,0,0,0.04552662007444985,31,0.04424649714809015,
9,ar1,1,3,767,72,0,0,0.0936011940778273,30,0.05408077665917854,
9,ar1,1,3,768,72,0,0,0.03483697795970153,28,0.009967088094370524,
9,ar1,1,3,769,72,0,0,0.3894485239754051,32,0.262136406200964,
9,ar1,1,3,770,72,0,0,0.045367401698148235,32,0.0013986456036035877,
9,ar1,1,3,771,72,0,0,0.005825681335087429,23,0.00003176486831335534,
9,ar1,1,3,772,72,0,0,0.03371172098766395,31,0.2350173801072084,
9,ar1,1,3,773,72,0,0,0.34755949166826716,30,0.008150181747453855,
9,ar1,1,3,774,72,0,0,0.008185807252610533,23,0.006847849998867339,
9,ar1,1,3,775,72,0,0,0.0828215876191365,23,0.000010687113180418706,
9,ar1,1,3,776,72,0,0,0.11284555455982026,28,0.1290508621042813,
9,ar1,1,3,777,72,0,0,0.14331946093540981,25,0.02024649107580867,
9,ar1,1,3,778,72,0,0,0.2942120472147376,32,0.36461117234024576,
9,ar1,1,3,779,72,0,0,0.16189339464095975,28,0.031360457105616635,
9,ar1,1,3,780,72,0,0,0.052831944141210174,18,0.7894529537370445,
9,ar1,1,3,781,72,0,0,0.3689296741923427,32,0.2727153023759483,
9,ar1,1,3,782,72,0,0,0.05239197886053948,27,0.0027328319673863843,
9,ar1,1,3,783,72,0,0,0.32492281580854954,29,0.3804289976235402,
9,ar1,1,3,784,72,0,0,0.020685662794793447,27,0.0009990098201732023,
9,ar1,1,3,785,72,0,0,0.0415098118566517,24,0.00001547421081471434,
9,ar1,1,3,786,72,0,0,0.06754698921244018,23,0.260058072624595,
9,ar1,1,3,787,72,0,0,0.29256760683041194,31,0.3577912820681086,
9,ar1,1,3,788,72,0,0,0.359608049011809,32,0.03219228582150646,
9,ar1,1,3,789,72,0,0,0.3829888768074299,32,0.020696526191598785,
9,ar1,1,3,790,72,0,0,0.12174274540834196,32,0.42305960719306324,
9,ar1,1,3,791,72,0,0,0.08590777816277873,32,0.01688926382835776,
9,ar1,1,3,792,72,0,0,0.297955999077945,32,0.5225454960942024,
9,ar1,1,3,793,72,0,0,0.34306973795582196,31,0.09714712539364767,
9,ar1,1,3,794,72,0,0,0.16551217094034554,31,0.254394693084921,
9,ar1,1,3,795,72,0,0,0.02179205888900715,21,0.0008399869641630975,
9,ar1,1,3,796,72,0,0,0.3513876968387839,29,0.9586388914706321,
9,ar1,1,3,797,72,0,0,0.3750287539231445,30,0.7089530812224915,
9,ar1,1,3,798,72,0,0,0.09604391107293975,28,0.003295816680947805,
9,ar1,1,3,799,72,0,0,0.10944190305480794,24,0.04734162544837017,
9,ar1,1,3,800,72,0,0,0.18730631268596276,26,0.06003606749027868,
9,ar1,1,3,801,72,0,0,0.5240853981258864,31,0.430836288460009,
9,ar1,1,3,802,72,0,0,0.0075297339159180465,27,0.1749877064752834,
9,ar1,1,3,803,72,0,0,0.03302249676856239,29,0.37375883916412067,
9,ar1,1,3,804,72,0,0,0.39780273541560063,32,0.30985880681712896,
9,ar1,1,3,805,72,0,0,0.07860618114640949,29,0.0015383377981850188,
9,ar1,1,3,806,72,0,0,0.08463224606023934,28,0.00005417087452896929,
9,ar1,1,3,807,72,0,0,0.12798266252135437,29,0.8025678757270781,
9,ar1,1,3,808,72,0,0,0.2622463733362099,28,0.9551443408934858,
9,ar1,1,3,809,72,0,0,0.09762705512598158,31,0.044954788498491105,
9,ar1,1,3,810,72,0,0,0.043706429979748496,25,0.004089560285859051,
9,ar1,1,3,811,72,0,0,0.30787148103032436,31,0.919785925541281,
9,ar1,1,3,812,72,0,0,0.25002734540211136,29,0.9356815228294256,
9,ar1,1,3,813,72,0,0,0.09806026936636403,26,0.0008798972319461473,
9,ar1,1,3,814,72,0,0,0.014533828674345273,32,0.8259318181194458,
9,ar1,1,3,815,72,0,0,0.03129434166897882,26,0.000007121611082627766,
9,ar1,1,3,816,72,0,0,0.1985081460278615,29,0.02657476290219274,
9,ar1,1,3,817,72,0,0,0.36794258253409073,32,0.1554082692711316,
9,ar1,1,3,818,72,0,0,0.22876114966919436,31,0.1966259675140215,
9,ar1,1,3,819,72,0,0,0.7133150404608959,31,0.26943368018754643,
9,ar1,1,3,820,72,0,0,0.3071969076012143,32,0.7793057874285458,
9,ar1,1,3,821,72,0,0,0.06604343945018576,29,0.2908487478090144,
9,ar1,1,3,822,72,0,0,0.28463997463363744,30,0.9956046385862737,
9,ar1,1,3,823,72,0,0,0.062342374734921435,26,0.1578129287647686,
9,ar1,1,3,824,72,0,0,0.16936366710665918,30,0.6592762208986994,
9,ar1,1,3,825,72,0,0,0.20523776242654335,28,0.5613956680703397,
9,ar1,1,3,826,72,0,0,0.028425986566621653,26,0.000002584053154119914,
9,ar1,1,3,827,72,0,0,0.2545988443750512,32,0.020150104644802935,
9,ar1,1,3,828,72,0,0,0.055256688970266477,24,0.08746923319290434,
9,ar1,1,3,829,72,0,0,0.15291527821751294,32,0.0052560279350709616,
9,ar1,1,3,830,72,0,0,0.1741273963189951,29,0.6072747405108534,
9,ar1,1,3,831,72,0,0,0.25985888664178414,32,0.848689391953326,
9,ar1,1,3,832,72,0,0,0.046197854838239016,31,0.0012613006930499715,
9,ar1,1,3,833,72,0,0,0.3706352997208624,30,0.17406334921803268,
9,ar1,1,3,834,72,0,0,0.22540524120999939,31,0.014503853948910184,
9,ar1,1,3,835,72,0,0,0.016122360071992636,27,0.00000924389541179238,
9,ar1,1,3,836,72,0,0,0.2636037703848637,28,0.5710174389241192,
9,ar1,1,3,837,72,0,0,0.09348504473826424,24,0.013977887138326484,
9,ar1,1,3,838,72,0,0,0.1339321206164401,32,0.8421653750422514,
9,ar1,1,3,839,72,0,0,0.17407509552319,27,0.9694547452203669,
9,ar1,1,3,840,72,0,0,0.7498287170363642,31,0.053880231384453525,
9,ar1,1,3,841,72,0,0,0.062316556925967714,30,0.000050757398558975986,
9,ar1,1,3,842,72,0,0,0.2564703601482865,27,0.05540421508682969,
9,ar1,1,3,843,72,0,0,0.4967657134856124,31,0.18645193307753805,
9,ar1,1,3,844,72,0,0,0.07300670564160205,28,0.2681037547479477,
9,ar1,1,3,845,72,0,0,0.011866343458819983,27,0.00012804888684847526,
9,ar1,1,3,846,72,0,0,0.011201663284578611,21,0.0642178080816953,
9,ar1,1,3,847,72,0,0,0.3041140631731527,29,0.8717265576958785,
9,ar1,1,3,848,72,0,0,0.5799917591432329,32,0.0029484029810182832,
9,ar1,1,3,849,72,0,0,0.14275271622707886,26,0.007184116583987765,
9,ar1,1,3,850,72,0,0,0.012370919590496077,26,0.00732682876483981,
9,ar1,1,3,851,72,0,0,0.3679365044808649,32,0.00042717078551168797,
9,ar1,1,3,852,72,0,0,0.21055323779654522,32,0.009052429616293711,
9,ar1,1,3,853,72,0,0,0.16807382365441215,29,0.10113929901355467,
9,ar1,1,3,854,72,0,0,0.2215324396291467,29,0.06452477246791233,
9,ar1,1,3,855,72,0,0,0.6649276854991457,28,0.11075967347123472,
9,ar1,1,3,856,72,0,0,0.12960347452291932,28,0.8452430177483804,
9,ar1,1,3,857,72,0,0,0.060577289320409955,29,0.05933107703136786,
9,ar1,1,3,858,72,0,0,0.026683455281862445,28,0.0018438825985899188,
9,ar1,1,3,859,72,0,0,0.3561167682891948,31,0.4252110582874904,
9,ar1,1,3,860,72,0,0,0.007563013960492748,23,0.0728948358230852,
9,ar1,1,3,861,72,0,0,0.2379735188970693,32,0.2343645561083334,
9,ar1,1,3,862,72,0,0,0.026513348807644,25,0.013253152586185313,
9,ar1,1,3,863,72,0,0,0.05290635757407225,30,0.07975531611239384,
9,ar1,1,3,864,72,0,0,0.17017959420461004,28,0.09860507475285107,
9,ar1,1,3,865,72,0,0,0.3384822122538169,29,0.6806571878789107,
9,ar1,1,3,866,72,0,0,0.3398271152956618,30,0.33736262148123886,
9,ar1,1,3,867,72,0,0,0.019924107492775067,25,0.4809599039484067,
9,ar1,1,3,868,72,0,0,0.10995319150994454,26,0.010171169417270032,
9,ar1,1,3,869,72,0,0,0.13962043439129157,32,0.015142903311957001,
9,ar1,1,3,870,72,0,0,0.19160974380933782,32,0.24973500079276834,
9,ar1,1,3,871,72,0,0,0.6663869647234542,30,0.18227111531478468,
9,ar1,1,3,872,72,0,0,0.1542702111849279,32,0.2392625328788559,
9,ar1,1,3,873,72,0,0,0.1510857726672249,32,0.6085008940485253,
9,ar1,1,3,874,72,0,0,0.01457815219998937,20,0.08955046872947181,
9,ar1,1,3,875,72,0,0,0.14016033457764254,32,0.07437045580231694,
9,ar1,1,3,876,72,0,0,0.46454809905822836,27,0.005031437996337984,
9,ar1,1,3,877,72,0,0,0.09133347360102018,32,0.03225746882268843,
9,ar1,1,3,878,72,0,0,0.31219311590471754,30,0.06208624882059344,
9,ar1,1,3,879,72,0,0,0.02909202112100784,26,4.2209599304676715e-7,
9,ar1,1,3,880,72,0,0,0.1109172584012248,30,0.03366759167833311,
9,ar1,1,3,881,72,0,0,0.13582495730266053,24,0.03489219965724644,
9,ar1,1,3,882,72,0,0,0.028884178213395395,30,0.6911511956397441,
9,ar1,1,3,883,72,0,0,0.16057843898277901,24,0.45436338971204315,
9,ar1,1,3,884,72,0,0,0.3616438976031391,29,0.2329943646154512,
9,ar1,1,3,885,72,0,0,0.1990654017962411,30,0.008201943112217336,
9,ar1,1,3,886,72,0,0,0.17122398144423223,32,0.9562384958458998,
9,ar1,1,3,887,72,0,0,0.24728698708804453,32,0.06691373117192789,
9,ar1,1,3,888,72,0,0,0.02688643093661436,24,0.0003891925699256449,
9,ar1,1,3,889,72,0,0,0.039406608983299396,29,0.6654139413332479,
9,ar1,1,3,890,72,0,0,0.018845640330721003,19,0.2771015241889445,
9,ar1,1,3,891,72,0,0,0.4263638304719384,30,0.24519377608071213,
9,ar1,1,3,892,72,0,0,0.21408707297185592,30,0.2947664093117076,
9,ar1,1,3,893,72,0,0,0.44743312796747725,32,0.04125756461995378,
9,ar1,1,3,894,72,0,0,0.16746039654383482,32,0.7257201701073853,
9,ar1,1,3,895,72,0,0,0.07540726601050174,31,0.1472603449488199,
9,ar1,1,3,896,72,0,0,0.19698811056874432,27,0.30167278823105903,
9,ar1,1,3,897,72,0,0,0.47143875437405114,28,0.028742875938937762,
9,ar1,1,3,898,72,0,0,0.41041890260784397,32,0.6828948454749763,
9,ar1,1,3,899,72,0,0,0.0252028030286916,26,0.012879416385558673,
9,ar1,1,3,900,72,0,0,0.02526391991340926,21,0.14126317895333007,
9,ar1,1,3,901,72,0,0,0.05015420089893896,32,0.12470047069017565,
9,ar1,1,3,902,72,0,0,0.08650177007460769,20,0.015800541296989934,
9,ar1,1,3,903,72,0,0,0.3864241548146504,32,0.9176469456544429,
9,ar1,1,3,904,72,0,0,0.11672798964786102,24,0.305358546591317,
9,ar1,1,3,905,72,0,0,0.022024406267462715,28,0.025242587509384684,
9,ar1,1,3,906,72,0,0,0.0730803554544559,32,0.9121768494462429,
9,ar1,1,3,907,72,0,0,0.15727218406765353,28,0.4011853705209011,
9,ar1,1,3,908,72,0,0,0.28563837751661936,28,0.4879286403314801,
9,ar1,1,3,909,72,0,0,0.15416004429433494,31,0.21327437796091986,
9,ar1,1,3,910,72,0,0,0.054808085716012034,32,0.9363905730695404,
9,ar1,1,3,911,72,0,0,0.026582262809699664,29,0.02859758894628961,
9,ar1,1,3,912,72,0,0,0.48400104181814374,32,0.1506311554359906,
9,ar1,1,3,913,72,0,0,0.025962613853322325,25,0.00465083274182998,
9,ar1,1,3,914,72,0,0,0.13667704355645882,31,0.40403259457978646,
9,ar1,1,3,915,72,0,0,0.3325604582698469,21,0.3048312927045529,
9,ar1,1,3,916,72,0,0,0.21443758432563054,31,0.007052137312006601,
9,ar1,1,3,917,72,0,0,0.13404819454813766,32,0.025808237958962477,
9,ar1,1,3,918,72,0,0,0.03128055512578021,32,0.806289895538495,
9,ar1,1,3,919,72,0,0,0.21366160872019302,32,0.9931541210517039,
9,ar1,1,3,920,72,0,0,0.08524434804298886,31,0.12638073560389973,
9,ar1,1,3,921,72,0,0,0.20306078174689934,32,0.007721954238581574,
9,ar1,1,3,922,72,0,0,0.03467081436456576,29,0.0058297568714696935,
9,ar1,1,3,923,72,0,0,0.11452700706072938,32,0.33482214420466494,
9,ar1,1,3,924,72,0,0,0.18268235473255878,32,0.06890015865348753,
9,ar1,1,3,925,72,0,0,0.0070280771895963046,19,0.3619623071015441,
9,ar1,1,3,926,72,0,0,0.02717848337871731,26,0.14141117710019602,
9,ar1,1,3,927,72,0,0,0.005325177602854114,30,0.9881496800637009,
9,ar1,1,3,928,72,0,0,0.12567654723737653,30,0.020296692665022653,
9,ar1,1,3,929,72,0,0,0.03949661202057442,30,0.8849557796336842,
9,ar1,1,3,930,72,0,0,0.0434568107830825,22,0.000618327108396266,
9,ar1,1,3,931,72,0,0,0.27230075739748905,32,0.7799751689115337,
9,ar1,1,3,932,72,0,0,0.31755828380101647,27,0.6661895962257119,
9,ar1,1,3,933,72,0,0,0.30464898420940023,31,0.40238886952772146,
9,ar1,1,3,934,72,0,0,0.5621044334533306,32,0.20397488124785312,
9,ar1,1,3,935,72,0,0,0.23484092205297702,32,0.06353773721801081,
9,ar1,1,3,936,72,0,0,0.13733415749194045,32,0.09093923144028038,
9,ar1,1,3,937,72,0,0,0.007635281219903423,26,0.000024721634525715075,
9,ar1,1,3,938,72,0,0,0.11685220340745806,32,0.8074689647030708,
9,ar1,1,3,939,72,0,0,0.3291949260664544,32,0.5547894393857824,
9,ar1,1,3,940,72,0,0,0.18240658120331377,32,0.24193890360543535,
9,ar1,1,3,941,72,0,0,0.14757959098981654,29,0.9096868174332794,
9,ar1,1,3,942,72,0,0,0.17337772035585797,29,0.4986977676794718,
9,ar1,1,3,943,72,0,0,0.44422766780926215,30,0.20192988265425038,
9,ar1,1,3,944,72,0,0,0.10953554315583425,32,0.01811230117229179,
9,ar1,1,3,945,72,0,0,0.03250237320344762,25,0.04248464740868774,
9,ar1,1,3,946,72,0,0,0.027553987019247828,24,9.725391660886373e-7,
9,ar1,1,3,947,72,0,0,0.15461324612448668,32,0.9842620332735519,
9,ar1,1,3,948,72,0,0,0.2551214286556698,31,0.05269559403441726,
9,ar1,1,3,949,72,0,0,0.023903457575178644,19,0.05831345118210951,
9,ar1,1,3,950,72,0,0,0.1915167475533487,31,0.2124673784153146,
9,ar1,1,3,951,72,0,0,0.11222482183710036,29,0.011613644171274307,
9,ar1,1,3,952,72,0,0,0.12549486789286735,30,0.3381894329470896,
9,ar1,1,3,953,72,0,0,0.12879572494556268,22,0.00041135863081998014,
9,ar1,1,3,954,72,0,0,0.19000335854916306,26,0.018283458830803512,
9,ar1,1,3,955,72,0,0,0.20001759639026895,23,0.0004084620967821362,
9,ar1,1,3,956,72,0,0,0.06263561953245911,23,0.007503454077452454,
9,ar1,1,3,957,72,0,0,0.11051057050177882,30,0.00002144436042605946,
9,ar1,1,3,958,72,0,0,0.19706008556064436,32,0.46835438578620137,
9,ar1,1,3,959,72,0,0,0.18848980735613152,31,0.29263200037493764,
9,ar1,1,3,960,72,0,0,0.1581620472204377,22,0.007954363227635208,
9,ar1,1,3,961,72,0,0,0.6044588223214166,28,0.21887817600069182,
9,ar1,1,3,962,72,0,0,0.2203428911017461,32,0.6378674598037505,
9,ar1,1,3,963,72,0,0,0.03805324830048673,24,0.007503396633255499,
9,ar1,1,3,964,72,0,0,0.311153369143778,30,0.019900230744520853,
9,ar1,1,3,965,72,0,0,0.04353931567631497,19,0.48992375358035656,
9,ar1,1,3,966,72,0,0,0.08110090452656704,29,0.9816666207083249,
9,ar1,1,3,967,72,0,0,0.2016360494225229,32,0.04400640472650352,
9,ar1,1,3,968,72,0,0,0.1260087715205529,30,0.393189790107229,
9,ar1,1,3,969,72,0,0,0.2518050260787099,29,0.20729902262201572,
9,ar1,1,3,970,72,0,0,0.10298666853539462,30,0.08991388442202308,
9,ar1,1,3,971,72,0,0,0.26402177437861674,32,0.08339942322312854,
9,ar1,1,3,972,72,0,0,0.2501802119457637,32,0.5505237978843844,
9,ar1,1,3,973,72,0,0,0.12036011796566504,27,0.05197684393795843,
9,ar1,1,3,974,72,0,0,0.25064917358259864,25,0.06528010190710776,
9,ar1,1,3,975,72,0,0,0.03005074249579187,30,0.1941703151448808,
9,ar1,1,3,976,72,0,0,0.01610053994926508,32,0.08613715938475841,
9,ar1,1,3,977,72,0,0,0.12635828610583966,30,0.07783561455243626,
9,ar1,1,3,978,72,0,0,0.09595899017654752,32,0.5972352641397695,
9,ar1,1,3,979,72,0,0,0.029403911235491687,22,0.2775393324650728,
9,ar1,1,3,980,72,0,0,0.04305537141330362,23,0.000023217283454113335,
9,ar1,1,3,981,72,0,0,0.016891937236948595,20,0.005832090219928032,
9,ar1,1,3,982,72,0,0,0.32358807118584276,32,0.837449627697437,
9,ar1,1,3,983,72,0,0,0.03555036249076737,22,0.0005165440278653843,
9,ar1,1,3,984,72,0,0,0.2562811460859725,29,0.46853114805111207,
9,ar1,1,3,985,72,0,0,0.5077048821093132,25,0.09068914829554597,
9,ar1,1,3,986,72,0,0,0.5424019026961364,32,0.40177078335453154,
9,ar1,1,3,987,72,0,0,0.05144367482482781,32,0.0823301857324672,
9,ar1,1,3,988,72,0,0,0.09629076737572051,27,0.18816907103761693,
9,ar1,1,3,989,72,0,0,0.02505066620701435,24,0.0007303117532445613,
9,ar1,1,3,990,72,0,0,0.17454611694029576,28,0.5475361564014973,
9,ar1,1,3,991,72,0,0,0.5072724882917446,29,0.7305025121877646,
9,ar1,1,3,992,72,0,0,0.052813539991277136,30,0.7527245733006538,
9,ar1,1,3,993,72,0,0,0.0791863793499239,31,0.15439839349843787,
9,ar1,1,3,994,72,0,0,0.019774688842817745,22,0.008089772087362945,
9,ar1,1,3,995,72,0,0,0.25709797354361696,28,0.6983874932676709,
9,ar1,1,3,996,72,0,0,0.2034017141554737,32,0.2335739187982483,
9,ar1,1,3,997,72,0,0,0.0072954958883331145,23,0.11561445955471794,
9,ar1,1,3,998,72,0,0,0.006132312374926618,23,0.00048383588801614863,
9,ar1,1,3,999,72,0,0,0.2754972759188252,29,0.0017511189700283314,
