cell,noise,dt,days,rep,n,CHI_sigPeak,CHI_sigAny,CHI_pPeak,CHI_peak,COS24_p,SURR_p
2,white,0.25,14,0,1344,0,0,0.03593990518082002,28.75,0.1283649757169537,
2,white,0.25,14,1,1344,0,0,0.060160043483728165,31.75,0.7883735019588093,
2,white,0.25,14,2,1344,0,0,0.085484257058696,31.75,0.7696861051284809,
2,white,0.25,14,3,1344,0,0,0.02899186158427236,29.25,0.5436365146377675,
2,white,0.25,14,4,1344,0,0,0.028140998278683993,31.25,0.10264343617687888,
2,white,0.25,14,5,1344,0,0,0.056651177218955406,30.5,0.6783040991725168,
2,white,0.25,14,6,1344,0,0,0.07487070014632391,31,0.7002737194412911,
2,white,0.25,14,7,1344,0,0,0.06228901394031683,30.25,0.5056621129899946,
2,white,0.25,14,8,1344,0,0,0.03551143478881924,31.25,0.7238463380983898,
2,white,0.25,14,9,1344,0,0,0.010619533856898067,31.5,0.9694823629623998,
2,white,0.25,14,10,1344,0,0,0.14136208035029352,32,0.4096334323867453,
2,white,0.25,14,11,1344,0,0,0.08560589589548473,31.5,0.41131598405807457,
2,white,0.25,14,12,1344,0,0,0.00350244960456203,29.5,0.8805891147273603,
2,white,0.25,14,13,1344,0,0,0.10758924206297926,31.25,0.9278482403775679,
2,white,0.25,14,14,1344,0,0,0.02301396613430351,31.75,0.7985150121532494,
2,white,0.25,14,15,1344,0,0,0.17309115406258868,32,0.9013270290449207,
2,white,0.25,14,16,1344,1,1,0.0001908344774248505,31.5,0.8724188288675988,
2,white,0.25,14,17,1344,0,0,0.038013972524402306,30,0.4107405340218586,
2,white,0.25,14,18,1344,0,0,0.03139178611379101,29.75,0.5433519023031831,
2,white,0.25,14,19,1344,0,0,0.08068830590422527,30,0.6648012486421102,
2,white,0.25,14,20,1344,0,0,0.006731800835097501,31.5,0.47109766609374093,
2,white,0.25,14,21,1344,0,0,0.08255114575520861,31.5,0.10793111821259616,
2,white,0.25,14,22,1344,0,0,0.12457302457830721,31.5,0.29107821173088555,
2,white,0.25,14,23,1344,0,0,0.005717493577201638,27.5,0.7753857465978548,
2,white,0.25,14,24,1344,0,0,0.005482153990096328,30.5,0.8096277277850614,
2,white,0.25,14,25,1344,0,1,0.012527208181488336,31,0.1805344352028624,
2,white,0.25,14,26,1344,0,0,0.06706019654780138,29.25,0.09509448442446755,
2,white,0.25,14,27,1344,0,0,0.01179130321262467,27.5,0.6841193212484062,
2,white,0.25,14,28,1344,0,0,0.02159432090023461,28.75,0.35635399169855975,
2,white,0.25,14,29,1344,0,0,0.11146200922729943,31,0.8920446290528881,
2,white,0.25,14,30,1344,0,0,0.003922406334075701,26.5,0.12296643995918188,
2,white,0.25,14,31,1344,0,0,0.09642056517779296,30.25,0.9198592424026084,
2,white,0.25,14,32,1344,0,0,0.2818858403144997,31,0.21228671146452438,
2,white,0.25,14,33,1344,0,0,0.028354327489164444,29.75,0.2177781863063053,
2,white,0.25,14,34,1344,0,0,0.12544850643521133,32,0.4787349838737075,
2,white,0.25,14,35,1344,0,0,0.003944218628862184,27.75,0.5813658763905651,
2,white,0.25,14,36,1344,0,0,0.09005815320584676,29,0.21475466264420262,
2,white,0.25,14,37,1344,0,0,0.01611913662007136,30.75,0.3368443247906021,
2,white,0.25,14,38,1344,0,0,0.19803609874690986,31.5,0.12055710324230218,
2,white,0.25,14,39,1344,0,0,0.002160097003430672,31.25,0.7719783973503976,
2,white,0.25,14,40,1344,0,0,0.08352815292535465,31.75,0.6209471823087138,
2,white,0.25,14,41,1344,0,0,0.16247213145928807,30.75,0.809595934881919,
2,white,0.25,14,42,1344,0,0,0.1332503357407706,30.25,0.6882637907116936,
2,white,0.25,14,43,1344,0,0,0.050045907997841255,31.25,0.39199719179452697,
2,white,0.25,14,44,1344,0,0,0.15715735783616924,29.5,0.7754937088471178,
2,white,0.25,14,45,1344,0,0,0.08125394715388268,28.5,0.6764284504994236,
2,white,0.25,14,46,1344,0,0,0.05542794239265114,29.75,0.8922261988008717,
2,white,0.25,14,47,1344,0,0,0.03239964529942141,30.25,0.6067703044965254,
2,white,0.25,14,48,1344,0,0,0.0773072617433408,31,0.8928611461242827,
2,white,0.25,14,49,1344,0,0,0.006635337887449189,28.75,0.5889618691782952,
2,white,0.25,14,50,1344,0,0,0.028896499063318037,30.75,0.7405193817139024,
2,white,0.25,14,51,1344,0,0,0.05343106301846989,31.5,0.36226434398174845,
2,white,0.25,14,52,1344,0,0,0.013090752302561626,31.25,0.2158691314120883,
2,white,0.25,14,53,1344,0,0,0.014592293713432514,31.25,0.6076647901460104,
2,white,0.25,14,54,1344,0,0,0.023300202115654534,27,0.9633605382748458,
2,white,0.25,14,55,1344,0,0,0.07376519455994046,31.25,0.40217282565464674,
2,white,0.25,14,56,1344,0,0,0.022895641529487087,30.75,0.25664013833148014,
2,white,0.25,14,57,1344,0,0,0.02677217349232608,31.5,0.1274713674397645,
2,white,0.25,14,58,1344,0,0,0.19731569244505054,31.25,0.13832653907339876,
2,white,0.25,14,59,1344,0,0,0.08377006393407582,30.75,0.7807620853567596,
2,white,0.25,14,60,1344,0,0,0.06779983033639192,32,0.6451935624642249,
2,white,0.25,14,61,1344,0,0,0.04564741163331609,32,0.9792379322697738,
2,white,0.25,14,62,1344,0,0,0.0037853737491356787,29,0.5252801424297979,
2,white,0.25,14,63,1344,0,0,0.06801845027291176,31.5,0.39082442435676756,
2,white,0.25,14,64,1344,0,0,0.04521701652397836,31.75,0.30456649870385444,
2,white,0.25,14,65,1344,0,0,0.029775642741548536,29.5,0.6593517601480628,
2,white,0.25,14,66,1344,0,0,0.03350040482368721,31.5,0.5295637178614829,
2,white,0.25,14,67,1344,0,0,0.021066270295146627,31,0.579192236213145,
2,white,0.25,14,68,1344,0,0,0.12118299831486279,31.25,0.925945245710691,
2,white,0.25,14,69,1344,0,0,0.039815178053772105,28.5,0.8989105878795624,
2,white,0.25,14,70,1344,0,0,0.042386928439365756,32,0.5064998014931087,
2,white,0.25,14,71,1344,0,0,0.09795856722434504,31.25,0.7820975480610842,
2,white,0.25,14,72,1344,0,0,0.06918565311290947,29.75,0.9891207154148162,
2,white,0.25,14,73,1344,0,0,0.01722197871719411,28.25,0.25748124017746066,
2,white,0.25,14,74,1344,0,0,0.003317352498871662,24.75,0.7973820839568553,
2,white,0.25,14,75,1344,0,0,0.0014643832826102265,25.75,0.47816632479815635,
2,white,0.25,14,76,1344,0,0,0.03094338609744507,32,0.6384324484357571,
2,white,0.25,14,77,1344,0,0,0.00722520090252754,31.25,0.8107501014528418,
2,white,0.25,14,78,1344,0,0,0.039673621841773365,31.5,0.3900382285513174,
2,white,0.25,14,79,1344,0,0,0.1800962284951928,29.25,0.7677331679753241,
2,white,0.25,14,80,1344,0,0,0.13226673994929083,31.5,0.227081249821947,
2,white,0.25,14,81,1344,0,0,0.1516448872287679,31.5,0.3075328274933533,
2,white,0.25,14,82,1344,0,0,0.13963166230974677,31.5,0.6559127730955814,
2,white,0.25,14,83,1344,0,0,0.07689254059191308,31.75,0.654862243903129,
2,white,0.25,14,84,1344,0,0,0.010512800846156245,26.75,0.9678592364124995,
2,white,0.25,14,85,1344,0,0,0.029576621967689287,28.75,0.8733339051810877,
2,white,0.25,14,86,1344,0,0,0.1282954872256179,31.5,0.17871402096217315,
2,white,0.25,14,87,1344,0,0,0.015734271136861322,30.25,0.8221906038061575,
2,white,0.25,14,88,1344,0,0,0.1874247249819342,31.5,0.2887076564661307,
2,white,0.25,14,89,1344,0,0,0.00969831328578119,28.75,0.8928873170021583,
2,white,0.25,14,90,1344,0,0,0.08703652347804114,30,0.5752334310008576,
2,white,0.25,14,91,1344,0,0,0.13964335196994382,32,0.8933111276632808,
2,white,0.25,14,92,1344,0,0,0.008410954939202187,31.25,0.28232401378598593,
2,white,0.25,14,93,1344,0,0,0.04346380200657973,31.5,0.6081441766672154,
2,white,0.25,14,94,1344,0,0,0.057519436729901896,28.25,0.7565861456428421,
2,white,0.25,14,95,1344,0,0,0.07055617132768177,31.75,0.6257408206657132,
2,white,0.25,14,96,1344,0,0,0.17366612574305695,32,0.07450351528217036,
2,white,0.25,14,97,1344,0,0,0.011658617965384255,29.25,0.7664477082185782,
2,white,0.25,14,98,1344,0,0,0.008076034213834737,31,0.440874815043115,
2,white,0.25,14,99,1344,0,0,0.01726865218642215,29.5,0.6038922668114857,
2,white,0.25,14,100,1344,0,0,0.04737948163689065,32,0.31961979315170885,
2,white,0.25,14,101,1344,0,0,0.02240644371440803,31.75,0.05703264853088763,
2,white,0.25,14,102,1344,1,1,0.0007135530410532498,24.25,0.4423647252578433,
2,white,0.25,14,103,1344,0,0,0.05277278831522825,31.5,0.9839833488094941,
2,white,0.25,14,104,1344,0,0,0.04329325625423963,31.75,0.6134544200843086,
2,white,0.25,14,105,1344,0,0,0.10987370045632117,31.75,0.21023995851254007,
2,white,0.25,14,106,1344,0,0,0.01346904122493564,30,0.5950951839495584,
2,white,0.25,14,107,1344,0,0,0.13764035409086672,28.75,0.6877121576136938,
2,white,0.25,14,108,1344,0,0,0.013433822486458635,32,0.8235714956976737,
2,white,0.25,14,109,1344,0,0,0.1035496500565708,30.75,0.11620341633068876,
2,white,0.25,14,110,1344,0,0,0.019424301241214748,30.25,0.8315884226600279,
2,white,0.25,14,111,1344,0,0,0.1023494977523276,31.5,0.978167561117019,
2,white,0.25,14,112,1344,0,0,0.07379053968415394,31.75,0.8331056925763543,
2,white,0.25,14,113,1344,0,0,0.025873255108158077,28,0.36568621862254347,
2,white,0.25,14,114,1344,0,0,0.028971714345051858,29.25,0.39453734436168897,
2,white,0.25,14,115,1344,0,0,0.1529736412850593,32,0.07349596494145771,
2,white,0.25,14,116,1344,0,0,0.16471794130801654,30.75,0.08024764551381125,
2,white,0.25,14,117,1344,0,0,0.15046166282394924,31,0.2373570576339208,
2,white,0.25,14,118,1344,0,0,0.09177694670736458,31.5,0.3909373637768627,
2,white,0.25,14,119,1344,0,0,0.07625672792849192,30.75,0.4757402170230134,
2,white,0.25,14,120,1344,0,0,0.006805490988972207,25,0.4403816701269433,
2,white,0.25,14,121,1344,0,0,0.0703736010774656,29.5,0.8338911697242128,
2,white,0.25,14,122,1344,0,0,0.043215515883543665,30.5,0.0757174046029504,
2,white,0.25,14,123,1344,0,0,0.05799501199787127,30,0.9069154382550813,
2,white,0.25,14,124,1344,0,0,0.010000218164158303,30,0.8029028048745408,
2,white,0.25,14,125,1344,0,0,0.006009305500014106,30.75,0.28751842310908815,
2,white,0.25,14,126,1344,0,0,0.008691576279859836,28.5,0.7854196392427913,
2,white,0.25,14,127,1344,0,0,0.09827440384166242,31,0.5291448723850334,
2,white,0.25,14,128,1344,0,1,0.028773664902400187,29.25,0.7495551858696224,
2,white,0.25,14,129,1344,0,0,0.33184824207713026,31.75,0.08101034358854498,
2,white,0.25,14,130,1344,0,0,0.13273291298093826,30.5,0.8798363293651041,
2,white,0.25,14,131,1344,0,0,0.17165362288028052,31.25,0.01609373827311722,
2,white,0.25,14,132,1344,0,0,0.05845939412798107,30.5,0.1614718206713519,
2,white,0.25,14,133,1344,0,0,0.018122086588766795,32,0.8613192432318533,
2,white,0.25,14,134,1344,0,0,0.02927792738853474,30.25,0.5855858486303629,
2,white,0.25,14,135,1344,0,0,0.10275048638344653,31,0.7174302576622349,
2,white,0.25,14,136,1344,0,0,0.13265108396591785,32,0.8431875702889587,
2,white,0.25,14,137,1344,0,0,0.06513380918024703,30.5,0.04545295022208329,
2,white,0.25,14,138,1344,0,0,0.0796963709655708,30.75,0.7496878544676778,
2,white,0.25,14,139,1344,0,0,0.004961609128875444,26,0.9849649867907008,
2,white,0.25,14,140,1344,0,0,0.14416174229889478,31,0.38619031394625236,
2,white,0.25,14,141,1344,0,0,0.03470555078254001,30.75,0.3718541915259357,
2,white,0.25,14,142,1344,0,0,0.1859957257561945,32,0.572299744563661,
2,white,0.25,14,143,1344,0,0,0.049641902534762194,32,0.10829051560327363,
2,white,0.25,14,144,1344,0,0,0.010584683358293212,31,0.3672617380779175,
2,white,0.25,14,145,1344,0,0,0.0808507021003384,30.5,0.9370713695454119,
2,white,0.25,14,146,1344,0,0,0.14332719459493914,31,0.7024353425807175,
2,white,0.25,14,147,1344,0,0,0.028268357987208725,28.25,0.8758362947771977,
2,white,0.25,14,148,1344,0,0,0.02704612911930382,27.5,0.4526633693848994,
2,white,0.25,14,149,1344,0,0,0.16084428095195225,30.75,0.3348535160741243,
2,white,0.25,14,150,1344,0,0,0.09792944688963678,32,0.8205387043426492,
2,white,0.25,14,151,1344,0,0,0.022945222111202757,30,0.07409932157899568,
2,white,0.25,14,152,1344,0,0,0.005963879210909018,26.5,0.44032964543440434,
2,white,0.25,14,153,1344,0,0,0.1403412217898804,30.75,0.28328872609868916,
2,white,0.25,14,154,1344,0,0,0.003129724493908026,24,0.02703418991686124,
2,white,0.25,14,155,1344,0,0,0.06196910226484842,31.25,0.9316443634416115,
2,white,0.25,14,156,1344,0,0,0.143221832358009,31.75,0.5399020289027356,
2,white,0.25,14,157,1344,0,0,0.10378481216344082,31.75,0.5183012943762269,
2,white,0.25,14,158,1344,0,0,0.17710183406379398,31.25,0.45310065143971734,
2,white,0.25,14,159,1344,0,0,0.0126304648144544,30.75,0.40060690956860945,
2,white,0.25,14,160,1344,0,0,0.0027386005218618115,26,0.1627665222196919,
2,white,0.25,14,161,1344,0,0,0.18594357852365273,30.5,0.511391359320416,
2,white,0.25,14,162,1344,0,0,0.054401817725645674,31.25,0.8391118388392551,
2,white,0.25,14,163,1344,0,0,0.12421400245878911,29.5,0.16117307853320761,
2,white,0.25,14,164,1344,0,0,0.0505974971369223,31,0.26789075735636203,
2,white,0.25,14,165,1344,0,0,0.03542598013585063,30,0.4692286538212873,
2,white,0.25,14,166,1344,0,0,0.021709708828233087,29.75,0.08690899957862919,
2,white,0.25,14,167,1344,0,0,0.02384877023916876,29.75,0.08001498072043634,
2,white,0.25,14,168,1344,0,0,0.10774638144435622,31,0.813831026273705,
2,white,0.25,14,169,1344,0,1,0.015736195601688596,31.5,0.536486455258528,
2,white,0.25,14,170,1344,0,0,0.012372763445043566,29,0.48146937570338855,
2,white,0.25,14,171,1344,0,0,0.08525848936346192,30.5,0.8748519394864627,
2,white,0.25,14,172,1344,0,0,0.09895318772803585,30.5,0.12675190814062154,
2,white,0.25,14,173,1344,0,0,0.09455117817019387,30.75,0.2845396960536659,
2,white,0.25,14,174,1344,0,0,0.10948613565869392,31.5,0.02072227463710241,
2,white,0.25,14,175,1344,0,0,0.003607999673010509,30.25,0.04141164688118393,
2,white,0.25,14,176,1344,0,0,0.07308157126432768,31.75,0.9357339383396286,
2,white,0.25,14,177,1344,0,0,0.03587375031523654,31.75,0.1446082010334947,
2,white,0.25,14,178,1344,0,0,0.008513613585080626,30,0.6754235620780578,
2,white,0.25,14,179,1344,0,0,0.02344246801421135,29,0.24136818321058373,
2,white,0.25,14,180,1344,0,0,0.05042303270829118,31.5,0.8652953501662658,
2,white,0.25,14,181,1344,0,0,0.1436141674798025,31.25,0.21497914010782115,
2,white,0.25,14,182,1344,0,0,0.07085547469035824,29.25,0.8721518651881086,
2,white,0.25,14,183,1344,0,0,0.04223831053636762,29,0.19317819114746448,
2,white,0.25,14,184,1344,0,0,0.1369648015053646,30.75,0.6607504599597847,
2,white,0.25,14,185,1344,0,0,0.02100740592665762,26,0.9021188424211438,
2,white,0.25,14,186,1344,0,0,0.05703349570105454,31.5,0.3179260219708846,
2,white,0.25,14,187,1344,0,0,0.17125684432512012,30.75,0.10270468768851349,
2,white,0.25,14,188,1344,0,0,0.07748407519775713,32,0.6274086195007103,
2,white,0.25,14,189,1344,0,0,0.1960575357272738,32,0.12273895116795397,
2,white,0.25,14,190,1344,0,0,0.016709477567606434,25,0.23219399523314088,
2,white,0.25,14,191,1344,0,0,0.004941292339514902,31,0.5154302636900767,
2,white,0.25,14,192,1344,0,0,0.004964829440569862,28.75,0.2768434787695968,
2,white,0.25,14,193,1344,0,0,0.050946418547065386,31.75,0.24430418157387068,
2,white,0.25,14,194,1344,0,0,0.05275723071944782,29,0.7289008789203633,
2,white,0.25,14,195,1344,0,0,0.014616833406182694,28.25,0.3983306666975356,
2,white,0.25,14,196,1344,0,0,0.08010370433952052,28.25,0.5160138369543136,
2,white,0.25,14,197,1344,0,0,0.13928792883668517,32,0.36470289483892704,
2,white,0.25,14,198,1344,0,0,0.14641846856319662,30.75,0.7961645622771188,
2,white,0.25,14,199,1344,0,0,0.1350650822741608,32,0.28317125398139353,
2,white,0.25,14,200,1344,0,0,0.12032808834171849,31.5,0.4045307852942255,
2,white,0.25,14,201,1344,0,0,0.033184397528681187,28.75,0.028596009627731123,
2,white,0.25,14,202,1344,0,0,0.0414948942271407,32,0.26625233530560033,
2,white,0.25,14,203,1344,0,0,0.29288026862990857,30.75,0.15181930370504726,
2,white,0.25,14,204,1344,0,0,0.00920575456349515,26.75,0.10838355267028854,
2,white,0.25,14,205,1344,0,0,0.030070250460038417,28.5,0.42082686262834057,
2,white,0.25,14,206,1344,0,0,0.10242512688769778,30.75,0.7461525169419859,
2,white,0.25,14,207,1344,0,0,0.013897329738756903,31.25,0.9028520643924829,
2,white,0.25,14,208,1344,0,0,0.012317440627401366,30.5,0.940498070442154,
2,white,0.25,14,209,1344,0,0,0.08198249786249856,31,0.8005964393702716,
2,white,0.25,14,210,1344,0,0,0.002766413055206307,27.25,0.11574293338463859,
2,white,0.25,14,211,1344,0,0,0.09498472503077082,30.25,0.6150008572926488,
2,white,0.25,14,212,1344,0,0,0.006497885292602867,31.25,0.3557784483186106,
2,white,0.25,14,213,1344,0,0,0.011953800368125989,29.5,0.40926538576285254,
2,white,0.25,14,214,1344,0,0,0.016906650536949952,30.75,0.3085323419532482,
2,white,0.25,14,215,1344,0,0,0.018866680192022423,30.75,0.5765892943819922,
2,white,0.25,14,216,1344,0,0,0.014349534867201363,30.5,0.4418418849958141,
2,white,0.25,14,217,1344,0,0,0.02463249385678623,31.25,0.6019978255930314,
2,white,0.25,14,218,1344,0,0,0.009535470605812946,30.5,0.5967147288704893,
2,white,0.25,14,219,1344,0,0,0.1689146001369154,32,0.3020588367484578,
2,white,0.25,14,220,1344,0,0,0.06844033015651141,31.75,0.8246571959257608,
2,white,0.25,14,221,1344,0,0,0.133715424105449,31,0.7736563625512103,
2,white,0.25,14,222,1344,0,0,0.05614812989996787,31.5,0.25920333472747914,
2,white,0.25,14,223,1344,0,0,0.06999397993666912,31.75,0.9054241560962334,
2,white,0.25,14,224,1344,0,0,0.07897661463328898,32,0.10470320630185104,
2,white,0.25,14,225,1344,0,0,0.03458859898330102,28,0.7679892253583749,
2,white,0.25,14,226,1344,0,0,0.0061446391639647935,28.5,0.30899142713438776,
2,white,0.25,14,227,1344,0,0,0.058361591058358586,32,0.2193184671992947,
2,white,0.25,14,228,1344,0,0,0.0801363882246422,28,0.549929789635236,
2,white,0.25,14,229,1344,0,0,0.006884095126208911,29.5,0.8872465356411969,
2,white,0.25,14,230,1344,0,0,0.023197583060157956,30,0.6783154871307683,
2,white,0.25,14,231,1344,0,0,0.004083024311502648,31.25,0.6015281571587817,
2,white,0.25,14,232,1344,0,0,0.015875277973100843,30.25,0.14743718028529984,
2,white,0.25,14,233,1344,0,1,0.09924637431821381,31.5,0.0015847799639540083,
2,white,0.25,14,234,1344,0,0,0.056360414121615854,32,0.6295904023971565,
2,white,0.25,14,235,1344,0,0,0.03289763374665067,31.75,0.33023072930477715,
2,white,0.25,14,236,1344,0,0,0.0075163480569461205,28.75,0.832664807928068,
2,white,0.25,14,237,1344,0,0,0.01504916121352573,31.25,0.6161721648722065,
2,white,0.25,14,238,1344,0,0,0.1664755616293807,32,0.039794806104176406,
2,white,0.25,14,239,1344,0,0,0.008176963945217275,27.5,0.1519967031649686,
2,white,0.25,14,240,1344,0,0,0.036466205346184055,31.25,0.655988606980496,
2,white,0.25,14,241,1344,0,0,0.036142139313521504,30.75,0.33076145548341984,
2,white,0.25,14,242,1344,0,0,0.0033684758898523404,25.75,0.6133538506514045,
2,white,0.25,14,243,1344,0,0,0.045165412739871624,32,0.9121682200202514,
2,white,0.25,14,244,1344,0,0,0.00451191812134788,31.25,0.45426535821168557,
2,white,0.25,14,245,1344,0,0,0.1175494851761405,31.75,0.24540521905021362,
2,white,0.25,14,246,1344,0,0,0.08525056112695906,30.25,0.32606144518801217,
2,white,0.25,14,247,1344,0,0,0.04124060071118518,31.5,0.43228602299870955,
2,white,0.25,14,248,1344,0,0,0.1714281336425698,30.5,0.7950452143973301,
2,white,0.25,14,249,1344,0,0,0.08956526084802197,30.5,0.9491791330681802,
2,white,0.25,14,250,1344,0,0,0.029393874621871596,31.5,0.27770802299678066,
2,white,0.25,14,251,1344,0,0,0.010141749595618421,28.5,0.15813226189812513,
2,white,0.25,14,252,1344,0,0,0.337790839042593,31,0.1242340842064199,
2,white,0.25,14,253,1344,0,0,0.13740151690975844,29.25,0.9925056511587818,
2,white,0.25,14,254,1344,0,0,0.005529727060122003,29.75,0.8107855281999012,
2,white,0.25,14,255,1344,0,0,0.006904130944873521,30,0.7009896460552766,
2,white,0.25,14,256,1344,0,0,0.02910026659549092,30.75,0.6732769904461913,
2,white,0.25,14,257,1344,0,0,0.005759121136701628,26.25,0.43484717552166696,
2,white,0.25,14,258,1344,0,1,0.017491799689003495,30.25,0.5302157331116506,
2,white,0.25,14,259,1344,0,0,0.0804132382877738,29.5,0.9788256304363826,
2,white,0.25,14,260,1344,0,0,0.005446019476444963,27.5,0.1394564367517792,
2,white,0.25,14,261,1344,0,0,0.02813776505685539,30.75,0.25637890342684755,
2,white,0.25,14,262,1344,0,0,0.27374566070208683,32,0.14767008826603434,
2,white,0.25,14,263,1344,0,0,0.0525447015481878,31.5,0.14428068720350984,
2,white,0.25,14,264,1344,0,0,0.03115506155780079,31.5,0.4391306197274082,
2,white,0.25,14,265,1344,0,0,0.0014486755222415937,29.25,0.45091427854371524,
2,white,0.25,14,266,1344,0,0,0.015417553251813265,29.5,0.634714265498648,
2,white,0.25,14,267,1344,0,0,0.02913964720525719,31.25,0.3589789148101772,
2,white,0.25,14,268,1344,0,0,0.2693938078660034,30.75,0.6601750235341675,
2,white,0.25,14,269,1344,0,0,0.03171290744330291,30.75,0.6627198539812283,
2,white,0.25,14,270,1344,0,0,0.0365146357223356,30.75,0.6727517057857041,
2,white,0.25,14,271,1344,0,0,0.036815078236470566,30.75,0.09506000671882453,
2,white,0.25,14,272,1344,0,0,0.0393186534311637,31,0.11406312308120925,
2,white,0.25,14,273,1344,0,0,0.016449958385232,31.5,0.4650169486557616,
2,white,0.25,14,274,1344,0,0,0.08581376837774812,31.25,0.14717298659981126,
2,white,0.25,14,275,1344,0,0,0.07320513290560426,31.75,0.21164870561594218,
2,white,0.25,14,276,1344,0,0,0.06120479153727243,31,0.8241005266357126,
2,white,0.25,14,277,1344,0,0,0.02139169047985734,32,0.3745596446666424,
2,white,0.25,14,278,1344,0,0,0.024119613715469,32,0.7223781414846888,
2,white,0.25,14,279,1344,0,0,0.059032022252431426,30,0.9458336167886373,
2,white,0.25,14,280,1344,0,0,0.034841986962286464,31,0.09991989249725064,
2,white,0.25,14,281,1344,0,0,0.05604402282332743,31.5,0.7321026847548833,
2,white,0.25,14,282,1344,0,0,0.00864641425644963,31.75,0.5414980428834195,
2,white,0.25,14,283,1344,0,0,0.013140213318865945,31.25,0.5235134550202735,
2,white,0.25,14,284,1344,0,0,0.019912270991202075,30.25,0.13844720158101254,
2,white,0.25,14,285,1344,1,1,0.0005687508117564466,26.25,0.5389497230805922,
2,white,0.25,14,286,1344,0,0,0.22375632039434512,32,0.4940236965459158,
2,white,0.25,14,287,1344,0,0,0.006190885713369232,27.75,0.07287837502890038,
2,white,0.25,14,288,1344,0,0,0.14950369339139635,31.75,0.306665560174767,
2,white,0.25,14,289,1344,0,0,0.08265638610708781,31.5,0.8583567578778796,
2,white,0.25,14,290,1344,0,0,0.010232336393179775,29.25,0.4558747999756756,
2,white,0.25,14,291,1344,0,0,0.15406711194805434,28.25,0.6250287898260217,
2,white,0.25,14,292,1344,0,0,0.027837849620462318,30.75,0.17180913531041297,
2,white,0.25,14,293,1344,0,0,0.037181756397633325,30,0.16094718842672828,
2,white,0.25,14,294,1344,0,0,0.03620353559799161,30.75,0.43826394605348307,
2,white,0.25,14,295,1344,0,0,0.01949330743925437,27.25,0.5329955945959587,
2,white,0.25,14,296,1344,0,0,0.059132667066928435,30.25,0.16296532268044328,
2,white,0.25,14,297,1344,0,0,0.005506468297245881,30.75,0.20406450244199237,
2,white,0.25,14,298,1344,0,0,0.2312612760605156,31.75,0.30941471412436905,
2,white,0.25,14,299,1344,0,0,0.034469238981312156,31.25,0.242148131914678,
2,white,0.25,14,300,1344,0,0,0.02146895490448042,31,0.05394327863385484,
2,white,0.25,14,301,1344,0,0,0.12071814991031649,30,0.670194738704185,
2,white,0.25,14,302,1344,0,0,0.07689827915377723,31.75,0.276587180289284,
2,white,0.25,14,303,1344,0,0,0.008317428832091633,32,0.2738902621952115,
2,white,0.25,14,304,1344,0,0,0.060926814881449465,31.5,0.05363687619931179,
2,white,0.25,14,305,1344,0,0,0.026910835580069348,29.5,0.4024776036746073,
2,white,0.25,14,306,1344,0,0,0.2298351514361756,31.75,0.624297387430234,
2,white,0.25,14,307,1344,0,0,0.004821291694713126,25.25,0.49591022757198067,
2,white,0.25,14,308,1344,0,0,0.003971126707388639,27.75,0.8696643619558704,
2,white,0.25,14,309,1344,0,0,0.017836904562850142,29.25,0.37201319689809864,
2,white,0.25,14,310,1344,0,0,0.04781981200625218,31.75,0.9765768146618181,
2,white,0.25,14,311,1344,0,0,0.07516257924158332,31.75,0.27818958134570404,
2,white,0.25,14,312,1344,0,0,0.031131151066426055,32,0.21525297600385018,
2,white,0.25,14,313,1344,0,0,0.045657693691657064,31.5,0.186207785131564,
2,white,0.25,14,314,1344,0,0,0.11261026779658889,31.25,0.5916092389533556,
2,white,0.25,14,315,1344,0,0,0.050549188680866886,29.75,0.08834545012577655,
2,white,0.25,14,316,1344,0,0,0.01652377799150906,30.25,0.5065262237283981,
2,white,0.25,14,317,1344,0,0,0.0314686015483393,30.5,0.6048188615171912,
2,white,0.25,14,318,1344,0,0,0.03103223919975462,29.25,0.3843140975493894,
2,white,0.25,14,319,1344,0,0,0.055078700616943976,31.5,0.38629176988736247,
2,white,0.25,14,320,1344,0,0,0.03370655900219777,28.75,0.28713282833576126,
2,white,0.25,14,321,1344,0,0,0.02495461797370213,28.25,0.06815027662469919,
2,white,0.25,14,322,1344,1,1,0.0006912993812652202,31.5,0.8101842864094984,
2,white,0.25,14,323,1344,0,0,0.15749378088155663,31.5,0.07626157601747185,
2,white,0.25,14,324,1344,0,0,0.06703132589935135,31,0.1397021079791172,
2,white,0.25,14,325,1344,0,0,0.015100192344646435,30.75,0.42432667138429747,
2,white,0.25,14,326,1344,0,0,0.10250265732956476,31,0.23752988001121733,
2,white,0.25,14,327,1344,0,0,0.03859508638610265,28.75,0.18935451946004256,
2,white,0.25,14,328,1344,0,0,0.029042180401716133,30.75,0.5527125530992473,
2,white,0.25,14,329,1344,0,0,0.05198553274009876,31.75,0.7689314813819773,
2,white,0.25,14,330,1344,0,0,0.051345236839516195,31.5,0.7237167532829677,
2,white,0.25,14,331,1344,0,0,0.0081260001332083,30.25,0.4552065455503739,
2,white,0.25,14,332,1344,0,0,0.10303856559442015,29.25,0.288032355855109,
2,white,0.25,14,333,1344,0,0,0.16150307955823906,31.5,0.46930689627471445,
2,white,0.25,14,334,1344,0,0,0.03705986994487487,30.75,0.9037711526355693,
2,white,0.25,14,335,1344,0,0,0.15781056834290996,31,0.798184267093952,
2,white,0.25,14,336,1344,0,0,0.031971111676065256,30.25,0.7986882096494177,
2,white,0.25,14,337,1344,0,0,0.05248772910542876,32,0.7052041774242672,
2,white,0.25,14,338,1344,0,0,0.031719774320285166,29.75,0.5945546730056417,
2,white,0.25,14,339,1344,0,0,0.025756883065118807,31.75,0.34391843411055256,
2,white,0.25,14,340,1344,0,0,0.05679578667315166,29.75,0.8763317923638734,
2,white,0.25,14,341,1344,0,0,0.0022158696858766147,28.75,0.10280788122577311,
2,white,0.25,14,342,1344,0,0,0.0017798793921010025,27.75,0.7271979606116548,
2,white,0.25,14,343,1344,0,0,0.04208065172406372,30.75,0.6010723231667399,
2,white,0.25,14,344,1344,0,0,0.1259311226346056,31.25,0.04525704480698056,
2,white,0.25,14,345,1344,0,0,0.00404884870266109,29,0.7329840494020174,
2,white,0.25,14,346,1344,0,1,0.02626177021104792,29.25,0.8437194349004389,
2,white,0.25,14,347,1344,0,0,0.1698777399775112,31.75,0.30950655677277616,
2,white,0.25,14,348,1344,0,0,0.031035775398712273,30.5,0.8821281475568721,
2,white,0.25,14,349,1344,0,0,0.001066726403290752,29.5,0.571523518746391,
2,white,0.25,14,350,1344,0,0,0.08060378827726977,31.75,0.5964288962786767,
2,white,0.25,14,351,1344,0,0,0.04352221009484669,31,0.3654354403154316,
2,white,0.25,14,352,1344,0,0,0.03679121885486181,28.5,0.3886845677943346,
2,white,0.25,14,353,1344,0,0,0.11153130662831767,32,0.8853534092217062,
2,white,0.25,14,354,1344,0,0,0.13765754585856504,31.5,0.33781330173479374,
2,white,0.25,14,355,1344,0,0,0.061968604896819546,32,0.6312909189535325,
2,white,0.25,14,356,1344,0,0,0.02042339713895458,29.75,0.9849314889064588,
2,white,0.25,14,357,1344,0,0,0.018897739211377718,28.75,0.10289995595128099,
2,white,0.25,14,358,1344,0,0,0.1125996463803346,29.25,0.23174918993235982,
2,white,0.25,14,359,1344,0,0,0.030868884213189007,29.5,0.9293534707988219,
2,white,0.25,14,360,1344,0,0,0.023060304409205812,29.5,0.031865163437019284,
2,white,0.25,14,361,1344,0,0,0.004857299243143265,32,0.24558653012887688,
2,white,0.25,14,362,1344,0,0,0.003688505621401994,27.25,0.7351485339922481,
2,white,0.25,14,363,1344,0,0,0.01788728343291779,29.75,0.027411297519608357,
2,white,0.25,14,364,1344,0,0,0.08761418172564484,31.25,0.21670313728702562,
2,white,0.25,14,365,1344,0,0,0.16375090141386472,31.5,0.10204671803651788,
2,white,0.25,14,366,1344,0,0,0.05925340888902153,31,0.15470915872975655,
2,white,0.25,14,367,1344,0,0,0.0058586483186469085,31.25,0.3475534681360237,
2,white,0.25,14,368,1344,0,0,0.009901715484309292,25.75,0.33998111813513265,
2,white,0.25,14,369,1344,0,0,0.007552702434034497,30.75,0.45615019407251844,
2,white,0.25,14,370,1344,0,0,0.08417176759831246,29.25,0.6141273767461197,
2,white,0.25,14,371,1344,0,0,0.03139671214356654,31.25,0.7182959885526962,
2,white,0.25,14,372,1344,0,0,0.07419046621030478,32,0.3120098428678293,
2,white,0.25,14,373,1344,0,0,0.00984601604291957,30.5,0.7724123923251144,
2,white,0.25,14,374,1344,0,0,0.07181337033155133,30.75,0.7275734657088435,
2,white,0.25,14,375,1344,0,0,0.0016950866004078469,28,0.4212543905921089,
2,white,0.25,14,376,1344,0,0,0.06663897529104357,32,0.10543303710603391,
2,white,0.25,14,377,1344,0,0,0.02705195312373121,29.75,0.45140745320018116,
2,white,0.25,14,378,1344,0,0,0.15349003915322212,32,0.12048753534550538,
2,white,0.25,14,379,1344,0,0,0.1650643247478455,31.75,0.9926794165873704,
2,white,0.25,14,380,1344,0,0,0.021507045630556054,31.5,0.4748471733265188,
2,white,0.25,14,381,1344,0,0,0.023245552257575408,30.5,0.3936522626404303,
2,white,0.25,14,382,1344,0,0,0.045141346878956545,29,0.4090484687726401,
2,white,0.25,14,383,1344,0,0,0.1957213327916948,31,0.763287279316592,
2,white,0.25,14,384,1344,0,0,0.08310813704254905,30.5,0.19150324182378542,
2,white,0.25,14,385,1344,0,0,0.020501460542318273,31.5,0.42357011368168473,
2,white,0.25,14,386,1344,0,0,0.03175616087386923,31,0.33368529165657423,
2,white,0.25,14,387,1344,0,0,0.06324906527682217,31.5,0.9794804315576979,
2,white,0.25,14,388,1344,0,0,0.008558866248754238,30.25,0.580484817642688,
2,white,0.25,14,389,1344,0,0,0.03646536307898862,30,0.715604506920577,
2,white,0.25,14,390,1344,0,0,0.09909150518059529,32,0.2404578783078931,
2,white,0.25,14,391,1344,0,0,0.007554074743456485,25.25,0.41004783985598114,
2,white,0.25,14,392,1344,0,0,0.02525356211551455,30.75,0.37004540238210204,
2,white,0.25,14,393,1344,0,0,0.10979883798901369,30.75,0.5453277866644793,
2,white,0.25,14,394,1344,0,0,0.22996131323860614,32,0.21238699905583402,
2,white,0.25,14,395,1344,0,0,0.034568178373509006,31.5,0.821171368669372,
2,white,0.25,14,396,1344,0,0,0.05136746177093143,29.5,0.5141764737022803,
2,white,0.25,14,397,1344,0,0,0.017824951540498013,31,0.9237089730320063,
2,white,0.25,14,398,1344,0,0,0.00836074665967046,30,0.85148740796657,
2,white,0.25,14,399,1344,0,0,0.07342341742686365,31.5,0.4623160743972696,
2,white,0.25,14,400,1344,0,0,0.016084314147500334,31.25,0.9493595233136797,
2,white,0.25,14,401,1344,0,0,0.04040246859571639,31,0.5057111697612618,
2,white,0.25,14,402,1344,0,0,0.2007260287158601,30.75,0.8582731398579387,
2,white,0.25,14,403,1344,0,0,0.03973209150954582,28.75,0.23557383552496058,
2,white,0.25,14,404,1344,0,0,0.04020689206943018,32,0.28384768949069605,
2,white,0.25,14,405,1344,0,0,0.15587595314794522,30.25,0.12575447016877395,
2,white,0.25,14,406,1344,1,1,0.0006376744040956783,25,0.8301699911360458,
2,white,0.25,14,407,1344,0,0,0.0060646029277526825,29.75,0.8995015302749143,
2,white,0.25,14,408,1344,0,0,0.17164069206051835,31.75,0.25009855653572555,
2,white,0.25,14,409,1344,0,0,0.05392070427882256,27.25,0.7885439558413099,
2,white,0.25,14,410,1344,0,0,0.018679501520033948,30,0.5055908415329831,
2,white,0.25,14,411,1344,0,0,0.053045205056167055,30.5,0.6112595003594219,
2,white,0.25,14,412,1344,0,0,0.04407497300395791,29.5,0.6098149050101853,
2,white,0.25,14,413,1344,0,0,0.003717041683160449,29,0.3258509889640232,
2,white,0.25,14,414,1344,0,0,0.07219524360376806,30.25,0.002177306160740966,
2,white,0.25,14,415,1344,0,0,0.043261440879300506,32,0.6714034189202518,
2,white,0.25,14,416,1344,0,0,0.0759312586476868,32,0.560353384729712,
2,white,0.25,14,417,1344,0,0,0.058541899557022936,30.75,0.16824665646067405,
2,white,0.25,14,418,1344,0,0,0.010464643291227538,26.5,0.5383206813638544,
2,white,0.25,14,419,1344,0,0,0.030126583420797104,30.5,0.5418247818206355,
2,white,0.25,14,420,1344,0,0,0.04182923661754123,31.5,0.9070850954276855,
2,white,0.25,14,421,1344,0,0,0.23226386609864613,30.75,0.14126128352003198,
2,white,0.25,14,422,1344,0,0,0.055760518996745834,30,0.9477948484237968,
2,white,0.25,14,423,1344,0,0,0.033059920860267544,27.75,0.2953044049030895,
2,white,0.25,14,424,1344,0,0,0.12376659078687235,28.75,0.39685635609926384,
2,white,0.25,14,425,1344,0,0,0.07792830999117095,31.75,0.4192663842977542,
2,white,0.25,14,426,1344,0,0,0.007911648387973091,27.5,0.8734470575985253,
2,white,0.25,14,427,1344,0,0,0.033578093735060266,30.5,0.17808193483036971,
2,white,0.25,14,428,1344,0,0,0.06311873994177386,32,0.4773987626225824,
2,white,0.25,14,429,1344,0,0,0.04662440174481264,31.5,0.26854951138161576,
2,white,0.25,14,430,1344,0,0,0.06844040333491308,30.25,0.6230011231034194,
2,white,0.25,14,431,1344,0,0,0.11649168882561856,31,0.20960366117942153,
2,white,0.25,14,432,1344,0,1,0.015368380554837802,28.5,0.6269815828827126,
2,white,0.25,14,433,1344,0,0,0.07046708479230746,31.5,0.7585362661014936,
2,white,0.25,14,434,1344,0,0,0.0027356103360428596,30.5,0.9944433623017146,
2,white,0.25,14,435,1344,0,0,0.1128077786575471,30.25,0.2709109477972549,
2,white,0.25,14,436,1344,0,0,0.1700300925561823,30.5,0.8574608572627072,
2,white,0.25,14,437,1344,0,0,0.04336619197379232,28,0.948476748149106,
2,white,0.25,14,438,1344,0,0,0.17455008577073394,31.75,0.653467453851701,
2,white,0.25,14,439,1344,0,0,0.06651704952725479,31.75,0.9692957879022435,
2,white,0.25,14,440,1344,0,0,0.03150142895474717,32,0.1387218140723614,
2,white,0.25,14,441,1344,0,0,0.02738103177194351,28,0.9717835059189787,
2,white,0.25,14,442,1344,0,0,0.008903951176069458,31.75,0.17340485671685768,
2,white,0.25,14,443,1344,0,0,0.04481071067977094,30.75,0.41085812463180005,
2,white,0.25,14,444,1344,0,0,0.02076060257759238,31,0.35975855820229996,
2,white,0.25,14,445,1344,0,0,0.05760891345082231,29,0.6924109894577066,
2,white,0.25,14,446,1344,0,0,0.0037213863275825654,24.75,0.8076339911992025,
2,white,0.25,14,447,1344,0,0,0.05697353689659246,30.25,0.7528828018462811,
2,white,0.25,14,448,1344,0,0,0.0493058654383326,31.75,0.7073170539791873,
2,white,0.25,14,449,1344,0,0,0.13995482173913,32,0.35535924165229504,
2,white,0.25,14,450,1344,0,0,0.18903967398200427,29.75,0.2509069133031807,
2,white,0.25,14,451,1344,0,0,0.08320078167281453,31,0.03085662887041518,
2,white,0.25,14,452,1344,0,0,0.02487387347986114,31,0.9889776878177531,
2,white,0.25,14,453,1344,0,0,0.006232386724757455,27.25,0.2546603723253642,
2,white,0.25,14,454,1344,0,0,0.04691084788061328,32,0.37117381274506167,
2,white,0.25,14,455,1344,0,0,0.04186743907455537,30,0.6175319102531063,
2,white,0.25,14,456,1344,0,0,0.06407957893966787,29.75,0.8719713164436671,
2,white,0.25,14,457,1344,0,0,0.004736229724301766,30.5,0.28014845455076265,
2,white,0.25,14,458,1344,0,0,0.05167314108194376,31.75,0.05983384499961586,
2,white,0.25,14,459,1344,0,0,0.027934977306489195,32,0.13542314846944592,
2,white,0.25,14,460,1344,0,1,0.126082115368638,31.75,0.40118588199200766,
2,white,0.25,14,461,1344,0,0,0.043166300188221984,28.75,0.820082759704198,
2,white,0.25,14,462,1344,0,0,0.03114559137702022,31.75,0.8362621919992921,
2,white,0.25,14,463,1344,0,0,0.0107572366336941,30.75,0.4699977440642782,
2,white,0.25,14,464,1344,0,0,0.004922702233160048,30,0.6517754679286327,
2,white,0.25,14,465,1344,0,0,0.020177307483896123,29.25,0.3894236361750465,
2,white,0.25,14,466,1344,0,0,0.0022304293724735302,32,0.24162197495241688,
2,white,0.25,14,467,1344,0,0,0.10416730395664209,30.25,0.7536770473953659,
2,white,0.25,14,468,1344,0,0,0.024160949358408734,31.75,0.34371673749858944,
2,white,0.25,14,469,1344,0,0,0.02394019653778212,31,0.5596175141143478,
2,white,0.25,14,470,1344,0,0,0.013523898615978136,31.25,0.10734469473466635,
2,white,0.25,14,471,1344,0,0,0.15530453718582438,31.75,0.7185446871414224,
2,white,0.25,14,472,1344,0,0,0.026272512990744068,30.75,0.38460678967803497,
2,white,0.25,14,473,1344,0,0,0.19458521150085983,31.5,0.22132089015170242,
2,white,0.25,14,474,1344,0,0,0.05367038308473504,31.75,0.05777486526579212,
2,white,0.25,14,475,1344,1,1,0.000753090031397563,27.5,0.07746283823430689,
2,white,0.25,14,476,1344,0,0,0.08071304047156558,31,0.04456606848173994,
2,white,0.25,14,477,1344,0,0,0.03251368095125695,31.75,0.42114995324356275,
2,white,0.25,14,478,1344,0,0,0.010487980839535394,29,0.8545127901251811,
2,white,0.25,14,479,1344,0,0,0.1644600008915702,31.25,0.3524120574354268,
2,white,0.25,14,480,1344,0,0,0.09499237409019012,32,0.5746896168721431,
2,white,0.25,14,481,1344,0,0,0.10322806906905735,30.75,0.2312494770372917,
2,white,0.25,14,482,1344,0,0,0.03787426841332109,32,0.3818819908061535,
2,white,0.25,14,483,1344,0,0,0.005130146923635115,26.25,0.34233685819749027,
2,white,0.25,14,484,1344,1,1,0.00022727958323298658,26.25,0.49890297356747126,
2,white,0.25,14,485,1344,0,0,0.09558369449733528,30,0.16973352072460335,
2,white,0.25,14,486,1344,0,0,0.15560373052249576,31.5,0.050382256337412,
2,white,0.25,14,487,1344,0,0,0.075160902263258,32,0.6511422984918539,
2,white,0.25,14,488,1344,0,0,0.04005500894022729,30,0.6905860263385315,
2,white,0.25,14,489,1344,0,0,0.05428901347643644,30.75,0.4330675095051052,
2,white,0.25,14,490,1344,0,0,0.10395343416722458,29.5,0.09471370896833586,
2,white,0.25,14,491,1344,0,0,0.09556935793330978,30.75,0.29380794951760114,
2,white,0.25,14,492,1344,0,0,0.06793855598174825,31.75,0.7041495802686448,
2,white,0.25,14,493,1344,0,0,0.031118870521706032,31.75,0.21476030172726046,
2,white,0.25,14,494,1344,0,0,0.00880385305523157,30,0.7731345965103636,
2,white,0.25,14,495,1344,0,0,0.28591137181915083,31.5,0.06618132761830353,
2,white,0.25,14,496,1344,0,0,0.10965870913061138,30.75,0.002094635940311562,
2,white,0.25,14,497,1344,0,0,0.025903421670493976,32,0.6975030347535291,
2,white,0.25,14,498,1344,0,0,0.0208321617575693,29.75,0.48665268196347333,
2,white,0.25,14,499,1344,0,0,0.01541934858561389,31.75,0.8864039538769853,
2,white,0.25,14,500,1344,0,0,0.15103426137361287,31,0.6206856548671358,
2,white,0.25,14,501,1344,0,0,0.0012925641187541137,29.75,0.3910675867996225,
2,white,0.25,14,502,1344,0,0,0.06116247599423319,31.75,0.4358093620213609,
2,white,0.25,14,503,1344,0,0,0.0628817946517708,31.25,0.9872386962435967,
2,white,0.25,14,504,1344,0,0,0.011552814280842316,28.25,0.02753377211783814,
2,white,0.25,14,505,1344,0,0,0.007816629939175646,31.25,0.6259041528175773,
2,white,0.25,14,506,1344,0,0,0.04643744471161826,30.25,0.8551962815754945,
2,white,0.25,14,507,1344,0,0,0.06709765349690289,31.75,0.29252377727181256,
2,white,0.25,14,508,1344,0,0,0.023886082678533094,28.75,0.09479369916861868,
2,white,0.25,14,509,1344,0,0,0.01421106348112644,31.75,0.2574819050462607,
2,white,0.25,14,510,1344,0,0,0.006223720453111703,29,0.6697162706051607,
2,white,0.25,14,511,1344,0,0,0.036261094622137446,29.5,0.8602477013007646,
2,white,0.25,14,512,1344,0,0,0.025291342347130596,31.75,0.24776095935436926,
2,white,0.25,14,513,1344,0,0,0.1597884349360651,31.25,0.24959036802184476,
2,white,0.25,14,514,1344,0,0,0.0015561873164153806,25.5,0.038463460626374735,
2,white,0.25,14,515,1344,0,0,0.02205005694897877,27.75,0.9279888330407589,
2,white,0.25,14,516,1344,0,0,0.028601661404672685,30.5,0.9566991992459101,
2,white,0.25,14,517,1344,0,0,0.03354068079393735,31.5,0.21592016205913334,
2,white,0.25,14,518,1344,0,0,0.04536011786513472,30,0.6566142253385274,
2,white,0.25,14,519,1344,0,0,0.10630137450173105,31.5,0.6893228099087958,
2,white,0.25,14,520,1344,0,0,0.059631906297709425,31,0.2599738101149074,
2,white,0.25,14,521,1344,0,0,0.0014147661077115181,29.75,0.4930802044924054,
2,white,0.25,14,522,1344,0,0,0.03696509560261774,30,0.9947239251164443,
2,white,0.25,14,523,1344,0,0,0.1099012843019298,31,0.8323420384218839,
2,white,0.25,14,524,1344,0,0,0.03115803698317654,31.75,0.9417187580634097,
2,white,0.25,14,525,1344,0,0,0.04713851697584648,30,0.6521140669535064,
2,white,0.25,14,526,1344,0,0,0.04480911771452056,31.25,0.3574505547326684,
2,white,0.25,14,527,1344,0,0,0.1430047049610339,31.25,0.9708366149362728,
2,white,0.25,14,528,1344,0,0,0.23028821187012738,31,0.39435006571308917,
2,white,0.25,14,529,1344,0,0,0.03629935327312683,29,0.9774122489645176,
2,white,0.25,14,530,1344,0,0,0.2206914620729834,31.5,0.6039440149073225,
2,white,0.25,14,531,1344,0,0,0.10566818495287622,30,0.2353551354831429,
2,white,0.25,14,532,1344,0,0,0.03542587185222601,29.75,0.9795864015225164,
2,white,0.25,14,533,1344,0,0,0.055978155544508135,31,0.5229928503998089,
2,white,0.25,14,534,1344,0,0,0.14522575753730693,31.25,0.39703517837318825,
2,white,0.25,14,535,1344,0,0,0.11554161330595847,31.75,0.6240962806668808,
2,white,0.25,14,536,1344,0,0,0.02426264483267271,29,0.58602415339254,
2,white,0.25,14,537,1344,0,0,0.239923143086059,31.75,0.7469715260237411,
2,white,0.25,14,538,1344,0,0,0.07893714184561906,31.25,0.08723566863731003,
2,white,0.25,14,539,1344,0,0,0.016072294032247414,31.75,0.21467302648066144,
2,white,0.25,14,540,1344,0,0,0.1490983675939197,29,0.8722602701917124,
2,white,0.25,14,541,1344,0,0,0.02730834612715982,32,0.8405319020849294,
2,white,0.25,14,542,1344,0,0,0.03328344316543208,31,0.3597757982303589,
2,white,0.25,14,543,1344,0,0,0.07785241432106538,32,0.5375238554518171,
2,white,0.25,14,544,1344,0,0,0.13304185219120057,30.75,0.1718944792505004,
2,white,0.25,14,545,1344,0,0,0.016464051480499453,29.25,0.7697725181914742,
2,white,0.25,14,546,1344,0,0,0.09008962620933125,31.5,0.12013929069145446,
2,white,0.25,14,547,1344,0,0,0.054294612229767836,31.75,0.39136831358852275,
2,white,0.25,14,548,1344,0,0,0.009837965286900285,28.25,0.06304488485561144,
2,white,0.25,14,549,1344,0,0,0.05656347051041777,32,0.9280388060150745,
2,white,0.25,14,550,1344,0,0,0.026139240933041652,29.25,0.5391173022210417,
2,white,0.25,14,551,1344,0,0,0.005591393519855936,28.5,0.3899070945207137,
2,white,0.25,14,552,1344,0,0,0.020500078546462186,27.75,0.9627714890355499,
2,white,0.25,14,553,1344,0,0,0.011059338008786668,30,0.5197976885036956,
2,white,0.25,14,554,1344,0,0,0.04523813389264253,30.5,0.23032114366233913,
2,white,0.25,14,555,1344,0,0,0.08252142821745145,31.75,0.1345622615876666,
2,white,0.25,14,556,1344,0,0,0.03316025459471794,30.25,0.9432302410017566,
2,white,0.25,14,557,1344,0,0,0.015620797650948037,30.5,0.057243275807673744,
2,white,0.25,14,558,1344,0,0,0.02072472687977378,30,0.9706128137728286,
2,white,0.25,14,559,1344,0,0,0.047997942728353005,30.75,0.6360109730229725,
2,white,0.25,14,560,1344,0,0,0.10245369359483858,31.5,0.2985636779598384,
2,white,0.25,14,561,1344,0,0,0.01776738051004567,31.25,0.1887905333245139,
2,white,0.25,14,562,1344,0,0,0.030274642437811083,29.5,0.49578543639552375,
2,white,0.25,14,563,1344,0,0,0.032647939470444864,29.75,0.1435515572546875,
2,white,0.25,14,564,1344,0,0,0.19926224422469896,31.75,0.22961117676525622,
2,white,0.25,14,565,1344,0,0,0.05480828994372411,31,0.23046824747354155,
2,white,0.25,14,566,1344,0,0,0.02327276177440818,29.75,0.42341019183548423,
2,white,0.25,14,567,1344,0,0,0.05073828651961387,32,0.37935245625449276,
2,white,0.25,14,568,1344,0,0,0.03668607108872579,32,0.39029417666610633,
2,white,0.25,14,569,1344,0,0,0.0011261297821351102,28.75,0.780022043975934,
2,white,0.25,14,570,1344,0,0,0.06188658744086328,31.25,0.3705458100578408,
2,white,0.25,14,571,1344,0,0,0.08823976487391327,32,0.3500405287146783,
2,white,0.25,14,572,1344,0,0,0.2721698293561242,32,0.7928844335896107,
2,white,0.25,14,573,1344,0,0,0.0025709442104313585,30.5,0.29349035319716354,
2,white,0.25,14,574,1344,0,0,0.012819737538089515,29.25,0.1817962308941714,
2,white,0.25,14,575,1344,0,0,0.050293327980618696,32,0.4876450935881689,
2,white,0.25,14,576,1344,0,0,0.2713424002631043,31.75,0.38527622825262586,
2,white,0.25,14,577,1344,0,0,0.03925213131487071,31.75,0.5977608407313918,
2,white,0.25,14,578,1344,0,0,0.02402074649638164,30,0.08001222974581124,
2,white,0.25,14,579,1344,0,0,0.11802422231633658,31.75,0.33362586310988473,
2,white,0.25,14,580,1344,0,0,0.09705157045489488,31.25,0.7225576202759394,
2,white,0.25,14,581,1344,0,0,0.007936327331407145,29.5,0.25706520127300947,
2,white,0.25,14,582,1344,0,0,0.13461394047861608,30,0.8772840634989353,
2,white,0.25,14,583,1344,0,0,0.032727119093050816,29.5,0.606955324977511,
2,white,0.25,14,584,1344,0,0,0.013379809519540542,28,0.9612531156480854,
2,white,0.25,14,585,1344,0,0,0.04749163400897327,31.25,0.5382591813216768,
2,white,0.25,14,586,1344,0,0,0.02018555305787728,31.25,0.9758684653917093,
2,white,0.25,14,587,1344,0,0,0.008887003051227582,31.75,0.4118490427638519,
2,white,0.25,14,588,1344,0,0,0.020743004148190303,30.5,0.9311391044003976,
2,white,0.25,14,589,1344,0,0,0.005979169448246391,27.25,0.14958023256581598,
2,white,0.25,14,590,1344,0,0,0.13715724593562295,31,0.8379324520351941,
2,white,0.25,14,591,1344,0,0,0.13758044230596012,32,0.323173390313065,
2,white,0.25,14,592,1344,0,0,0.01800285779633448,29.5,0.44208817453830207,
2,white,0.25,14,593,1344,0,0,0.06628521410130994,31.25,0.7991069223991984,
2,white,0.25,14,594,1344,0,0,0.08336278478166814,30.25,0.8836595786078579,
2,white,0.25,14,595,1344,0,0,0.04141871318397128,30.75,0.5953970785463583,
2,white,0.25,14,596,1344,0,0,0.026608814901602607,30,0.6729178667211612,
2,white,0.25,14,597,1344,0,0,0.0841983848085126,31,0.16985637455881974,
2,white,0.25,14,598,1344,0,0,0.0034755588778654367,28.5,0.434847852129874,
2,white,0.25,14,599,1344,0,0,0.027310213233536773,29.5,0.7560151788778903,
2,white,0.25,14,600,1344,0,0,0.06901166298733918,30.5,0.3905888043087574,
2,white,0.25,14,601,1344,0,0,0.21928025820513997,32,0.33316730694193386,
2,white,0.25,14,602,1344,0,0,0.25632655155928274,31.75,0.4535217788067003,
2,white,0.25,14,603,1344,0,0,0.05748588555301781,29,0.29129201243371594,
2,white,0.25,14,604,1344,0,0,0.17192708827843417,32,0.8435398585101951,
2,white,0.25,14,605,1344,0,0,0.030512715502845955,31.5,0.5393212991016352,
2,white,0.25,14,606,1344,0,0,0.09179945312626181,31.25,0.26307086156631276,
2,white,0.25,14,607,1344,0,0,0.18640221234980214,30.5,0.8066340105023839,
2,white,0.25,14,608,1344,0,0,0.18405116671146216,31.5,0.6079374298825303,
2,white,0.25,14,609,1344,0,0,0.008530470833680526,30.75,0.1619726121503262,
2,white,0.25,14,610,1344,0,0,0.023476280300456454,31.25,0.463695203517413,
2,white,0.25,14,611,1344,0,0,0.17186648869656307,32,0.6333495438269721,
2,white,0.25,14,612,1344,0,0,0.06909129656121127,28.5,0.686737045010303,
2,white,0.25,14,613,1344,0,0,0.0739389480317244,31,0.08439322807824778,
2,white,0.25,14,614,1344,0,0,0.02012532956318802,29.25,0.973338916673175,
2,white,0.25,14,615,1344,0,0,0.09968354135126634,30,0.2979061449843252,
2,white,0.25,14,616,1344,0,0,0.004102418450425693,27.25,0.1951701959035388,
2,white,0.25,14,617,1344,0,0,0.03140269846966304,28.25,0.5408527778250536,
2,white,0.25,14,618,1344,0,0,0.09109035753785866,31.5,0.18285290237917384,
2,white,0.25,14,619,1344,0,0,0.07330672036282282,32,0.44475427146380486,
2,white,0.25,14,620,1344,0,0,0.005593959116824476,31.25,0.29286110238967433,
2,white,0.25,14,621,1344,0,0,0.011305316647943653,31,0.1312880841408881,
2,white,0.25,14,622,1344,0,0,0.008089114335487535,28.75,0.8357408445516328,
2,white,0.25,14,623,1344,0,0,0.0443734980192958,29.75,0.3055871951624062,
2,white,0.25,14,624,1344,0,0,0.040798175830485284,29.5,0.36249582814809034,
2,white,0.25,14,625,1344,0,0,0.007903271814184265,26.5,0.881114699330241,
2,white,0.25,14,626,1344,0,0,0.03068493979588849,32,0.20208695219552275,
2,white,0.25,14,627,1344,0,0,0.0651476601276818,29.75,0.8402014278276978,
2,white,0.25,14,628,1344,0,0,0.08422730321779359,29.25,0.8007677667106,
2,white,0.25,14,629,1344,0,0,0.12114643727951802,31.5,0.4532632329338563,
2,white,0.25,14,630,1344,0,0,0.061246456581336206,29.5,0.0814731854830335,
2,white,0.25,14,631,1344,0,0,0.11606941937951276,31.5,0.104613715286206,
2,white,0.25,14,632,1344,0,0,0.10597418096323463,31.5,0.4967195359739863,
2,white,0.25,14,633,1344,0,0,0.003799877353213854,29.25,0.2754519638797983,
2,white,0.25,14,634,1344,1,1,0.00016035248728685225,28.75,0.4629366692138752,
2,white,0.25,14,635,1344,0,0,0.031922322620470456,30.75,0.20813581285008176,
2,white,0.25,14,636,1344,0,0,0.053111421957652394,31.75,0.8263705934983447,
2,white,0.25,14,637,1344,0,0,0.023018459376288547,29.75,0.42721931214342346,
2,white,0.25,14,638,1344,0,0,0.005754407221625901,25.25,0.8844661637456812,
2,white,0.25,14,639,1344,0,0,0.15922956844481173,30.25,0.5916516976510127,
2,white,0.25,14,640,1344,0,0,0.009126427421308425,29.25,0.6151370995368217,
2,white,0.25,14,641,1344,0,0,0.00940562223209429,31.5,0.8831858988658637,
2,white,0.25,14,642,1344,0,0,0.04440455040422986,28.5,0.4769922817245398,
2,white,0.25,14,643,1344,0,0,0.0012076607609554646,32,0.716340903194636,
2,white,0.25,14,644,1344,0,0,0.02117938930175156,30.5,0.615158914003558,
2,white,0.25,14,645,1344,0,0,0.048890343718520746,32,0.09349403177026283,
2,white,0.25,14,646,1344,0,0,0.05346210651618988,32,0.4061698597841691,
2,white,0.25,14,647,1344,0,0,0.13645991900040788,31.25,0.8721078723661839,
2,white,0.25,14,648,1344,0,0,0.19798867615022364,32,0.0598379208947426,
2,white,0.25,14,649,1344,0,0,0.0388373896547618,30.75,0.6385355890148386,
2,white,0.25,14,650,1344,0,0,0.2686458520177897,32,0.5988803962618461,
2,white,0.25,14,651,1344,0,0,0.22101573193145008,31.75,0.9558443021709634,
2,white,0.25,14,652,1344,0,0,0.019040555191159103,31.25,0.5596072865568664,
2,white,0.25,14,653,1344,0,0,0.03743143580609465,31.75,0.9964714482555639,
2,white,0.25,14,654,1344,0,0,0.0013780186366841862,26.5,0.32079553209497746,
2,white,0.25,14,655,1344,0,0,0.02929022113012303,31.25,0.01943411478793078,
2,white,0.25,14,656,1344,0,0,0.047474998133083535,28.75,0.524147375774012,
2,white,0.25,14,657,1344,0,0,0.023498510951085683,30.75,0.4186115275788109,
2,white,0.25,14,658,1344,0,0,0.008912601144116183,29.25,0.15054406753728622,
2,white,0.25,14,659,1344,0,0,0.04717221466638499,30.25,0.9079025231476477,
2,white,0.25,14,660,1344,0,0,0.03470886976240428,31.75,0.6236016138880385,
2,white,0.25,14,661,1344,0,0,0.04099975383062382,28.5,0.15792653396464507,
2,white,0.25,14,662,1344,0,0,0.008563000996505421,31,0.026659065254858283,
2,white,0.25,14,663,1344,1,1,0.0007673287392332417,28.25,0.3137645251012461,
2,white,0.25,14,664,1344,0,0,0.021353840215944442,29.25,0.8177224813151419,
2,white,0.25,14,665,1344,0,0,0.04421025360999464,29.5,0.08955271580906699,
2,white,0.25,14,666,1344,0,0,0.09599908702955118,29.75,0.9734162756114573,
2,white,0.25,14,667,1344,1,1,0.0007500155682200749,28.25,0.2926070544457797,
2,white,0.25,14,668,1344,0,0,0.008803750842638514,30.25,0.22647086268814143,
2,white,0.25,14,669,1344,0,0,0.19508459547225943,32,0.48971736487471473,
2,white,0.25,14,670,1344,0,0,0.021101106872365216,31.5,0.43336148379412476,
2,white,0.25,14,671,1344,0,0,0.053238262564113126,29.25,0.570388372176684,
2,white,0.25,14,672,1344,0,0,0.0826370255876574,31.75,0.6958786414615645,
2,white,0.25,14,673,1344,0,0,0.015342834481416823,31.25,0.47609703263707104,
2,white,0.25,14,674,1344,0,0,0.039384254685982945,31.5,0.8148935830069318,
2,white,0.25,14,675,1344,0,0,0.04785827455698921,30.75,0.534224683342525,
2,white,0.25,14,676,1344,0,0,0.0034606866095113764,31,0.9088768119219561,
2,white,0.25,14,677,1344,0,0,0.24386438592623316,31.75,0.6124968344962478,
2,white,0.25,14,678,1344,0,0,0.192773373538904,31.75,0.1839120096396868,
2,white,0.25,14,679,1344,0,0,0.01263398217705003,31.75,0.3199014554815064,
2,white,0.25,14,680,1344,1,1,0.0004238799632262369,27.5,0.07362707363078147,
2,white,0.25,14,681,1344,1,1,0.0003228882858864468,26.5,0.5922196924935806,
2,white,0.25,14,682,1344,0,0,0.04085101269527058,31.5,0.6152831008590143,
2,white,0.25,14,683,1344,0,0,0.06219789709305534,31.5,0.09031807837732597,
2,white,0.25,14,684,1344,0,0,0.04812187473279261,30.5,0.08691063591686321,
2,white,0.25,14,685,1344,0,0,0.04658014466925464,31.75,0.14469314161713487,
2,white,0.25,14,686,1344,0,0,0.025989619784577145,28.5,0.996230467147559,
2,white,0.25,14,687,1344,0,0,0.00538484303108866,32,0.683086637639807,
2,white,0.25,14,688,1344,0,0,0.06846192744583413,31.25,0.2940035460390388,
2,white,0.25,14,689,1344,0,1,0.07876134467506135,30.75,0.496859521350405,
2,white,0.25,14,690,1344,0,0,0.07365815894174488,31.25,0.5067267018817785,
2,white,0.25,14,691,1344,0,0,0.10498637138477873,32,0.03971317670630403,
2,white,0.25,14,692,1344,1,1,0.0007954165815117209,29,0.24772110608198028,
2,white,0.25,14,693,1344,0,0,0.2568417316057444,31.75,0.5204112247632977,
2,white,0.25,14,694,1344,0,0,0.09119856676458304,31.25,0.10284469858663614,
2,white,0.25,14,695,1344,0,0,0.010356804426799537,28,0.9622423808208187,
2,white,0.25,14,696,1344,0,0,0.0513491849861657,31.25,0.10973467977140328,
2,white,0.25,14,697,1344,0,0,0.11701545313913697,31,0.3164659306377917,
2,white,0.25,14,698,1344,0,0,0.09578080453244542,31.75,0.569318774996349,
2,white,0.25,14,699,1344,0,0,0.06958206134269351,29.25,0.2575052332833996,
2,white,0.25,14,700,1344,0,0,0.13987289446190787,30,0.9956470292467143,
2,white,0.25,14,701,1344,0,0,0.006347311768354236,28,0.2508352140100403,
2,white,0.25,14,702,1344,0,0,0.03478036451667377,30.75,0.4683985552223928,
2,white,0.25,14,703,1344,0,0,0.10682273544950449,31.25,0.8839376584063252,
2,white,0.25,14,704,1344,0,0,0.019810930144581018,31.75,0.5933514172797736,
2,white,0.25,14,705,1344,0,0,0.1676333412857558,31,0.27646188623749934,
2,white,0.25,14,706,1344,0,0,0.10559140555479962,32,0.42522954341556407,
2,white,0.25,14,707,1344,0,0,0.06624330199056838,31,0.25173902092837497,
2,white,0.25,14,708,1344,0,0,0.08612682030993057,30.75,0.839397852715155,
2,white,0.25,14,709,1344,0,0,0.024802971543358088,31.25,0.19644182233870822,
2,white,0.25,14,710,1344,0,0,0.018014538097089416,30.25,0.13111164158646993,
2,white,0.25,14,711,1344,0,0,0.40254824445631876,32,0.48742459264199156,
2,white,0.25,14,712,1344,0,0,0.07896572819450753,31.5,0.013143764841171857,
2,white,0.25,14,713,1344,0,0,0.01272699689342327,30.25,0.7405519828412239,
2,white,0.25,14,714,1344,0,0,0.05252213995274291,31.5,0.7500468540861371,
2,white,0.25,14,715,1344,0,0,0.07476470249197864,32,0.9851490939272652,
2,white,0.25,14,716,1344,0,0,0.03300501527368871,28.75,0.7054793046230554,
2,white,0.25,14,717,1344,0,0,0.032411399494175375,30.5,0.9718962081805976,
2,white,0.25,14,718,1344,0,0,0.05439006418361514,31.75,0.3057875689292635,
2,white,0.25,14,719,1344,0,0,0.08731070369098937,32,0.05138910746700809,
2,white,0.25,14,720,1344,0,0,0.0150940034063477,26.25,0.9694291637727699,
2,white,0.25,14,721,1344,0,0,0.08439234035871879,31.25,0.6945447851988029,
2,white,0.25,14,722,1344,0,0,0.0447441039220382,31.5,0.41107358914691594,
2,white,0.25,14,723,1344,0,0,0.035752376325610125,29,0.8455320866827418,
2,white,0.25,14,724,1344,0,0,0.01865381753771922,30.75,0.3527889338042698,
2,white,0.25,14,725,1344,0,0,0.027002914290572888,30,0.49263949272922036,
2,white,0.25,14,726,1344,0,0,0.20611906818540926,30.25,0.08448728819349993,
2,white,0.25,14,727,1344,0,0,0.2050626328567311,31.75,0.9672619394526181,
2,white,0.25,14,728,1344,0,0,0.00950183191319287,30.5,0.6828703347534854,
2,white,0.25,14,729,1344,0,0,0.12494630144514685,32,0.35088513047071257,
2,white,0.25,14,730,1344,0,0,0.006969185074823803,26.75,0.9616397545549895,
2,white,0.25,14,731,1344,0,0,0.10410724340385769,31.5,0.4597589552660407,
2,white,0.25,14,732,1344,0,0,0.03747383052220099,31.25,0.5265928937362669,
2,white,0.25,14,733,1344,0,0,0.10014521768236229,30.25,0.9514060913418286,
2,white,0.25,14,734,1344,0,0,0.004663797345789811,29.75,0.21082778665029533,
2,white,0.25,14,735,1344,0,0,0.1242450387416536,30.25,0.3563190534123628,
2,white,0.25,14,736,1344,0,0,0.0697321777836345,30.5,0.037033820988399024,
2,white,0.25,14,737,1344,0,0,0.05667680167300948,30,0.35499683759716816,
2,white,0.25,14,738,1344,0,0,0.004109155990074886,29.25,0.8787519335902262,
2,white,0.25,14,739,1344,0,0,0.13594057908660528,31.75,0.08040152658209143,
2,white,0.25,14,740,1344,0,0,0.017191146800118906,31.25,0.7076993841785135,
2,white,0.25,14,741,1344,0,0,0.042621798551579326,30.75,0.4126401676843098,
2,white,0.25,14,742,1344,0,0,0.11291687258517569,30.75,0.5693029308264655,
2,white,0.25,14,743,1344,0,0,0.12528495603938095,31.5,0.2123802978746714,
2,white,0.25,14,744,1344,0,0,0.018592254434969924,30.25,0.14098618451825673,
2,white,0.25,14,745,1344,0,0,0.048376447152439495,32,0.49110679575676675,
2,white,0.25,14,746,1344,0,0,0.032678527187883444,29.5,0.41588419359355744,
2,white,0.25,14,747,1344,1,1,0.0004203761889833846,23.75,0.15869888293240086,
2,white,0.25,14,748,1344,0,0,0.05369497615581664,31.75,0.45238406166081835,
2,white,0.25,14,749,1344,0,0,0.15018366203864464,31.75,0.7665042674720717,
2,white,0.25,14,750,1344,0,0,0.02230652898667751,29.75,0.2265909236885767,
2,white,0.25,14,751,1344,0,0,0.11546401305340381,32,0.8025128132344507,
2,white,0.25,14,752,1344,0,0,0.005153914783734281,31,0.8484691727395262,
2,white,0.25,14,753,1344,0,0,0.040803352505025425,32,0.6973517430771203,
2,white,0.25,14,754,1344,0,0,0.0793651918950099,31.25,0.847451138313849,
2,white,0.25,14,755,1344,0,0,0.08041834035150885,27.75,0.21854229914411005,
2,white,0.25,14,756,1344,0,0,0.17202922033225576,31.25,0.7679716859515808,
2,white,0.25,14,757,1344,0,0,0.11006098122140962,31.5,0.37176853709024105,
2,white,0.25,14,758,1344,0,0,0.03210575603631838,30.25,0.1603944079553543,
2,white,0.25,14,759,1344,0,0,0.010172480734752853,29.25,0.0033584957497027057,
2,white,0.25,14,760,1344,0,0,0.017351698150979478,29,0.5660543686982522,
2,white,0.25,14,761,1344,0,0,0.02374815699822086,29.25,0.4243861902189279,
2,white,0.25,14,762,1344,0,0,0.07183298294379414,31.25,0.7900650293014464,
2,white,0.25,14,763,1344,0,0,0.03727885342824688,30,0.8027495469721326,
2,white,0.25,14,764,1344,0,0,0.031822134815479575,32,0.648748097086083,
2,white,0.25,14,765,1344,0,0,0.14937680567889544,29.25,0.8879444664470344,
2,white,0.25,14,766,1344,0,0,0.01826332223287319,29.75,0.17675583292830988,
2,white,0.25,14,767,1344,0,0,0.13565050536173384,31.75,0.5902613916322226,
2,white,0.25,14,768,1344,0,0,0.01385124470085708,28.25,0.1831993882307823,
2,white,0.25,14,769,1344,0,0,0.007823840220144596,28.5,0.5482510867835977,
2,white,0.25,14,770,1344,0,0,0.1365155020188502,32,0.15167812441253037,
2,white,0.25,14,771,1344,0,0,0.009323220345070715,30.25,0.6184146800338965,
2,white,0.25,14,772,1344,0,0,0.2925964954172908,30.5,0.6904446742751654,
2,white,0.25,14,773,1344,0,0,0.03583975841797349,30.5,0.987426693042946,
2,white,0.25,14,774,1344,0,0,0.06826542080673492,31.75,0.7000443461731023,
2,white,0.25,14,775,1344,0,0,0.00720831433217517,29.25,0.13152352483005392,
2,white,0.25,14,776,1344,0,0,0.10176117434797771,31.25,0.5542404222361059,
2,white,0.25,14,777,1344,0,0,0.06096545508125317,31.25,0.6447309772532932,
2,white,0.25,14,778,1344,0,0,0.11801096226271601,32,0.714945391080642,
2,white,0.25,14,779,1344,0,0,0.0133717050463531,29.75,0.5705537696954682,
2,white,0.25,14,780,1344,0,0,0.08393849989461544,31.75,0.9502791791887655,
2,white,0.25,14,781,1344,0,0,0.038582673947802126,32,0.2789569893745567,
2,white,0.25,14,782,1344,0,0,0.053541597753456016,32,0.9636764227775096,
2,white,0.25,14,783,1344,0,0,0.02642904673152935,30.5,0.7969725713363092,
2,white,0.25,14,784,1344,0,0,0.03958001483847284,31.5,0.45215882448763256,
2,white,0.25,14,785,1344,0,0,0.19375851832787538,31,0.8312193496416108,
2,white,0.25,14,786,1344,0,0,0.10868624871488863,31.75,0.5296636759019269,
2,white,0.25,14,787,1344,0,0,0.15048398145149267,31.5,0.9684639640788244,
2,white,0.25,14,788,1344,0,0,0.03940887046102859,31.5,0.014944461292781486,
2,white,0.25,14,789,1344,0,0,0.037674863799332936,31,0.8270899122302082,
2,white,0.25,14,790,1344,0,0,0.018533675890110346,31,0.18973254862612965,
2,white,0.25,14,791,1344,0,0,0.10136096278919293,29.5,0.017829636737325405,
2,white,0.25,14,792,1344,0,0,0.08836038151249759,29.5,0.8418486520984281,
2,white,0.25,14,793,1344,0,0,0.007339892005628679,31.5,0.8991436301680649,
2,white,0.25,14,794,1344,0,0,0.07561114747141906,31,0.6379772108841911,
2,white,0.25,14,795,1344,0,0,0.01102366591571835,29.25,0.10120282531009805,
2,white,0.25,14,796,1344,0,0,0.0055263743585275416,28.75,0.12401949980751659,
2,white,0.25,14,797,1344,0,0,0.009251057729796175,31.5,0.3987519074603003,
2,white,0.25,14,798,1344,0,0,0.02619047234714944,30,0.9434575744575371,
2,white,0.25,14,799,1344,0,0,0.057023998700649337,31.75,0.9317989090213601,
2,white,0.25,14,800,1344,0,0,0.013642374654797007,28.25,0.721234711736717,
2,white,0.25,14,801,1344,0,0,0.03875739300530534,31.75,0.5105615935519034,
2,white,0.25,14,802,1344,0,0,0.017245580124825577,30.25,0.9874271905675345,
2,white,0.25,14,803,1344,0,0,0.03167795530906714,29,0.7645816749214875,
2,white,0.25,14,804,1344,0,0,0.059584906137732374,32,0.11753019840845746,
2,white,0.25,14,805,1344,0,0,0.051715677128082116,31.75,0.46659119327973053,
2,white,0.25,14,806,1344,0,0,0.02667154061393706,28.75,0.9006376557749102,
2,white,0.25,14,807,1344,0,0,0.003122691121030252,31.25,0.45007496721824247,
2,white,0.25,14,808,1344,0,0,0.245680340314672,31,0.8984805290632538,
2,white,0.25,14,809,1344,0,0,0.004845822795042198,30.25,0.48836576363966255,
2,white,0.25,14,810,1344,0,0,0.15238982743960483,31.75,0.6285463551957059,
2,white,0.25,14,811,1344,0,0,0.007969473652596482,28,0.08682986933432424,
2,white,0.25,14,812,1344,0,0,0.01471516822863217,28.5,0.7326620007376387,
2,white,0.25,14,813,1344,0,0,0.05277612885242611,31,0.9885340553932345,
2,white,0.25,14,814,1344,0,0,0.03892731863352372,30.75,0.9212161633160306,
2,white,0.25,14,815,1344,0,0,0.07696309766874543,30,0.2870875527945913,
2,white,0.25,14,816,1344,0,0,0.009483243499236127,30.25,0.4672634574886645,
2,white,0.25,14,817,1344,0,0,0.20049449755584814,32,0.757746366170049,
2,white,0.25,14,818,1344,0,0,0.040982477706632214,26.75,0.2300147849524956,
2,white,0.25,14,819,1344,0,0,0.07155168499410858,30.5,0.07720750100334617,
2,white,0.25,14,820,1344,0,0,0.0012976584092454502,26.25,0.120180222401565,
2,white,0.25,14,821,1344,0,0,0.01826974671342374,31.25,0.16252903179482503,
2,white,0.25,14,822,1344,0,0,0.02614621502651182,29.5,0.473756585229976,
2,white,0.25,14,823,1344,0,0,0.13352395468815959,32,0.6046987511667969,
2,white,0.25,14,824,1344,0,0,0.006915071010061613,27.25,0.9900680714536717,
2,white,0.25,14,825,1344,0,0,0.03499719563577319,29.5,0.9215990770387456,
2,white,0.25,14,826,1344,0,0,0.035914475958670145,30,0.8751296074207624,
2,white,0.25,14,827,1344,0,0,0.03021397282087457,29.5,0.7966370244401566,
2,white,0.25,14,828,1344,0,0,0.05261506295999985,30.75,0.2080941928522173,
2,white,0.25,14,829,1344,0,0,0.09257273584275705,31.75,0.11979100667492304,
2,white,0.25,14,830,1344,0,0,0.010031503592523916,29,0.4861767552219829,
2,white,0.25,14,831,1344,0,0,0.016799576023712626,31.5,0.14376146706410264,
2,white,0.25,14,832,1344,0,0,0.029612905841471138,31,0.7935259171806328,
2,white,0.25,14,833,1344,0,0,0.02503332065749586,31,0.8638293626357159,
2,white,0.25,14,834,1344,0,0,0.053387466736693145,31,0.23268386900975624,
2,white,0.25,14,835,1344,0,0,0.01083064973465897,27,0.33724707061497816,
2,white,0.25,14,836,1344,0,0,0.015205934500469143,31.5,0.6239120742631126,
2,white,0.25,14,837,1344,0,0,0.06715622418908263,30.5,0.771512499921819,
2,white,0.25,14,838,1344,0,0,0.02241740653990143,31.75,0.947511246827433,
2,white,0.25,14,839,1344,0,0,0.02998506768090692,29.75,0.5570262822394306,
2,white,0.25,14,840,1344,0,0,0.011957470666543402,29.5,0.4213433986661318,
2,white,0.25,14,841,1344,0,0,0.0922102675957156,31.75,0.5388832005998474,
2,white,0.25,14,842,1344,0,0,0.0065712737294774115,29.75,0.9679994900893609,
2,white,0.25,14,843,1344,0,0,0.031643204518304935,28.5,0.31032491103029747,
2,white,0.25,14,844,1344,0,0,0.0025365803848076407,32,0.2646503922017025,
2,white,0.25,14,845,1344,0,0,0.0034352547026031965,30.5,0.25157138783033206,
2,white,0.25,14,846,1344,0,0,0.12502848431479907,31,0.5271452209227993,
2,white,0.25,14,847,1344,0,0,0.10580827871156506,31.25,0.9397419418966269,
2,white,0.25,14,848,1344,0,0,0.24876839026305664,30.5,0.47156622306569107,
2,white,0.25,14,849,1344,0,0,0.02317185369313235,31.75,0.11943218637341524,
2,white,0.25,14,850,1344,0,0,0.016673549008237698,31.25,0.30109500891456,
2,white,0.25,14,851,1344,0,0,0.07925775993890061,31.25,0.9218351377505891,
2,white,0.25,14,852,1344,0,0,0.0972835471248743,30.25,0.9182031656593719,
2,white,0.25,14,853,1344,0,0,0.018027593243753137,30.5,0.2317945690230625,
2,white,0.25,14,854,1344,0,0,0.07026941320408286,28.75,0.928583897564002,
2,white,0.25,14,855,1344,0,0,0.10998490260897131,32,0.7953255575690051,
2,white,0.25,14,856,1344,0,0,0.018803294688486294,31.75,0.5008865402928688,
2,white,0.25,14,857,1344,0,0,0.06573543684620264,29.25,0.7092473144993441,
2,white,0.25,14,858,1344,0,0,0.032125350169123434,30.5,0.36478993449335184,
2,white,0.25,14,859,1344,0,0,0.14218758695182465,31.75,0.4691351482061582,
2,white,0.25,14,860,1344,0,0,0.07809651947308016,32,0.22297249473196978,
2,white,0.25,14,861,1344,0,0,0.05619001388808986,32,0.3705108793087195,
2,white,0.25,14,862,1344,0,0,0.03997315547338931,28,0.7787428754465132,
2,white,0.25,14,863,1344,0,0,0.0525252724195987,29.25,0.2759407452167808,
2,white,0.25,14,864,1344,0,0,0.017501383524255232,29.25,0.6592723391456558,
2,white,0.25,14,865,1344,0,0,0.03595387328226096,30,0.557992075683168,
2,white,0.25,14,866,1344,0,0,0.0813836780759778,31.5,0.482961571875842,
2,white,0.25,14,867,1344,0,0,0.0630669188525147,31.25,0.7449161710530312,
2,white,0.25,14,868,1344,0,0,0.014587746063050577,28.25,0.3281377342482785,
2,white,0.25,14,869,1344,0,0,0.03566488688938996,31.5,0.6450450925850058,
2,white,0.25,14,870,1344,0,0,0.11893397344274137,31.5,0.19258421760325894,
2,white,0.25,14,871,1344,0,0,0.001012025106545189,28,0.42005618354409857,
2,white,0.25,14,872,1344,0,0,0.18937407942688989,31,0.13664809952656032,
2,white,0.25,14,873,1344,0,0,0.007141913249083198,31.25,0.34739698521965057,
2,white,0.25,14,874,1344,0,0,0.19149282575145699,31,0.5535274820377798,
2,white,0.25,14,875,1344,0,0,0.055228725287804536,31.25,0.0007638126558447977,
2,white,0.25,14,876,1344,0,0,0.02700544077860878,31,0.6850368300406959,
2,white,0.25,14,877,1344,0,0,0.07160706621438906,30,0.24691849041330804,
2,white,0.25,14,878,1344,0,0,0.007470851072913454,28.25,0.19554836378461338,
2,white,0.25,14,879,1344,0,0,0.1252434232750097,31.25,0.5109706267042924,
2,white,0.25,14,880,1344,0,0,0.05153529920472899,31.75,0.5892446064830084,
2,white,0.25,14,881,1344,0,0,0.20553191656615355,31.75,0.04851173165806888,
2,white,0.25,14,882,1344,0,0,0.03926147705222938,29.75,0.23034434227178346,
2,white,0.25,14,883,1344,0,0,0.08827811146791664,31,0.32814803331612596,
2,white,0.25,14,884,1344,0,0,0.21153681631755716,32,0.06332652863460908,
2,white,0.25,14,885,1344,0,0,0.048485545203164504,29,0.4546838540154551,
2,white,0.25,14,886,1344,1,1,0.0005599270296311465,27,0.8882420127839117,
2,white,0.25,14,887,1344,0,0,0.03407556845434101,29.25,0.44029058276637645,
2,white,0.25,14,888,1344,0,0,0.2463786228595597,31,0.047600887319035334,
2,white,0.25,14,889,1344,0,0,0.00223716583303879,28,0.4054230404093585,
2,white,0.25,14,890,1344,0,0,0.025208113888533723,28.75,0.35721198043793245,
2,white,0.25,14,891,1344,0,0,0.015926341108059683,28.5,0.017969081043253565,
2,white,0.25,14,892,1344,0,0,0.05368449935588304,30.5,0.6619304690968202,
2,white,0.25,14,893,1344,0,0,0.004195557620693013,27.5,0.18256497999666088,
2,white,0.25,14,894,1344,0,0,0.034196063108148045,31.5,0.7303794880160579,
2,white,0.25,14,895,1344,0,0,0.014265543142763848,26.5,0.09468971259606795,
2,white,0.25,14,896,1344,0,0,0.19675599374147723,32,0.40643870399315796,
2,white,0.25,14,897,1344,0,0,0.013915403298165763,31.25,0.1991065147771507,
2,white,0.25,14,898,1344,0,0,0.037952635231614296,32,0.377596073718215,
2,white,0.25,14,899,1344,0,1,0.01375316070699073,30,0.7981935170840201,
2,white,0.25,14,900,1344,0,0,0.06037640809608813,30.75,0.30549763843461153,
2,white,0.25,14,901,1344,0,0,0.013168379985197265,27.5,0.7943154519703381,
2,white,0.25,14,902,1344,0,0,0.0054428718604634385,25.5,0.19617525647337664,
2,white,0.25,14,903,1344,0,0,0.2979445624464163,32,0.2174629051448984,
2,white,0.25,14,904,1344,0,0,0.12533679752536975,31.75,0.5868477016033682,
2,white,0.25,14,905,1344,0,0,0.017644651084721685,32,0.3435970456565388,
2,white,0.25,14,906,1344,0,0,0.06445712349086818,31,0.6222314260041525,
2,white,0.25,14,907,1344,0,0,0.06903220401219967,32,0.6338442695602646,
2,white,0.25,14,908,1344,0,0,0.0032635444890417586,30.5,0.46545549210766357,
2,white,0.25,14,909,1344,0,0,0.07339039452181084,29.5,0.5632000492411255,
2,white,0.25,14,910,1344,0,0,0.03400737025244427,29.5,0.19993939435024577,
2,white,0.25,14,911,1344,0,0,0.03515987764815098,29.5,0.7048121735336701,
2,white,0.25,14,912,1344,0,0,0.007218562265016715,31,0.7483240860615099,
2,white,0.25,14,913,1344,0,0,0.04521757684629202,31.25,0.13839680283228217,
2,white,0.25,14,914,1344,0,0,0.08440160813344288,31.75,0.20863905254803505,
2,white,0.25,14,915,1344,0,0,0.028975301644657225,29.5,0.7935125222928798,
2,white,0.25,14,916,1344,0,0,0.13861858433863528,32,0.662593704283961,
2,white,0.25,14,917,1344,0,0,0.05037492968559809,32,0.24840969475460806,
2,white,0.25,14,918,1344,0,0,0.007597789264913168,32,0.9782587403074008,
2,white,0.25,14,919,1344,0,0,0.05384664557559393,31.75,0.8666070594622278,
2,white,0.25,14,920,1344,0,0,0.042601445862993303,27.25,0.14808081919007798,
2,white,0.25,14,921,1344,0,0,0.007602535926517273,28.25,0.6003820010554388,
2,white,0.25,14,922,1344,0,0,0.0074780586735069265,27,0.22426821543700903,
2,white,0.25,14,923,1344,0,0,0.054289836081565346,31.5,0.45254904894841175,
2,white,0.25,14,924,1344,0,0,0.1378337161761941,32,0.7090503135828147,
2,white,0.25,14,925,1344,0,0,0.059280614120448605,30.25,0.7215541875983281,
2,white,0.25,14,926,1344,0,0,0.07437998512844224,30.75,0.9343213804747585,
2,white,0.25,14,927,1344,0,0,0.3199743955719965,32,0.7616357170767765,
2,white,0.25,14,928,1344,0,0,0.027719156892438646,30.25,0.527172963786255,
2,white,0.25,14,929,1344,0,0,0.00961038484221488,32,0.3907642271631331,
2,white,0.25,14,930,1344,0,0,0.011728009158177066,31.5,0.9751200376430497,
2,white,0.25,14,931,1344,0,0,0.013160135379280069,31.25,0.1216133438307947,
2,white,0.25,14,932,1344,0,0,0.19745923318717618,31.5,0.1485963073955514,
2,white,0.25,14,933,1344,0,0,0.04535569920547711,31,0.2380632816237045,
2,white,0.25,14,934,1344,0,0,0.03739549343543769,31.25,0.21555087639324055,
2,white,0.25,14,935,1344,0,0,0.0354174065528442,32,0.042773394807033016,
2,white,0.25,14,936,1344,0,0,0.020135462579037533,30.5,0.9880712143338747,
2,white,0.25,14,937,1344,0,0,0.028142073992952432,30.75,0.5465197348672236,
2,white,0.25,14,938,1344,0,0,0.0019424912842855857,25.75,0.44538701185336593,
2,white,0.25,14,939,1344,0,0,0.033449685514658434,32,0.3901380181213153,
2,white,0.25,14,940,1344,0,0,0.03236746886494157,29.25,0.8710709608967081,
2,white,0.25,14,941,1344,0,0,0.026987053576623787,31,0.24480768932605268,
2,white,0.25,14,942,1344,0,0,0.014874795080860537,26.25,0.7711067201369267,
2,white,0.25,14,943,1344,0,0,0.0482764767515238,28.75,0.5305526596956944,
2,white,0.25,14,944,1344,0,0,0.0298479089350131,30,0.11345030964227532,
2,white,0.25,14,945,1344,0,0,0.002905126529137103,26,0.056939287603942845,
2,white,0.25,14,946,1344,0,0,0.006931468610235414,27.5,0.6413859942866911,
2,white,0.25,14,947,1344,0,0,0.04494115853713043,31.25,0.20309647177501555,
2,white,0.25,14,948,1344,0,0,0.13049852970828224,31.5,0.5286997910798579,
2,white,0.25,14,949,1344,0,0,0.05150809196716044,31.5,0.24288173709114513,
2,white,0.25,14,950,1344,0,0,0.0063273900640158365,30,0.18379550003404188,
2,white,0.25,14,951,1344,0,0,0.05229471171793676,30.25,0.8968111172123592,
2,white,0.25,14,952,1344,0,0,0.03841243656250981,30,0.6796850876405064,
2,white,0.25,14,953,1344,0,0,0.022205655357798504,30.75,0.8927370213877811,
2,white,0.25,14,954,1344,0,0,0.022156496717479324,32,0.21866957340271564,
2,white,0.25,14,955,1344,0,0,0.15058344005172564,31,0.4173238199277528,
2,white,0.25,14,956,1344,0,0,0.008099826227768836,29.25,0.6013228406719373,
2,white,0.25,14,957,1344,0,0,0.00919640161279145,26,0.08482327273743095,
2,white,0.25,14,958,1344,0,0,0.03729200939771815,29.5,0.9804691893909703,
2,white,0.25,14,959,1344,0,0,0.13323494594120233,30.75,0.3931690018556243,
2,white,0.25,14,960,1344,0,0,0.14893914904323513,31.75,0.8824350240976291,
2,white,0.25,14,961,1344,0,0,0.06143630237717668,31.25,0.9143301575969743,
2,white,0.25,14,962,1344,0,0,0.09759290940838361,29,0.8265983150597394,
2,white,0.25,14,963,1344,0,0,0.00709309699305416,31,0.6984359359863034,
2,white,0.25,14,964,1344,0,0,0.08038361524792781,31,0.5378237714368853,
2,white,0.25,14,965,1344,0,0,0.07219633365450284,30.75,0.6750846307749544,
2,white,0.25,14,966,1344,0,0,0.059895530321723456,30.75,0.8898269643375779,
2,white,0.25,14,967,1344,0,0,0.07363989422908146,32,0.7696618490255964,
2,white,0.25,14,968,1344,0,0,0.07262327332229801,31.25,0.5064964187318355,
2,white,0.25,14,969,1344,0,0,0.0926409693083623,30.25,0.8260629948850429,
2,white,0.25,14,970,1344,0,0,0.03643855260768658,30,0.47782638322870474,
2,white,0.25,14,971,1344,0,0,0.04329817148373061,29.25,0.46465870096873296,
2,white,0.25,14,972,1344,0,0,0.05445391829387203,31.75,0.16879077771330842,
2,white,0.25,14,973,1344,0,0,0.08501721187115963,30.25,0.19233889295271145,
2,white,0.25,14,974,1344,0,0,0.05128546265541867,29.5,0.5162184886801127,
2,white,0.25,14,975,1344,0,0,0.08247664703012692,31.75,0.944907222447457,
2,white,0.25,14,976,1344,0,0,0.02184224063550133,31.5,0.03258475532031502,
2,white,0.25,14,977,1344,0,0,0.012624752289918328,29,0.651476877086639,
2,white,0.25,14,978,1344,0,0,0.048417428826986186,31,0.32026218667100126,
2,white,0.25,14,979,1344,0,0,0.044984794625273605,30,0.7595520713787602,
2,white,0.25,14,980,1344,0,0,0.020727133618336224,27.75,0.9279120301582641,
2,white,0.25,14,981,1344,0,0,0.038336735129027466,30.75,0.5700014296685776,
2,white,0.25,14,982,1344,0,0,0.10272353508750243,31,0.3642773685900327,
2,white,0.25,14,983,1344,0,0,0.004813427994460273,29.25,0.9352574500419146,
2,white,0.25,14,984,1344,0,0,0.008774647470693453,32,0.10097087883912403,
2,white,0.25,14,985,1344,0,0,0.20224327909497852,32,0.10219767276380542,
2,white,0.25,14,986,1344,0,0,0.12491619946121024,30,0.22870171798529015,
2,white,0.25,14,987,1344,0,0,0.03858018028025123,31,0.9898937976038851,
2,white,0.25,14,988,1344,0,0,0.02621034866553762,31.25,0.021765845745739365,
2,white,0.25,14,989,1344,0,0,0.1964081555752607,32,0.272802518543667,
2,white,0.25,14,990,1344,0,0,0.01307537921823465,30,0.40259635432119045,
2,white,0.25,14,991,1344,0,0,0.1235507724757059,31,0.7542850254411428,
2,white,0.25,14,992,1344,0,0,0.23052722887701016,31.25,0.13886515652037723,
2,white,0.25,14,993,1344,0,0,0.003428514418010953,26.75,0.09746654598445681,
2,white,0.25,14,994,1344,0,0,0.03260615568550873,30.75,0.1419394432498926,
2,white,0.25,14,995,1344,0,0,0.007377105547273444,30.25,0.3770796870881623,
2,white,0.25,14,996,1344,0,0,0.07092406930059625,30.5,0.9448885719370693,
2,white,0.25,14,997,1344,0,0,0.023682692127879768,31.25,0.651963548398475,
2,white,0.25,14,998,1344,0,0,0.021935163083129927,28.75,0.49030054759571395,
2,white,0.25,14,999,1344,0,0,0.07097327711774881,30,0.10026126512548705,
6,ar1,0.25,3,0,288,0,0,0.1280638565897041,29.25,0.40510715470319203,
6,ar1,0.25,3,1,288,0,0,0.14440487050700745,30,0.00008971145106917433,
6,ar1,0.25,3,2,288,0,0,0.20619196162039777,31.25,0.46820644725124605,
6,ar1,0.25,3,3,288,0,0,0.051297845808397136,31.75,0.7312893109467553,
6,ar1,0.25,3,4,288,0,0,0.1202653231963684,31.25,0.009242555228802463,
6,ar1,0.25,3,5,288,0,0,0.2640261067215979,32,0.46411081539902477,
6,ar1,0.25,3,6,288,0,0,0.030306823703698527,31.75,0.4984509133707886,
6,ar1,0.25,3,7,288,0,0,0.014974027022415348,27.25,0.000002480541063443198,
6,ar1,0.25,3,8,288,0,0,0.010204127197031454,25.5,0.0008354455945920325,
6,ar1,0.25,3,9,288,0,0,0.116075534349393,29.5,0.10746917247167098,
6,ar1,0.25,3,10,288,0,0,0.017465477764165405,27.25,0.0015815684482572978,
6,ar1,0.25,3,11,288,0,0,0.028591760216474027,28.75,0.04330949466777578,
6,ar1,0.25,3,12,288,0,0,0.1893857971151338,31.75,0.001549554900537653,
6,ar1,0.25,3,13,288,0,0,0.4234531946266279,31.25,0.026464391013560573,
6,ar1,0.25,3,14,288,0,0,0.036473763736479814,28.75,0.0681341166251086,
6,ar1,0.25,3,15,288,0,0,0.026634525628259298,28.75,0.3594750757774825,
6,ar1,0.25,3,16,288,0,1,0.015500049127260995,29.25,0.13575865114215857,
6,ar1,0.25,3,17,288,0,0,0.046825074528231925,29.25,0.41462315537874495,
6,ar1,0.25,3,18,288,0,0,0.09612275234940182,30.75,0.22617802661599584,
6,ar1,0.25,3,19,288,0,0,0.06324602305955118,30.25,0.02594393106116999,
6,ar1,0.25,3,20,288,0,1,0.02511999566061074,29.25,0.01386135588600057,
6,ar1,0.25,3,21,288,0,0,0.15133190449972878,31.75,0.5166914277628571,
6,ar1,0.25,3,22,288,0,0,0.12599144550957952,31.5,0.3207374772665341,
6,ar1,0.25,3,23,288,0,0,0.00644717400059025,31.25,0.18969415127102973,
6,ar1,0.25,3,24,288,0,0,0.08408462069717781,29.75,0.00010311533172613352,
6,ar1,0.25,3,25,288,0,0,0.06999730913246238,29.5,0.005359127194330737,
6,ar1,0.25,3,26,288,0,0,0.23121930448921324,31.5,0.011007923619060889,
6,ar1,0.25,3,27,288,0,0,0.07180530519513662,32,0.31330660224366635,
6,ar1,0.25,3,28,288,0,0,0.058340810838765966,31.25,0.22564768054926787,
6,ar1,0.25,3,29,288,0,0,0.009815171219486052,32,0.00044355850366450955,
6,ar1,0.25,3,30,288,0,0,0.14552358869571336,32,0.7885573726524518,
6,ar1,0.25,3,31,288,0,0,0.06738943185818902,32,0.1946116392973274,
6,ar1,0.25,3,32,288,0,0,0.08030067374406924,32,0.3004611016243295,
6,ar1,0.25,3,33,288,0,0,0.29108363953728555,29,0.008839507254725376,
6,ar1,0.25,3,34,288,0,0,0.02493286497635061,28,0.35005658036046716,
6,ar1,0.25,3,35,288,0,0,0.10441673410609054,32,0.15383140774407378,
6,ar1,0.25,3,36,288,0,0,0.1213251211937717,32,0.22973121476183467,
6,ar1,0.25,3,37,288,1,1,0.0005520268246521631,22.5,0.022754584443689385,
6,ar1,0.25,3,38,288,0,0,0.18834690518069397,30.75,0.15050744555615048,
6,ar1,0.25,3,39,288,0,0,0.10459556603102693,31.25,0.23501696085079038,
6,ar1,0.25,3,40,288,0,0,0.1954256136102308,31,0.0004647067573901875,
6,ar1,0.25,3,41,288,0,0,0.33250556218457317,29.5,0.011875849452130938,
6,ar1,0.25,3,42,288,0,0,0.10180400624037478,32,0.001443441105711596,
6,ar1,0.25,3,43,288,0,0,0.15216616614111933,30.5,0.25198461846070663,
6,ar1,0.25,3,44,288,0,0,0.22734406125529572,32,0.3282589101158859,
6,ar1,0.25,3,45,288,0,0,0.1900387741933054,29.5,0.012277053044799757,
6,ar1,0.25,3,46,288,0,0,0.05641810881313314,29.25,0.00041682571228085497,
6,ar1,0.25,3,47,288,0,0,0.030505874736192595,29.5,0.30500272355172564,
6,ar1,0.25,3,48,288,0,0,0.1503277662998317,31.75,0.001179262288816596,
6,ar1,0.25,3,49,288,0,0,0.006779959733511087,31.75,3.0585695465212837e-7,
6,ar1,0.25,3,50,288,0,0,0.2555062740541284,30,0.0011359088774730575,
6,ar1,0.25,3,51,288,0,0,0.14797948970523733,31,0.17752111139239368,
6,ar1,0.25,3,52,288,0,0,0.3127845887493581,29.25,0.040509163550939364,
6,ar1,0.25,3,53,288,0,0,0.07256989315149909,30,0.3163526517237115,
6,ar1,0.25,3,54,288,0,0,0.06824386520357906,32,0.024602544545238136,
6,ar1,0.25,3,55,288,0,0,0.0031210020424560225,26,0.0064761001501115745,
6,ar1,0.25,3,56,288,0,0,0.023722814309990792,30.25,0.447093027591863,
6,ar1,0.25,3,57,288,0,0,0.005740167304080557,31,0.0000054732960224068705,
6,ar1,0.25,3,58,288,0,0,0.275337738364708,32,0.4010426868111765,
6,ar1,0.25,3,59,288,0,0,0.04767150017459765,30.75,0.013874170655646334,
6,ar1,0.25,3,60,288,0,0,0.23189074237054053,32,0.46332906387275863,
6,ar1,0.25,3,61,288,0,0,0.005093410610947369,32,0.03795893375601822,
6,ar1,0.25,3,62,288,0,0,0.19364508376226597,29.5,0.03084093984757219,
6,ar1,0.25,3,63,288,0,0,0.09814391972691316,30.5,0.960837192608856,
6,ar1,0.25,3,64,288,0,0,0.012631636300930671,29.25,0.3109627626683774,
6,ar1,0.25,3,65,288,0,0,0.02805209671640818,30.25,0.2735233199303231,
6,ar1,0.25,3,66,288,0,0,0.10439215228872223,30.75,0.4083472175007119,
6,ar1,0.25,3,67,288,0,0,0.03018744574232013,28.5,0.23910525565656116,
6,ar1,0.25,3,68,288,0,0,0.055420780950552695,30,0.5274786506946111,
6,ar1,0.25,3,69,288,0,0,0.021941412354447798,31.25,0.1246965750250465,
6,ar1,0.25,3,70,288,0,0,0.030472696094349216,29,0.043075113726307124,
6,ar1,0.25,3,71,288,0,0,0.22005933703036573,29.75,0.000829352190392596,
6,ar1,0.25,3,72,288,0,0,0.040447375714365186,32,0.446471177783616,
6,ar1,0.25,3,73,288,0,0,0.09998547938190916,30,0.25818103815104343,
6,ar1,0.25,3,74,288,0,0,0.06416399265492656,30.25,0.06512966859959557,
6,ar1,0.25,3,75,288,0,0,0.0873526881975053,28.75,0.1593039785671969,
6,ar1,0.25,3,76,288,0,0,0.1565323245675786,30,0.9613696642634104,
6,ar1,0.25,3,77,288,0,0,0.16465333815605132,32,0.1714846578802578,
6,ar1,0.25,3,78,288,0,0,0.22275364605200765,30.5,0.08237097880066102,
6,ar1,0.25,3,79,288,0,0,0.037689062045988764,31.5,0.8788768182636274,
6,ar1,0.25,3,80,288,0,0,0.021575947625782854,27.5,0.022949953787405497,
6,ar1,0.25,3,81,288,0,0,0.5970936352947314,32,0.5151808858544795,
6,ar1,0.25,3,82,288,0,0,0.06804548040179159,31.5,0.3115294648959186,
6,ar1,0.25,3,83,288,0,0,0.02389518573332461,30.25,0.2020699660614187,
6,ar1,0.25,3,84,288,0,0,0.06809439563766029,30.75,0.6136675790299444,
6,ar1,0.25,3,85,288,0,0,0.04334785642289363,27.75,0.21561637783717091,
6,ar1,0.25,3,86,288,0,0,0.12576408200879763,32,1.7813836294955365e-8,
6,ar1,0.25,3,87,288,0,0,0.282852286721327,31.25,0.21634562580862693,
6,ar1,0.25,3,88,288,0,0,0.021138272186136398,31,0.06334892078489684,
6,ar1,0.25,3,89,288,0,0,0.5499167869486692,31.5,0.03108478745317811,
6,ar1,0.25,3,90,288,0,0,0.1957274175682553,31.75,0.08779420386425729,
6,ar1,0.25,3,91,288,0,0,0.0678487964406308,27.25,0.0001001401147290304,
6,ar1,0.25,3,92,288,0,0,0.03753795793115289,28,0.4729371163186571,
6,ar1,0.25,3,93,288,0,1,0.055682314942211875,32,0.007917999843298551,
6,ar1,0.25,3,94,288,0,0,0.02921814396778233,28,0.003972967948077999,
6,ar1,0.25,3,95,288,0,0,0.06234828900932632,31.75,0.34979008501408726,
6,ar1,0.25,3,96,288,0,0,0.035556586966972614,29.5,0.0005616562591811425,
6,ar1,0.25,3,97,288,0,0,0.03593819879726734,27.25,0.6070879727566114,
6,ar1,0.25,3,98,288,0,0,0.1552268016844408,32,0.3460389994766573,
6,ar1,0.25,3,99,288,0,0,0.0951171169815952,30.25,0.17752450008170473,
6,ar1,0.25,3,100,288,0,0,0.2703462169132852,30,0.5786843090563437,
6,ar1,0.25,3,101,288,0,0,0.14296629537809968,32,0.5239840236944342,
6,ar1,0.25,3,102,288,0,0,0.01667202643230392,28,0.0003802890467754505,
6,ar1,0.25,3,103,288,0,0,0.18219073258797203,31.75,0.6440772042397409,
6,ar1,0.25,3,104,288,0,0,0.05125613791768924,29.5,0.38817642361759763,
6,ar1,0.25,3,105,288,0,0,0.1261159035249917,31.5,0.22712958838457076,
6,ar1,0.25,3,106,288,0,0,0.08571993970933345,29.5,0.00008506165788979558,
6,ar1,0.25,3,107,288,0,0,0.067565092767775,29.75,0.000003194866418532172,
6,ar1,0.25,3,108,288,0,0,0.11718026332549958,29.75,0.29823025059323205,
6,ar1,0.25,3,109,288,0,0,0.007767465449482702,25,0.5020173221390258,
6,ar1,0.25,3,110,288,0,0,0.010122260594379484,29.25,0.016467099035858634,
6,ar1,0.25,3,111,288,0,0,0.0884455894146603,30.75,0.493064193709976,
6,ar1,0.25,3,112,288,0,0,0.09356331271435481,31.75,0.004394336719477643,
6,ar1,0.25,3,113,288,0,0,0.06830036078350521,31.25,0.17749358323301667,
6,ar1,0.25,3,114,288,0,0,0.05530632285281378,30.25,0.1989040007018925,
6,ar1,0.25,3,115,288,0,0,0.056963215185375615,29.5,0.4405511735656854,
6,ar1,0.25,3,116,288,0,0,0.019109689524723694,31,0.2459065764244407,
6,ar1,0.25,3,117,288,0,0,0.0149453029435338,27.75,0.00011811072050837979,
6,ar1,0.25,3,118,288,0,0,0.0054946825717716585,31,0.9618053989758655,
6,ar1,0.25,3,119,288,0,0,0.12186366245802294,29.5,0.02732797485013949,
6,ar1,0.25,3,120,288,0,0,0.15179900968570603,31.75,0.46023089952800267,
6,ar1,0.25,3,121,288,0,0,0.20377156414694242,28.75,0.028188692303882656,
6,ar1,0.25,3,122,288,0,0,0.0329651402718103,31.75,0.550110143637879,
6,ar1,0.25,3,123,288,1,1,0.0004369392385656923,27.75,0.04839814799187403,
6,ar1,0.25,3,124,288,0,0,0.2584279701503579,32,0.6684331086472224,
6,ar1,0.25,3,125,288,0,0,0.04308388041010047,31.5,0.0043471805802063335,
6,ar1,0.25,3,126,288,0,0,0.015342792008070538,30.5,0.5229634179947067,
6,ar1,0.25,3,127,288,0,0,0.1447290806863364,31.25,0.42748348716642326,
6,ar1,0.25,3,128,288,0,0,0.024536474868297353,31.75,0.001307313463017823,
6,ar1,0.25,3,129,288,0,0,0.3282915461561261,31.75,0.11264095901465243,
6,ar1,0.25,3,130,288,0,0,0.030876689028918936,31.75,0.15014529898283013,
6,ar1,0.25,3,131,288,0,0,0.1312754625310264,31,0.004810401566734179,
6,ar1,0.25,3,132,288,0,0,0.06059605357089626,29.75,0.5628232331997708,
6,ar1,0.25,3,133,288,0,0,0.01919831678899242,27,0.41714446141177863,
6,ar1,0.25,3,134,288,0,0,0.2798992746187867,29.75,0.2839201476680222,
6,ar1,0.25,3,135,288,0,0,0.06257531354166979,28.75,0.22961332511481114,
6,ar1,0.25,3,136,288,0,0,0.14752193817325376,31,0.1435460205288306,
6,ar1,0.25,3,137,288,0,0,0.040475921627543876,31,0.010024014395785708,
6,ar1,0.25,3,138,288,0,0,0.021453012720058284,28.75,0.6912045318820337,
6,ar1,0.25,3,139,288,0,0,0.1636768771267858,31.5,0.006545147813381558,
6,ar1,0.25,3,140,288,0,0,0.11078993934440229,32,0.00009028008607225857,
6,ar1,0.25,3,141,288,0,0,0.04594527733627418,31.5,0.350570127663433,
6,ar1,0.25,3,142,288,0,0,0.3078575255491145,31.25,0.4303075046540783,
6,ar1,0.25,3,143,288,0,0,0.024566395666420715,26.25,0.0051502533909416615,
6,ar1,0.25,3,144,288,0,0,0.060460389821842875,31,0.006060007554526958,
6,ar1,0.25,3,145,288,0,0,0.004285447890098992,28.5,0.8053747758502886,
6,ar1,0.25,3,146,288,0,0,0.21499082952749438,32,0.10592478755186818,
6,ar1,0.25,3,147,288,0,0,0.010141456773344104,30.5,0.10401219782166882,
6,ar1,0.25,3,148,288,0,0,0.33306657204345935,32,0.20618431515683655,
6,ar1,0.25,3,149,288,0,0,0.07729947927606273,29.75,0.6354227611091042,
6,ar1,0.25,3,150,288,0,0,0.04957978883195191,32,0.867538982444408,
6,ar1,0.25,3,151,288,0,0,0.04958065342756901,31.75,0.2621589093796082,
6,ar1,0.25,3,152,288,0,0,0.3505319431010919,32,0.21269047065875712,
6,ar1,0.25,3,153,288,0,0,0.14153251493608532,31.5,0.5694774144453829,
6,ar1,0.25,3,154,288,0,0,0.10208844482145352,31.25,0.060108114412821156,
6,ar1,0.25,3,155,288,0,0,0.15544039564741752,32,0.0017667339854851027,
6,ar1,0.25,3,156,288,0,0,0.36075370154367103,30,0.40078372401295115,
6,ar1,0.25,3,157,288,0,0,0.044102646884271124,32,0.5747982552593933,
6,ar1,0.25,3,158,288,0,0,0.2560134531648687,32,0.134173186954329,
6,ar1,0.25,3,159,288,0,0,0.029273476954660094,31.25,8.92929996609837e-8,
6,ar1,0.25,3,160,288,0,0,0.13641768860270675,28.25,0.13265517506350633,
6,ar1,0.25,3,161,288,0,0,0.1081173360641089,29.5,0.04985919533911598,
6,ar1,0.25,3,162,288,0,0,0.029677445223997623,31.75,0.05859190155386185,
6,ar1,0.25,3,163,288,0,0,0.5600484757296746,32,0.6893577288957187,
6,ar1,0.25,3,164,288,0,0,0.24524987230997985,32,0.6591737944156446,
6,ar1,0.25,3,165,288,0,1,0.060050267762020826,30.75,0.006074886710365268,
6,ar1,0.25,3,166,288,0,0,0.31644499616305777,31.75,0.00853486528901981,
6,ar1,0.25,3,167,288,0,0,0.025871891629764554,31,0.02687455258506999,
6,ar1,0.25,3,168,288,0,0,0.13606486482471536,31.5,0.06364415815070312,
6,ar1,0.25,3,169,288,0,0,0.038911400048351696,31.75,0.047457549609941085,
6,ar1,0.25,3,170,288,0,0,0.07538230496752152,30.75,0.0000022244053443642997,
6,ar1,0.25,3,171,288,0,0,0.12264139729419021,31.5,0.06537356664647898,
6,ar1,0.25,3,172,288,0,0,0.06346387258553743,29,0.0005058579957831766,
6,ar1,0.25,3,173,288,0,0,0.0031687826385455864,24,0.008812615226893694,
6,ar1,0.25,3,174,288,0,0,0.015499535274900333,30.25,0.37211911525484564,
6,ar1,0.25,3,175,288,0,0,0.11998378504314877,31.25,0.12484174211969923,
6,ar1,0.25,3,176,288,0,0,0.10309972045251614,32,0.033547634776313506,
6,ar1,0.25,3,177,288,0,0,0.053797869915059415,30.5,0.3333162120304056,
6,ar1,0.25,3,178,288,0,0,0.12659132964648911,31.75,0.00038084314126296537,
6,ar1,0.25,3,179,288,0,0,0.1277126040465656,28.25,0.0006698106728321163,
6,ar1,0.25,3,180,288,0,0,0.12229650056770491,32,0.003235789502416875,
6,ar1,0.25,3,181,288,0,0,0.07680100265274103,30.25,0.7883362501886555,
6,ar1,0.25,3,182,288,0,0,0.03613028985521627,32,0.08841866336737048,
6,ar1,0.25,3,183,288,0,0,0.12359183991935063,32,0.35226130810534473,
6,ar1,0.25,3,184,288,0,0,0.0324187880572856,27.5,0.18701043266515516,
6,ar1,0.25,3,185,288,0,0,0.2680870860575313,29.75,0.1838424127954701,
6,ar1,0.25,3,186,288,0,0,0.004048359433211246,29.5,0.019506430538362207,
6,ar1,0.25,3,187,288,0,0,0.28620751936441824,32,0.789506388990231,
6,ar1,0.25,3,188,288,0,0,0.0036648323740785527,25.25,0.27283215574822484,
6,ar1,0.25,3,189,288,0,0,0.02490644525674046,30,0.3575708023624905,
6,ar1,0.25,3,190,288,0,0,0.09132867757474883,32,0.01360870350696497,
6,ar1,0.25,3,191,288,0,0,0.012995627074035565,31,0.4739335378179259,
6,ar1,0.25,3,192,288,0,0,0.16913080055212792,31.75,0.059709867760457724,
6,ar1,0.25,3,193,288,0,0,0.004241471324387347,30.5,0.004469672274799552,
6,ar1,0.25,3,194,288,0,0,0.07014798525632393,31.5,0.6624313731850028,
6,ar1,0.25,3,195,288,0,0,0.0272459476963971,27.75,0.3166208018234251,
6,ar1,0.25,3,196,288,0,0,0.0964429473275461,31.75,0.1525500276556626,
6,ar1,0.25,3,197,288,0,0,0.0593244108366604,26.5,0.3289366248767276,
6,ar1,0.25,3,198,288,0,0,0.3289464887595521,31.5,0.0008078552179677789,
6,ar1,0.25,3,199,288,0,0,0.18759427825671726,30.25,0.0729276497630349,
6,ar1,0.25,3,200,288,0,0,0.15548086094461344,31.75,0.4843880716343223,
6,ar1,0.25,3,201,288,0,0,0.11097305063339336,27,0.8394218994161671,
6,ar1,0.25,3,202,288,0,0,0.020349605978354557,30.5,0.7495984217762836,
6,ar1,0.25,3,203,288,0,0,0.15917271835226843,31.25,0.018638622890690626,
6,ar1,0.25,3,204,288,0,0,0.0013242382493927618,30.5,0.5937185805962895,
6,ar1,0.25,3,205,288,0,0,0.09257842877732836,32,0.0711691582478915,
6,ar1,0.25,3,206,288,0,0,0.030301919540263955,28,0.32462520285789787,
6,ar1,0.25,3,207,288,0,0,0.3733327769939717,31.75,0.10135244380651232,
6,ar1,0.25,3,208,288,0,0,0.1364078926855392,31.5,0.016703481851733315,
6,ar1,0.25,3,209,288,0,0,0.06173388584195427,30.75,0.029686125035057076,
6,ar1,0.25,3,210,288,0,0,0.18535731074479345,29.75,0.5507737675652737,
6,ar1,0.25,3,211,288,0,0,0.2321652041508857,31.25,0.8880341376455329,
6,ar1,0.25,3,212,288,0,0,0.14356184865442767,30.25,0.007196066527918821,
6,ar1,0.25,3,213,288,0,0,0.32439759186612105,31.5,0.5531196129831956,
6,ar1,0.25,3,214,288,0,0,0.1635040120294502,30.5,0.49050390756538975,
6,ar1,0.25,3,215,288,0,0,0.3167874494087646,29.5,0.0037111160689604628,
6,ar1,0.25,3,216,288,0,0,0.33719088653146034,30.75,0.05760058456655215,
6,ar1,0.25,3,217,288,0,0,0.07884484130390179,31,0.0023338543527273714,
6,ar1,0.25,3,218,288,0,0,0.01668847148392749,30,2.717599726365094e-7,
6,ar1,0.25,3,219,288,0,0,0.24867888563202,32,0.1086144685655982,
6,ar1,0.25,3,220,288,0,0,0.1667376994825639,30.5,0.7535571411792681,
6,ar1,0.25,3,221,288,0,0,0.041438567450356345,29.25,0.06601032196928935,
6,ar1,0.25,3,222,288,0,0,0.23397848174649438,32,0.6644939581613781,
6,ar1,0.25,3,223,288,0,0,0.007607418349347972,27,0.8456908852888638,
6,ar1,0.25,3,224,288,0,0,0.03298511183432795,31.25,0.0012981158567194617,
6,ar1,0.25,3,225,288,0,0,0.011185366976721123,26.25,0.2180187912000464,
6,ar1,0.25,3,226,288,0,0,0.18338137062873872,30.5,0.9605039830463935,
6,ar1,0.25,3,227,288,0,1,0.11904875184875574,30,0.9707290737572699,
6,ar1,0.25,3,228,288,0,0,0.010510770187794893,27.25,0.30257056579850095,
6,ar1,0.25,3,229,288,0,0,0.18527179681669503,31.75,0.4610683624731735,
6,ar1,0.25,3,230,288,0,0,0.028399088271954476,32,0.033314133385190514,
6,ar1,0.25,3,231,288,0,0,0.07226874325607224,31,0.270034898429539,
6,ar1,0.25,3,232,288,0,0,0.09282924784697366,31.25,0.08224206121136535,
6,ar1,0.25,3,233,288,0,0,0.0846147355171093,27.5,0.0004164587295105715,
6,ar1,0.25,3,234,288,0,0,0.12416537648346326,32,0.07490862508852236,
6,ar1,0.25,3,235,288,0,0,0.06241522112375131,27.25,0.08002678025977406,
6,ar1,0.25,3,236,288,0,0,0.11396138541200451,29.25,0.08599196588176139,
6,ar1,0.25,3,237,288,0,0,0.1421855209402918,32,0.035013376416113906,
6,ar1,0.25,3,238,288,0,0,0.17948144890158568,32,0.031136582226829024,
6,ar1,0.25,3,239,288,0,0,0.013918657090791542,27,0.018441131764061813,
6,ar1,0.25,3,240,288,0,0,0.15434419450745507,30.25,0.7036672313777905,
6,ar1,0.25,3,241,288,0,0,0.12350585640192224,30.75,0.5477247978924471,
6,ar1,0.25,3,242,288,0,0,0.026965737945171875,30.5,0.277492157043152,
6,ar1,0.25,3,243,288,0,0,0.01215963822834587,28.25,0.0007222016640600071,
6,ar1,0.25,3,244,288,0,0,0.2167686899171961,31.75,0.042584776589275064,
6,ar1,0.25,3,245,288,0,0,0.05418183851016145,30,0.631891875317727,
6,ar1,0.25,3,246,288,0,0,0.193818128348209,31,0.0168849538310627,
6,ar1,0.25,3,247,288,0,0,0.06367418861635055,31.5,0.8936494661084791,
6,ar1,0.25,3,248,288,0,0,0.035522841517639736,28,0.011445735774982202,
6,ar1,0.25,3,249,288,0,0,0.048158951489149726,32,0.06015620781750697,
6,ar1,0.25,3,250,288,0,0,0.37624485836169097,32,0.04236905988117079,
6,ar1,0.25,3,251,288,0,0,0.06944706681981738,32,0.044632971862883175,
6,ar1,0.25,3,252,288,0,0,0.08832189342349539,31.5,0.00751015243082509,
6,ar1,0.25,3,253,288,0,0,0.030952971351119185,30.5,0.030062122456419038,
6,ar1,0.25,3,254,288,0,0,0.002054504776761612,28.25,2.8720139932936206e-8,
6,ar1,0.25,3,255,288,0,0,0.02176280032198885,31.75,0.0005265373836706999,
6,ar1,0.25,3,256,288,0,0,0.07531719527809466,32,0.4437181342384936,
6,ar1,0.25,3,257,288,0,1,0.11745059955118264,32,0.11744260736083578,
6,ar1,0.25,3,258,288,0,0,0.10955289218438524,31,0.06597862685336997,
6,ar1,0.25,3,259,288,0,0,0.05582635857644713,31.25,0.3328495411852811,
6,ar1,0.25,3,260,288,0,0,0.00278090817444554,27,0.00018289554257300278,
6,ar1,0.25,3,261,288,0,0,0.03108911564430783,31,0.9936659506566062,
6,ar1,0.25,3,262,288,0,0,0.14568943242614496,31,0.001797045121792018,
6,ar1,0.25,3,263,288,0,0,0.023136675242792948,31.5,0.2101342708267776,
6,ar1,0.25,3,264,288,0,0,0.029240593898281708,30,0.006434252987376765,
6,ar1,0.25,3,265,288,0,0,0.0981298220062834,29.25,0.055426097844745725,
6,ar1,0.25,3,266,288,0,0,0.15370767758427273,31.25,0.0007535387463539767,
6,ar1,0.25,3,267,288,0,0,0.1080285694619253,31.25,0.23232913171413827,
6,ar1,0.25,3,268,288,0,0,0.001302984170853505,27.25,0.0040489258211631185,
6,ar1,0.25,3,269,288,0,0,0.017762382795291853,27,0.7191919487667053,
6,ar1,0.25,3,270,288,0,0,0.21609336990944716,32,0.0003341590633850755,
6,ar1,0.25,3,271,288,0,0,0.07462902223495271,31,0.009805602761981058,
6,ar1,0.25,3,272,288,0,0,0.15326580343104323,31.75,0.13414277473621428,
6,ar1,0.25,3,273,288,0,0,0.16687744994410514,32,0.8546161175875023,
6,ar1,0.25,3,274,288,0,0,0.0478555521569739,28.5,0.0021046177918312425,
6,ar1,0.25,3,275,288,0,0,0.16251336304735353,30.5,0.028939548098999235,
6,ar1,0.25,3,276,288,0,0,0.07668003447422311,30.25,0.5252103533903691,
6,ar1,0.25,3,277,288,0,0,0.07502688657566192,29.75,0.006820208078946344,
6,ar1,0.25,3,278,288,0,0,0.06942677923995155,28.5,0.02309080554703813,
6,ar1,0.25,3,279,288,0,0,0.1821314791168257,32,0.5064894950940875,
6,ar1,0.25,3,280,288,0,0,0.1465781148048262,30.5,0.5130753794416174,
6,ar1,0.25,3,281,288,0,0,0.07930835509840772,32,0.008156863370875511,
6,ar1,0.25,3,282,288,0,0,0.053987107266671996,28.25,0.2352514863553674,
6,ar1,0.25,3,283,288,0,0,0.09173210617524452,32,0.49169742455227106,
6,ar1,0.25,3,284,288,0,0,0.06741219576011193,27.25,0.0101002767125834,
6,ar1,0.25,3,285,288,0,0,0.2000755197992965,31.75,0.6580252380874594,
6,ar1,0.25,3,286,288,0,0,0.3869577611464511,31.5,0.055488921386412815,
6,ar1,0.25,3,287,288,0,0,0.010897156756589643,28,0.01252694314193592,
6,ar1,0.25,3,288,288,0,0,0.05651697377848941,31.75,0.04966708518460927,
6,ar1,0.25,3,289,288,0,0,0.027103809471066498,31.25,0.2594179805193326,
6,ar1,0.25,3,290,288,0,0,0.016190391821952144,30,0.04947611381355743,
6,ar1,0.25,3,291,288,0,0,0.11244481068424694,32,0.35807603518196496,
6,ar1,0.25,3,292,288,0,0,0.2993515602560093,30.25,0.13046657517235727,
6,ar1,0.25,3,293,288,0,0,0.3473007649107158,31,0.010229959609575623,
6,ar1,0.25,3,294,288,0,0,0.018621883985439736,31,0.1633056163555262,
6,ar1,0.25,3,295,288,0,0,0.0025758933526045524,31,0.09596929857617564,
6,ar1,0.25,3,296,288,0,0,0.015155627905775626,27,0.006053462704338819,
6,ar1,0.25,3,297,288,0,0,0.09940454421460165,30.25,0.10610517173331224,
6,ar1,0.25,3,298,288,0,0,0.1585242707345118,31.25,0.059246192078428184,
6,ar1,0.25,3,299,288,0,0,0.02068773009035363,27.25,0.04393393039246263,
6,ar1,0.25,3,300,288,0,0,0.09734466517662943,32,0.13487395184363127,
6,ar1,0.25,3,301,288,0,0,0.0991280205604601,30.5,0.6990651765681704,
6,ar1,0.25,3,302,288,1,1,0.0004039972634537481,22.75,4.5181858254750296e-9,
6,ar1,0.25,3,303,288,0,0,0.1751445078963093,32,0.017086450803863285,
6,ar1,0.25,3,304,288,0,0,0.14715369929015298,31.5,0.2857711775575733,
6,ar1,0.25,3,305,288,0,0,0.11258817768584317,31.25,0.652263578939272,
6,ar1,0.25,3,306,288,0,0,0.002979269542108809,27.25,0.7909081608642099,
6,ar1,0.25,3,307,288,0,0,0.13566747886565833,31,0.19771679459512692,
6,ar1,0.25,3,308,288,0,0,0.010135252111768134,29.25,9.631031282486546e-7,
6,ar1,0.25,3,309,288,0,0,0.0036939083523837013,21.75,3.6998788432995866e-7,
6,ar1,0.25,3,310,288,0,0,0.39817812263215346,28.5,0.0030632028008025225,
6,ar1,0.25,3,311,288,0,0,0.08442812194338367,29.25,0.00006913925850471347,
6,ar1,0.25,3,312,288,0,0,0.17360255220040566,32,0.0005415679417551944,
6,ar1,0.25,3,313,288,0,0,0.08584495073490506,27.25,0.010338770560600175,
6,ar1,0.25,3,314,288,0,0,0.019621393443999158,29.75,0.0018320485601691638,
6,ar1,0.25,3,315,288,0,0,0.05392247951349616,29.5,0.060378525209268896,
6,ar1,0.25,3,316,288,0,0,0.04345384654370932,31.5,0.08683764990057063,
6,ar1,0.25,3,317,288,0,0,0.036275719685885055,31.75,0.05185490163116424,
6,ar1,0.25,3,318,288,0,0,0.022618310190351654,29.5,0.0003005756719193231,
6,ar1,0.25,3,319,288,0,0,0.08764753943301618,32,0.007182839089264537,
6,ar1,0.25,3,320,288,0,0,0.10634313597366607,28.75,0.01804531049564806,
6,ar1,0.25,3,321,288,0,0,0.3200528295148366,31.75,0.8635364106917978,
6,ar1,0.25,3,322,288,0,0,0.1370668234801966,31.5,0.17363995453169778,
6,ar1,0.25,3,323,288,0,0,0.03558614634393931,31,0.982402911383192,
6,ar1,0.25,3,324,288,0,0,0.05939170688160966,29.25,0.3065315464449855,
6,ar1,0.25,3,325,288,0,0,0.0477787065773827,29.5,0.0027178876939171204,
6,ar1,0.25,3,326,288,0,0,0.09333081480212635,31.5,0.8808136575771416,
6,ar1,0.25,3,327,288,0,0,0.04518963770934725,31.75,0.22886084579941968,
6,ar1,0.25,3,328,288,0,0,0.05929572155713769,28.75,0.6140506748501828,
6,ar1,0.25,3,329,288,0,0,0.12471479379555728,31.75,0.10733433593505926,
6,ar1,0.25,3,330,288,0,1,0.1674750580292299,31.75,0.021449801377198097,
6,ar1,0.25,3,331,288,0,0,0.004613464739056661,29.75,0.8384228591730868,
6,ar1,0.25,3,332,288,0,0,0.1902260874002819,30.5,0.4579585581123582,
6,ar1,0.25,3,333,288,0,0,0.06413222986605693,29,0.006113063098866278,
6,ar1,0.25,3,334,288,0,0,0.12263559090682896,31.25,0.1370598308756159,
6,ar1,0.25,3,335,288,0,0,0.07064078146680053,31.5,0.022525361071934036,
6,ar1,0.25,3,336,288,0,0,0.02698253978889953,28.5,0.46715430929424884,
6,ar1,0.25,3,337,288,0,0,0.07528739533296724,29.75,0.13917769614060427,
6,ar1,0.25,3,338,288,0,0,0.16466342185832716,31.5,0.1474213335770006,
6,ar1,0.25,3,339,288,0,0,0.09837274307896982,31,0.06289643749304341,
6,ar1,0.25,3,340,288,1,1,0.0002110837533768617,24.75,0.0005364838898991309,
6,ar1,0.25,3,341,288,0,0,0.0923605467602695,31.5,0.009666671389916837,
6,ar1,0.25,3,342,288,0,0,0.3208328449796637,31.5,0.04514778314856449,
6,ar1,0.25,3,343,288,0,0,0.028654740569609816,28.75,0.0031867614393386035,
6,ar1,0.25,3,344,288,0,0,0.17834921799387204,32,0.5979718759718293,
6,ar1,0.25,3,345,288,0,0,0.06110090397881818,32,0.0005546271631559074,
6,ar1,0.25,3,346,288,0,0,0.08385666623655808,31.5,0.005166999316900567,
6,ar1,0.25,3,347,288,0,0,0.08804934330371961,29.75,0.23091901693865924,
6,ar1,0.25,3,348,288,0,0,0.1380064695085298,30.75,0.6835663794009472,
6,ar1,0.25,3,349,288,0,0,0.18133013429924894,31.5,0.5852039908064384,
6,ar1,0.25,3,350,288,0,0,0.1174060949762259,32,0.09081045787753239,
6,ar1,0.25,3,351,288,0,0,0.14712340810432256,29.75,0.07460425977970919,
6,ar1,0.25,3,352,288,0,0,0.019995227202526333,30.25,0.07110702476746777,
6,ar1,0.25,3,353,288,0,0,0.08414533297646087,29.75,0.34891614169391305,
6,ar1,0.25,3,354,288,0,0,0.3521890642785195,31,0.402988468469175,
6,ar1,0.25,3,355,288,0,0,0.4248484281364484,31,0.00033316914644632156,
6,ar1,0.25,3,356,288,0,0,0.05752192742474038,29,0.20796895876424593,
6,ar1,0.25,3,357,288,0,0,0.03828383066999497,30.75,0.30041888793082927,
6,ar1,0.25,3,358,288,0,0,0.21470941120879894,30.25,0.5098837302765186,
6,ar1,0.25,3,359,288,0,0,0.15428140956012915,31,0.011477350090843386,
6,ar1,0.25,3,360,288,0,0,0.1878309755949472,30.5,0.028542511250242986,
6,ar1,0.25,3,361,288,0,0,0.10248662658371055,32,0.033121058085566535,
6,ar1,0.25,3,362,288,0,0,0.1911666363720036,32,0.00036171952590768885,
6,ar1,0.25,3,363,288,0,0,0.04785917204774037,30,0.5194028343903738,
6,ar1,0.25,3,364,288,0,0,0.08416672265033942,31,0.4178605997876046,
6,ar1,0.25,3,365,288,0,0,0.026439399624967663,29,0.018858182739697193,
6,ar1,0.25,3,366,288,0,0,0.06897728650436541,31.5,0.00551315876217473,
6,ar1,0.25,3,367,288,0,0,0.13062949523742762,32,0.05497179345958514,
6,ar1,0.25,3,368,288,0,0,0.0022088307205589963,27.75,0.001856255271305285,
6,ar1,0.25,3,369,288,0,0,0.5200373751145531,30.75,0.34465864502074206,
6,ar1,0.25,3,370,288,0,0,0.0626307699895432,32,0.19568360873222856,
6,ar1,0.25,3,371,288,0,0,0.021764391556921447,29,0.0002098579390126254,
6,ar1,0.25,3,372,288,0,0,0.004597113862725988,26.25,0.28490920975342393,
6,ar1,0.25,3,373,288,0,0,0.03289937060504722,31,0.006412014616506423,
6,ar1,0.25,3,374,288,0,0,0.11339494446836074,30,0.2214058010371075,
6,ar1,0.25,3,375,288,0,0,0.0036237910863792244,29.25,0.07323596759763784,
6,ar1,0.25,3,376,288,0,0,0.09961404933335405,31.25,0.6400243040243216,
6,ar1,0.25,3,377,288,0,0,0.25305520429839157,31.25,0.32577240415233155,
6,ar1,0.25,3,378,288,0,0,0.03530090356172999,28.5,0.15189161362626058,
6,ar1,0.25,3,379,288,0,0,0.002812804708783423,24.75,0.00006968862029876899,
6,ar1,0.25,3,380,288,0,0,0.03700040391272463,27.25,0.06594019061550216,
6,ar1,0.25,3,381,288,0,0,0.3095731351421641,31,0.03967360507382611,
6,ar1,0.25,3,382,288,0,0,0.24053687573933735,31.75,0.06970975043046801,
6,ar1,0.25,3,383,288,0,0,0.316622946702796,32,0.7730711244890988,
6,ar1,0.25,3,384,288,0,0,0.009209551256917359,28.5,0.2039262762079762,
6,ar1,0.25,3,385,288,0,0,0.11928505283582014,29.5,0.9000025646186672,
6,ar1,0.25,3,386,288,0,0,0.07170334071320883,31.25,0.8911857871980613,
6,ar1,0.25,3,387,288,0,0,0.43923210367569765,30.5,0.686776425927292,
6,ar1,0.25,3,388,288,0,0,0.014658081798351597,31.75,0.039834506818518745,
6,ar1,0.25,3,389,288,0,0,0.2532112715720698,29,0.8754479132202496,
6,ar1,0.25,3,390,288,0,0,0.012432197700037118,28.25,0.03639159150489246,
6,ar1,0.25,3,391,288,0,0,0.27562088627363657,30.5,0.022228898769931393,
6,ar1,0.25,3,392,288,0,0,0.19411550665793476,31,0.05460508775607531,
6,ar1,0.25,3,393,288,0,0,0.38142152899641,31.75,0.4973090448829277,
6,ar1,0.25,3,394,288,0,0,0.09763962021518013,31.25,0.5207243669314392,
6,ar1,0.25,3,395,288,0,0,0.10517173200748076,31.5,0.13419333915538723,
6,ar1,0.25,3,396,288,0,0,0.13513004411503293,30.25,0.16458912923947733,
6,ar1,0.25,3,397,288,0,0,0.03254687540115808,28,0.005545176189440615,
6,ar1,0.25,3,398,288,0,0,0.2244702288148105,30.5,0.0002284603761268933,
6,ar1,0.25,3,399,288,0,0,0.09768910095613104,29.75,0.039746616133117585,
6,ar1,0.25,3,400,288,0,0,0.045307549401903735,28.75,0.002939465229737759,
6,ar1,0.25,3,401,288,0,0,0.08558752674680947,32,0.1978185396861074,
6,ar1,0.25,3,402,288,0,0,0.42140168458856275,31.25,0.00012257552950067918,
6,ar1,0.25,3,403,288,0,0,0.2237835606873353,31.75,0.8022000594913407,
6,ar1,0.25,3,404,288,0,0,0.07467138753138525,29.75,0.011707337197689571,
6,ar1,0.25,3,405,288,0,0,0.13492985210775266,29.25,0.2991869982409703,
6,ar1,0.25,3,406,288,0,0,0.008151955467287753,29.5,0.000007848909314822627,
6,ar1,0.25,3,407,288,0,0,0.5412080165844604,32,0.42078864457003384,
6,ar1,0.25,3,408,288,0,0,0.17461075966426254,31.25,0.3591867780572725,
6,ar1,0.25,3,409,288,0,0,0.029587990450564483,25.5,0.0470421507015949,
6,ar1,0.25,3,410,288,0,0,0.022042709956059947,29.75,0.1069482198066708,
6,ar1,0.25,3,411,288,0,0,0.026565867704913648,28.5,0.33602644785124147,
6,ar1,0.25,3,412,288,0,0,0.007480206579522086,28.25,0.01914072767763697,
6,ar1,0.25,3,413,288,0,0,0.09059689264132786,30.25,0.0005470376029437229,
6,ar1,0.25,3,414,288,0,0,0.2510617429346571,32,0.03168394851444689,
6,ar1,0.25,3,415,288,0,0,0.046121198095993354,27.5,0.001282981871018496,
6,ar1,0.25,3,416,288,0,0,0.3001257588470966,30.5,0.023446008338554813,
6,ar1,0.25,3,417,288,0,0,0.14431183997955588,27.75,0.00000393630962314262,
6,ar1,0.25,3,418,288,0,0,0.10989899600970554,28.75,0.43334319222641315,
6,ar1,0.25,3,419,288,0,0,0.025847329122154483,31.5,0.10404508926017597,
6,ar1,0.25,3,420,288,0,0,0.07045983046715554,28.5,0.33742907143522105,
6,ar1,0.25,3,421,288,0,0,0.09081637904457984,30.5,0.003105955550158912,
6,ar1,0.25,3,422,288,0,0,0.04701536679977647,28.25,0.39097953284739817,
6,ar1,0.25,3,423,288,0,0,0.07452839318311666,31,0.4120299366790042,
6,ar1,0.25,3,424,288,0,0,0.040497306786061005,28.5,0.235684497398591,
6,ar1,0.25,3,425,288,0,0,0.1684305566028752,29.5,0.034190237994122796,
6,ar1,0.25,3,426,288,0,0,0.23224877951441636,32,0.004564616068530647,
6,ar1,0.25,3,427,288,0,0,0.13989612261378226,31.75,0.3052894764173636,
6,ar1,0.25,3,428,288,0,0,0.14417574420877088,31.25,0.05077707659700814,
6,ar1,0.25,3,429,288,0,0,0.002803806137098519,28,0.23702458738196774,
6,ar1,0.25,3,430,288,0,0,0.20375717637392987,26.75,0.0030400821325369254,
6,ar1,0.25,3,431,288,0,0,0.17771370926043106,31,0.7937117977911053,
6,ar1,0.25,3,432,288,0,0,0.0038650232238294224,27,0.07576224396064746,
6,ar1,0.25,3,433,288,0,0,0.061426054319040246,28.25,0.019619706127860903,
6,ar1,0.25,3,434,288,0,0,0.0069977767657793954,29.25,0.4036132142434834,
6,ar1,0.25,3,435,288,0,0,0.32016609380594796,31.75,0.0023479761152117584,
6,ar1,0.25,3,436,288,0,0,0.08141065032202988,29.25,0.029968070264674407,
6,ar1,0.25,3,437,288,0,0,0.06964666632389871,31,0.034196030428095936,
6,ar1,0.25,3,438,288,0,0,0.023573549055872167,31.75,0.18044612898349255,
6,ar1,0.25,3,439,288,0,0,0.17180923408729365,29.5,0.055751837559050554,
6,ar1,0.25,3,440,288,0,0,0.06650260772323335,26.75,0.4893110243123766,
6,ar1,0.25,3,441,288,0,0,0.11326783389130812,31.25,0.18383190810435213,
6,ar1,0.25,3,442,288,0,0,0.03127037481565731,23.25,0.0035448084533885593,
6,ar1,0.25,3,443,288,0,0,0.2634228599489913,31.25,0.658783107553774,
6,ar1,0.25,3,444,288,0,0,0.10577852413513145,29.25,0.8270701153442699,
6,ar1,0.25,3,445,288,0,0,0.019531189963983286,31.25,0.05428825339654875,
6,ar1,0.25,3,446,288,0,0,0.010756407210971708,30.75,0.01318569861863561,
6,ar1,0.25,3,447,288,0,0,0.38868005426209185,30.75,0.27989819438820573,
6,ar1,0.25,3,448,288,0,0,0.009672177432914708,28.5,0.5459051826213528,
6,ar1,0.25,3,449,288,0,0,0.019232065203214077,32,0.1411520697579478,
6,ar1,0.25,3,450,288,0,0,0.019152986809487182,30.5,0.07427176442150352,
6,ar1,0.25,3,451,288,0,0,0.14335257951170877,31.5,0.6743109924611109,
6,ar1,0.25,3,452,288,0,0,0.07859292279237773,29,0.4346091066519189,
6,ar1,0.25,3,453,288,0,0,0.36547761996483263,32,0.709704581692646,
6,ar1,0.25,3,454,288,0,0,0.046789772132999397,29,0.0001721160759395879,
6,ar1,0.25,3,455,288,0,0,0.022801140290293342,30.25,0.1806047565241673,
6,ar1,0.25,3,456,288,0,0,0.037054755040839216,23,0.000024779280501041612,
6,ar1,0.25,3,457,288,0,0,0.07031804553882048,31.25,0.003987912155247408,
6,ar1,0.25,3,458,288,0,0,0.12560107053358371,29.5,0.16465475347634917,
6,ar1,0.25,3,459,288,0,0,0.015417497599510055,27.5,0.3355806810351325,
6,ar1,0.25,3,460,288,0,0,0.02382186172782297,31.75,0.3297962548666413,
6,ar1,0.25,3,461,288,0,0,0.026355072471108576,30.5,0.1549284135294562,
6,ar1,0.25,3,462,288,0,0,0.2188106168139683,32,0.40857250221092833,
6,ar1,0.25,3,463,288,0,0,0.09225929137259392,30.5,0.6240413880768176,
6,ar1,0.25,3,464,288,0,0,0.31432853648237347,32,0.0006911059924830099,
6,ar1,0.25,3,465,288,0,1,0.004342493103470235,27.75,0.6668775797391799,
6,ar1,0.25,3,466,288,0,0,0.029906763086307242,30.25,0.04029283232813141,
6,ar1,0.25,3,467,288,0,0,0.13996703115592146,32,0.043997048700292196,
6,ar1,0.25,3,468,288,0,0,0.05917364951477255,31.5,0.1721589807585896,
6,ar1,0.25,3,469,288,0,0,0.10105401791124957,31.5,0.578308145734923,
6,ar1,0.25,3,470,288,0,0,0.21870000564526137,31.5,0.2803137792084083,
6,ar1,0.25,3,471,288,0,0,0.6101916975033548,32,0.30963180281072755,
6,ar1,0.25,3,472,288,0,0,0.02099575851468971,29.75,0.11718060366425276,
6,ar1,0.25,3,473,288,0,0,0.05592690338662942,29.5,0.13323732584218417,
6,ar1,0.25,3,474,288,0,0,0.015313570714713842,29.75,0.884658523381002,
6,ar1,0.25,3,475,288,0,0,0.01037235188529717,30.5,0.035643488087616415,
6,ar1,0.25,3,476,288,0,0,0.003376867926938809,25.5,0.022159479482581013,
6,ar1,0.25,3,477,288,0,0,0.1253360029014623,31,0.362859025667542,
6,ar1,0.25,3,478,288,0,0,0.04217508760985722,27.25,0.0015528633164219041,
6,ar1,0.25,3,479,288,0,0,0.07390622358790144,30,0.00035347061967294646,
6,ar1,0.25,3,480,288,0,0,0.07016261529422374,29,0.2536015826831244,
6,ar1,0.25,3,481,288,0,0,0.05923438320823393,31.25,0.09657282664467959,
6,ar1,0.25,3,482,288,0,0,0.061058023684740226,28.5,0.059962671461955774,
6,ar1,0.25,3,483,288,0,0,0.11018047420319921,30.5,0.4050613339948913,
6,ar1,0.25,3,484,288,0,0,0.012299117408143934,27.25,0.26614006104844146,
6,ar1,0.25,3,485,288,0,0,0.4050755214660384,31.25,0.021718419958741464,
6,ar1,0.25,3,486,288,0,0,0.016133729702265565,27,0.8140897816201864,
6,ar1,0.25,3,487,288,0,0,0.2725354812488221,31.5,0.7085485470788977,
6,ar1,0.25,3,488,288,0,0,0.009049095654322659,28,0.6942795992029299,
6,ar1,0.25,3,489,288,0,0,0.178560432176867,31,0.40297964462706626,
6,ar1,0.25,3,490,288,0,0,0.1588806948767444,31,0.6069151187947596,
6,ar1,0.25,3,491,288,0,0,0.05871655864153802,31.75,0.00021681188844546728,
6,ar1,0.25,3,492,288,0,0,0.027178281407297944,31.25,0.72250735162621,
6,ar1,0.25,3,493,288,0,0,0.28153042628901637,31.5,0.001248633188866921,
6,ar1,0.25,3,494,288,0,0,0.009135702520148503,28.25,0.012538447856872637,
6,ar1,0.25,3,495,288,0,0,0.11401041880784557,31.25,0.5920929151003029,
6,ar1,0.25,3,496,288,0,0,0.10306755999352801,30.75,0.8848728370857865,
6,ar1,0.25,3,497,288,0,0,0.12835568640178252,31.75,0.1529474979604436,
6,ar1,0.25,3,498,288,0,0,0.02144046032521041,30,0.6298017444962719,
6,ar1,0.25,3,499,288,0,0,0.03502759720536863,28.25,0.10639530623830029,
6,ar1,0.25,3,500,288,0,0,0.04047575351552046,30,0.4989266435731121,
6,ar1,0.25,3,501,288,0,0,0.005147413986240079,30.25,0.0035668259074126407,
6,ar1,0.25,3,502,288,0,0,0.3176652236383405,31.25,0.0013430199823969424,
6,ar1,0.25,3,503,288,0,0,0.05377622720341946,27.75,0.010311874491141348,
6,ar1,0.25,3,504,288,0,0,0.18562297953798923,31.75,0.027186670985338224,
6,ar1,0.25,3,505,288,0,0,0.028204177113028805,29.75,0.047604874020537924,
6,ar1,0.25,3,506,288,0,0,0.001252999039566105,23.5,0.000037764407664897526,
6,ar1,0.25,3,507,288,0,0,0.03261111544994866,32,0.08967899036958427,
6,ar1,0.25,3,508,288,0,0,0.013153358872519783,29,0.00004339378986373266,
6,ar1,0.25,3,509,288,0,0,0.04620299424830965,31.5,0.0821787567612764,
6,ar1,0.25,3,510,288,0,0,0.23471674194428382,31.25,0.000004972805775382838,
6,ar1,0.25,3,511,288,0,0,0.4589849506978827,32,0.3920908269643556,
6,ar1,0.25,3,512,288,0,0,0.08575609944207851,30.25,0.014039317247980798,
6,ar1,0.25,3,513,288,0,0,0.017706478358727296,26.5,0.6412543284159514,
6,ar1,0.25,3,514,288,0,0,0.004135795403290232,27.25,9.507832688937512e-7,
6,ar1,0.25,3,515,288,0,0,0.14209632985352405,31.5,0.0032755699671959126,
6,ar1,0.25,3,516,288,0,0,0.14153770368934804,28.5,0.6490505246488403,
6,ar1,0.25,3,517,288,0,0,0.12620748055746844,29,0.000011254839921037707,
6,ar1,0.25,3,518,288,0,0,0.2911425476848676,31.5,0.049046367144525815,
6,ar1,0.25,3,519,288,0,0,0.035362310011813114,28.75,0.0458048817770349,
6,ar1,0.25,3,520,288,0,0,0.4600205160625721,31.75,0.0005893392664281238,
6,ar1,0.25,3,521,288,0,0,0.08451163004079654,29,0.039990194357471864,
6,ar1,0.25,3,522,288,0,0,0.015177837342291056,30.75,0.48446539849504977,
6,ar1,0.25,3,523,288,0,0,0.3286548525199725,31.5,0.19797715546642403,
6,ar1,0.25,3,524,288,0,0,0.007298132223344078,28.5,0.3405671996935583,
6,ar1,0.25,3,525,288,0,0,0.05162971504325209,30.25,0.5816590591417503,
6,ar1,0.25,3,526,288,0,0,0.1895839956870129,30.75,0.47607114736020617,
6,ar1,0.25,3,527,288,0,0,0.27174681690816915,31.75,0.000602594360079145,
6,ar1,0.25,3,528,288,0,0,0.05636745943881438,31.5,0.13296011984586642,
6,ar1,0.25,3,529,288,0,0,0.13020553281101144,31,0.8558383279446479,
6,ar1,0.25,3,530,288,0,0,0.17052025826551498,32,0.004629430469608953,
6,ar1,0.25,3,531,288,0,0,0.009350830272963462,23.75,0.8905352303864664,
6,ar1,0.25,3,532,288,0,0,0.002091534643497428,24.25,0.3682916088498964,
6,ar1,0.25,3,533,288,0,0,0.02147601700766133,26.75,0.07584231873817138,
6,ar1,0.25,3,534,288,0,0,0.09231384941229104,30,0.21529893853371884,
6,ar1,0.25,3,535,288,0,0,0.07044410541442703,29.75,0.17844802009229388,
6,ar1,0.25,3,536,288,0,0,0.014741692737889833,30.5,0.6961717754591336,
6,ar1,0.25,3,537,288,0,0,0.09812478456710594,32,0.13439306944942653,
6,ar1,0.25,3,538,288,0,0,0.2231628704449018,31.75,0.22531720312256098,
6,ar1,0.25,3,539,288,0,0,0.07342809218935586,30,0.3435170078652088,
6,ar1,0.25,3,540,288,0,0,0.05140054049086218,29.25,0.3626078354389737,
6,ar1,0.25,3,541,288,0,0,0.25011092213832864,30.5,0.805774263804808,
6,ar1,0.25,3,542,288,0,0,0.19796493034274476,31.25,0.7042490628662936,
6,ar1,0.25,3,543,288,0,0,0.2847717394889323,30.5,0.005491262803855368,
6,ar1,0.25,3,544,288,0,0,0.04679439846492239,30,0.030343816308057492,
6,ar1,0.25,3,545,288,0,0,0.003193953887307255,29.75,0.051512144912779334,
6,ar1,0.25,3,546,288,0,0,0.17188702038972703,31.5,0.0017294009929064158,
6,ar1,0.25,3,547,288,0,0,0.02216746281602011,27.5,0.4605822125324841,
6,ar1,0.25,3,548,288,0,0,0.12679497756646307,28.25,0.07036529806366265,
6,ar1,0.25,3,549,288,0,0,0.12737359145855187,29.25,0.8888933336621547,
6,ar1,0.25,3,550,288,0,0,0.29838003062709983,31.75,0.47446076643608714,
6,ar1,0.25,3,551,288,0,0,0.05400024717745122,30,0.5849159277926242,
6,ar1,0.25,3,552,288,0,0,0.1160244703989124,29.5,0.003976190796711854,
6,ar1,0.25,3,553,288,0,0,0.05847786470696703,31,0.6269295120440579,
6,ar1,0.25,3,554,288,0,0,0.017345514107603877,27.25,0.17841377135512837,
6,ar1,0.25,3,555,288,0,0,0.017228376798178235,27,0.18465433937118714,
6,ar1,0.25,3,556,288,0,0,0.03760025478006346,28,0.005543931949197445,
6,ar1,0.25,3,557,288,0,0,0.12387417020070857,28.25,0.030936621730517477,
6,ar1,0.25,3,558,288,0,0,0.23721382311780337,30.75,0.03192198765840759,
6,ar1,0.25,3,559,288,0,0,0.09331013171945679,30.5,0.00009094747426896532,
6,ar1,0.25,3,560,288,0,0,0.24934902716602614,31.5,0.4958240524351075,
6,ar1,0.25,3,561,288,0,0,0.009000805405415258,25.5,0.000013574751329348267,
6,ar1,0.25,3,562,288,0,0,0.17997170112677363,31,0.2351121876433372,
6,ar1,0.25,3,563,288,0,0,0.38629913642802727,30.5,0.19016123818947372,
6,ar1,0.25,3,564,288,0,0,0.10804097172654603,32,0.001159055190300129,
6,ar1,0.25,3,565,288,0,0,0.013699654995900312,28.25,0.7512376261021838,
6,ar1,0.25,3,566,288,0,0,0.1189725208937853,32,0.0045832392958728985,
6,ar1,0.25,3,567,288,0,0,0.1054335226814096,31.5,0.09240058901951576,
6,ar1,0.25,3,568,288,0,0,0.20553133561770465,32,0.42957688991611276,
6,ar1,0.25,3,569,288,0,0,0.13042024314902412,28.25,0.1691130315116186,
6,ar1,0.25,3,570,288,0,0,0.1325971875722356,32,0.003216627281962592,
6,ar1,0.25,3,571,288,0,0,0.03315578791951235,29.75,0.037956971294959674,
6,ar1,0.25,3,572,288,0,0,0.0659673584822249,28.25,0.13978876598964085,
6,ar1,0.25,3,573,288,0,0,0.025008377775293078,31,0.0029094502053366167,
6,ar1,0.25,3,574,288,0,0,0.6842583805982432,30.5,0.00671093233165776,
6,ar1,0.25,3,575,288,0,0,0.10296824303927243,32,0.5688024763099815,
6,ar1,0.25,3,576,288,0,0,0.2696529873852578,30.75,0.021062747350572675,
6,ar1,0.25,3,577,288,0,0,0.10661785275882318,28.5,0.0000015845606730069406,
6,ar1,0.25,3,578,288,0,0,0.01830574699980836,29.75,0.8210036911346255,
6,ar1,0.25,3,579,288,0,0,0.03522084304302753,29.5,0.004705983479438514,
6,ar1,0.25,3,580,288,0,0,0.2132971680903517,31,0.0006768017677403204,
6,ar1,0.25,3,581,288,0,0,0.038696832492541855,28.75,0.0000049170366175355085,
6,ar1,0.25,3,582,288,0,0,0.04161710336122326,29.25,0.11434782949480915,
6,ar1,0.25,3,583,288,0,0,0.007006964925380665,30.75,0.0028688709227243647,
6,ar1,0.25,3,584,288,0,0,0.21158923841617083,31.5,0.6809122019863306,
6,ar1,0.25,3,585,288,0,0,0.3987520310933781,32,0.0023049291385153214,
6,ar1,0.25,3,586,288,0,0,0.09276748906349463,30.75,0.0000023123880233955063,
6,ar1,0.25,3,587,288,0,0,0.033349242749943886,30.25,0.483737781368092,
6,ar1,0.25,3,588,288,0,0,0.08065701734244313,30.25,0.025835879725467636,
6,ar1,0.25,3,589,288,0,0,0.009821187585804525,26,0.2199708453521657,
6,ar1,0.25,3,590,288,0,0,0.042217237409416075,30.75,0.4551771275777934,
6,ar1,0.25,3,591,288,0,0,0.15565486642964377,31.25,0.003330564322909235,
6,ar1,0.25,3,592,288,0,0,0.5437353665766659,31.25,0.3864452248189405,
6,ar1,0.25,3,593,288,0,0,0.20647633803105503,32,0.9481051668776508,
6,ar1,0.25,3,594,288,0,0,0.0478643470020359,30.75,6.116976971615173e-7,
6,ar1,0.25,3,595,288,0,0,0.2265223719125561,31.25,0.9803265640139593,
6,ar1,0.25,3,596,288,0,0,0.052056174692932555,30.5,0.6302011258198019,
6,ar1,0.25,3,597,288,0,0,0.024062159695488416,30.75,0.02183878404134143,
6,ar1,0.25,3,598,288,0,0,0.027206699054237893,27.75,0.004087295351771658,
6,ar1,0.25,3,599,288,0,0,0.026969102477748197,28.75,0.11876601673640885,
6,ar1,0.25,3,600,288,0,0,0.3397902284357279,32,0.3030441099971328,
6,ar1,0.25,3,601,288,0,0,0.11702704062642189,29.5,0.000007212729532413142,
6,ar1,0.25,3,602,288,0,0,0.21928399815547162,30.25,0.00016286195029791006,
6,ar1,0.25,3,603,288,0,0,0.13085140803267747,26.75,9.742381001931477e-8,
6,ar1,0.25,3,604,288,0,0,0.09906820480853817,29.5,0.006476592759396493,
6,ar1,0.25,3,605,288,0,0,0.23460653332066816,31.75,0.046906736930276804,
6,ar1,0.25,3,606,288,0,0,0.0014061505896769688,22.75,0.054243125406052695,
6,ar1,0.25,3,607,288,0,0,0.017052204866582876,28.75,0.9388994403435179,
6,ar1,0.25,3,608,288,0,0,0.004675935559933508,31.25,0.18414803247682554,
6,ar1,0.25,3,609,288,0,1,0.344048551134827,31.75,0.5685266069563755,
6,ar1,0.25,3,610,288,0,0,0.048504301563705665,32,0.4828257369404565,
6,ar1,0.25,3,611,288,0,0,0.031580554830261454,28.5,0.0002160156971942051,
6,ar1,0.25,3,612,288,0,0,0.20672428686391586,32,0.7282343090840698,
6,ar1,0.25,3,613,288,0,0,0.0714988827954931,31.5,0.29717681567070897,
6,ar1,0.25,3,614,288,0,0,0.21447005812668762,30.25,0.041373479088595344,
6,ar1,0.25,3,615,288,0,0,0.019540384649498255,28.25,0.044130211499490146,
6,ar1,0.25,3,616,288,0,0,0.29302847042973024,31.25,0.6361545845336307,
6,ar1,0.25,3,617,288,0,0,0.03127944171072983,31,0.5263875548811916,
6,ar1,0.25,3,618,288,0,0,0.053482561928112515,28.5,0.8278443351214838,
6,ar1,0.25,3,619,288,0,0,0.09430448163098315,28.5,0.0014976651023016485,
6,ar1,0.25,3,620,288,0,0,0.13096464417509956,32,0.0610792361642426,
6,ar1,0.25,3,621,288,0,0,0.025489113023287935,31.25,0.0739530135937827,
6,ar1,0.25,3,622,288,0,0,0.07294973149505146,31,0.0012629810302013933,
6,ar1,0.25,3,623,288,0,0,0.01511693467567854,30,0.22276387633966932,
6,ar1,0.25,3,624,288,0,0,0.08495534803501203,27.5,0.6801434256096077,
6,ar1,0.25,3,625,288,0,0,0.12684049300713562,31.75,0.2049159309633738,
6,ar1,0.25,3,626,288,0,0,0.13816534455083795,32,0.7383167487907096,
6,ar1,0.25,3,627,288,0,0,0.15739299715798194,31.5,0.0008941644905100521,
6,ar1,0.25,3,628,288,0,0,0.012337225587656153,30,0.022223193442410305,
6,ar1,0.25,3,629,288,0,0,0.019518708773846538,29,0.35604767900793,
6,ar1,0.25,3,630,288,0,0,0.035600108227075156,28.75,0.011066160300223227,
6,ar1,0.25,3,631,288,0,0,0.18715685833880236,31.5,0.009527087647575372,
6,ar1,0.25,3,632,288,0,0,0.14329497818032688,27.5,0.004813089562210604,
6,ar1,0.25,3,633,288,0,0,0.002650671761060708,23,0.6457024755289902,
6,ar1,0.25,3,634,288,0,0,0.0015217373738712903,25.5,0.264770607144714,
6,ar1,0.25,3,635,288,0,0,0.09376269638117396,30.25,0.09544192724942802,
6,ar1,0.25,3,636,288,0,0,0.2618909970235721,31.75,0.2377078667185305,
6,ar1,0.25,3,637,288,0,0,0.16399907773834688,32,0.3879271393167184,
6,ar1,0.25,3,638,288,0,0,0.008790571467767183,31.5,0.8299110809791435,
6,ar1,0.25,3,639,288,0,0,0.18416403771909085,31.75,0.792059774403806,
6,ar1,0.25,3,640,288,0,0,0.01991938328048526,28.25,0.26201783795270617,
6,ar1,0.25,3,641,288,0,0,0.02638397812748805,31,0.06473040478570269,
6,ar1,0.25,3,642,288,0,0,0.17117872301256232,31,0.044583378754250225,
6,ar1,0.25,3,643,288,0,0,0.31176473854349285,32,0.2625715958437913,
6,ar1,0.25,3,644,288,0,1,0.010659255956874447,32,0.12300301196618912,
6,ar1,0.25,3,645,288,0,0,0.005291008619129678,26.5,0.0021729798171353787,
6,ar1,0.25,3,646,288,0,0,0.09710684806592629,31,0.010252579700037123,
6,ar1,0.25,3,647,288,0,0,0.10452917820894059,31.5,0.00011704343014651286,
6,ar1,0.25,3,648,288,0,0,0.11861666008279337,31.25,0.15472654807630049,
6,ar1,0.25,3,649,288,0,0,0.08087061079035918,30.5,0.44143205934041285,
6,ar1,0.25,3,650,288,0,0,0.16988702041169235,32,0.27210208753983556,
6,ar1,0.25,3,651,288,0,0,0.1227859964248984,26.5,0.5910360014745669,
6,ar1,0.25,3,652,288,0,0,0.022428630352321455,32,0.15790263939732951,
6,ar1,0.25,3,653,288,0,0,0.18716317961568496,30.75,0.30958879708487164,
6,ar1,0.25,3,654,288,0,0,0.005839825146364053,31.25,0.07057321336719125,
6,ar1,0.25,3,655,288,0,0,0.009125272596489986,30.5,0.0527915588090091,
6,ar1,0.25,3,656,288,0,0,0.014821748686616454,29.5,0.20301295457340585,
6,ar1,0.25,3,657,288,0,0,0.10630925001913771,31,0.004214207397477798,
6,ar1,0.25,3,658,288,0,0,0.05726380942534259,30.5,0.004329452445621884,
6,ar1,0.25,3,659,288,0,0,0.07141563809908602,31.75,0.4882672994098318,
6,ar1,0.25,3,660,288,0,0,0.02339167582949342,31.25,0.10535958180818861,
6,ar1,0.25,3,661,288,0,0,0.32620535361384584,28.5,0.222283531818665,
6,ar1,0.25,3,662,288,0,0,0.01606057277445372,30,0.0001161717320089517,
6,ar1,0.25,3,663,288,0,0,0.11509758568562267,30.25,0.05931144793465282,
6,ar1,0.25,3,664,288,0,0,0.3751751264152554,32,0.33286808400819345,
6,ar1,0.25,3,665,288,0,0,0.14077928793616923,28.25,0.010913975018399746,
6,ar1,0.25,3,666,288,1,1,0.0007602834586665219,26.25,0.04800511463734847,
6,ar1,0.25,3,667,288,0,0,0.06649318371653945,30.25,0.013427590714368387,
6,ar1,0.25,3,668,288,0,0,0.15448725583893885,28.25,0.076905451052378,
6,ar1,0.25,3,669,288,0,0,0.033646405490057374,31.25,0.21693137208591085,
6,ar1,0.25,3,670,288,0,0,0.005122502985951183,31,0.2625809743963159,
6,ar1,0.25,3,671,288,0,0,0.10191680772210976,32,0.610422133142253,
6,ar1,0.25,3,672,288,0,0,0.20181030516975107,31.75,0.008932006541854665,
6,ar1,0.25,3,673,288,0,0,0.018606911962652517,28.5,0.3621455907216201,
6,ar1,0.25,3,674,288,0,0,0.14539888782085175,31.25,0.93022509319687,
6,ar1,0.25,3,675,288,0,0,0.22595116065368281,31.75,0.09423425789591366,
6,ar1,0.25,3,676,288,0,0,0.03829379224337626,29,0.09551192077398529,
6,ar1,0.25,3,677,288,0,0,0.03725293748419212,30.75,0.44706266154707097,
6,ar1,0.25,3,678,288,0,0,0.09285147738969113,31.5,0.01568158922196372,
6,ar1,0.25,3,679,288,0,0,0.0843432612779168,31.75,0.21790027086732078,
6,ar1,0.25,3,680,288,0,0,0.3774549418801125,31.5,0.013004369501251722,
6,ar1,0.25,3,681,288,0,0,0.15038109894739615,29.25,0.904993079414042,
6,ar1,0.25,3,682,288,0,0,0.03188296626524223,29.5,0.16256170283937932,
6,ar1,0.25,3,683,288,0,0,0.20959010779540688,32,0.05337777186464221,
6,ar1,0.25,3,684,288,0,0,0.02489851715750846,29.75,0.4277162284872196,
6,ar1,0.25,3,685,288,0,0,0.09052018995481137,27.25,0.21119336887840334,
6,ar1,0.25,3,686,288,0,0,0.022918908150464712,26.5,0.9972932272413542,
6,ar1,0.25,3,687,288,0,0,0.039565827406997656,30.5,0.16280508587277953,
6,ar1,0.25,3,688,288,0,0,0.14017828723762593,28,0.2520818115201865,
6,ar1,0.25,3,689,288,0,0,0.012180828459383064,30.75,0.13682199736339729,
6,ar1,0.25,3,690,288,0,0,0.0161230613534743,32,0.19578752443521064,
6,ar1,0.25,3,691,288,0,0,0.032648428899047066,28.75,0.8276626291821626,
6,ar1,0.25,3,692,288,0,0,0.01618749041878309,26.25,0.03351979826155205,
6,ar1,0.25,3,693,288,0,0,0.013936090419395808,28,0.00004246321313694512,
6,ar1,0.25,3,694,288,0,0,0.10231725095002486,29,0.00021811295316920276,
6,ar1,0.25,3,695,288,0,0,0.2846869724247365,31.25,0.4918060599866292,
6,ar1,0.25,3,696,288,0,0,0.1006902884484926,27.5,0.00006478331129078363,
6,ar1,0.25,3,697,288,0,0,0.015281813085608498,28,0.3078422484632112,
6,ar1,0.25,3,698,288,0,0,0.26557949494120714,31.25,0.3427438315625202,
6,ar1,0.25,3,699,288,0,0,0.012891071560794387,30.5,0.0034617355330293087,
6,ar1,0.25,3,700,288,0,0,0.09633703246589476,31.5,0.01270518850361868,
6,ar1,0.25,3,701,288,0,0,0.0024779552500967528,29,0.0058291536696527535,
6,ar1,0.25,3,702,288,0,0,0.016223005261799317,24.75,0.01299417429753602,
6,ar1,0.25,3,703,288,0,0,0.04169552152358069,28.75,0.00030455945932728046,
6,ar1,0.25,3,704,288,0,0,0.02151492874342309,31.75,0.31702123631374013,
6,ar1,0.25,3,705,288,0,0,0.030125745525540593,29.25,0.009024700583118883,
6,ar1,0.25,3,706,288,0,0,0.23943183114287248,31.75,0.12239725021815173,
6,ar1,0.25,3,707,288,0,0,0.004268628459015877,28.75,0.6819431614708952,
6,ar1,0.25,3,708,288,0,0,0.27140144905540553,30.25,0.5478305910558692,
6,ar1,0.25,3,709,288,0,0,0.21013225128124746,31.75,0.5916384246401563,
6,ar1,0.25,3,710,288,0,0,0.05550296512259023,29.5,0.07320217314443689,
6,ar1,0.25,3,711,288,0,0,0.07006877502034159,31,0.05769080611741817,
6,ar1,0.25,3,712,288,0,0,0.08991048231484489,31,0.9580698392343125,
6,ar1,0.25,3,713,288,0,0,0.0011671142858858952,31.25,0.0003243384789072268,
6,ar1,0.25,3,714,288,0,0,0.03424820889775548,28,0.3419315413550661,
6,ar1,0.25,3,715,288,0,0,0.015579783828109317,31,0.00010669703924648388,
6,ar1,0.25,3,716,288,0,0,0.18117432926090316,32,0.5296666107345778,
6,ar1,0.25,3,717,288,0,0,0.032833856285335083,30.25,0.15342953546898785,
6,ar1,0.25,3,718,288,0,0,0.18493651502763586,32,0.000052451644655837626,
6,ar1,0.25,3,719,288,0,0,0.02595132192289662,28.25,0.20911710778184434,
6,ar1,0.25,3,720,288,0,0,0.08043052477481627,32,0.7696173822878136,
6,ar1,0.25,3,721,288,0,0,0.06608403754638792,26.25,0.2544934224158393,
6,ar1,0.25,3,722,288,0,0,0.042790983195772125,31,0.001381705214588247,
6,ar1,0.25,3,723,288,0,0,0.1119375726529962,32,0.13980623523602898,
6,ar1,0.25,3,724,288,0,0,0.2943555896439438,32,0.06781012754068583,
6,ar1,0.25,3,725,288,0,0,0.0039180859323646455,27.25,0.5751000619426119,
6,ar1,0.25,3,726,288,0,0,0.27175711670145963,30.5,0.19846111988333648,
6,ar1,0.25,3,727,288,0,0,0.22895081333816614,30.5,0.5234007828142363,
6,ar1,0.25,3,728,288,0,0,0.016839965820964697,30.25,0.0255877856110851,
6,ar1,0.25,3,729,288,0,0,0.05943448753592717,30,0.8562993213917631,
6,ar1,0.25,3,730,288,0,0,0.0026902132843749094,29.5,0.3116798191057717,
6,ar1,0.25,3,731,288,0,0,0.24934685463259565,28.5,0.10583355281358564,
6,ar1,0.25,3,732,288,0,0,0.00926638018285042,28.5,0.0016993939668739078,
6,ar1,0.25,3,733,288,0,0,0.023747140987721904,29.25,0.06969648589473931,
6,ar1,0.25,3,734,288,0,0,0.08707331547351127,30,0.6081012615088701,
6,ar1,0.25,3,735,288,0,0,0.006890609681878601,29.75,0.43510457618453013,
6,ar1,0.25,3,736,288,0,0,0.14709730669440946,30,0.43051186437259037,
6,ar1,0.25,3,737,288,0,0,0.0541681183917474,32,0.4024090599359581,
6,ar1,0.25,3,738,288,0,1,0.1477717585590712,31,0.0696095791535607,
6,ar1,0.25,3,739,288,0,0,0.08964924148931575,31.75,0.6128123692843996,
6,ar1,0.25,3,740,288,0,0,0.04723970997713178,28.75,0.49625536567869655,
6,ar1,0.25,3,741,288,0,0,0.059542702739918574,31.25,0.4292220732006855,
6,ar1,0.25,3,742,288,0,0,0.14803399308376108,28.75,0.9396184985619178,
6,ar1,0.25,3,743,288,0,0,0.07237785211099579,32,0.10279036384128759,
6,ar1,0.25,3,744,288,0,0,0.13313095316843282,31.25,0.5641402497997997,
6,ar1,0.25,3,745,288,0,0,0.0010627152158139141,30.25,0.03830439258428753,
6,ar1,0.25,3,746,288,0,0,0.1786123268403842,31.5,0.9588149881022531,
6,ar1,0.25,3,747,288,0,0,0.13683149554447716,31.75,0.11774440525696295,
6,ar1,0.25,3,748,288,0,0,0.08797496750905598,31,0.1730598620844418,
6,ar1,0.25,3,749,288,0,0,0.32446049769770324,32,0.4759224143902445,
6,ar1,0.25,3,750,288,0,0,0.40032380804859824,32,0.9929034376273667,
6,ar1,0.25,3,751,288,0,0,0.008503539400890103,23.5,0.08059833812733108,
6,ar1,0.25,3,752,288,0,0,0.16031351765652313,31,0.5144353507009509,
6,ar1,0.25,3,753,288,0,0,0.019551310565962043,32,0.5038161174900713,
6,ar1,0.25,3,754,288,0,0,0.23700429441277815,32,0.049508997800052246,
6,ar1,0.25,3,755,288,0,0,0.2931527157601953,31.75,0.016754897872357177,
6,ar1,0.25,3,756,288,0,0,0.33048106412163625,30.5,0.00016368386532628065,
6,ar1,0.25,3,757,288,0,0,0.12817959836228465,29.75,0.41592157039305955,
6,ar1,0.25,3,758,288,0,0,0.10374520599583448,31.25,0.024143006436550873,
6,ar1,0.25,3,759,288,0,0,0.042649093539932514,32,0.3327136016218729,
6,ar1,0.25,3,760,288,0,0,0.06314148584161328,29.75,0.000007466007540424258,
6,ar1,0.25,3,761,288,0,0,0.11050609018347834,32,0.07712593171425763,
6,ar1,0.25,3,762,288,0,0,0.26280031428298545,32,0.4043484678474252,
6,ar1,0.25,3,763,288,0,0,0.017990596900016143,31.5,0.9069950537939915,
6,ar1,0.25,3,764,288,1,1,0.0007735609373483721,31.5,0.37846710020816154,
6,ar1,0.25,3,765,288,0,0,0.13712158417679443,32,0.03489317823421789,
6,ar1,0.25,3,766,288,0,0,0.21512213416710613,30.5,0.27647946081868113,
6,ar1,0.25,3,767,288,0,0,0.07781423304959245,28.25,0.1949071666557991,
6,ar1,0.25,3,768,288,0,0,0.022104948230578403,29.5,0.02933307102837257,
6,ar1,0.25,3,769,288,0,0,0.05429960679803836,29,0.09866910809639018,
6,ar1,0.25,3,770,288,0,0,0.06362506468536822,28.5,0.02524260919714405,
6,ar1,0.25,3,771,288,0,0,0.017316693301923314,30.5,0.06289961421324786,
6,ar1,0.25,3,772,288,0,0,0.03510525330113523,30.5,0.7252984531077535,
6,ar1,0.25,3,773,288,0,0,0.018448819016411044,29.75,0.8274248123301782,
6,ar1,0.25,3,774,288,0,0,0.054541829764728655,32,0.949396700298472,
6,ar1,0.25,3,775,288,0,0,0.01870920465963044,30.25,0.001055094196934503,
6,ar1,0.25,3,776,288,0,0,0.00881470090044345,24.5,0.00024281843082341048,
6,ar1,0.25,3,777,288,0,0,0.07099127409034955,31.5,0.0022599677735528623,
6,ar1,0.25,3,778,288,0,0,0.024232570366577888,30.75,0.06342803423853072,
6,ar1,0.25,3,779,288,0,0,0.18963193028042014,30.75,0.2129413209960178,
6,ar1,0.25,3,780,288,0,0,0.1049081805953509,31,0.7266089326640259,
6,ar1,0.25,3,781,288,0,0,0.13189547906522536,30.75,0.00008567483334154247,
6,ar1,0.25,3,782,288,0,0,0.07793415704840645,29.25,0.20184913396724646,
6,ar1,0.25,3,783,288,0,0,0.0528119921074075,30.5,0.0712917290341265,
6,ar1,0.25,3,784,288,0,0,0.12167714970032739,31.5,0.9702622490070312,
6,ar1,0.25,3,785,288,0,0,0.02051707596154284,31.25,0.012693581052527714,
6,ar1,0.25,3,786,288,0,0,0.03151556228214769,31.25,0.5923653511171038,
6,ar1,0.25,3,787,288,0,0,0.29882951702505256,32,0.5259953237505897,
6,ar1,0.25,3,788,288,0,0,0.016979671148001363,31.25,0.03503938902512682,
6,ar1,0.25,3,789,288,0,0,0.009641758011064927,31.5,0.002246826993848705,
6,ar1,0.25,3,790,288,0,0,0.006323187917019246,26.75,0.17254345036226026,
6,ar1,0.25,3,791,288,0,0,0.020103912428539705,29.5,0.2178179134344287,
6,ar1,0.25,3,792,288,0,0,0.18734149771273167,28.75,0.006078513467675406,
6,ar1,0.25,3,793,288,0,0,0.1721807219226994,31.5,0.028530134515535988,
6,ar1,0.25,3,794,288,0,0,0.07277865485562107,31,0.06144152427035876,
6,ar1,0.25,3,795,288,0,0,0.5305340274023477,32,0.490755560314435,
6,ar1,0.25,3,796,288,0,0,0.007617999008463716,26.75,0.7111449852887026,
6,ar1,0.25,3,797,288,0,0,0.04161065094551464,27.75,0.7235221928166558,
6,ar1,0.25,3,798,288,0,0,0.056974400524578916,31.25,0.35319215988695374,
6,ar1,0.25,3,799,288,0,0,0.003691723424560367,28,0.24739406255629692,
6,ar1,0.25,3,800,288,0,0,0.2291874535770525,32,0.8108949686513744,
6,ar1,0.25,3,801,288,0,0,0.0009700526773662732,29.75,0.11205355208450607,
6,ar1,0.25,3,802,288,0,0,0.002214127129492316,25.75,0.02224661002034989,
6,ar1,0.25,3,803,288,0,0,0.02676367206682828,31.75,0.7501177308553907,
6,ar1,0.25,3,804,288,0,0,0.09383011386567874,31.5,0.5732108915280201,
6,ar1,0.25,3,805,288,0,0,0.1036139208475727,32,0.039429512464813965,
6,ar1,0.25,3,806,288,0,0,0.007712439755595546,28,0.8252216244572803,
6,ar1,0.25,3,807,288,0,0,0.004163232508867076,30.75,0.5174787966896917,
6,ar1,0.25,3,808,288,0,0,0.11329003917487357,30.75,0.39724982450791724,
6,ar1,0.25,3,809,288,0,0,0.28822196205741135,31.25,0.07323244691857123,
6,ar1,0.25,3,810,288,0,0,0.05900972443568575,29,0.18332817961480263,
6,ar1,0.25,3,811,288,0,0,0.07325564257432904,29,0.04074560439445807,
6,ar1,0.25,3,812,288,0,0,0.13752571770250976,30.5,0.05106353675560382,
6,ar1,0.25,3,813,288,0,0,0.05408507698794307,31,0.48461991631525214,
6,ar1,0.25,3,814,288,0,0,0.0387451031014463,30.5,0.21769985608517284,
6,ar1,0.25,3,815,288,0,0,0.05965786379163707,28.75,0.000006425182728864165,
6,ar1,0.25,3,816,288,0,0,0.13741206753165347,31.75,0.2970053127680675,
6,ar1,0.25,3,817,288,0,0,0.029293619003721072,30.75,0.6129269274160569,
6,ar1,0.25,3,818,288,0,0,0.1786782219338463,31.75,0.616821721223755,
6,ar1,0.25,3,819,288,0,0,0.13201271534735937,29,0.09800892815766715,
6,ar1,0.25,3,820,288,0,0,0.06306774587854991,31.75,0.8904609107992452,
6,ar1,0.25,3,821,288,0,0,0.16841003619846084,32,0.13188904026520265,
6,ar1,0.25,3,822,288,0,0,0.1514059331193367,32,0.057119630807986654,
6,ar1,0.25,3,823,288,0,0,0.458176753329707,31.5,0.30267104217840013,
6,ar1,0.25,3,824,288,0,0,0.025751339290002395,28.5,0.007940837262213285,
6,ar1,0.25,3,825,288,0,0,0.04139956806395095,29,0.6258097175101476,
6,ar1,0.25,3,826,288,1,1,0.0005906024024013856,25.5,0.0055353952709790155,
6,ar1,0.25,3,827,288,0,0,0.02787608614449577,29.75,0.8051152247506095,
6,ar1,0.25,3,828,288,0,0,0.04650128639365381,28.5,0.0326888695218408,
6,ar1,0.25,3,829,288,0,0,0.00408329523962403,23,0.00011414817251365061,
6,ar1,0.25,3,830,288,0,0,0.023478180950145755,31.25,0.7716546547543617,
6,ar1,0.25,3,831,288,0,0,0.0879196534054939,31,0.3560279386166344,
6,ar1,0.25,3,832,288,0,0,0.4339256325269524,31.75,0.007610948468738887,
6,ar1,0.25,3,833,288,1,1,0.0001142307948789334,24,2.513920416280513e-7,
6,ar1,0.25,3,834,288,0,0,0.11135821551292635,31,0.00031611811922260813,
6,ar1,0.25,3,835,288,0,0,0.11509519510589039,31,0.08783243345672431,
6,ar1,0.25,3,836,288,0,0,0.044348953239780387,31.75,0.1254434194521108,
6,ar1,0.25,3,837,288,0,0,0.012299395556236381,28,0.41044013186539485,
6,ar1,0.25,3,838,288,0,0,0.08946810735353772,31,0.2050337198811829,
6,ar1,0.25,3,839,288,0,0,0.08678546967410505,31.25,0.039781595915234336,
6,ar1,0.25,3,840,288,0,0,0.01754469032745143,32,0.006734921601790789,
6,ar1,0.25,3,841,288,0,0,0.18115186535207084,32,0.05639663338872969,
6,ar1,0.25,3,842,288,1,1,0.00014804962197667582,24.5,0.0002034108592985362,
6,ar1,0.25,3,843,288,0,0,0.029265805329848682,29.75,0.02455282620930932,
6,ar1,0.25,3,844,288,0,0,0.02647526899899244,31.5,0.01976746818898345,
6,ar1,0.25,3,845,288,0,0,0.01640681407364708,26.5,0.2544022740428352,
6,ar1,0.25,3,846,288,0,0,0.1012387555464016,32,0.17152499596855297,
6,ar1,0.25,3,847,288,0,0,0.09299563750400475,31.75,0.45593235770878904,
6,ar1,0.25,3,848,288,0,0,0.10468219974022164,32,0.056782061541991946,
6,ar1,0.25,3,849,288,0,0,0.014146861490434315,30.75,0.3357806548525648,
6,ar1,0.25,3,850,288,0,0,0.021897504657289124,26,0.002077763864143267,
6,ar1,0.25,3,851,288,0,0,0.05031170626249759,32,0.05973356825822973,
6,ar1,0.25,3,852,288,0,0,0.003179255064100328,30.5,0.016994709801543606,
6,ar1,0.25,3,853,288,1,1,0.0005410317964430478,30.25,0.6992294705733237,
6,ar1,0.25,3,854,288,0,0,0.013979411502979655,30,0.2391314526431364,
6,ar1,0.25,3,855,288,0,0,0.019881160489940153,31,0.060917905743900214,
6,ar1,0.25,3,856,288,0,0,0.18694448108944317,30,0.04614283801083274,
6,ar1,0.25,3,857,288,0,0,0.312745424360227,30.75,0.15134797620483065,
6,ar1,0.25,3,858,288,0,0,0.16118793468765102,30.25,0.7041678575404368,
6,ar1,0.25,3,859,288,0,0,0.468155618685568,31.5,0.05628628499334942,
6,ar1,0.25,3,860,288,0,0,0.13186635263069302,27.25,0.4528538889099858,
6,ar1,0.25,3,861,288,0,0,0.09250520836979237,26.75,0.007555321445978036,
6,ar1,0.25,3,862,288,0,0,0.015259502571716044,31.75,0.6139565010903469,
6,ar1,0.25,3,863,288,0,0,0.09842457327764453,31.5,0.00008609129646941494,
6,ar1,0.25,3,864,288,0,0,0.0015676897584177008,26.75,0.0000017906059948114006,
6,ar1,0.25,3,865,288,0,0,0.06659035168946603,31.25,0.0014325290128838208,
6,ar1,0.25,3,866,288,0,0,0.06681149062543534,31.75,0.38585682698802715,
6,ar1,0.25,3,867,288,0,0,0.09914251310909572,30,0.958767827690099,
6,ar1,0.25,3,868,288,0,0,0.15860302131409898,31,0.3064576109177507,
6,ar1,0.25,3,869,288,0,0,0.16175107379714637,31,0.035047095334731715,
6,ar1,0.25,3,870,288,0,0,0.0660205020664204,30.75,0.11513303798051999,
6,ar1,0.25,3,871,288,0,0,0.08418896090029382,28.5,0.07899899599888816,
6,ar1,0.25,3,872,288,0,0,0.04987994664303008,28.5,0.5972908910958946,
6,ar1,0.25,3,873,288,0,0,0.001456255993388278,28.5,0.2696920773418796,
6,ar1,0.25,3,874,288,0,0,0.16930805427315132,32,0.0018260578898235957,
6,ar1,0.25,3,875,288,0,0,0.08699005852812547,31.75,0.007958440831499769,
6,ar1,0.25,3,876,288,0,0,0.0860199265243432,30.75,0.11210715033506513,
6,ar1,0.25,3,877,288,0,0,0.2837724180650225,31,0.6833216193021794,
6,ar1,0.25,3,878,288,0,0,0.19755189971297948,32,0.4623212044472548,
6,ar1,0.25,3,879,288,0,0,0.04749788154310142,30.25,0.4598149348079583,
6,ar1,0.25,3,880,288,0,0,0.05281784054533256,31.75,0.37253683913136715,
6,ar1,0.25,3,881,288,0,1,0.01997892971140902,32,0.1071305611218959,
6,ar1,0.25,3,882,288,0,0,0.14251813625495025,29.5,0.0000855621484956437,
6,ar1,0.25,3,883,288,0,0,0.19225028589138982,32,0.10388789127104658,
6,ar1,0.25,3,884,288,0,0,0.32010523607998054,31,0.010461845875603393,
6,ar1,0.25,3,885,288,0,0,0.003941699110482144,24.5,0.00021700473405594778,
6,ar1,0.25,3,886,288,0,0,0.05760684954535278,29.5,0.03957335762978653,
6,ar1,0.25,3,887,288,0,0,0.16919685921645145,31,0.00004364196092154771,
6,ar1,0.25,3,888,288,0,0,0.36700265172568547,31.25,0.02758822366502578,
6,ar1,0.25,3,889,288,0,0,0.014007385636144898,30.75,0.050483785623915645,
6,ar1,0.25,3,890,288,0,0,0.35773786958473597,31.75,0.15563980569617708,
6,ar1,0.25,3,891,288,0,0,0.06766701308101664,31.5,6.494810714796628e-7,
6,ar1,0.25,3,892,288,0,0,0.14746022196480302,32,0.03242919332952743,
6,ar1,0.25,3,893,288,0,0,0.10937576289179662,30.5,0.015562339375455703,
6,ar1,0.25,3,894,288,0,0,0.07932121430742178,30,0.34186964765357486,
6,ar1,0.25,3,895,288,0,0,0.016922148183743713,29.25,0.0786176324707909,
6,ar1,0.25,3,896,288,0,0,0.11804849617678859,29,0.2080889973443687,
6,ar1,0.25,3,897,288,0,0,0.016652112590989643,26,0.003475102455247514,
6,ar1,0.25,3,898,288,0,0,0.09666624955410341,30.5,0.05235489342002264,
6,ar1,0.25,3,899,288,0,0,0.15553604065362858,31.75,0.8393806431148356,
6,ar1,0.25,3,900,288,0,0,0.04889715358910429,29.75,0.860306720765927,
6,ar1,0.25,3,901,288,0,0,0.4250262476564748,32,0.28910776334592025,
6,ar1,0.25,3,902,288,0,0,0.0913866228593766,26.5,0.015593659699013274,
6,ar1,0.25,3,903,288,0,0,0.026605100568350526,32,0.008269233855878078,
6,ar1,0.25,3,904,288,0,0,0.396938154271371,32,0.05540453763531816,
6,ar1,0.25,3,905,288,0,0,0.026477861956086368,31.25,0.07916553860787001,
6,ar1,0.25,3,906,288,0,0,0.02877998376592794,31,0.21503819687403236,
6,ar1,0.25,3,907,288,0,0,0.25510140091502387,30.75,0.7307066476674192,
6,ar1,0.25,3,908,288,0,0,0.0657405398765728,29.5,0.9779881705515646,
6,ar1,0.25,3,909,288,0,0,0.10019596346961057,30.75,0.034585098132783876,
6,ar1,0.25,3,910,288,0,0,0.001710351242333541,27.75,0.7059468348202576,
6,ar1,0.25,3,911,288,0,0,0.49816715537878586,31,0.9028609086234869,
6,ar1,0.25,3,912,288,0,0,0.04361663173953556,29,0.13807477452728145,
6,ar1,0.25,3,913,288,0,0,0.19026710806170555,32,0.05608951632413006,
6,ar1,0.25,3,914,288,0,0,0.022393202174941562,30.25,0.7500649766866978,
6,ar1,0.25,3,915,288,0,0,0.014758985593246399,30.5,0.5890800360448089,
6,ar1,0.25,3,916,288,0,0,0.24796770529160395,32,0.0043286526826926686,
6,ar1,0.25,3,917,288,0,0,0.1913581286995819,32,0.6938693436295529,
6,ar1,0.25,3,918,288,0,0,0.006595074029206671,29.5,0.55626889928349,
6,ar1,0.25,3,919,288,0,0,0.058383479511751046,31.25,0.28026091626972827,
6,ar1,0.25,3,920,288,0,0,0.06280303744548155,29.75,0.00227858448939966,
6,ar1,0.25,3,921,288,0,0,0.03037632664401646,27.25,0.00415669897508264,
6,ar1,0.25,3,922,288,0,0,0.03826987603501164,30.25,0.0003071914152446009,
6,ar1,0.25,3,923,288,0,0,0.02259730837970919,31.75,0.1541958570160472,
6,ar1,0.25,3,924,288,0,0,0.11415084663142894,31,0.9122025020929659,
6,ar1,0.25,3,925,288,0,0,0.038110840009658475,29,0.000023483911853916517,
6,ar1,0.25,3,926,288,0,0,0.046458685611274864,28.5,0.14716769541072283,
6,ar1,0.25,3,927,288,0,0,0.11178715911636283,30,0.5145595528543971,
6,ar1,0.25,3,928,288,0,0,0.407512500616387,30.75,0.0008866124449121715,
6,ar1,0.25,3,929,288,0,0,0.004969370984080346,24.75,0.9674997753176842,
6,ar1,0.25,3,930,288,0,0,0.231004026101033,30.75,0.000968002915363253,
6,ar1,0.25,3,931,288,0,0,0.1539642230224718,30,0.021276849522567698,
6,ar1,0.25,3,932,288,0,0,0.02386536922344662,26,0.8304746100563336,
6,ar1,0.25,3,933,288,0,0,0.13112499235059472,32,0.056371680422514725,
6,ar1,0.25,3,934,288,0,0,0.01237423019904682,28,0.001000230071786845,
6,ar1,0.25,3,935,288,0,0,0.07535242988112711,30.75,0.14050604680599776,
6,ar1,0.25,3,936,288,0,0,0.1306588968088006,28.75,0.00005689924395912982,
6,ar1,0.25,3,937,288,0,0,0.04300625895409016,31.75,0.3687390496418451,
6,ar1,0.25,3,938,288,0,0,0.04659954591266402,27,0.03321457721599608,
6,ar1,0.25,3,939,288,0,0,0.057153162363354326,32,0.021214572133241516,
6,ar1,0.25,3,940,288,0,0,0.00889762529271565,27.75,0.9002297999402208,
6,ar1,0.25,3,941,288,0,0,0.08698958893407271,29.5,0.4223784685291029,
6,ar1,0.25,3,942,288,0,0,0.1530586040982851,27.25,0.8774213683354417,
6,ar1,0.25,3,943,288,0,0,0.030320930635601817,29.25,0.009557736139088058,
6,ar1,0.25,3,944,288,0,0,0.0064895233227303395,32,0.00452801585473428,
6,ar1,0.25,3,945,288,0,0,0.0036601003881144845,32,0.8350382241561279,
6,ar1,0.25,3,946,288,0,0,0.5357059861649835,32,0.5555603741988158,
6,ar1,0.25,3,947,288,0,0,0.1612353576829788,32,0.03527633706623845,
6,ar1,0.25,3,948,288,0,0,0.2516147762551202,30.75,0.686512522960102,
6,ar1,0.25,3,949,288,0,0,0.13565686787225806,31,0.0005069128536315803,
6,ar1,0.25,3,950,288,0,0,0.13146060869697818,29.75,0.11145263090304514,
6,ar1,0.25,3,951,288,0,0,0.030117948116293203,27.25,0.06934819064879982,
6,ar1,0.25,3,952,288,0,0,0.06700595142959498,30.75,0.14098457111727913,
6,ar1,0.25,3,953,288,0,0,0.43762264663190786,30.75,0.2289925573824505,
6,ar1,0.25,3,954,288,0,0,0.06476885257044906,30.5,0.5834538053317305,
6,ar1,0.25,3,955,288,0,0,0.3484902900553175,32,0.6557576009735986,
6,ar1,0.25,3,956,288,0,0,0.08513546168284158,31.5,0.6522900393587008,
6,ar1,0.25,3,957,288,0,0,0.07068519485651226,28,0.27335156250256776,
6,ar1,0.25,3,958,288,0,0,0.14764223352260353,28.75,0.0995926951940711,
6,ar1,0.25,3,959,288,0,0,0.1398061250928977,31.5,0.008154258925733293,
6,ar1,0.25,3,960,288,0,0,0.06661021544321988,29.25,0.5049583170127682,
6,ar1,0.25,3,961,288,0,0,0.13502901346412055,32,0.08571166874925429,
6,ar1,0.25,3,962,288,0,0,0.07554959805505868,31.5,0.6096286075936784,
6,ar1,0.25,3,963,288,0,0,0.03937712666285209,31,0.947676401811542,
6,ar1,0.25,3,964,288,0,0,0.10619206226928213,29.5,0.6659804298632472,
6,ar1,0.25,3,965,288,0,0,0.1366485556693704,32,0.11214847557814789,
6,ar1,0.25,3,966,288,0,0,0.10364335781513279,30,0.03853188374310834,
6,ar1,0.25,3,967,288,0,0,0.07965726208249857,31.5,0.04455677237945377,
6,ar1,0.25,3,968,288,0,0,0.25741178909522056,30.5,0.012618967652756607,
6,ar1,0.25,3,969,288,0,0,0.05825491979523645,31,0.058244914614759,
6,ar1,0.25,3,970,288,0,0,0.08075400139386157,28.75,0.23136939392618383,
6,ar1,0.25,3,971,288,0,0,0.00718657884773799,29.75,0.16480221626747926,
6,ar1,0.25,3,972,288,0,0,0.07795525565139128,31.75,0.027571608565794103,
6,ar1,0.25,3,973,288,0,0,0.24453567381909158,27.75,0.04760976932178207,
6,ar1,0.25,3,974,288,0,0,0.29467661122741906,32,0.0007661671772110079,
6,ar1,0.25,3,975,288,0,0,0.08277671584386359,31.5,0.01996212228210692,
6,ar1,0.25,3,976,288,0,0,0.0800327736085612,30,0.04080969267085144,
6,ar1,0.25,3,977,288,0,0,0.04930886289359471,30.75,0.8492775091872855,
6,ar1,0.25,3,978,288,0,0,0.10920343933247278,30.75,0.5099087815110368,
6,ar1,0.25,3,979,288,0,0,0.05085672845050637,31.75,0.6690022225306905,
6,ar1,0.25,3,980,288,0,0,0.09406142288587283,31,0.020543866255055332,
6,ar1,0.25,3,981,288,0,0,0.09494787010505046,30.75,0.004899914395891214,
6,ar1,0.25,3,982,288,0,0,0.12024732029695162,31,0.08007317051105556,
6,ar1,0.25,3,983,288,0,0,0.041862529710209095,30.75,0.06002774181067838,
6,ar1,0.25,3,984,288,0,0,0.1166275042427769,28.75,0.0013852526884603478,
6,ar1,0.25,3,985,288,0,0,0.3336106154192797,31.75,0.9067929028294497,
6,ar1,0.25,3,986,288,0,0,0.1989964315562026,31,0.09803432531766154,
6,ar1,0.25,3,987,288,0,0,0.018702958208685394,31.75,0.001665462798401851,
6,ar1,0.25,3,988,288,0,0,0.08565265259724797,32,0.23983726294077357,
6,ar1,0.25,3,989,288,0,0,0.5186567351703999,31.75,0.21278312936966537,
6,ar1,0.25,3,990,288,0,0,0.10016428683241974,27.5,0.4412142446363576,
6,ar1,0.25,3,991,288,0,0,0.0993266061945074,29,0.24876546927873633,
6,ar1,0.25,3,992,288,0,0,0.2020949133360992,31.75,0.08161229642671886,
6,ar1,0.25,3,993,288,0,0,0.023277599287621964,30.75,0.574872759298205,
6,ar1,0.25,3,994,288,0,0,0.02887886969297304,30.75,0.7690299850177683,
6,ar1,0.25,3,995,288,0,0,0.012287584290319509,26.5,0.427117251845072,
6,ar1,0.25,3,996,288,0,0,0.03725212616666407,32,0.572289350559819,
6,ar1,0.25,3,997,288,0,0,0.0064113390253216496,25.75,0.021759243765223868,
6,ar1,0.25,3,998,288,0,0,0.08816971272844887,29.75,0.4970064224138566,
6,ar1,0.25,3,999,288,0,0,0.05331450387783787,27.25,0.5557225477596761,
10,ar1,1,7,0,168,0,0,0.13047163211640678,31,0.6352047679999954,0.37
10,ar1,1,7,1,168,0,0,0.058037031932565375,32,0.0013723689519964388,0.095
10,ar1,1,7,2,168,0,0,0.17305794787093454,29,0.004480055736609367,0.26
10,ar1,1,7,3,168,0,0,0.026968266680939768,31,0.03003363351285826,0.42
10,ar1,1,7,4,168,0,0,0.007290299627212171,22,0.011315577796279341,0.355
10,ar1,1,7,5,168,0,0,0.2691487617883881,32,0.09972919846044959,0.39
10,ar1,1,7,6,168,0,0,0.018768156290183025,27,0.0004151080948414654,0.14
10,ar1,1,7,7,168,0,0,0.2158129544269487,31,0.007426422234861563,0.505
10,ar1,1,7,8,168,0,0,0.10200432656778213,30,0.09975416639041967,0.31
10,ar1,1,7,9,168,0,0,0.03543393065655942,23,0.0005317947677332402,0.06
10,ar1,1,7,10,168,0,0,0.01678378553622062,27,0.07039717315204175,0.12
10,ar1,1,7,11,168,0,0,0.0863117021728722,31,0.533467403100139,0.86
10,ar1,1,7,12,168,0,0,0.04413644207447043,18,0.29707916012040714,0.275
10,ar1,1,7,13,168,0,0,0.08943155748237386,31,0.16775094445167804,0.155
10,ar1,1,7,14,168,0,0,0.01566464128999079,25,0.02011246943696099,0.51
10,ar1,1,7,15,168,0,0,0.06057274044968031,29,0.1205821382822092,0.525
10,ar1,1,7,16,168,0,0,0.3282074227927896,31,0.08213842884152767,0.74
10,ar1,1,7,17,168,0,0,0.07741065720132301,27,0.002860658851238762,0.25
10,ar1,1,7,18,168,1,1,0.003397562936068632,21,0.13451221811253522,0.17
10,ar1,1,7,19,168,0,0,0.038306165240384216,25,0.000006088477639609735,0.085
10,ar1,1,7,20,168,0,0,0.22640582136586507,30,0.01590943080003171,0.365
10,ar1,1,7,21,168,0,0,0.01264336570062885,29,0.6443675368909696,0.645
10,ar1,1,7,22,168,0,0,0.11639013548850241,29,0.07461298607594657,0.27
10,ar1,1,7,23,168,1,1,0.0014189712503956953,26,0.440108729126911,0.76
10,ar1,1,7,24,168,0,0,0.02700381952305686,28,0.14727174573253288,0.725
10,ar1,1,7,25,168,0,0,0.20755556376756745,24,0.03276803645724602,0.165
10,ar1,1,7,26,168,0,0,0.1325739956937927,32,0.3879035303591398,0.335
10,ar1,1,7,27,168,0,0,0.07714620571296182,27,0.9751739554410712,0.835
10,ar1,1,7,28,168,0,0,0.004854413744941222,23,0.000038062884460510205,0.165
10,ar1,1,7,29,168,0,0,0.20579602926349172,28,0.20668477451078238,0.42
10,ar1,1,7,30,168,0,0,0.12782843486261597,32,0.37878004924197195,0.855
10,ar1,1,7,31,168,0,0,0.11578301728177809,32,0.873739977621995,0.44
10,ar1,1,7,32,168,0,0,0.00679330679116108,21,0.18420661827135054,0.125
10,ar1,1,7,33,168,0,0,0.2655162622545354,32,0.029985678854263842,0.235
10,ar1,1,7,34,168,0,0,0.07031252319635206,31,0.11220929779699629,0.855
10,ar1,1,7,35,168,0,0,0.15066170550177838,27,0.43185545072322673,0.655
10,ar1,1,7,36,168,0,0,0.03245784973207244,25,0.027381781519294157,0.235
10,ar1,1,7,37,168,0,0,0.078063972809711,31,0.00033380007386607513,0.29
10,ar1,1,7,38,168,0,0,0.049147025016406776,30,0.0018130462020284899,0.21
10,ar1,1,7,39,168,0,0,0.005077067160731308,22,0.03185918481619687,0.125
10,ar1,1,7,40,168,0,0,0.1918214963934377,29,0.032629542150000246,0.63
10,ar1,1,7,41,168,0,0,0.03929158720222359,23,0.574058854032848,0.11
10,ar1,1,7,42,168,0,0,0.003824670680474984,21,0.0008370290559410742,0.215
10,ar1,1,7,43,168,0,0,0.1591730241897391,32,0.5451449214662758,0.45
10,ar1,1,7,44,168,0,0,0.07141887438690031,32,0.5047989426312419,0.745
10,ar1,1,7,45,168,0,0,0.7376961647815383,32,0.5173827860423091,0.495
10,ar1,1,7,46,168,0,0,0.41165826174622955,30,0.012159432668896408,0.625
10,ar1,1,7,47,168,0,0,0.05274923505661966,24,0.04239883334184369,0.35
10,ar1,1,7,48,168,1,1,0.0026655544891921457,24,0.2053999249983368,0.43
10,ar1,1,7,49,168,0,0,0.007325184605128432,25,0.02802965906021626,0.165
10,ar1,1,7,50,168,0,0,0.003666568324775965,22,0.2578509922403154,0.485
10,ar1,1,7,51,168,0,0,0.466995168868094,31,0.0594377945740272,0.525
10,ar1,1,7,52,168,0,0,0.04421415924451477,29,0.8502494389397727,0.855
10,ar1,1,7,53,168,0,0,0.3120709021191572,30,0.002571009073442765,0.245
10,ar1,1,7,54,168,0,0,0.4347331739934073,26,0.23896954036536866,0.78
10,ar1,1,7,55,168,0,0,0.3838482761257318,30,0.02215533447640139,0.295
10,ar1,1,7,56,168,0,1,0.0388898580978807,30,0.006378525594407214,0.28
10,ar1,1,7,57,168,0,0,0.22949609334391796,28,0.004922674404813976,0.325
10,ar1,1,7,58,168,0,0,0.5132388578107201,30,0.6433905733520555,0.87
10,ar1,1,7,59,168,0,0,0.12351722857250858,28,0.1539692806437003,0.18
10,ar1,1,7,60,168,0,0,0.2465747228415025,32,0.000058245764268272104,0.285
10,ar1,1,7,61,168,0,0,0.016503571725725363,32,0.7168903238446381,0.66
10,ar1,1,7,62,168,0,0,0.08409594262840603,28,0.6705684294456025,0.265
10,ar1,1,7,63,168,0,0,0.23145016070271274,28,0.16620437941822486,0.38
10,ar1,1,7,64,168,0,0,0.008316763507909108,31,0.09772642736673709,0.82
10,ar1,1,7,65,168,0,0,0.4182346140626354,29,0.3901761643513204,0.355
10,ar1,1,7,66,168,0,0,0.02846994417393056,29,0.39376721407380944,0.74
10,ar1,1,7,67,168,0,0,0.5935100805561306,31,0.032158771389989016,0.36
10,ar1,1,7,68,168,0,0,0.24577649693448644,31,0.6955009235477696,0.725
10,ar1,1,7,69,168,0,0,0.06984842529589774,29,0.32315303944669493,0.3
10,ar1,1,7,70,168,0,0,0.060108069941912534,25,0.01840647315407029,0.4
10,ar1,1,7,71,168,0,0,0.3419630561979501,30,0.36477301061382295,0.7
10,ar1,1,7,72,168,0,1,0.00407210426629534,29,0.7333889665421183,0.905
10,ar1,1,7,73,168,0,0,0.009538273018587451,23,0.0007610538412203827,0.19
10,ar1,1,7,74,168,0,0,0.14014942456140678,32,0.2599620250381388,0.86
10,ar1,1,7,75,168,0,0,0.07685204070340346,30,0.89775434251278,0.115
10,ar1,1,7,76,168,0,0,0.024092908356736942,25,0.019554855964739937,0.245
10,ar1,1,7,77,168,0,0,0.003619643482866697,21,0.9476005157611752,0.335
10,ar1,1,7,78,168,0,0,0.03397814950881661,25,0.2002603811146364,0.34
10,ar1,1,7,79,168,0,0,0.09037464701049669,29,0.46863342009659303,0.95
10,ar1,1,7,80,168,0,0,0.21676300854285757,32,0.6136395669085188,0.91
10,ar1,1,7,81,168,0,0,0.25873569747117553,32,0.048881766028795015,0.45
10,ar1,1,7,82,168,0,0,0.009763445854570674,27,0.011302907460995604,0.08
10,ar1,1,7,83,168,0,0,0.11035266271250288,29,0.26111510927332704,0.54
10,ar1,1,7,84,168,0,0,0.08270566467252449,26,0.10259578441569228,0.575
10,ar1,1,7,85,168,0,0,0.17265134279341876,30,0.7529579814650327,0.68
10,ar1,1,7,86,168,0,0,0.008605475680140029,23,0.028635577984538085,0.105
10,ar1,1,7,87,168,0,0,0.21072238446555736,27,0.19621434646316938,0.56
10,ar1,1,7,88,168,0,0,0.2016087207580053,30,0.3558064661446797,0.21
10,ar1,1,7,89,168,0,0,0.02976610582914574,32,0.9382620328520306,0.53
10,ar1,1,7,90,168,0,0,0.1458705545805069,26,0.3821438881785626,0.415
10,ar1,1,7,91,168,0,0,0.04545189295931973,31,0.04716879374665195,0.425
10,ar1,1,7,92,168,0,0,0.017336959958371256,25,0.00014063070803937983,0.065
10,ar1,1,7,93,168,0,0,0.17548723012467915,32,0.05139014834172173,0.725
10,ar1,1,7,94,168,0,0,0.13431781869996295,32,0.03159549452247101,0.35
10,ar1,1,7,95,168,0,0,0.0874490217587951,23,0.0006237644915706442,0.245
10,ar1,1,7,96,168,0,0,0.006075629106796598,29,0.7991184919244811,0.57
10,ar1,1,7,97,168,0,0,0.1412107836837857,29,0.054795387896011016,0.37
10,ar1,1,7,98,168,0,0,0.3337407935161738,30,0.07459143015164771,0.455
10,ar1,1,7,99,168,0,0,0.03616913382315623,31,0.4090517291004845,0.92
10,ar1,1,7,100,168,0,0,0.035885290719316676,23,0.00008180236796906382,0.135
10,ar1,1,7,101,168,0,0,0.010739801495002088,25,0.0009757895789824778,0.315
10,ar1,1,7,102,168,0,0,0.026301719324208883,22,0.00046398689298576823,0.37
10,ar1,1,7,103,168,0,0,0.354801804823884,32,0.4373859759727746,0.895
10,ar1,1,7,104,168,0,0,0.04284536131706296,23,0.04431158071957131,0.185
10,ar1,1,7,105,168,0,0,0.03734993908119977,27,0.061401366259404844,0.155
10,ar1,1,7,106,168,0,0,0.0604220262170464,27,0.3935742272727142,0.42
10,ar1,1,7,107,168,0,0,0.15169836508129153,32,0.2905570037867633,0.71
10,ar1,1,7,108,168,0,0,0.028172888015232767,32,0.024703405212148533,0.395
10,ar1,1,7,109,168,0,0,0.03653202643717768,31,0.9453549638402677,0.76
10,ar1,1,7,110,168,0,0,0.010019188689727399,19,0.5065217278697224,0.9
10,ar1,1,7,111,168,1,1,0.0005576141991591177,18,0.6788688637850446,0.985
10,ar1,1,7,112,168,0,0,0.3369842709672616,29,0.03690862304649967,0.475
10,ar1,1,7,113,168,0,0,0.07092459709464538,28,0.011665990193040932,0.4
10,ar1,1,7,114,168,0,0,0.12473166865382357,28,0.1630654988361624,0.885
10,ar1,1,7,115,168,0,0,0.007419984949040281,19,0.09089794394426853,0.41
10,ar1,1,7,116,168,0,0,0.31012091916444484,31,0.5408344516058226,0.45
10,ar1,1,7,117,168,0,0,0.02268096083952409,28,0.004573757978866944,0.15
10,ar1,1,7,118,168,0,0,0.0037549948938399025,28,0.07040729593713657,0.345
10,ar1,1,7,119,168,0,0,0.26847524812765244,32,0.34265827811345395,0.155
10,ar1,1,7,120,168,0,0,0.3076971718239797,32,0.01175119258275703,0.125
10,ar1,1,7,121,168,0,0,0.28389073066751913,31,0.5879202862932993,0.6
10,ar1,1,7,122,168,0,0,0.19255127535481753,30,0.08320953914617679,0.685
10,ar1,1,7,123,168,0,0,0.20587295249632542,32,0.364926212260119,0.71
10,ar1,1,7,124,168,0,0,0.1462589486050062,31,0.0031859593794365537,0.245
10,ar1,1,7,125,168,0,0,0.029404591217705,30,0.09096360485749777,0.525
10,ar1,1,7,126,168,0,0,0.026597704056372184,23,0.009202184879384179,0.36
10,ar1,1,7,127,168,0,0,0.35166704214095346,31,0.20076060123818074,0.45
10,ar1,1,7,128,168,0,0,0.6145121119932946,32,0.0027246227183712612,0.27
10,ar1,1,7,129,168,0,0,0.3822674018910771,31,0.5610821362640304,0.945
10,ar1,1,7,130,168,0,0,0.009703115945054464,30,0.15868171975116163,0.7
10,ar1,1,7,131,168,1,1,0.0017623169304455955,22,0.004814100182747305,0.095
10,ar1,1,7,132,168,0,0,0.005633473569433334,21,0.11957212781836923,0.31
10,ar1,1,7,133,168,0,0,0.04840520805542403,30,0.015038267520333548,0.245
10,ar1,1,7,134,168,0,0,0.09491441809089185,26,0.6825607582501427,0.44
10,ar1,1,7,135,168,0,0,0.10862958067820783,31,0.03908902770902267,0.1
10,ar1,1,7,136,168,0,0,0.2290245501561412,32,0.10230343047943635,0.12
10,ar1,1,7,137,168,0,0,0.038662236572381437,31,0.10106766327336014,0.455
10,ar1,1,7,138,168,0,0,0.04334817960626436,28,0.7952014270769324,0.37
10,ar1,1,7,139,168,0,0,0.16901209218014712,31,0.009235844252891035,0.13
10,ar1,1,7,140,168,0,0,0.07852707667962955,31,0.0732384663305864,0.665
10,ar1,1,7,141,168,0,0,0.20449240971183558,32,0.23649416247583033,0.785
10,ar1,1,7,142,168,0,0,0.12014655782090189,28,0.0685867163273366,0.52
10,ar1,1,7,143,168,0,0,0.08771259951795296,28,0.6214020729303977,0.965
10,ar1,1,7,144,168,0,0,0.018605269971777583,32,0.47419998306300193,0.785
10,ar1,1,7,145,168,0,0,0.5297566638864419,29,0.7715920926409244,0.695
10,ar1,1,7,146,168,0,0,0.07241065969742311,32,0.00008013725195055166,0.255
10,ar1,1,7,147,168,0,0,0.1241111689708112,27,0.07938454575097209,0.405
10,ar1,1,7,148,168,0,0,0.16676133879130817,27,0.001283692817088622,0.305
10,ar1,1,7,149,168,0,0,0.09717240811511751,23,0.80122574319281,0.105
10,ar1,1,7,150,168,0,0,0.05139769183502019,28,0.17788634438190187,0.515
10,ar1,1,7,151,168,0,0,0.1403912222459286,31,0.7266007138049839,0.91
10,ar1,1,7,152,168,0,0,0.042433699124097446,32,0.2860324667328531,0.355
10,ar1,1,7,153,168,0,0,0.21327300278317063,28,0.6654440294853246,0.845
10,ar1,1,7,154,168,0,0,0.20081499489567967,26,0.000807023876785995,0.32
10,ar1,1,7,155,168,0,0,0.14999105666480006,24,0.5963629288705967,0.265
10,ar1,1,7,156,168,0,0,0.030661897935896354,29,0.10172226006548124,0.41
10,ar1,1,7,157,168,0,0,0.40823431262231336,32,0.7020688775995122,0.19
10,ar1,1,7,158,168,0,0,0.01826687922884629,27,0.002840552360517612,0.14
10,ar1,1,7,159,168,0,0,0.028509289645841762,29,0.06836418892876195,0.545
10,ar1,1,7,160,168,0,0,0.02571438357207345,30,0.3172466627113124,0.92
10,ar1,1,7,161,168,0,0,0.1654057496953596,32,0.03831156626833221,0.815
10,ar1,1,7,162,168,0,0,0.31878129119963106,31,0.0023488398384525766,0.32
10,ar1,1,7,163,168,0,0,0.04098259154371742,31,0.5601031931450908,0.98
10,ar1,1,7,164,168,0,0,0.22484416984220035,31,0.08132523324307439,0.085
10,ar1,1,7,165,168,0,0,0.0432805870599281,28,0.10881691623660594,0.49
10,ar1,1,7,166,168,0,0,0.3444191188483976,28,0.036176283582106894,0.22
10,ar1,1,7,167,168,0,0,0.04896892564798827,26,0.25774549488585663,0.545
10,ar1,1,7,168,168,0,0,0.13533830071353015,27,0.23893974270659146,0.715
10,ar1,1,7,169,168,0,0,0.0077407768116860565,32,0.6602714954794875,0.515
10,ar1,1,7,170,168,0,0,0.008924120666255475,28,0.5888232988595147,0.365
10,ar1,1,7,171,168,0,0,0.04660566583735315,32,0.18675638624123625,0.755
10,ar1,1,7,172,168,0,0,0.1390750142634931,25,0.3055898244171934,0.61
10,ar1,1,7,173,168,0,0,0.009600335995988418,29,0.8303251545904715,0.825
10,ar1,1,7,174,168,0,0,0.04521586177640413,30,0.45339784934118743,0.68
10,ar1,1,7,175,168,1,1,0.002573375021007851,31,0.31002439230985257,0.495
10,ar1,1,7,176,168,0,1,0.020788045139399025,27,0.5166353824885177,0.845
10,ar1,1,7,177,168,0,0,0.03467129661765456,21,0.8704095523557306,0.115
10,ar1,1,7,178,168,0,0,0.011495928492955443,32,0.10069481397506685,0.56
10,ar1,1,7,179,168,0,0,0.35436969683473785,32,0.7644142030145809,0.45
10,ar1,1,7,180,168,0,0,0.20425677181957114,32,0.1657385471455156,0.825
10,ar1,1,7,181,168,1,1,0.0018287923157892516,25,0.000038756942882245404,0.02
10,ar1,1,7,182,168,0,0,0.021557682344547024,31,0.09618146361399427,0.515
10,ar1,1,7,183,168,0,0,0.11451085055258181,30,0.6376972046030095,0.48
10,ar1,1,7,184,168,0,0,0.11522976045211342,31,0.510592295245633,0.755
10,ar1,1,7,185,168,0,0,0.003940745583594141,26,0.00008533419441991708,0.365
10,ar1,1,7,186,168,0,0,0.16522915496031743,31,0.07473494858397023,0.815
10,ar1,1,7,187,168,0,0,0.02362751455376222,32,0.177417691878071,0.745
10,ar1,1,7,188,168,1,1,0.0003761169020024546,30,0.000994584380953789,0.24
10,ar1,1,7,189,168,0,0,0.08415023804410326,29,0.19638241316960547,0.47
10,ar1,1,7,190,168,0,0,0.15129442579570795,29,0.9520419749244946,0.575
10,ar1,1,7,191,168,0,0,0.04441559861104505,18,0.36175945885161687,0.77
10,ar1,1,7,192,168,0,0,0.029544451695722507,26,0.13441095438544104,0.885
10,ar1,1,7,193,168,0,0,0.15842589967535647,32,0.8393011663899455,0.25
10,ar1,1,7,194,168,0,0,0.07156671562041295,32,0.2757266217831139,0.48
10,ar1,1,7,195,168,0,0,0.030481454917538064,21,0.9772180706213232,0.04
10,ar1,1,7,196,168,0,0,0.03843279243602127,32,0.03445733169520038,0.32
10,ar1,1,7,197,168,0,0,0.2689906279203429,32,0.2736429057328107,0.74
10,ar1,1,7,198,168,0,0,0.020591520018510057,32,0.029692844290488574,0.315
10,ar1,1,7,199,168,0,0,0.14087578184235883,32,0.4647988937964689,0.885
10,ar1,1,7,200,168,0,0,0.1237459423007281,29,0.09734275000725612,
10,ar1,1,7,201,168,0,0,0.05326607034617792,32,0.21068642593061848,
10,ar1,1,7,202,168,0,0,0.02001458635562048,27,0.23590806490662541,
10,ar1,1,7,203,168,0,0,0.26255893577881784,32,0.7223968158179201,
10,ar1,1,7,204,168,0,0,0.1730649377393505,31,0.6374222015649391,
10,ar1,1,7,205,168,0,0,0.2463757164443614,31,0.9610528177814459,
10,ar1,1,7,206,168,0,0,0.06059343317912547,20,0.005277663141140754,
10,ar1,1,7,207,168,0,0,0.06605901824267213,32,0.30356493214337654,
10,ar1,1,7,208,168,0,0,0.017738649305204857,27,0.6923692217572066,
10,ar1,1,7,209,168,0,0,0.024712655332989386,24,1.0726389365611766e-7,
10,ar1,1,7,210,168,0,0,0.14243927724434313,30,0.29277719925829926,
10,ar1,1,7,211,168,1,1,0.0008056817485724288,26,0.007027765431544042,
10,ar1,1,7,212,168,0,0,0.056684832559783405,24,0.0105407317134949,
10,ar1,1,7,213,168,0,0,0.1774612044215108,29,0.011229634635530061,
10,ar1,1,7,214,168,0,0,0.26654325895596764,24,0.0006093967799893907,
10,ar1,1,7,215,168,0,0,0.2751860265702071,28,0.00806971702321957,
10,ar1,1,7,216,168,0,0,0.02101178641659296,25,0.0000031047246016324692,
10,ar1,1,7,217,168,0,0,0.044462042818958714,26,0.0030505356070726908,
10,ar1,1,7,218,168,0,0,0.11356668077593746,31,0.09022955765662011,
10,ar1,1,7,219,168,0,0,0.04586901593508175,27,0.022986500902793194,
10,ar1,1,7,220,168,0,0,0.004576893757976985,31,0.4879250921299596,
10,ar1,1,7,221,168,0,0,0.005352227959928624,25,0.00007162659655701731,
10,ar1,1,7,222,168,0,0,0.00928871543369747,26,0.0013886464140482335,
10,ar1,1,7,223,168,0,0,0.02774810949722739,28,0.5484604995537008,
10,ar1,1,7,224,168,0,0,0.11954322621308944,31,0.8274456675535686,
10,ar1,1,7,225,168,0,0,0.06190571741670414,28,0.2255012740186686,
10,ar1,1,7,226,168,0,0,0.01628984901726238,21,0.002926297896896135,
10,ar1,1,7,227,168,0,0,0.0276410351700066,28,0.353424687852096,
10,ar1,1,7,228,168,0,0,0.13764008341826806,30,0.6444316305549032,
10,ar1,1,7,229,168,0,0,0.2542818465675247,32,0.7812264291818745,
10,ar1,1,7,230,168,0,0,0.005908256260831801,31,0.006660073116161347,
10,ar1,1,7,231,168,0,0,0.020862687995625517,24,0.1479011829276934,
10,ar1,1,7,232,168,0,0,0.05263004043635111,26,0.44039037106333434,
10,ar1,1,7,233,168,0,0,0.43192453414257614,30,0.01332567861625622,
10,ar1,1,7,234,168,0,0,0.0995563805156493,29,0.0029875060627113648,
10,ar1,1,7,235,168,0,0,0.039397817465146145,32,0.05355929488469291,
10,ar1,1,7,236,168,0,0,0.13236990038652785,23,0.007144173855359703,
10,ar1,1,7,237,168,0,0,0.519774169316039,32,0.9273549160886823,
10,ar1,1,7,238,168,0,0,0.1777874098531852,25,0.12412394577531616,
10,ar1,1,7,239,168,0,0,0.3165365037677872,26,0.022302892425850374,
10,ar1,1,7,240,168,0,0,0.06696439082968375,31,0.3136202817056062,
10,ar1,1,7,241,168,0,0,0.008573060753716222,24,6.540211539007856e-8,
10,ar1,1,7,242,168,0,0,0.11610425330382301,28,0.07146925694467754,
10,ar1,1,7,243,168,0,0,0.2910687808818522,30,0.17710773864273688,
10,ar1,1,7,244,168,0,0,0.03451857468547348,32,0.00023169854463045425,
10,ar1,1,7,245,168,1,1,0.001899932807518545,23,0.2923269454495183,
10,ar1,1,7,246,168,0,0,0.03272636371185422,26,0.2742583049132752,
10,ar1,1,7,247,168,0,0,0.0721955865474293,29,0.0634031415456755,
10,ar1,1,7,248,168,0,0,0.29535900263942017,32,0.3611423859095989,
10,ar1,1,7,249,168,0,0,0.06447811356513355,25,0.8688669488433337,
10,ar1,1,7,250,168,0,0,0.2649176737520983,28,0.2604493355815216,
10,ar1,1,7,251,168,0,0,0.09948041858376688,24,0.00005786109566452424,
10,ar1,1,7,252,168,0,0,0.02539286703920729,32,0.7008858246682829,
10,ar1,1,7,253,168,0,0,0.08043303882725739,31,0.23972018062538325,
10,ar1,1,7,254,168,0,0,0.23194660249076648,31,0.004742364566911572,
10,ar1,1,7,255,168,0,0,0.06056674550888386,32,0.06807509268005407,
10,ar1,1,7,256,168,0,0,0.0868127130502564,32,0.45306151187098986,
10,ar1,1,7,257,168,0,0,0.04599338194163494,32,0.03532111609090616,
10,ar1,1,7,258,168,0,0,0.04413840347820708,22,0.38256205861019854,
10,ar1,1,7,259,168,0,0,0.12753887057445468,27,0.011949802150667321,
10,ar1,1,7,260,168,0,0,0.11936282017663635,27,0.6913877525375538,
10,ar1,1,7,261,168,0,0,0.12853420028035822,29,0.0175226224883529,
10,ar1,1,7,262,168,0,0,0.0041559696504259724,26,0.09504863403904928,
10,ar1,1,7,263,168,0,0,0.06144243254649262,28,0.40181532438690604,
10,ar1,1,7,264,168,0,0,0.07833756340323528,32,0.06052594874064188,
10,ar1,1,7,265,168,0,1,0.011600133030160609,32,0.06074382157621716,
10,ar1,1,7,266,168,0,0,0.2139694137046948,32,0.22683086130797503,
10,ar1,1,7,267,168,0,0,0.3840812284909665,27,0.030034841166951542,
10,ar1,1,7,268,168,0,0,0.39637617708811235,29,0.20407018951839584,
10,ar1,1,7,269,168,0,0,0.07920502032438059,27,0.05214562643448706,
10,ar1,1,7,270,168,0,0,0.015944992068380293,23,0.2427352773737298,
10,ar1,1,7,271,168,0,0,0.07706202644172555,23,0.12353816226461811,
10,ar1,1,7,272,168,0,0,0.06167489412634486,31,0.10973638609118685,
10,ar1,1,7,273,168,0,0,0.07256913182513447,29,0.17493799151450873,
10,ar1,1,7,274,168,0,0,0.1843514814887246,31,0.22617036153418169,
10,ar1,1,7,275,168,0,0,0.12926532865984453,30,0.008634344787029846,
10,ar1,1,7,276,168,0,0,0.018078890405607284,29,0.5680579316246562,
10,ar1,1,7,277,168,1,1,0.0021079766914137155,23,0.005436130480709345,
10,ar1,1,7,278,168,0,0,0.1948682205968446,27,0.5837033952104992,
10,ar1,1,7,279,168,0,0,0.03779337989031517,23,0.0006316334951108615,
10,ar1,1,7,280,168,1,1,0.001486794316807205,25,0.00013978914889412053,
10,ar1,1,7,281,168,0,0,0.26869329907918227,29,0.16429170306151952,
10,ar1,1,7,282,168,0,0,0.004893701495205405,32,0.7329396325576134,
10,ar1,1,7,283,168,0,0,0.48005443365089806,27,0.26620893630370546,
10,ar1,1,7,284,168,0,0,0.17806310745141685,26,0.009841449673230529,
10,ar1,1,7,285,168,0,0,0.29179404086579686,25,0.7389395973109959,
10,ar1,1,7,286,168,0,0,0.47713015993430763,29,0.17433483255156323,
10,ar1,1,7,287,168,0,0,0.3379926878670527,25,0.7151017447061059,
10,ar1,1,7,288,168,0,0,0.3909226019437029,32,0.44803178078525385,
10,ar1,1,7,289,168,0,0,0.011424334265213276,30,0.21993207580468466,
10,ar1,1,7,290,168,0,0,0.009824069203444807,20,0.007391345787108872,
10,ar1,1,7,291,168,0,0,0.02946432317706804,32,0.5569723004505976,
10,ar1,1,7,292,168,0,0,0.22868060744644803,32,0.22154948718382794,
10,ar1,1,7,293,168,0,0,0.007563708230139854,32,0.6000310447212596,
10,ar1,1,7,294,168,0,0,0.15043268006375143,25,0.6284646032160833,
10,ar1,1,7,295,168,0,0,0.035065785258270976,24,0.33554684839791815,
10,ar1,1,7,296,168,0,0,0.14865043065607453,25,0.9054178561592929,
10,ar1,1,7,297,168,0,0,0.07736126621516004,32,0.5879345982821879,
10,ar1,1,7,298,168,0,0,0.03071797877397542,29,0.10009147581017497,
10,ar1,1,7,299,168,0,0,0.013190914557589029,20,0.5151291849337749,
10,ar1,1,7,300,168,0,0,0.04432910094332454,19,0.0004310094058047609,
10,ar1,1,7,301,168,0,0,0.09317141113795135,31,0.7503072264023736,
10,ar1,1,7,302,168,0,0,0.08638953763789625,32,0.395690033953226,
10,ar1,1,7,303,168,0,0,0.1545576953188751,32,0.5713483881911656,
10,ar1,1,7,304,168,0,0,0.0206835869373847,32,0.00999226865807823,
10,ar1,1,7,305,168,0,0,0.19026959551315192,32,0.025374740299164866,
10,ar1,1,7,306,168,0,0,0.3928612877948702,31,0.023111997838122678,
10,ar1,1,7,307,168,0,0,0.008858479132615615,32,0.016858690723634107,
10,ar1,1,7,308,168,0,0,0.006621011301699564,23,0.02910338193166284,
10,ar1,1,7,309,168,0,0,0.13828470826175765,29,0.5791999772638534,
10,ar1,1,7,310,168,0,0,0.34148379814656904,32,0.004231406202742538,
10,ar1,1,7,311,168,0,0,0.27114732901648375,32,0.04773204889630578,
10,ar1,1,7,312,168,0,0,0.02813485372589719,26,0.5146770278875782,
10,ar1,1,7,313,168,0,0,0.04478824015292249,25,0.1030785663853746,
10,ar1,1,7,314,168,0,0,0.3068614004924646,29,0.014335311523288596,
10,ar1,1,7,315,168,1,1,0.0005734868864126774,28,0.06560585927918194,
10,ar1,1,7,316,168,0,0,0.28236793112924696,31,0.0005303969455040525,
10,ar1,1,7,317,168,0,0,0.1435464123946908,31,0.0617500332316282,
10,ar1,1,7,318,168,0,0,0.13259761605971343,31,0.5414550996659457,
10,ar1,1,7,319,168,0,0,0.398829277068974,32,0.09977366677045862,
10,ar1,1,7,320,168,0,0,0.09871292013809996,28,0.07377657017528494,
10,ar1,1,7,321,168,0,0,0.09087087945277683,28,0.8881824134702976,
10,ar1,1,7,322,168,0,0,0.02384525706660645,30,0.40713652730807626,
10,ar1,1,7,323,168,0,0,0.07205716433672271,31,0.42301348829084817,
10,ar1,1,7,324,168,0,0,0.025071541065236125,23,0.0003964292389178059,
10,ar1,1,7,325,168,0,0,0.03059664607326862,29,0.028670974197928745,
10,ar1,1,7,326,168,0,0,0.15225064362502116,30,0.8008781588469918,
10,ar1,1,7,327,168,0,0,0.07631602706347373,28,0.9999441850669327,
10,ar1,1,7,328,168,0,0,0.02502212075673005,28,0.3707703951303135,
10,ar1,1,7,329,168,0,0,0.14136536234832509,32,0.4304034552023718,
10,ar1,1,7,330,168,0,0,0.045034766501412915,24,0.023538336966922757,
10,ar1,1,7,331,168,0,0,0.16229444720347674,28,0.9411406010535853,
10,ar1,1,7,332,168,0,0,0.006223582937830874,26,0.9365524179110968,
10,ar1,1,7,333,168,0,0,0.00752049197401472,32,0.11135555080815651,
10,ar1,1,7,334,168,0,0,0.09145839271156386,28,0.0057778046153466045,
10,ar1,1,7,335,168,1,1,0.0028599164200135974,27,0.00015890237128168838,
10,ar1,1,7,336,168,0,0,0.0993793583272129,32,0.03596609521996341,
10,ar1,1,7,337,168,0,0,0.14495696671331482,26,0.0012250461699493398,
10,ar1,1,7,338,168,0,0,0.12572813837728758,29,0.9877036178831514,
10,ar1,1,7,339,168,0,0,0.07145846619744844,31,0.06516423453676179,
10,ar1,1,7,340,168,0,0,0.02191037663817552,27,0.027812611854072355,
10,ar1,1,7,341,168,0,0,0.12800795078524319,31,0.021164860729842028,
10,ar1,1,7,342,168,0,0,0.06528966926496049,32,0.16643443897292753,
10,ar1,1,7,343,168,0,0,0.04650059745092605,26,0.0037627822778366626,
10,ar1,1,7,344,168,0,0,0.13023130611300593,26,0.000876487591512709,
10,ar1,1,7,345,168,0,0,0.4737792872099589,32,0.0024671018853730242,
10,ar1,1,7,346,168,0,0,0.20013641572111385,31,0.01264174151075792,
10,ar1,1,7,347,168,0,0,0.0893587349125875,31,0.14401092968464235,
10,ar1,1,7,348,168,0,0,0.010252471162022103,18,0.03173936991955861,
10,ar1,1,7,349,168,0,0,0.05465394626034337,31,0.05168692974321831,
10,ar1,1,7,350,168,0,0,0.39962133596377547,30,0.1306436917616407,
10,ar1,1,7,351,168,0,0,0.06330797131927002,27,0.36347723726278514,
10,ar1,1,7,352,168,0,0,0.03541955044359468,31,0.17129847014822763,
10,ar1,1,7,353,168,0,0,0.013754967846385191,20,0.08612698408302144,
10,ar1,1,7,354,168,0,0,0.012966721662433844,29,0.0011439412215388245,
10,ar1,1,7,355,168,0,0,0.2004403166126184,32,0.694401054532078,
10,ar1,1,7,356,168,0,0,0.15102545429120628,29,0.3404878017944889,
10,ar1,1,7,357,168,0,0,0.14748824611865596,26,0.009697284963567698,
10,ar1,1,7,358,168,0,0,0.3310952884977777,26,0.054310200364436456,
10,ar1,1,7,359,168,0,0,0.07465211344109846,28,0.14877881241125213,
10,ar1,1,7,360,168,0,0,0.006095994946361372,28,0.3300975411384237,
10,ar1,1,7,361,168,0,0,0.00911722758350908,30,0.062002061673249065,
10,ar1,1,7,362,168,0,0,0.10375317818254137,30,0.11207120072461696,
10,ar1,1,7,363,168,0,0,0.16159915988876983,31,0.058687151216214595,
10,ar1,1,7,364,168,0,0,0.03917848680838831,29,0.005291692157915917,
10,ar1,1,7,365,168,0,0,0.12600512963004595,29,0.09776664526031331,
10,ar1,1,7,366,168,0,0,0.009563059092870807,21,0.6518549810156471,
10,ar1,1,7,367,168,0,0,0.25141438082451584,27,0.03545500202852414,
10,ar1,1,7,368,168,0,0,0.22320743975423307,32,0.02294777788954494,
10,ar1,1,7,369,168,0,0,0.02308357313701992,31,0.034144672639193185,
10,ar1,1,7,370,168,0,0,0.15809884006684716,32,0.3884001843020153,
10,ar1,1,7,371,168,0,0,0.06319521348428336,29,0.14942736470644358,
10,ar1,1,7,372,168,0,0,0.04921212360230487,25,0.00005528711321223234,
10,ar1,1,7,373,168,0,0,0.004563079770884326,27,0.09906582452879054,
10,ar1,1,7,374,168,0,0,0.5858120143114149,31,0.3196703924400588,
10,ar1,1,7,375,168,0,0,0.1419718396863856,27,0.9618583599560075,
10,ar1,1,7,376,168,0,0,0.010897724568709188,32,0.20765416214922472,
10,ar1,1,7,377,168,0,0,0.044065482724802485,27,0.5968616185789517,
10,ar1,1,7,378,168,0,0,0.009520705314381095,32,0.000018588818139653185,
10,ar1,1,7,379,168,0,0,0.5473148207050293,32,0.010171100533511002,
10,ar1,1,7,380,168,0,0,0.17196248008780013,28,0.09494353662957677,
10,ar1,1,7,381,168,0,0,0.08395243359084659,32,0.008713917264418392,
10,ar1,1,7,382,168,0,0,0.04927932527356038,28,0.5418775727328067,
10,ar1,1,7,383,168,0,0,0.14224218426873558,29,0.24696166232915384,
10,ar1,1,7,384,168,0,0,0.24960198620153684,31,0.0006899078704711847,
10,ar1,1,7,385,168,0,0,0.0036775955917109915,22,0.09114081639756921,
10,ar1,1,7,386,168,0,0,0.2981457431507182,30,0.35786509243568254,
10,ar1,1,7,387,168,0,0,0.08789206797565474,26,0.003600084892672384,
10,ar1,1,7,388,168,0,0,0.01525836305204642,21,0.5283255638115891,
10,ar1,1,7,389,168,0,0,0.020192992803627186,31,0.004768334460492074,
10,ar1,1,7,390,168,0,0,0.02499965131155657,32,0.00460782738129939,
10,ar1,1,7,391,168,0,0,0.07043324829153252,30,0.3998590395446907,
10,ar1,1,7,392,168,0,0,0.16140558366024116,27,0.03485013869666542,
10,ar1,1,7,393,168,0,0,0.5509035889509801,32,0.9897535563166964,
10,ar1,1,7,394,168,0,0,0.04602804133864902,32,0.555775845901626,
10,ar1,1,7,395,168,0,0,0.0734748226510431,23,0.0055486203900655395,
10,ar1,1,7,396,168,0,0,0.1694961442493167,31,0.3011819292434168,
10,ar1,1,7,397,168,0,0,0.0067776749746572,18,0.7243631299647847,
10,ar1,1,7,398,168,0,0,0.08003913686689756,32,0.04499791980620971,
10,ar1,1,7,399,168,0,0,0.2375094782344903,32,0.028824058846050438,
10,ar1,1,7,400,168,0,0,0.10769067519481701,32,0.7392960363183387,
10,ar1,1,7,401,168,0,0,0.058694095838480065,31,0.09260548709573713,
10,ar1,1,7,402,168,0,0,0.2893680897221297,31,0.16953892700740092,
10,ar1,1,7,403,168,0,0,0.26544910081388373,32,0.893248740760533,
10,ar1,1,7,404,168,0,0,0.07541848194930434,25,0.15912024117423906,
10,ar1,1,7,405,168,0,0,0.09294577519803582,31,0.25201268479706584,
10,ar1,1,7,406,168,0,0,0.19945493465743724,31,0.0034670295699730236,
10,ar1,1,7,407,168,0,0,0.01409551011600163,24,0.00020748571034523433,
10,ar1,1,7,408,168,0,0,0.18589441910976834,32,0.22956103665113814,
10,ar1,1,7,409,168,0,0,0.14505610315237605,31,0.007059057070008756,
10,ar1,1,7,410,168,0,0,0.02132794588473208,31,0.639623961124199,
10,ar1,1,7,411,168,0,0,0.3178121871950701,27,0.03371385789496173,
10,ar1,1,7,412,168,1,1,0.0007244821368489474,30,0.0648775674518115,
10,ar1,1,7,413,168,0,0,0.020609349705181246,30,0.020460515669955326,
10,ar1,1,7,414,168,0,0,0.1120501352033405,25,0.11639903630587622,
10,ar1,1,7,415,168,0,0,0.16588178011078325,28,0.42577682551405693,
10,ar1,1,7,416,168,0,0,0.04295850079346919,29,0.09033502266324389,
10,ar1,1,7,417,168,0,0,0.03450825471713581,28,0.37049383964163296,
10,ar1,1,7,418,168,0,0,0.24823932383476688,32,0.24719550433787596,
10,ar1,1,7,419,168,0,0,0.005527030423379986,28,0.9492543448444009,
10,ar1,1,7,420,168,0,0,0.005581733136179934,32,0.011034016460906293,
10,ar1,1,7,421,168,0,0,0.03933545541707939,29,0.11141386475388826,
10,ar1,1,7,422,168,0,0,0.042692339770562526,28,0.08790896963023531,
10,ar1,1,7,423,168,0,0,0.1276864221470454,28,0.8851345698394555,
10,ar1,1,7,424,168,0,0,0.00711603487300827,29,0.11177897122728186,
10,ar1,1,7,425,168,0,0,0.3775907217083352,32,0.14600135660705404,
10,ar1,1,7,426,168,0,0,0.16551073758838442,29,0.8804604522946688,
10,ar1,1,7,427,168,0,0,0.004575023708380144,24,0.0023402243057192296,
10,ar1,1,7,428,168,0,0,0.02393861339366421,32,0.7886348940898196,
10,ar1,1,7,429,168,0,0,0.00535135295778133,22,0.20103307870571518,
10,ar1,1,7,430,168,0,0,0.12921982279728228,30,0.03121057446625186,
10,ar1,1,7,431,168,0,0,0.08182185625029093,26,0.3897944889414524,
10,ar1,1,7,432,168,0,0,0.07315652050565791,31,0.000020315796772529815,
10,ar1,1,7,433,168,0,0,0.06945267270606181,28,0.8874254075820135,
10,ar1,1,7,434,168,0,0,0.15004857632036106,32,0.6937915251435762,
10,ar1,1,7,435,168,1,1,0.0005786529330129575,25,0.06193225731201524,
10,ar1,1,7,436,168,0,0,0.033227571089250896,24,0.0007602059596856225,
10,ar1,1,7,437,168,0,0,0.5177182750279642,30,0.11357847257658138,
10,ar1,1,7,438,168,0,0,0.009853117697330549,25,0.000024278037553893128,
10,ar1,1,7,439,168,0,0,0.04874234984618053,29,0.34446455995800573,
10,ar1,1,7,440,168,0,0,0.31128878472940125,31,0.017415528312073714,
10,ar1,1,7,441,168,0,0,0.16868975208016757,29,0.4082663496250081,
10,ar1,1,7,442,168,0,0,0.0695266313370313,32,0.41191118748766864,
10,ar1,1,7,443,168,0,0,0.044718227072883754,26,0.5401651510971546,
10,ar1,1,7,444,168,0,0,0.2682153078312609,28,0.02381752998354425,
10,ar1,1,7,445,168,0,0,0.4118541258434829,29,0.3013812739701489,
10,ar1,1,7,446,168,0,0,0.16103152249070352,30,0.00875258254977862,
10,ar1,1,7,447,168,0,0,0.07830907700379719,31,0.15576168452714634,
10,ar1,1,7,448,168,0,0,0.007333521746120897,22,0.92533948989389,
10,ar1,1,7,449,168,0,0,0.4234430389970226,30,0.20938431849593186,
10,ar1,1,7,450,168,0,0,0.4991459382514536,26,0.035372425839855115,
10,ar1,1,7,451,168,0,0,0.13887323608830915,32,0.11699020089409962,
10,ar1,1,7,452,168,0,0,0.36596850199942665,31,0.2879027129226007,
10,ar1,1,7,453,168,0,0,0.26036174941649737,31,0.3542326033639678,
10,ar1,1,7,454,168,0,0,0.0188881145480998,26,0.0015269502150830894,
10,ar1,1,7,455,168,0,0,0.24066787911903198,32,0.36395804598787074,
10,ar1,1,7,456,168,0,0,0.013458568725620346,32,0.0356191757774299,
10,ar1,1,7,457,168,0,0,0.023793273888072508,30,0.07262991237888461,
10,ar1,1,7,458,168,0,0,0.10731161199406536,32,0.30157347099751086,
10,ar1,1,7,459,168,0,0,0.015337748951653296,31,0.9932440319537303,
10,ar1,1,7,460,168,0,0,0.013338561146908123,25,0.7675218715561137,
10,ar1,1,7,461,168,0,0,0.05692434469661167,23,0.7025637657046613,
10,ar1,1,7,462,168,0,0,0.15556676555708115,29,0.7689785614593105,
10,ar1,1,7,463,168,0,0,0.1683393406594722,29,0.029485470123446933,
10,ar1,1,7,464,168,0,0,0.029040765691906723,27,0.3395512441992492,
10,ar1,1,7,465,168,0,0,0.06951761503013243,32,0.6165328706841368,
10,ar1,1,7,466,168,0,0,0.053776297535795714,27,0.26723685956835685,
10,ar1,1,7,467,168,0,0,0.009771824185118794,30,0.9250665212998674,
10,ar1,1,7,468,168,0,0,0.05980255795333789,31,0.7982520008524758,
10,ar1,1,7,469,168,0,0,0.3104318473218527,32,0.38856786456945536,
10,ar1,1,7,470,168,0,0,0.3915088173972603,32,0.41125118062563715,
10,ar1,1,7,471,168,0,0,0.25814176240312114,30,0.0010681073856886325,
10,ar1,1,7,472,168,0,0,0.36778764420562937,31,0.33450771376602817,
10,ar1,1,7,473,168,0,0,0.03206758973877344,31,0.00031112774187225245,
10,ar1,1,7,474,168,0,0,0.19492622247557034,29,0.017215046748665808,
10,ar1,1,7,475,168,0,0,0.005599634838268974,19,0.1492456191768159,
10,ar1,1,7,476,168,1,1,0.001414203285588278,26,0.2006799103297715,
10,ar1,1,7,477,168,0,0,0.32630880120184735,30,0.24098869479849971,
10,ar1,1,7,478,168,0,0,0.0049390685386706545,24,0.004013887857630571,
10,ar1,1,7,479,168,0,0,0.011395681200356722,23,0.00010617901233700433,
10,ar1,1,7,480,168,0,0,0.1735798423098096,31,0.010498739697515358,
10,ar1,1,7,481,168,0,0,0.16362042658582054,28,0.15231704937778634,
10,ar1,1,7,482,168,0,0,0.5154706061335428,32,0.22093996599636,
10,ar1,1,7,483,168,0,0,0.010095522786826239,29,0.19985434985767048,
10,ar1,1,7,484,168,0,0,0.05085773767795776,31,0.14486889768829414,
10,ar1,1,7,485,168,0,0,0.026881254467243876,27,0.29351967740600826,
10,ar1,1,7,486,168,0,0,0.1456359850079021,32,0.12854389558953283,
10,ar1,1,7,487,168,1,1,0.0008741492577981624,23,0.0007947599801922944,
10,ar1,1,7,488,168,0,0,0.02178819282868205,29,0.015202776682941344,
10,ar1,1,7,489,168,0,0,0.1098226402761272,31,0.000029850705176581727,
10,ar1,1,7,490,168,0,0,0.09133659659542437,26,0.0010628177907133773,
10,ar1,1,7,491,168,0,0,0.0981751195811108,23,0.0014154836339160815,
10,ar1,1,7,492,168,0,0,0.2675062351022831,32,0.02499825158716429,
10,ar1,1,7,493,168,0,0,0.05652366432584133,29,0.6384609555011711,
10,ar1,1,7,494,168,0,0,0.22610476797204104,31,0.0401638479352987,
10,ar1,1,7,495,168,0,0,0.4096457320833675,32,0.4345491485680091,
10,ar1,1,7,496,168,0,0,0.09089958523686259,30,0.31385057441029574,
10,ar1,1,7,497,168,0,0,0.16988444189097085,31,0.32704014092458444,
10,ar1,1,7,498,168,0,0,0.1599547500492371,30,0.1082764297924741,
10,ar1,1,7,499,168,0,0,0.04561223292195937,31,0.9218729205308165,
10,ar1,1,7,500,168,0,0,0.05241986840166157,23,0.1075279546536263,
10,ar1,1,7,501,168,0,0,0.022664692270566555,28,0.18032266475235592,
10,ar1,1,7,502,168,0,0,0.2158810370346338,32,0.18971815083899668,
10,ar1,1,7,503,168,0,0,0.11800411210844652,25,0.011189777786438482,
10,ar1,1,7,504,168,0,0,0.11519040809019476,26,0.20331995504690603,
10,ar1,1,7,505,168,0,0,0.07803992928055936,28,0.02791095598747173,
10,ar1,1,7,506,168,0,0,0.24099005312744648,30,0.5113745135158376,
10,ar1,1,7,507,168,0,0,0.22951934479219582,32,0.04394056257532375,
10,ar1,1,7,508,168,0,0,0.08512664152637861,32,0.4435407065077349,
10,ar1,1,7,509,168,0,0,0.03667644726858732,31,0.4760906454027567,
10,ar1,1,7,510,168,0,0,0.05190611485808616,24,0.004013024508704555,
10,ar1,1,7,511,168,0,0,0.056842389438611196,27,0.3460535184312288,
10,ar1,1,7,512,168,0,0,0.09530412837280267,27,0.2561692120218273,
10,ar1,1,7,513,168,0,0,0.12103028527882154,31,0.042285313065438035,
10,ar1,1,7,514,168,0,0,0.278521016294456,28,0.16213982218598977,
10,ar1,1,7,515,168,0,0,0.274463999125077,32,0.0029318329842891178,
10,ar1,1,7,516,168,0,0,0.0184858279338036,31,0.12205170032345991,
10,ar1,1,7,517,168,0,0,0.04641925885422549,30,0.6758152946092654,
10,ar1,1,7,518,168,0,0,0.3254000991668433,30,0.48740321332021264,
10,ar1,1,7,519,168,0,0,0.003729982005984067,20,0.026628536240130507,
10,ar1,1,7,520,168,0,0,0.4506826024427304,28,0.8816315358145294,
10,ar1,1,7,521,168,0,0,0.07357576337747251,29,0.011393797734092659,
10,ar1,1,7,522,168,0,0,0.19254048080769548,32,0.6078713996311578,
10,ar1,1,7,523,168,0,0,0.17302768283142755,27,0.07843648774181367,
10,ar1,1,7,524,168,0,0,0.0478724017031652,30,0.04284514452616217,
10,ar1,1,7,525,168,0,0,0.11856331259939501,32,0.7181220347917909,
10,ar1,1,7,526,168,0,0,0.3104893162561244,26,0.7700143144921482,
10,ar1,1,7,527,168,0,0,0.07253296211792337,29,0.7771498189873182,
10,ar1,1,7,528,168,0,0,0.009388639498889795,18,0.16473196620226827,
10,ar1,1,7,529,168,0,0,0.04334067053920676,31,0.49006548541601425,
10,ar1,1,7,530,168,0,0,0.010486904072764092,28,0.5429784981949681,
10,ar1,1,7,531,168,0,0,0.13616848835594986,28,0.027722481737275095,
10,ar1,1,7,532,168,0,0,0.010598831396058661,24,0.3138267212832463,
10,ar1,1,7,533,168,0,0,0.04909725787918551,30,0.271804988983942,
10,ar1,1,7,534,168,0,0,0.005248031999391389,31,0.0288726708970094,
10,ar1,1,7,535,168,0,0,0.30668172554020146,32,0.6629664302706801,
10,ar1,1,7,536,168,1,1,0.0009099729949174629,20,0.003929844955134709,
10,ar1,1,7,537,168,0,0,0.07120328109684904,24,0.15707081900663977,
10,ar1,1,7,538,168,0,0,0.19852743531775574,32,0.24070636603603357,
10,ar1,1,7,539,168,1,1,0.002966616241194542,28,0.0019786299864661405,
10,ar1,1,7,540,168,0,0,0.14077055313374032,28,0.12406496668632727,
10,ar1,1,7,541,168,0,0,0.4550912658646049,31,0.2226030723488689,
10,ar1,1,7,542,168,0,0,0.05801178493148962,32,0.005169341074264477,
10,ar1,1,7,543,168,0,0,0.08068643994572189,23,0.04985216414604887,
10,ar1,1,7,544,168,0,0,0.006533354525772195,19,0.01705614045911319,
10,ar1,1,7,545,168,0,0,0.026372484345186353,28,0.21588677824728464,
10,ar1,1,7,546,168,0,0,0.1529367113285034,29,0.030160577478408723,
10,ar1,1,7,547,168,0,0,0.20508504434515118,29,0.2528566755954642,
10,ar1,1,7,548,168,0,0,0.1744249237760075,27,0.9374756093040534,
10,ar1,1,7,549,168,0,0,0.013529152335729822,28,0.019594694345118846,
10,ar1,1,7,550,168,0,0,0.1603915770211095,28,0.10705325258776599,
10,ar1,1,7,551,168,0,0,0.051328103603799136,23,0.003685774221629856,
10,ar1,1,7,552,168,0,0,0.004746079385135271,32,0.2936693772953305,
10,ar1,1,7,553,168,0,0,0.24597262415167354,30,0.08643679896878254,
10,ar1,1,7,554,168,0,0,0.01691380911223983,26,0.7425930436873209,
10,ar1,1,7,555,168,1,1,0.002816664523573875,28,0.013123029367555827,
10,ar1,1,7,556,168,0,0,0.01448497039293617,25,0.0009718485179768255,
10,ar1,1,7,557,168,0,0,0.08076398095027071,23,0.922371869342842,
10,ar1,1,7,558,168,0,0,0.16950195999491013,23,0.008072112551056887,
10,ar1,1,7,559,168,0,0,0.11468590648320287,23,0.00040105004062840344,
10,ar1,1,7,560,168,0,0,0.1820702424789724,25,0.011216726389428278,
10,ar1,1,7,561,168,0,0,0.2263022748325999,31,0.589487791001438,
10,ar1,1,7,562,168,0,0,0.004311529887510379,29,0.38686973164644556,
10,ar1,1,7,563,168,0,0,0.11193860773329112,29,0.06028210946993473,
10,ar1,1,7,564,168,0,0,0.1415964698299741,30,0.09366027097695029,
10,ar1,1,7,565,168,0,0,0.15162015326118639,31,0.40255239243699026,
10,ar1,1,7,566,168,0,0,0.1604698347785649,31,0.8206005295236516,
10,ar1,1,7,567,168,0,0,0.025041071986667607,23,0.003160615422963642,
10,ar1,1,7,568,168,0,0,0.0846078658045446,30,0.09582026260615906,
10,ar1,1,7,569,168,0,0,0.007938459939606513,23,0.017983460422120623,
10,ar1,1,7,570,168,0,0,0.20171391985585685,29,0.0039801958697601725,
10,ar1,1,7,571,168,0,0,0.07552757100300633,31,0.0015919895118950977,
10,ar1,1,7,572,168,0,0,0.02348834448179904,25,0.00003048686239581766,
10,ar1,1,7,573,168,0,0,0.07574909104476524,27,0.8833778430388493,
10,ar1,1,7,574,168,0,0,0.26827969769024973,31,0.33490062198477766,
10,ar1,1,7,575,168,0,0,0.13879517683400533,31,0.461905460718121,
10,ar1,1,7,576,168,0,0,0.12407940938567441,31,0.0011744844384273811,
10,ar1,1,7,577,168,0,0,0.07108736136808613,29,0.3060923809583206,
10,ar1,1,7,578,168,0,1,0.004394097247077289,27,0.0004212190917375347,
10,ar1,1,7,579,168,1,1,0.00021427813741436985,22,0.0009222324461226616,
10,ar1,1,7,580,168,0,0,0.11914624524123274,23,0.010923683335387513,
10,ar1,1,7,581,168,0,0,0.007643273329278166,23,0.0001644348185677602,
10,ar1,1,7,582,168,0,0,0.23540777148844416,24,0.003843745607171045,
10,ar1,1,7,583,168,0,0,0.06563762431355591,27,0.0039802086746094645,
10,ar1,1,7,584,168,0,0,0.2997393541838246,29,0.15536278886028032,
10,ar1,1,7,585,168,0,0,0.09651996853760325,25,0.141555086816333,
10,ar1,1,7,586,168,0,0,0.01476760802429189,32,0.0041962481687075615,
10,ar1,1,7,587,168,0,0,0.11199678171439997,25,0.01995421786525986,
10,ar1,1,7,588,168,0,0,0.007531029539948109,20,0.21837353714823116,
10,ar1,1,7,589,168,0,0,0.04026007311715707,27,0.00018345971723543464,
10,ar1,1,7,590,168,0,0,0.21920278003268578,29,0.9902303754953758,
10,ar1,1,7,591,168,0,0,0.0834083307164335,31,0.0012467534087076126,
10,ar1,1,7,592,168,0,0,0.07533452415430342,22,0.008210230703467825,
10,ar1,1,7,593,168,0,0,0.01306518643131227,26,0.24476559755844218,
10,ar1,1,7,594,168,0,0,0.33491662718188797,30,0.3597882099055978,
10,ar1,1,7,595,168,0,0,0.006517728403275469,31,0.7841816841060776,
10,ar1,1,7,596,168,0,0,0.4370616294201799,32,0.7558725373485622,
10,ar1,1,7,597,168,0,0,0.3171657011161795,32,0.20249055472272448,
10,ar1,1,7,598,168,0,0,0.011917786742726144,22,0.0006114356099619078,
10,ar1,1,7,599,168,0,0,0.01225421449147468,28,0.18864774766061065,
10,ar1,1,7,600,168,0,0,0.03810913714113995,27,0.043856480977686796,
10,ar1,1,7,601,168,0,0,0.13600570988133676,31,0.42252273808791707,
10,ar1,1,7,602,168,0,0,0.023873783532943782,21,0.031755081104118954,
10,ar1,1,7,603,168,0,0,0.4278241376424874,32,0.2531148415057509,
10,ar1,1,7,604,168,0,0,0.14238191495241737,30,0.6601823673818903,
10,ar1,1,7,605,168,0,0,0.007740374550847529,24,0.000009056546027674806,
10,ar1,1,7,606,168,0,0,0.2867436366544278,31,0.5751309983513111,
10,ar1,1,7,607,168,0,0,0.25695463047292577,32,0.2138339773089959,
10,ar1,1,7,608,168,0,0,0.10727195585948779,24,0.017340121816493137,
10,ar1,1,7,609,168,0,0,0.01842862626877695,20,0.09851663409864808,
10,ar1,1,7,610,168,0,0,0.13046013771947196,30,0.077719264360397,
10,ar1,1,7,611,168,0,0,0.26963009559135753,31,0.0004245517078258487,
10,ar1,1,7,612,168,0,0,0.003852592163592017,28,0.21574087994161262,
10,ar1,1,7,613,168,0,0,0.3176092603929057,31,0.5953926829173176,
10,ar1,1,7,614,168,0,0,0.04528474344858635,27,0.013315623286752842,
10,ar1,1,7,615,168,0,0,0.006055473636871533,23,0.0008026328650170278,
10,ar1,1,7,616,168,0,0,0.039402711840925586,30,0.26093626380186363,
10,ar1,1,7,617,168,0,0,0.05737835197001595,26,0.09231261288685999,
10,ar1,1,7,618,168,0,0,0.021191188206461153,22,0.28752601613230855,
10,ar1,1,7,619,168,0,0,0.028506460177254223,27,0.8839029956730786,
10,ar1,1,7,620,168,0,0,0.5010973589168356,32,0.2043022678468217,
10,ar1,1,7,621,168,0,0,0.12985122638895108,32,0.09519249581122269,
10,ar1,1,7,622,168,0,0,0.011499592249547441,26,0.37813334090143325,
10,ar1,1,7,623,168,0,0,0.22383964031038206,32,0.663195691114391,
10,ar1,1,7,624,168,0,0,0.1958383363637457,30,0.08062579014332605,
10,ar1,1,7,625,168,0,0,0.010010317465097729,24,0.000011644214043982082,
10,ar1,1,7,626,168,0,0,0.005052476002045947,31,0.172409962219632,
10,ar1,1,7,627,168,0,0,0.047942700894125556,32,0.7623892229538991,
10,ar1,1,7,628,168,0,0,0.012464134433024854,25,0.0054134397807870105,
10,ar1,1,7,629,168,0,0,0.05202708008086088,30,0.41912103877942,
10,ar1,1,7,630,168,0,0,0.18816058216030296,32,0.3651661789831737,
10,ar1,1,7,631,168,0,0,0.01900011687768699,25,0.4026928685798541,
10,ar1,1,7,632,168,0,0,0.019849788185576034,29,0.012217089157996353,
10,ar1,1,7,633,168,0,0,0.02217631860704794,31,0.09988217768553087,
10,ar1,1,7,634,168,0,0,0.21301785853940092,30,0.010881623352165248,
10,ar1,1,7,635,168,0,0,0.2315055670016135,31,0.026503179911505526,
10,ar1,1,7,636,168,0,0,0.09378343641527931,30,0.40284790884270893,
10,ar1,1,7,637,168,0,0,0.07012493958455135,28,0.03355610549280974,
10,ar1,1,7,638,168,0,0,0.06307316950561903,28,0.154626583689921,
10,ar1,1,7,639,168,0,0,0.01546185030836722,25,0.0015149969315406686,
10,ar1,1,7,640,168,0,0,0.05183086436153628,31,0.04266941564917259,
10,ar1,1,7,641,168,0,0,0.008703779006479784,25,0.13651714076204347,
10,ar1,1,7,642,168,0,0,0.003850172379044503,28,0.29870186276010813,
10,ar1,1,7,643,168,0,0,0.19783332411831944,28,0.0236765625430414,
10,ar1,1,7,644,168,0,0,0.008920547885981178,26,4.0130264611359934e-7,
10,ar1,1,7,645,168,0,1,0.014094120824585388,30,0.24098237307875325,
10,ar1,1,7,646,168,0,0,0.3121420455980468,32,0.013675115873613586,
10,ar1,1,7,647,168,0,0,0.07881969973796132,30,0.022215153546281008,
10,ar1,1,7,648,168,0,0,0.027424237420154873,29,0.010100869349863317,
10,ar1,1,7,649,168,0,0,0.011133559886419842,27,0.01611656294341124,
10,ar1,1,7,650,168,0,0,0.020579664405771747,27,0.2511535245558918,
10,ar1,1,7,651,168,0,0,0.22558996115790264,31,0.057339675666194134,
10,ar1,1,7,652,168,0,0,0.0990862907312372,28,0.11296223606747802,
10,ar1,1,7,653,168,0,0,0.3778592286255318,32,0.05759513691755158,
10,ar1,1,7,654,168,0,0,0.03210262484167559,29,0.004656043468106108,
10,ar1,1,7,655,168,0,0,0.04081228283794758,21,0.10301094658016852,
10,ar1,1,7,656,168,0,0,0.5127980643023639,30,0.057473711732753396,
10,ar1,1,7,657,168,0,0,0.2559812350828241,31,0.10543719347593616,
10,ar1,1,7,658,168,0,0,0.02959125520223882,25,0.3022226525430808,
10,ar1,1,7,659,168,0,0,0.02288343005916238,20,0.004637987522552844,
10,ar1,1,7,660,168,0,0,0.19988559235647507,31,0.0006245747495031706,
10,ar1,1,7,661,168,0,0,0.04165024093344716,25,0.2054704193913348,
10,ar1,1,7,662,168,0,0,0.10941196484405735,32,0.912706760377944,
10,ar1,1,7,663,168,0,0,0.04608801566286913,31,0.41863110360181177,
10,ar1,1,7,664,168,0,0,0.08527988111613838,27,0.04580095243620874,
10,ar1,1,7,665,168,0,0,0.08996785853126088,32,0.648358292206228,
10,ar1,1,7,666,168,0,0,0.05429278529198711,24,0.0010228402442662432,
10,ar1,1,7,667,168,0,0,0.07537424951519933,30,0.000122369195290295,
10,ar1,1,7,668,168,0,0,0.03172029900211881,28,0.04075259473166837,
10,ar1,1,7,669,168,0,0,0.17950318196513315,23,0.7189155857151839,
10,ar1,1,7,670,168,0,0,0.04758149572897863,31,0.12425699087476683,
10,ar1,1,7,671,168,0,0,0.4578149030197467,28,0.9887754727113233,
10,ar1,1,7,672,168,1,1,0.001816386992139818,23,0.004949016878340373,
10,ar1,1,7,673,168,0,0,0.026935352831968795,29,0.09109097445841252,
10,ar1,1,7,674,168,0,0,0.15643229000217962,32,0.5609718378340327,
10,ar1,1,7,675,168,0,0,0.16829068536463554,28,0.6055432224044353,
10,ar1,1,7,676,168,0,0,0.0666599902209003,25,0.3462658817560371,
10,ar1,1,7,677,168,0,0,0.4623629097690414,32,0.0069641684225536515,
10,ar1,1,7,678,168,0,0,0.11452025737081328,29,0.5776515595984253,
10,ar1,1,7,679,168,0,0,0.14894626385090115,29,0.8303702651175744,
10,ar1,1,7,680,168,0,0,0.5356975329178183,32,0.3582788186369553,
10,ar1,1,7,681,168,0,0,0.07100461740742436,32,0.3914909047604407,
10,ar1,1,7,682,168,0,0,0.04657462946255542,30,0.5399770516452438,
10,ar1,1,7,683,168,0,0,0.11123913368733818,27,0.38720031404070177,
10,ar1,1,7,684,168,0,0,0.38488025920565105,32,0.5170451771867037,
10,ar1,1,7,685,168,0,0,0.32424911398225353,26,0.0003397836734883031,
10,ar1,1,7,686,168,0,0,0.2958975049856477,31,0.197059674731076,
10,ar1,1,7,687,168,0,0,0.06526196480928148,32,0.0031097911085684604,
10,ar1,1,7,688,168,0,1,0.053247090125514096,32,0.02831288255061426,
10,ar1,1,7,689,168,0,0,0.12164299401537348,30,0.7373104441569218,
10,ar1,1,7,690,168,0,0,0.08482600123009809,25,0.09936126305995174,
10,ar1,1,7,691,168,0,0,0.00917231850248812,18,0.7138354797365223,
10,ar1,1,7,692,168,0,0,0.031532999301526865,27,0.0039023077502761128,
10,ar1,1,7,693,168,1,1,0.0011666794147279225,22,0.008354131137098486,
10,ar1,1,7,694,168,0,0,0.14732276681986178,30,0.36866501694667764,
10,ar1,1,7,695,168,0,0,0.022688656431826937,18,0.42910253439269164,
10,ar1,1,7,696,168,0,0,0.10186188527827089,29,0.8980407453814836,
10,ar1,1,7,697,168,0,0,0.027162492854860387,24,0.00020382133738117147,
10,ar1,1,7,698,168,0,0,0.008772273997424085,23,0.0000057214955866413675,
10,ar1,1,7,699,168,0,0,0.023465292155534057,24,0.00005832705945651995,
10,ar1,1,7,700,168,0,0,0.2479761595203912,31,0.002343398535969765,
10,ar1,1,7,701,168,0,0,0.03874745689883874,27,0.07272050938442853,
10,ar1,1,7,702,168,0,0,0.023006406794543577,25,0.00007636546396927457,
10,ar1,1,7,703,168,0,0,0.040795752108363836,29,0.005465246263753221,
10,ar1,1,7,704,168,0,1,0.10258892426174326,31,0.06210260162001435,
10,ar1,1,7,705,168,0,0,0.04950224322682606,26,0.3124778361401349,
10,ar1,1,7,706,168,0,0,0.10001526699532548,29,0.2398036182450891,
10,ar1,1,7,707,168,0,0,0.468534259962899,31,0.03508812217898005,
10,ar1,1,7,708,168,0,0,0.0235830784101132,29,0.06211661973783544,
10,ar1,1,7,709,168,0,0,0.4480137352525492,32,0.4925461455501585,
10,ar1,1,7,710,168,0,0,0.16103464573652349,31,0.797535274576727,
10,ar1,1,7,711,168,0,0,0.6369818932502866,30,0.08305995121404763,
10,ar1,1,7,712,168,0,0,0.15455876642369226,31,0.5091307190729827,
10,ar1,1,7,713,168,0,0,0.06117373291738193,27,0.24979220834942817,
10,ar1,1,7,714,168,0,0,0.019712356960259525,31,0.7275347914407249,
10,ar1,1,7,715,168,0,0,0.1605288433994163,24,0.08317295777104117,
10,ar1,1,7,716,168,0,0,0.17018059534064334,32,0.015577272277112031,
10,ar1,1,7,717,168,0,0,0.1642372600557247,29,0.015445698242888661,
10,ar1,1,7,718,168,0,0,0.2910573339476822,27,0.15788286904542526,
10,ar1,1,7,719,168,0,0,0.02719502840216581,32,0.0649908730255584,
10,ar1,1,7,720,168,0,0,0.017002256468857446,26,0.015206548285004895,
10,ar1,1,7,721,168,0,0,0.018151472183691397,20,0.14102209011745892,
10,ar1,1,7,722,168,0,0,0.020612834189449036,22,0.06865549078580702,
10,ar1,1,7,723,168,0,0,0.08189914724037461,26,0.7569914060000602,
10,ar1,1,7,724,168,0,0,0.23233725113943737,24,0.01376801766300595,
10,ar1,1,7,725,168,0,0,0.034290443329815457,25,0.021713537742012456,
10,ar1,1,7,726,168,0,0,0.008972866094940635,20,0.5001457947418245,
10,ar1,1,7,727,168,0,0,0.051820700888707716,25,0.01761616163757329,
10,ar1,1,7,728,168,1,1,0.0008066577484476811,28,0.5776989859057748,
10,ar1,1,7,729,168,0,0,0.07795732879982986,27,0.1903697267504969,
10,ar1,1,7,730,168,0,0,0.13398664126901505,30,0.7382977163015995,
10,ar1,1,7,731,168,0,0,0.07415319303507728,26,0.004997139465059752,
10,ar1,1,7,732,168,0,0,0.05391962727582755,32,0.5443088551660992,
10,ar1,1,7,733,168,0,0,0.21660267576062675,30,0.38555756654475315,
10,ar1,1,7,734,168,0,0,0.04084182902333,21,0.6981931617434285,
10,ar1,1,7,735,168,0,0,0.17681320982593374,30,0.11800250028539505,
10,ar1,1,7,736,168,0,0,0.1064677478745697,30,0.037053461933800325,
10,ar1,1,7,737,168,0,0,0.18863643896701354,30,0.7054821450860607,
10,ar1,1,7,738,168,0,0,0.14316504775864414,30,0.4175938359128414,
10,ar1,1,7,739,168,0,0,0.033248153293574,31,0.04216252180140179,
10,ar1,1,7,740,168,0,0,0.0036677985597003415,24,0.0000010541775066208459,
10,ar1,1,7,741,168,0,0,0.1427683702114675,29,0.14183719418167928,
10,ar1,1,7,742,168,0,0,0.07438008556131959,23,0.10163416452170404,
10,ar1,1,7,743,168,0,0,0.014373228836847107,20,0.0251704795139448,
10,ar1,1,7,744,168,0,0,0.03428683972700619,30,0.25484373421876616,
10,ar1,1,7,745,168,0,0,0.006954458055460133,19,0.51451757082395,
10,ar1,1,7,746,168,0,0,0.019705888241707048,28,0.33590635573036054,
10,ar1,1,7,747,168,0,0,0.3180139762094998,32,0.06754580465186832,
10,ar1,1,7,748,168,0,0,0.18660483917469128,32,0.006968437675659245,
10,ar1,1,7,749,168,0,0,0.10336817984202928,25,0.0026932160645591896,
10,ar1,1,7,750,168,0,0,0.14317301686124584,28,0.06484573718905007,
10,ar1,1,7,751,168,0,0,0.18233303881716956,30,0.8397483277380384,
10,ar1,1,7,752,168,0,0,0.0777671967534298,32,0.008791007947824947,
10,ar1,1,7,753,168,0,0,0.10580291519831553,28,0.3351606151603983,
10,ar1,1,7,754,168,0,0,0.4018785809273845,32,0.00002854564447174468,
10,ar1,1,7,755,168,0,0,0.0038357606269660005,18,0.7091112720168868,
10,ar1,1,7,756,168,0,0,0.07877905103473626,32,0.0008877976995547154,
10,ar1,1,7,757,168,0,0,0.03191971995415144,31,0.017389469539786706,
10,ar1,1,7,758,168,0,0,0.015763171030543255,31,0.24048227492289254,
10,ar1,1,7,759,168,0,0,0.5360737171946538,32,0.16136046810863458,
10,ar1,1,7,760,168,0,0,0.08317624998263817,27,0.8455157324565112,
10,ar1,1,7,761,168,0,0,0.13375274555045702,30,0.021892675694811348,
10,ar1,1,7,762,168,0,0,0.009485942134111247,30,0.7869544489511778,
10,ar1,1,7,763,168,0,0,0.20875151537646996,30,0.44095084186177813,
10,ar1,1,7,764,168,0,0,0.13977086114698345,30,0.06596831673112391,
10,ar1,1,7,765,168,0,0,0.05452364413706767,28,0.00010407623111707842,
10,ar1,1,7,766,168,0,0,0.056514079263665695,24,0.00004261849627451575,
10,ar1,1,7,767,168,1,1,0.002347192518371455,22,0.09114819424822862,
10,ar1,1,7,768,168,1,1,0.0005341565263697889,29,0.0009259271242458844,
10,ar1,1,7,769,168,0,0,0.16362062346838013,32,0.11516802175803709,
10,ar1,1,7,770,168,0,0,0.05249731170422034,23,0.0001131687247550861,
10,ar1,1,7,771,168,0,0,0.42517556302565496,31,0.8617634761355099,
10,ar1,1,7,772,168,0,0,0.24931187754571404,27,0.6051438408342822,
10,ar1,1,7,773,168,0,0,0.08768680289130648,24,0.003712641373658898,
10,ar1,1,7,774,168,0,0,0.11187462698541695,31,0.08509798871723484,
10,ar1,1,7,775,168,1,1,0.002639960852189538,28,0.406821887113769,
10,ar1,1,7,776,168,0,0,0.17299130491709436,32,0.06073970724716127,
10,ar1,1,7,777,168,0,0,0.10300739655601909,29,0.11377539836048867,
10,ar1,1,7,778,168,0,0,0.027559866718182557,25,0.007586012062382963,
10,ar1,1,7,779,168,0,0,0.04809320560775199,22,0.07023753623106721,
10,ar1,1,7,780,168,0,0,0.12806502742773052,26,0.0031525145930170195,
10,ar1,1,7,781,168,0,0,0.05931743810050294,27,0.0018633530265272924,
10,ar1,1,7,782,168,0,0,0.11876336196055803,32,0.0007920419765005127,
10,ar1,1,7,783,168,0,0,0.06132959301209251,27,0.1972065456219445,
10,ar1,1,7,784,168,0,0,0.024426436206472002,32,0.092763195938107,
10,ar1,1,7,785,168,0,0,0.16463651426024084,30,0.10616179122571934,
10,ar1,1,7,786,168,0,0,0.18585457321248455,22,0.3327643206932399,
10,ar1,1,7,787,168,0,0,0.23005196839917585,32,0.3650961779794044,
10,ar1,1,7,788,168,0,0,0.33163845618044685,32,0.04507570513335746,
10,ar1,1,7,789,168,0,0,0.05968978721081297,29,0.9142269514500405,
10,ar1,1,7,790,168,0,0,0.03447676987526105,28,0.3563305796210383,
10,ar1,1,7,791,168,0,0,0.0716254174007005,32,0.04692114669485048,
10,ar1,1,7,792,168,0,0,0.20070728873814137,25,0.3750147653254021,
10,ar1,1,7,793,168,0,0,0.0463353365090613,23,0.8150364875633027,
10,ar1,1,7,794,168,1,1,0.0005906216604227854,22,0.7403552770798383,
10,ar1,1,7,795,168,0,0,0.027784799224033763,25,0.007673533851148329,
10,ar1,1,7,796,168,1,1,0.0017878444733093746,30,0.001278151463231736,
10,ar1,1,7,797,168,0,0,0.23246686086696888,31,0.028019593951349342,
10,ar1,1,7,798,168,0,0,0.05737464544162063,28,0.0063744257978588514,
10,ar1,1,7,799,168,0,0,0.018106188188436123,28,0.015422493175513696,
10,ar1,1,7,800,168,0,0,0.07664638032064075,27,0.8342227787532367,
10,ar1,1,7,801,168,0,0,0.0428824732015316,29,0.601538640320092,
10,ar1,1,7,802,168,0,0,0.40107142310764,29,0.0048626571354923875,
10,ar1,1,7,803,168,1,1,0.0012604288532396257,31,0.21149135987038747,
10,ar1,1,7,804,168,0,0,0.17633852398931826,32,0.013836547550580947,
10,ar1,1,7,805,168,0,0,0.09681995816775957,30,0.0005110162649203387,
10,ar1,1,7,806,168,0,0,0.1403618038827975,32,0.18215620080916262,
10,ar1,1,7,807,168,0,0,0.04650336740303351,32,0.05268667769208102,
10,ar1,1,7,808,168,0,0,0.2808294245676597,32,0.10562650290248565,
10,ar1,1,7,809,168,0,0,0.14440193434977222,29,0.5652700894851385,
10,ar1,1,7,810,168,0,0,0.013560070525052148,29,0.2558225139349313,
10,ar1,1,7,811,168,0,0,0.253977116003383,31,0.6182588751923267,
10,ar1,1,7,812,168,1,1,0.0024240977921204943,21,0.012766522990627194,
10,ar1,1,7,813,168,0,0,0.18738184235423883,32,0.052998512866044845,
10,ar1,1,7,814,168,0,0,0.008137983771754342,23,0.000037491536981404394,
10,ar1,1,7,815,168,0,0,0.039107091429983254,31,0.494853795386073,
10,ar1,1,7,816,168,0,0,0.0501230041575238,31,0.05488478706165989,
10,ar1,1,7,817,168,0,0,0.03821258316053455,26,0.012637127619736455,
10,ar1,1,7,818,168,0,0,0.11925202763063769,25,0.03718563697858912,
10,ar1,1,7,819,168,0,0,0.12263745488063704,28,0.2256054446969049,
10,ar1,1,7,820,168,0,0,0.15591898816628968,30,0.5160321771963682,
10,ar1,1,7,821,168,0,0,0.021047724424512082,25,0.00004896203879900529,
10,ar1,1,7,822,168,0,0,0.0914505550416208,26,0.034564032909971565,
10,ar1,1,7,823,168,0,0,0.08734108456934231,32,0.04256595259302154,
10,ar1,1,7,824,168,0,0,0.13218784442802267,30,0.7134847365442076,
10,ar1,1,7,825,168,0,0,0.23192757949215137,27,0.21227518427975056,
10,ar1,1,7,826,168,0,0,0.031627172483862265,29,0.037581646851348016,
10,ar1,1,7,827,168,1,1,0.0015990457220327325,23,0.00930686078477172,
10,ar1,1,7,828,168,0,0,0.08854205351835143,29,0.6379762163058216,
10,ar1,1,7,829,168,0,0,0.08578965290506146,30,0.08072449107080315,
10,ar1,1,7,830,168,0,0,0.0438126968822069,29,0.023832362544088825,
10,ar1,1,7,831,168,0,0,0.11420545884585998,29,0.2020077625843827,
10,ar1,1,7,832,168,0,0,0.2992319402402773,32,0.015687615158266888,
10,ar1,1,7,833,168,0,0,0.08163709649410322,32,0.2433918583632868,
10,ar1,1,7,834,168,0,0,0.01114858403626029,26,0.0016605901612803953,
10,ar1,1,7,835,168,0,0,0.08313351987455353,30,0.9517483760253606,
10,ar1,1,7,836,168,0,0,0.02766056454789456,26,0.053915893882926946,
10,ar1,1,7,837,168,0,0,0.11397228117918279,30,0.037877151767797046,
10,ar1,1,7,838,168,0,0,0.11273695014956886,30,0.0007168415540633744,
10,ar1,1,7,839,168,0,0,0.036049570459557034,27,0.08225427800085638,
10,ar1,1,7,840,168,0,0,0.20892925282773356,32,0.09305210419614962,
10,ar1,1,7,841,168,0,0,0.1093407106461215,32,0.7956630325776965,
10,ar1,1,7,842,168,0,0,0.005551029803331553,32,0.5499707056651009,
10,ar1,1,7,843,168,0,0,0.2277993285671378,32,0.3119065627441263,
10,ar1,1,7,844,168,0,0,0.11667494509458864,26,0.03149793803251044,
10,ar1,1,7,845,168,0,0,0.1330052015925961,30,0.9240486546985232,
10,ar1,1,7,846,168,0,0,0.4031581575701533,29,0.0016076603729461292,
10,ar1,1,7,847,168,0,0,0.16250359025311167,27,0.81299616423215,
10,ar1,1,7,848,168,0,0,0.17344071215603152,30,0.001249997541339587,
10,ar1,1,7,849,168,0,0,0.06602771878149749,27,0.865730138949603,
10,ar1,1,7,850,168,0,0,0.10044593277101133,28,0.010210523158058371,
10,ar1,1,7,851,168,0,0,0.017648531281062252,30,0.8718411825227426,
10,ar1,1,7,852,168,0,0,0.11925144259495324,32,0.09675273633707304,
10,ar1,1,7,853,168,0,0,0.09409098931283166,31,0.0005264294753788423,
10,ar1,1,7,854,168,0,0,0.1187478308961405,29,0.9696654992604861,
10,ar1,1,7,855,168,0,0,0.03561683212167166,32,0.03989955075308149,
10,ar1,1,7,856,168,0,0,0.12471764293756138,32,0.6751072697299516,
10,ar1,1,7,857,168,0,0,0.10731911124343663,28,0.2393798813248913,
10,ar1,1,7,858,168,0,0,0.05249906039292873,29,0.921099272501994,
10,ar1,1,7,859,168,0,0,0.014247482118269095,29,0.8243442113027784,
10,ar1,1,7,860,168,0,0,0.004680461941743874,22,0.3153505278935501,
10,ar1,1,7,861,168,0,0,0.19964607970203962,30,0.8531999754678272,
10,ar1,1,7,862,168,0,0,0.004381958072952941,30,0.4682315612682588,
10,ar1,1,7,863,168,0,0,0.3888013827906037,31,0.16244857333989304,
10,ar1,1,7,864,168,0,0,0.09209600164200915,31,0.8545160401880422,
10,ar1,1,7,865,168,0,0,0.020353637388153434,29,0.09664759634699416,
10,ar1,1,7,866,168,0,0,0.5345586754560443,32,0.1490487079080427,
10,ar1,1,7,867,168,0,0,0.24063212503930254,29,0.41168189846059866,
10,ar1,1,7,868,168,0,0,0.020730731916442147,23,0.02679492520813964,
10,ar1,1,7,869,168,0,0,0.2892628210063275,31,0.007134933353404427,
10,ar1,1,7,870,168,1,1,0.002782129294214064,28,0.38355568487237335,
10,ar1,1,7,871,168,0,0,0.021196022442650397,18,0.02811771748914038,
10,ar1,1,7,872,168,0,0,0.045290925871778964,32,0.598911120182914,
10,ar1,1,7,873,168,0,0,0.026728046607198963,32,0.043130787583517294,
10,ar1,1,7,874,168,0,0,0.1249398064294025,32,0.7201480777260709,
10,ar1,1,7,875,168,0,0,0.05133157203814598,27,0.07980295819826277,
10,ar1,1,7,876,168,0,0,0.028436698518446324,32,0.16856244951507493,
10,ar1,1,7,877,168,0,0,0.11698418870859628,24,0.014504057457147113,
10,ar1,1,7,878,168,0,0,0.05648394471592033,32,0.307409098436499,
10,ar1,1,7,879,168,0,0,0.01207329304573257,22,0.16740663825801083,
10,ar1,1,7,880,168,0,0,0.10137594574287123,32,0.08960364073636995,
10,ar1,1,7,881,168,0,0,0.09297350550906436,32,0.017796905015740827,
10,ar1,1,7,882,168,0,0,0.02194451454499069,29,0.20270149231640733,
10,ar1,1,7,883,168,0,0,0.18684138903033876,28,0.06586435238094623,
10,ar1,1,7,884,168,0,0,0.03317175749728496,25,0.0006318244421068542,
10,ar1,1,7,885,168,0,0,0.10589773587945106,26,0.8932033854739574,
10,ar1,1,7,886,168,0,0,0.071689247893713,27,0.16626060122641262,
10,ar1,1,7,887,168,0,0,0.04492839508649504,32,0.42994427243169864,
10,ar1,1,7,888,168,0,0,0.009653059102744943,24,0.0007854346891330577,
10,ar1,1,7,889,168,0,0,0.02922239614932154,19,0.6834970476674664,
10,ar1,1,7,890,168,0,0,0.023029729432189616,26,0.03182334526890418,
10,ar1,1,7,891,168,0,0,0.15980928413014017,30,0.006934361790539079,
10,ar1,1,7,892,168,0,0,0.07788441592612116,30,0.013135541151313768,
10,ar1,1,7,893,168,0,0,0.09867739711637036,29,0.3423442835610202,
10,ar1,1,7,894,168,0,0,0.050072892568016725,29,0.38758621572532037,
10,ar1,1,7,895,168,0,0,0.32351275877683505,32,0.19057657947048823,
10,ar1,1,7,896,168,0,0,0.21480530843883217,31,0.08503871787689832,
10,ar1,1,7,897,168,0,0,0.045577214175265945,19,0.14047858946189917,
10,ar1,1,7,898,168,0,0,0.009891080030371313,32,0.6412222254135472,
10,ar1,1,7,899,168,0,0,0.28152761770234536,32,0.007279312518608916,
10,ar1,1,7,900,168,0,0,0.09623291466208606,32,0.8163794183536176,
10,ar1,1,7,901,168,0,0,0.1094167635139327,32,0.07363968757685979,
10,ar1,1,7,902,168,0,0,0.07378067047462566,27,0.13350836456638604,
10,ar1,1,7,903,168,0,0,0.07456152834438934,31,0.6963323191544143,
10,ar1,1,7,904,168,0,0,0.008427553905956175,28,0.019684443949338215,
10,ar1,1,7,905,168,0,0,0.15410599477964615,32,0.23711571106572926,
10,ar1,1,7,906,168,1,1,0.00229063179633493,26,0.41367992286703303,
10,ar1,1,7,907,168,0,0,0.003810156982997137,25,0.010995298248340335,
10,ar1,1,7,908,168,0,0,0.009871446345629864,24,0.0024148894664802745,
10,ar1,1,7,909,168,0,0,0.0720842587295486,30,0.8583747045699388,
10,ar1,1,7,910,168,0,0,0.01975846781612156,30,0.21627466269183426,
10,ar1,1,7,911,168,0,0,0.2690915725760801,32,0.06684077471227279,
10,ar1,1,7,912,168,0,0,0.8100412991574308,31,0.5875073524081165,
10,ar1,1,7,913,168,0,0,0.15010866613354745,28,0.00024338854728644943,
10,ar1,1,7,914,168,0,0,0.2866192175827922,30,0.18478750002959266,
10,ar1,1,7,915,168,0,0,0.5119127672231184,32,0.04300497895255995,
10,ar1,1,7,916,168,0,0,0.1870538693725725,24,0.501670349797877,
10,ar1,1,7,917,168,0,0,0.010194543723681004,19,0.8396823566899746,
10,ar1,1,7,918,168,0,0,0.052588994233868425,25,0.09267404904693888,
10,ar1,1,7,919,168,0,0,0.23049885225391442,31,0.19506089573687568,
10,ar1,1,7,920,168,0,0,0.01032416237639322,29,0.3065173420775389,
10,ar1,1,7,921,168,0,0,0.08132757714963534,31,0.09798150271427997,
10,ar1,1,7,922,168,0,0,0.5197693527091679,32,0.9893775168424181,
10,ar1,1,7,923,168,0,0,0.3614604417657309,31,0.12123919214288648,
10,ar1,1,7,924,168,0,0,0.17097896501674104,29,0.33973456154685655,
10,ar1,1,7,925,168,0,0,0.09974323987603251,31,0.15512548896878575,
10,ar1,1,7,926,168,0,0,0.18885145300524475,29,0.33212188286385635,
10,ar1,1,7,927,168,0,0,0.022221732058437693,32,0.7041780500408946,
10,ar1,1,7,928,168,0,0,0.03407944888208547,31,0.9588439430472891,
10,ar1,1,7,929,168,0,0,0.11145976903871047,31,0.09447706562892177,
10,ar1,1,7,930,168,0,0,0.20467504483359145,25,0.027388648887997413,
10,ar1,1,7,931,168,1,1,0.0028157900343114273,19,0.01399686762423169,
10,ar1,1,7,932,168,0,0,0.011210632220226113,28,0.9530511720040751,
10,ar1,1,7,933,168,1,1,0.0022122886113729034,21,0.5174825990288445,
10,ar1,1,7,934,168,0,0,0.057603661425639996,28,0.023368171456741083,
10,ar1,1,7,935,168,0,0,0.020716787671129833,27,0.5851555172588097,
10,ar1,1,7,936,168,1,1,0.0012487275522202745,28,0.3452453328046148,
10,ar1,1,7,937,168,0,0,0.4343860637986062,32,0.13009463275892819,
10,ar1,1,7,938,168,0,0,0.11796309826897344,27,0.8746859408392383,
10,ar1,1,7,939,168,0,0,0.09140212518356994,32,0.0022971367576190005,
10,ar1,1,7,940,168,0,0,0.1342483164463153,32,0.011492573228853442,
10,ar1,1,7,941,168,0,0,0.09748637869095955,31,0.6368246059218209,
10,ar1,1,7,942,168,0,0,0.3509119133681785,28,0.0793061096598866,
10,ar1,1,7,943,168,0,0,0.24922844975311398,32,0.03311869056299799,
10,ar1,1,7,944,168,0,0,0.3460457823581553,27,0.693146878079179,
10,ar1,1,7,945,168,0,0,0.10428477183062412,32,0.3994595734787464,
10,ar1,1,7,946,168,0,0,0.02054470510516271,19,0.3750205766080128,
10,ar1,1,7,947,168,0,0,0.2705080950269896,32,0.1775674507161351,
10,ar1,1,7,948,168,0,0,0.10357940587671388,26,0.9634202654581742,
10,ar1,1,7,949,168,0,0,0.013322007925599899,20,0.7995433330299649,
10,ar1,1,7,950,168,0,0,0.016333771259970153,32,0.20498965539336855,
10,ar1,1,7,951,168,0,0,0.22177837747308482,31,0.7405191456103932,
10,ar1,1,7,952,168,0,0,0.016527804948674785,28,0.34862821055799575,
10,ar1,1,7,953,168,0,0,0.31434981671654916,31,0.34615946490248617,
10,ar1,1,7,954,168,0,0,0.13826058463418722,30,0.2856025299416841,
10,ar1,1,7,955,168,0,0,0.006406673884470804,19,0.16803379230130844,
10,ar1,1,7,956,168,0,0,0.007413599882004407,30,0.00031439958760903775,
10,ar1,1,7,957,168,0,0,0.5227645709899551,32,0.5172766350557925,
10,ar1,1,7,958,168,1,1,0.0020600018614518323,21,0.003386146806939827,
10,ar1,1,7,959,168,0,0,0.005553277599111173,20,0.11958643997617713,
10,ar1,1,7,960,168,0,0,0.04206487757162081,28,0.27018212649184636,
10,ar1,1,7,961,168,0,0,0.07050578603712931,26,0.05472168473861383,
10,ar1,1,7,962,168,0,0,0.006188619920265426,32,0.11009248330132548,
10,ar1,1,7,963,168,0,0,0.10839071201560135,32,0.07890495125607289,
10,ar1,1,7,964,168,0,0,0.017193089941263895,29,0.8159058688781946,
10,ar1,1,7,965,168,0,0,0.26701014944380774,28,0.7713072543179207,
10,ar1,1,7,966,168,0,0,0.02924624863660763,28,0.01684851755717831,
10,ar1,1,7,967,168,0,0,0.022583010744301357,26,0.39668470567096126,
10,ar1,1,7,968,168,1,1,0.00009439857557924647,18,0.6051719263725822,
10,ar1,1,7,969,168,1,1,0.0002582491389258035,30,0.026988661428455796,
10,ar1,1,7,970,168,0,0,0.09347398112719107,27,0.14428853152432852,
10,ar1,1,7,971,168,0,0,0.1360106320165645,32,0.09082993289419272,
10,ar1,1,7,972,168,0,0,0.12284419371981525,30,0.2753795098582006,
10,ar1,1,7,973,168,0,0,0.172448570069882,30,0.015158477740379483,
10,ar1,1,7,974,168,0,0,0.053481565796725694,31,0.10426784459621308,
10,ar1,1,7,975,168,0,0,0.19002117995652346,24,0.06987438079673125,
10,ar1,1,7,976,168,0,0,0.1068288677914716,25,0.00779387476466209,
10,ar1,1,7,977,168,0,0,0.2771532105168717,32,0.007399441489894687,
10,ar1,1,7,978,168,1,1,0.0017741575296934542,32,0.1108961131483277,
10,ar1,1,7,979,168,0,0,0.12202102650628499,28,0.0218431817202015,
10,ar1,1,7,980,168,0,0,0.07662463116962459,29,0.08079681275656336,
10,ar1,1,7,981,168,0,0,0.10785337165925002,30,0.14681588360087705,
10,ar1,1,7,982,168,0,0,0.09449056302780134,28,0.4186254806564145,
10,ar1,1,7,983,168,0,0,0.04379859519428675,32,0.0025236538908777195,
10,ar1,1,7,984,168,0,0,0.1715172701390093,32,0.004031537544659458,
10,ar1,1,7,985,168,0,0,0.10209138873488444,24,0.0030272761987433228,
10,ar1,1,7,986,168,0,0,0.07841877803227115,29,0.09490901575493049,
10,ar1,1,7,987,168,0,0,0.008937421800853218,24,0.05291890164950619,
10,ar1,1,7,988,168,0,0,0.21043517161133063,25,0.02825218104408167,
10,ar1,1,7,989,168,0,0,0.23101093414709917,29,0.022570342498619556,
10,ar1,1,7,990,168,0,0,0.18820279830431919,29,0.4489110081785993,
10,ar1,1,7,991,168,0,0,0.12096692094108252,29,0.07614838341655772,
10,ar1,1,7,992,168,0,0,0.006893295315401726,26,0.00597197443385411,
10,ar1,1,7,993,168,0,0,0.04243962689368319,28,0.503021590945504,
10,ar1,1,7,994,168,0,0,0.03908214022843948,24,0.0004912909658946196,
10,ar1,1,7,995,168,0,0,0.3108692411374079,32,0.2749810546241467,
10,ar1,1,7,996,168,0,0,0.029675635071648276,32,0.28740493206129447,
10,ar1,1,7,997,168,0,0,0.21471286140267953,32,0.256999080330945,
10,ar1,1,7,998,168,0,0,0.06868505955613446,32,0.9734805876730512,
10,ar1,1,7,999,168,0,0,0.01715346129151285,32,0.08053318571750023,
