cell,noise,dt,days,rep,n,CHI_sigPeak,CHI_sigAny,CHI_pPeak,CHI_peak,COS24_p,SURR_p
3,white,1,3,0,72,0,0,0.3506479718092601,31,0.22968920625607936,
3,white,1,3,1,72,0,0,0.28821297421344516,31,0.3053557261359916,
3,white,1,3,2,72,0,0,0.053797578966031545,29,0.5941772947208956,
3,white,1,3,3,72,0,0,0.09556743211394492,23,0.8560398743255736,
3,white,1,3,4,72,0,0,0.2358769112955087,32,0.6900377337879041,
3,white,1,3,5,72,0,0,0.28672810477409294,31,0.6515994850774418,
3,white,1,3,6,72,0,0,0.2945403669737453,28,0.15014032762274954,
3,white,1,3,7,72,0,0,0.22986004909237145,31,0.42178618007770763,
3,white,1,3,8,72,0,0,0.15409117508463466,30,0.995419537504537,
3,white,1,3,9,72,0,0,0.11543774780558158,31,0.7789097256296162,
3,white,1,3,10,72,0,0,0.04187973523424793,30,0.11227070665537453,
3,white,1,3,11,72,0,0,0.11378977591038564,30,0.611245131090003,
3,white,1,3,12,72,0,0,0.10805248357286523,32,0.7240113352901605,
3,white,1,3,13,72,0,0,0.11389564113814887,30,0.4405411094219208,
3,white,1,3,14,72,0,0,0.034613679672916176,28,0.6694980855697847,
3,white,1,3,15,72,0,0,0.3990462101190567,31,0.7394595153773955,
3,white,1,3,16,72,0,0,0.08591559703716167,30,0.555999247286646,
3,white,1,3,17,72,0,0,0.19198837222723597,31,0.8337498510476977,
3,white,1,3,18,72,0,0,0.04552423491643964,30,0.19779032229117177,
3,white,1,3,19,72,0,0,0.042636137393907814,29,0.32546873078838057,
3,white,1,3,20,72,0,0,0.21256990097882533,31,0.9629165918163605,
3,white,1,3,21,72,0,0,0.1783093561113207,29,0.9632568017731832,
3,white,1,3,22,72,0,0,0.10640910765424028,31,0.66660999873764,
3,white,1,3,23,72,0,0,0.10002758035952763,25,0.3763924327937527,
3,white,1,3,24,72,0,0,0.11611998937928536,32,0.12428915651826467,
3,white,1,3,25,72,0,0,0.11579412578138581,30,0.6607164597146764,
3,white,1,3,26,72,0,0,0.08315516152222324,32,0.8205918959950762,
3,white,1,3,27,72,0,0,0.12536622602174075,31,0.5891611946908331,
3,white,1,3,28,72,0,0,0.09038014683096618,31,0.7904006797497213,
3,white,1,3,29,72,0,0,0.11356894265004402,32,0.2765160728378545,
3,white,1,3,30,72,0,0,0.05905685594094556,25,0.9292929267346757,
3,white,1,3,31,72,0,0,0.2830684939166632,32,0.3040389219927724,
3,white,1,3,32,72,0,0,0.25125861997123056,30,0.26349048386904994,
3,white,1,3,33,72,0,0,0.14636452847116055,29,0.23821720713458416,
3,white,1,3,34,72,0,0,0.26506991343760977,32,0.7187037818143323,
3,white,1,3,35,72,0,0,0.17183466077610188,32,0.7320034966206272,
3,white,1,3,36,72,0,0,0.05792587156197193,21,0.16893950563458082,
3,white,1,3,37,72,0,0,0.1729072167618847,29,0.31908757043745783,
3,white,1,3,38,72,0,0,0.23884607004138547,32,0.8555118347246002,
3,white,1,3,39,72,0,0,0.03821793669447149,32,0.887317217868345,
3,white,1,3,40,72,0,0,0.2404722598315211,30,0.20751945647073233,
3,white,1,3,41,72,0,0,0.30904625668108143,31,0.9847668799397419,
3,white,1,3,42,72,0,0,0.03408344572213551,30,0.820881604965536,
3,white,1,3,43,72,0,0,0.14059190323262472,32,0.04150496543441429,
3,white,1,3,44,72,0,0,0.09528191466562974,32,0.5050192102992355,
3,white,1,3,45,72,0,0,0.06659540186618151,25,0.907190021768671,
3,white,1,3,46,72,0,0,0.21414513893669462,27,0.6415987033939379,
3,white,1,3,47,72,0,0,0.09692838271357773,32,0.45138204402264537,
3,white,1,3,48,72,0,0,0.015473512259731592,24,0.5071886026482326,
3,white,1,3,49,72,0,0,0.0643988486753212,24,0.002110505517248895,
3,white,1,3,50,72,0,0,0.0199157425113774,23,0.3754830005236083,
3,white,1,3,51,72,0,0,0.07407008025462258,27,0.011228520973232237,
3,white,1,3,52,72,0,0,0.16224044333637067,29,0.02827972048196592,
3,white,1,3,53,72,0,0,0.15388956050093439,31,0.22039750405185954,
3,white,1,3,54,72,0,0,0.01689327849290534,25,0.1760458129730489,
3,white,1,3,55,72,0,0,0.19033056153786787,31,0.5025575918237397,
3,white,1,3,56,72,0,0,0.12402637835389008,29,0.048926545594411675,
3,white,1,3,57,72,0,0,0.23068784503626794,31,0.605515478575134,
3,white,1,3,58,72,0,0,0.11768059587000901,29,0.4188468409906123,
3,white,1,3,59,72,0,0,0.0761071979193989,29,0.8360169843941582,
3,white,1,3,60,72,0,0,0.1704185327373351,26,0.9460619451569324,
3,white,1,3,61,72,0,0,0.18832704426500313,29,0.8097369271344895,
3,white,1,3,62,72,0,0,0.005954034061248947,19,0.6818736352568122,
3,white,1,3,63,72,0,0,0.10436799121265405,26,0.020861965677953287,
3,white,1,3,64,72,0,0,0.0846544372555692,31,0.32556908097425397,
3,white,1,3,65,72,0,0,0.27077933989370373,31,0.2108332752850578,
3,white,1,3,66,72,0,0,0.23667098182462243,30,0.5076500397965662,
3,white,1,3,67,72,0,0,0.08274483671210897,27,0.3504460692087492,
3,white,1,3,68,72,0,0,0.13357450758295097,31,0.08531574883288728,
3,white,1,3,69,72,0,0,0.07788400698195186,31,0.37414319684733655,
3,white,1,3,70,72,0,0,0.31636563581769395,32,0.4378278264282123,
3,white,1,3,71,72,0,0,0.04062741463973518,23,0.06314219166718193,
3,white,1,3,72,72,0,0,0.014609749969070274,23,0.35475333787761165,
3,white,1,3,73,72,0,0,0.060846385954248405,31,0.06011501884683479,
3,white,1,3,74,72,0,0,0.11033166372642733,30,0.24508691710202302,
3,white,1,3,75,72,0,0,0.06476173051728062,27,0.22887989089802008,
3,white,1,3,76,72,0,0,0.03011420946998422,21,0.010830843326630313,
3,white,1,3,77,72,0,0,0.14994600861272855,32,0.7274535201584433,
3,white,1,3,78,72,0,0,0.027174781315964402,23,0.5417395629465354,
3,white,1,3,79,72,0,0,0.012826957008037265,22,0.7245369876161549,
3,white,1,3,80,72,0,0,0.0887354013428191,31,0.9975726453756019,
3,white,1,3,81,72,0,0,0.036660341763326776,31,0.5830668195415483,
3,white,1,3,82,72,0,0,0.17474614756479645,27,0.16306074176208862,
3,white,1,3,83,72,0,0,0.09207972238276896,27,0.0018442649525850507,
3,white,1,3,84,72,0,0,0.09558575514616774,30,0.4877484151971685,
3,white,1,3,85,72,0,0,0.22899722331312566,32,0.5132603321029214,
3,white,1,3,86,72,0,0,0.289458338645356,30,0.32770602762137724,
3,white,1,3,87,72,0,0,0.08264968577903664,26,0.8144569374328868,
3,white,1,3,88,72,0,0,0.11821365558888852,29,0.43321345072656825,
3,white,1,3,89,72,0,0,0.2658064205358939,28,0.7807324347365795,
3,white,1,3,90,72,0,0,0.04703041452026668,24,0.07970063721519205,
3,white,1,3,91,72,0,0,0.08026121565991529,27,0.703258958657994,
3,white,1,3,92,72,0,0,0.07332213785114128,28,0.14917917481663312,
3,white,1,3,93,72,0,0,0.26230620679639516,32,0.16571933586477783,
3,white,1,3,94,72,0,0,0.2491233123460328,30,0.38122921255031195,
3,white,1,3,95,72,0,0,0.4078160899138008,32,0.2625801087846579,
3,white,1,3,96,72,0,0,0.20399712048778573,27,0.014031477471120102,
3,white,1,3,97,72,0,0,0.10583307916111628,32,0.19970733931820606,
3,white,1,3,98,72,0,0,0.21702552259214392,32,0.1365014922259965,
3,white,1,3,99,72,0,0,0.13686279136493007,25,0.6641715236696467,
3,white,1,3,100,72,0,0,0.18346263441141597,29,0.6307763283932565,
3,white,1,3,101,72,0,0,0.43621263328597903,32,0.3593672285608759,
3,white,1,3,102,72,0,0,0.17642842134646453,30,0.3592973015807479,
3,white,1,3,103,72,0,0,0.0905446675290168,32,0.9788522067493356,
3,white,1,3,104,72,0,0,0.2183969361172302,30,0.327410961474923,
3,white,1,3,105,72,0,0,0.08197859758355386,26,0.3637589141405331,
3,white,1,3,106,72,0,0,0.06814252695011613,28,0.43316616595429125,
3,white,1,3,107,72,0,0,0.03675428653667656,30,0.7221142085986967,
3,white,1,3,108,72,0,0,0.10443719177851818,31,0.7558510534596642,
3,white,1,3,109,72,0,0,0.0727739115729723,25,0.42391698718169957,
3,white,1,3,110,72,0,0,0.12413092168397355,31,0.2672818909387634,
3,white,1,3,111,72,0,0,0.07894838314568153,31,0.34815155144577026,
3,white,1,3,112,72,0,0,0.16542481643081053,27,0.02956919463608565,
3,white,1,3,113,72,0,0,0.10985592376682018,28,0.3728807064453792,
3,white,1,3,114,72,0,0,0.2826601156515951,29,0.639172395221001,
3,white,1,3,115,72,0,0,0.16502111622570304,32,0.009141095568972135,
3,white,1,3,116,72,0,0,0.051964244750566047,31,0.3910749543388369,
3,white,1,3,117,72,0,0,0.06264157413917859,29,0.6516395225650842,
3,white,1,3,118,72,0,0,0.19325982869052982,32,0.7282646637828507,
3,white,1,3,119,72,0,0,0.3283596349336618,32,0.39396993451066165,
3,white,1,3,120,72,0,0,0.12313403487483476,32,0.42064169463288437,
3,white,1,3,121,72,0,0,0.24221211249274832,28,0.3803540680330615,
3,white,1,3,122,72,0,0,0.27703461280346486,31,0.46385695633260693,
3,white,1,3,123,72,0,0,0.041493957647261936,28,0.8055047156696374,
3,white,1,3,124,72,0,0,0.11453657343590462,27,0.5069038160709028,
3,white,1,3,125,72,0,0,0.14199491208029003,31,0.6624818435389928,
3,white,1,3,126,72,0,0,0.08590315042243124,27,0.3338706377056925,
3,white,1,3,127,72,0,0,0.20106599014750637,31,0.21691135787782623,
3,white,1,3,128,72,0,0,0.27136624867849946,32,0.9024207361722283,
3,white,1,3,129,72,0,0,0.08212285166358257,30,0.36560347352509404,
3,white,1,3,130,72,0,0,0.2026322609496347,32,0.398234983727379,
3,white,1,3,131,72,0,0,0.0828303653411534,32,0.6140312310951302,
3,white,1,3,132,72,0,0,0.07125499497548793,28,0.2547322061553514,
3,white,1,3,133,72,0,0,0.029448827645455755,29,0.7095313565156656,
3,white,1,3,134,72,0,0,0.0603099325585692,25,0.7322175067044112,
3,white,1,3,135,72,0,0,0.13427101161529809,31,0.23026624384743688,
3,white,1,3,136,72,0,0,0.09139119546391383,28,0.47624494261153005,
3,white,1,3,137,72,0,0,0.1697434472847359,31,0.6840458250154875,
3,white,1,3,138,72,0,0,0.2014070048200789,31,0.7930245452109245,
3,white,1,3,139,72,0,0,0.41373078950383213,32,0.17637521584581017,
3,white,1,3,140,72,0,0,0.021652891315030676,26,0.0920300363206199,
3,white,1,3,141,72,0,0,0.08048098697707362,26,0.9201333745932294,
3,white,1,3,142,72,0,0,0.097302764153261,32,0.20420850398504842,
3,white,1,3,143,72,0,0,0.17256952580577134,32,0.23264056943817446,
3,white,1,3,144,72,0,0,0.06521941651510899,28,0.61100630039314,
3,white,1,3,145,72,0,0,0.07600605489812473,31,0.3991080255500984,
3,white,1,3,146,72,0,0,0.08971259241919738,27,0.21578930432567445,
3,white,1,3,147,72,0,0,0.26530353557712694,29,0.05196542327663156,
3,white,1,3,148,72,0,0,0.02882646168418268,30,0.6779116954880517,
3,white,1,3,149,72,0,0,0.29691006020227106,29,0.6261200436024136,
3,white,1,3,150,72,0,0,0.3037361765766924,31,0.8805791288532142,
3,white,1,3,151,72,0,0,0.027289566742808247,27,0.8558610692918645,
3,white,1,3,152,72,0,0,0.0525327304896398,28,0.5688596425016115,
3,white,1,3,153,72,0,0,0.10490369283041545,27,0.5175698653447218,
3,white,1,3,154,72,0,0,0.04886373446727443,31,0.7691105554057803,
3,white,1,3,155,72,0,0,0.1227335898731442,31,0.6185314418215301,
3,white,1,3,156,72,0,0,0.2648524759487836,29,0.42729561760824675,
3,white,1,3,157,72,0,0,0.09001112605653305,30,0.0411805767123995,
3,white,1,3,158,72,0,0,0.07674562678861563,26,0.2910077667347323,
3,white,1,3,159,72,0,0,0.27305025644345315,30,0.849011578504091,
3,white,1,3,160,72,0,0,0.29633072709796393,32,0.7889142730740221,
3,white,1,3,161,72,0,0,0.05742876541400321,32,0.9630404894494551,
3,white,1,3,162,72,0,0,0.12783153259509972,30,0.07892815569889611,
3,white,1,3,163,72,0,0,0.10555984953171027,31,0.4523568337981769,
3,white,1,3,164,72,0,0,0.17152137320764105,27,0.6735174443218522,
3,white,1,3,165,72,0,0,0.03370537016503805,30,0.08405009755540149,
3,white,1,3,166,72,0,0,0.03533018446794112,30,0.6418961584143611,
3,white,1,3,167,72,0,0,0.41523061558085805,32,0.14218657019086933,
3,white,1,3,168,72,0,0,0.05900110271731407,29,0.06983308323731019,
3,white,1,3,169,72,0,0,0.13344207636387118,31,0.6904885496526273,
3,white,1,3,170,72,0,0,0.11281949804365266,31,0.5502529423459708,
3,white,1,3,171,72,0,0,0.03729270096971837,27,0.22010994098582726,
3,white,1,3,172,72,0,0,0.5572815983745945,28,0.7566621662233697,
3,white,1,3,173,72,0,0,0.08958117652355346,27,0.15440699796000212,
3,white,1,3,174,72,0,0,0.04017932867238638,25,0.1910787610357363,
3,white,1,3,175,72,0,0,0.09659022519148597,31,0.06070833137540366,
3,white,1,3,176,72,0,0,0.0668308978137272,26,0.12779824448857413,
3,white,1,3,177,72,0,0,0.3231363407463126,30,0.5343407493468952,
3,white,1,3,178,72,0,0,0.154484017208126,32,0.5904668189528105,
3,white,1,3,179,72,0,0,0.237755099622451,31,0.8412519822807378,
3,white,1,3,180,72,0,0,0.08734139323802625,27,0.12460634219227062,
3,white,1,3,181,72,0,0,0.01626020890244184,24,0.3495034448518659,
3,white,1,3,182,72,0,0,0.11883313475001278,28,0.8268595239796155,
3,white,1,3,183,72,0,0,0.06429080390242348,28,0.7611565382104473,
3,white,1,3,184,72,0,0,0.008963522683850256,32,0.6121623678702052,
3,white,1,3,185,72,0,0,0.08779088050464245,31,0.08396599257288073,
3,white,1,3,186,72,0,0,0.12416441929986732,32,0.180573030882064,
3,white,1,3,187,72,0,0,0.03615182873926004,32,0.43339236191912267,
3,white,1,3,188,72,0,0,0.12000329903772167,31,0.33162000343678355,
3,white,1,3,189,72,0,0,0.3284423760272439,29,0.813454383561529,
3,white,1,3,190,72,0,0,0.10790505932525551,26,0.1792702742869472,
3,white,1,3,191,72,0,0,0.1447981740942661,26,0.497620898694082,
3,white,1,3,192,72,0,0,0.08288380320194755,29,0.16151235141521503,
3,white,1,3,193,72,0,0,0.1920248317105765,27,0.0663197809184175,
3,white,1,3,194,72,0,0,0.23351280977807076,27,0.6910581349091309,
3,white,1,3,195,72,0,0,0.09937608265200892,32,0.9541209172917545,
3,white,1,3,196,72,0,0,0.05847713479322325,30,0.6233596614340569,
3,white,1,3,197,72,0,0,0.3968561753499713,32,0.620540337821419,
3,white,1,3,198,72,0,0,0.06719831581813718,30,0.35315587760100564,
3,white,1,3,199,72,0,0,0.31739007271342345,31,0.8875571701181584,
3,white,1,3,200,72,0,0,0.06400592213623069,32,0.5291777778153647,
3,white,1,3,201,72,0,0,0.15335193100049682,26,0.3241282498920187,
3,white,1,3,202,72,0,0,0.3324005536815263,32,0.9338969385638187,
3,white,1,3,203,72,0,0,0.24685695288319842,32,0.9627697643873807,
3,white,1,3,204,72,0,0,0.015444622561556876,28,0.3453460377638915,
3,white,1,3,205,72,0,0,0.035969342054712805,28,0.12632577767233655,
3,white,1,3,206,72,0,0,0.10463780711582193,31,0.4019876663444959,
3,white,1,3,207,72,0,0,0.018876319152717147,26,0.6224209075778631,
3,white,1,3,208,72,0,0,0.09244139957527864,32,0.9890778008944756,
3,white,1,3,209,72,0,0,0.10554127321267259,29,0.0016650783208099762,
3,white,1,3,210,72,0,0,0.11200945224199399,26,0.693911283656542,
3,white,1,3,211,72,0,0,0.06982893497836695,31,0.7989627124906067,
3,white,1,3,212,72,0,0,0.0777472002944758,31,0.6091216352006328,
3,white,1,3,213,72,0,0,0.16186370584159737,32,0.6191262400488641,
3,white,1,3,214,72,0,0,0.21683422013017284,30,0.9137194027408914,
3,white,1,3,215,72,0,0,0.019032806466910634,24,0.23006326964698176,
3,white,1,3,216,72,0,0,0.15094581010683727,28,0.8688771262555643,
3,white,1,3,217,72,0,0,0.14881679775875511,31,0.4977620416646166,
3,white,1,3,218,72,0,0,0.30909344957701435,31,0.19259765462522294,
3,white,1,3,219,72,0,0,0.4369870514596087,32,0.4589648031485677,
3,white,1,3,220,72,0,0,0.05915804899559651,27,0.6084246280233905,
3,white,1,3,221,72,0,0,0.24139906066831218,29,0.29643679618093977,
3,white,1,3,222,72,0,0,0.10033756360434676,31,0.8170071713019675,
3,white,1,3,223,72,0,0,0.1746210653092698,31,0.44557183669465183,
3,white,1,3,224,72,0,0,0.04287350347849017,31,0.7804670009869452,
3,white,1,3,225,72,0,0,0.24470674118742952,32,0.10666655769704914,
3,white,1,3,226,72,0,0,0.08808602694070689,27,0.49295023076537237,
3,white,1,3,227,72,0,0,0.3996539121560101,30,0.0022103603752026135,
3,white,1,3,228,72,0,0,0.22560034452173972,31,0.035925697322135686,
3,white,1,3,229,72,0,0,0.19472339989133125,31,0.7321805635936274,
3,white,1,3,230,72,0,0,0.13608059770763026,27,0.7656956070518395,
3,white,1,3,231,72,0,0,0.17795468510653567,32,0.8478564569455254,
3,white,1,3,232,72,0,0,0.24900100863176755,32,0.2457990294206498,
3,white,1,3,233,72,0,0,0.035544828503628834,31,0.7269269314370681,
3,white,1,3,234,72,0,0,0.15139651914389474,31,0.7862593998427414,
3,white,1,3,235,72,0,0,0.21610972130099326,30,0.28941441034780735,
3,white,1,3,236,72,0,0,0.4025308509909423,31,0.6194659758666239,
3,white,1,3,237,72,0,0,0.042448312716828696,32,0.959879176398211,
3,white,1,3,238,72,0,0,0.0875539370145646,25,0.9787422824886337,
3,white,1,3,239,72,0,0,0.28820665349665575,32,0.49999206196363466,
3,white,1,3,240,72,0,0,0.11063281543213499,30,0.10798534323668241,
3,white,1,3,241,72,0,0,0.11691928668091423,30,0.7872895577551774,
3,white,1,3,242,72,0,0,0.19774684966941902,32,0.7182921749772773,
3,white,1,3,243,72,0,0,0.09088525926841196,30,0.44934614484145363,
3,white,1,3,244,72,0,0,0.04349380941949221,29,0.19771430395692147,
3,white,1,3,245,72,0,0,0.019037327558973693,24,0.33725656689295647,
3,white,1,3,246,72,0,0,0.225975778935521,29,0.31009672432858926,
3,white,1,3,247,72,0,0,0.08925415640802925,26,0.5530458217438179,
3,white,1,3,248,72,0,0,0.0911273255651881,31,0.31743513538564505,
3,white,1,3,249,72,0,0,0.08805865490804066,27,0.6948752184488083,
3,white,1,3,250,72,0,0,0.24734035579389957,31,0.7094431658303144,
3,white,1,3,251,72,0,0,0.21782448609629212,31,0.3558433660784158,
3,white,1,3,252,72,0,0,0.13188358973336944,32,0.7459730963179407,
3,white,1,3,253,72,0,0,0.04289990105797692,28,0.09079228680881346,
3,white,1,3,254,72,0,0,0.053600379845791246,25,0.17195891748598735,
3,white,1,3,255,72,0,0,0.02747301002695679,28,0.011375428752754768,
3,white,1,3,256,72,0,0,0.056789616809477805,32,0.3143329747924284,
3,white,1,3,257,72,0,0,0.08429942040604932,29,0.1467269052572603,
3,white,1,3,258,72,0,0,0.052339750201124025,25,0.014197843702840496,
3,white,1,3,259,72,0,0,0.13031426391127743,32,0.41509979246445683,
3,white,1,3,260,72,0,0,0.09676583491965673,30,0.5333907661520279,
3,white,1,3,261,72,0,0,0.05012878262448661,29,0.5671180519233314,
3,white,1,3,262,72,0,0,0.11196395080569932,29,0.1516742787969051,
3,white,1,3,263,72,0,0,0.3223951615598737,32,0.6067890004663035,
3,white,1,3,264,72,0,0,0.2243691612740082,32,0.48273789245538545,
3,white,1,3,265,72,0,0,0.3455514624463114,31,0.015256383161223463,
3,white,1,3,266,72,0,0,0.10183827819413516,30,0.9830039651861467,
3,white,1,3,267,72,0,0,0.23164480526688724,30,0.3144011392105166,
3,white,1,3,268,72,0,0,0.21248067115268243,32,0.8862568510983734,
3,white,1,3,269,72,0,0,0.17371318874021802,32,0.07334593616601548,
3,white,1,3,270,72,0,0,0.07658439065068623,28,0.34428210534961234,
3,white,1,3,271,72,0,0,0.19310506811788386,30,0.7032026834825191,
3,white,1,3,272,72,0,0,0.036743241160879014,26,0.12572632364853142,
3,white,1,3,273,72,0,0,0.3248037739477707,31,0.17539036988576773,
3,white,1,3,274,72,0,0,0.08386603396267811,31,0.6584305029067569,
3,white,1,3,275,72,0,0,0.016059740426139113,23,0.02644503103684248,
3,white,1,3,276,72,0,0,0.04118288035152673,22,0.6169115298444163,
3,white,1,3,277,72,0,0,0.11686687913723681,25,0.6292384614082698,
3,white,1,3,278,72,0,0,0.11748624309825784,31,0.2985274891226293,
3,white,1,3,279,72,0,0,0.1414072471155695,32,0.3474978305190203,
3,white,1,3,280,72,0,0,0.10905864268986876,32,0.6287249434906276,
3,white,1,3,281,72,0,0,0.04799064444938106,31,0.44096705251078205,
3,white,1,3,282,72,0,0,0.05441576783857105,30,0.6390845546889752,
3,white,1,3,283,72,0,0,0.2026167827960612,32,0.48682663249256064,
3,white,1,3,284,72,0,0,0.02108181259597086,32,0.5532873561187743,
3,white,1,3,285,72,0,0,0.10293533640958907,27,0.7925160609464598,
3,white,1,3,286,72,0,0,0.11436700158616497,30,0.6748424187683223,
3,white,1,3,287,72,0,0,0.21291855310163477,31,0.894913786579331,
3,white,1,3,288,72,0,0,0.22582983593482508,32,0.7545091451863152,
3,white,1,3,289,72,0,0,0.2582563433260585,30,0.5497872613620949,
3,white,1,3,290,72,0,0,0.10626659362587287,32,0.2587690050910665,
3,white,1,3,291,72,0,0,0.24855061677083212,32,0.46142713942806557,
3,white,1,3,292,72,0,0,0.0382438047121314,23,0.8815664823865864,
3,white,1,3,293,72,0,0,0.15600883900304652,32,0.5240393020356453,
3,white,1,3,294,72,0,0,0.14058031569959417,30,0.7186880037878924,
3,white,1,3,295,72,0,0,0.1548359180621034,32,0.4560181429573591,
3,white,1,3,296,72,0,0,0.03284771386661456,28,0.6956401880778014,
3,white,1,3,297,72,0,0,0.03667222929607372,27,0.19066642156751668,
3,white,1,3,298,72,0,0,0.0968501337883374,27,0.09815117724319233,
3,white,1,3,299,72,0,0,0.06713661516692149,23,0.0217382391425458,
3,white,1,3,300,72,0,0,0.11529658931471443,28,0.43066577746458234,
3,white,1,3,301,72,0,0,0.029445843371966762,26,0.5208817864315702,
3,white,1,3,302,72,0,0,0.13223660551769378,28,0.8648435987504386,
3,white,1,3,303,72,0,0,0.09775341095796919,28,0.7830150727377306,
3,white,1,3,304,72,0,0,0.032193211628929186,22,0.01131018684847096,
3,white,1,3,305,72,0,0,0.19148105386223113,32,0.61817637074005,
3,white,1,3,306,72,0,0,0.07207474951950643,29,0.5352638870216797,
3,white,1,3,307,72,0,0,0.007887373839316814,25,0.2676101905680417,
3,white,1,3,308,72,0,0,0.03489444953486576,22,0.19760802485459728,
3,white,1,3,309,72,0,0,0.1553721575992959,30,0.5207204865249924,
3,white,1,3,310,72,0,0,0.10289515357821488,29,0.49421206850491906,
3,white,1,3,311,72,0,0,0.26740951257624024,32,0.4933710947864478,
3,white,1,3,312,72,0,0,0.4053685222397405,32,0.019048555296222625,
3,white,1,3,313,72,0,0,0.08773397333308353,28,0.46617567665709625,
3,white,1,3,314,72,0,0,0.03968609922722377,24,0.2601066465253197,
3,white,1,3,315,72,0,0,0.06289949303882847,26,0.7992019972461013,
3,white,1,3,316,72,0,0,0.29589437361903137,30,0.19132584646035655,
3,white,1,3,317,72,0,0,0.20081448565059667,29,0.3907648050511827,
3,white,1,3,318,72,0,0,0.05568979615726022,32,0.5324602955750095,
3,white,1,3,319,72,0,0,0.058865107936608374,27,0.04893322510171627,
3,white,1,3,320,72,0,0,0.034896070413286906,27,0.020440956550853984,
3,white,1,3,321,72,0,0,0.16034763650931316,31,0.1178761693716246,
3,white,1,3,322,72,0,0,0.16801392725916997,31,0.730617541912159,
3,white,1,3,323,72,0,0,0.1872067910550821,29,0.3044584246768627,
3,white,1,3,324,72,0,0,0.23114377302578704,31,0.5323971224162924,
3,white,1,3,325,72,0,0,0.2932111533773888,32,0.8233904093420686,
3,white,1,3,326,72,0,0,0.06282915077395124,32,0.9726472222088041,
3,white,1,3,327,72,0,0,0.324630906436568,32,0.6612937686956926,
3,white,1,3,328,72,0,0,0.09379061499411923,32,0.7876838164956708,
3,white,1,3,329,72,0,0,0.2981097340110571,31,0.5248124946889706,
3,white,1,3,330,72,0,0,0.13359673152446971,30,0.36332001827302296,
3,white,1,3,331,72,0,0,0.16860845045362027,29,0.06545834538802076,
3,white,1,3,332,72,0,0,0.23203037038813368,31,0.7349926523151442,
3,white,1,3,333,72,0,0,0.2890446436365912,31,0.7829154885789474,
3,white,1,3,334,72,0,0,0.18680359307104588,30,0.37825968073981453,
3,white,1,3,335,72,0,0,0.13786748546482452,30,0.09965615885347667,
3,white,1,3,336,72,0,0,0.052673768348712624,27,0.48572064847128105,
3,white,1,3,337,72,0,0,0.04715110147799373,30,0.6363606907697926,
3,white,1,3,338,72,0,0,0.015116642395983648,23,0.48350801426892454,
3,white,1,3,339,72,0,0,0.025239888964240675,28,0.21819775276857334,
3,white,1,3,340,72,0,0,0.5183905489167352,32,0.25145163159761896,
3,white,1,3,341,72,0,0,0.11282431073834809,32,0.796882176147363,
3,white,1,3,342,72,0,0,0.1204915759283155,32,0.7861982908846009,
3,white,1,3,343,72,0,0,0.09748996460673442,31,0.8886339279849765,
3,white,1,3,344,72,0,0,0.15021402580121512,28,0.850693324539417,
3,white,1,3,345,72,0,0,0.09885991279109951,31,0.07478500558100065,
3,white,1,3,346,72,0,0,0.08933769158611304,32,0.9973860707273676,
3,white,1,3,347,72,0,0,0.1841681229739105,31,0.5298966578510387,
3,white,1,3,348,72,0,0,0.09317651456104192,31,0.4324238244485088,
3,white,1,3,349,72,0,0,0.10030448355534505,30,0.2812549969101209,
3,white,1,3,350,72,0,0,0.19760919364350593,31,0.37798403465711816,
3,white,1,3,351,72,0,0,0.21329161555382048,32,0.6372175298431118,
3,white,1,3,352,72,0,0,0.05318793818315737,24,0.26773359674929953,
3,white,1,3,353,72,0,0,0.11812456241262026,27,0.7548818450372135,
3,white,1,3,354,72,0,0,0.03637512572366264,25,0.5299433977523664,
3,white,1,3,355,72,0,0,0.292260775294211,32,0.220750990018593,
3,white,1,3,356,72,0,0,0.13046580806746255,29,0.14888999849553664,
3,white,1,3,357,72,0,0,0.06187249036728315,32,0.13492416210137592,
3,white,1,3,358,72,0,0,0.09790127058149645,30,0.9830126358364014,
3,white,1,3,359,72,0,0,0.1875925551667298,29,0.07122558884567132,
3,white,1,3,360,72,0,0,0.31150218979408006,32,0.2492201535170111,
3,white,1,3,361,72,0,0,0.27400893707982066,28,0.9121170987678497,
3,white,1,3,362,72,0,0,0.17940176810635133,27,0.8555498317797574,
3,white,1,3,363,72,0,0,0.3131345341351611,32,0.10450905011875367,
3,white,1,3,364,72,0,0,0.1285839105967772,29,0.5049939729945001,
3,white,1,3,365,72,0,0,0.18247264596079193,32,0.7493293650029664,
3,white,1,3,366,72,0,0,0.03683749131619973,28,0.23813979831379217,
3,white,1,3,367,72,0,0,0.09710653638174027,29,0.7471400956582546,
3,white,1,3,368,72,0,0,0.11563459115155206,31,0.48239881192014245,
3,white,1,3,369,72,0,0,0.37742230759562134,30,0.9856822581315557,
3,white,1,3,370,72,0,0,0.10216383846598087,32,0.684868293674211,
3,white,1,3,371,72,0,0,0.10656959651333842,20,0.7966781382766137,
3,white,1,3,372,72,0,0,0.15057155227526975,32,0.4304458666417964,
3,white,1,3,373,72,0,0,0.1982575602085226,31,0.3061500445050286,
3,white,1,3,374,72,0,0,0.13509837829945526,32,0.002739506935167779,
3,white,1,3,375,72,0,0,0.17390034089798745,29,0.4144235291461895,
3,white,1,3,376,72,0,0,0.25318437977224706,32,0.7062311715613346,
3,white,1,3,377,72,0,0,0.03855122847462633,30,0.5889001308138353,
3,white,1,3,378,72,1,1,0.0028398295940355034,22,0.03288721181324006,
3,white,1,3,379,72,0,0,0.05336930940988038,32,0.5895596775352393,
3,white,1,3,380,72,0,0,0.2733856648868921,30,0.8830490462859691,
3,white,1,3,381,72,0,0,0.07133553057338793,32,0.7941135868917537,
3,white,1,3,382,72,0,0,0.17847180423325248,32,0.19365339722167063,
3,white,1,3,383,72,0,0,0.19038825861672448,32,0.9804761548729597,
3,white,1,3,384,72,0,0,0.01086848225456205,24,0.48747971164629267,
3,white,1,3,385,72,0,0,0.04990054197177052,30,0.6316506007562479,
3,white,1,3,386,72,0,0,0.15990121973589366,30,0.09716865215285708,
3,white,1,3,387,72,0,0,0.13113418402058774,30,0.5542333488789277,
3,white,1,3,388,72,0,0,0.03453461882328179,27,0.8095978557742344,
3,white,1,3,389,72,0,0,0.07236534303168007,24,0.557433781096037,
3,white,1,3,390,72,0,0,0.09300692316936088,26,0.16281233884081747,
3,white,1,3,391,72,0,0,0.12604506016073302,29,0.7505581944257935,
3,white,1,3,392,72,0,0,0.3104866484437607,31,0.7322178766970394,
3,white,1,3,393,72,0,0,0.015179320095259574,27,0.5972938257310367,
3,white,1,3,394,72,0,0,0.19923373726230098,30,0.1277571600783759,
3,white,1,3,395,72,0,0,0.027005638892140582,23,0.21116787584413776,
3,white,1,3,396,72,0,0,0.018397795452809174,24,0.017240927039622767,
3,white,1,3,397,72,0,0,0.08617996025781538,30,0.5000706623077358,
3,white,1,3,398,72,0,0,0.07595705889805782,27,0.9423018589998448,
3,white,1,3,399,72,0,0,0.2881191637481635,32,0.4532544020440187,
3,white,1,3,400,72,0,0,0.15007683914156167,29,0.13581368413865957,
3,white,1,3,401,72,0,0,0.07400733268490733,28,0.04472683226132701,
3,white,1,3,402,72,0,0,0.08938017654784902,31,0.08847308883780503,
3,white,1,3,403,72,0,0,0.21694306035957556,31,0.1398871121210017,
3,white,1,3,404,72,0,0,0.03844330212442626,22,0.3392645513888348,
3,white,1,3,405,72,0,0,0.06932414527042541,28,0.4835115101606361,
3,white,1,3,406,72,0,0,0.06874219327144548,28,0.06550122114115609,
3,white,1,3,407,72,0,0,0.1271121726116713,29,0.11565545891677398,
3,white,1,3,408,72,0,0,0.28614363240316976,31,0.7249050890542497,
3,white,1,3,409,72,0,0,0.09940447770495564,29,0.19239903966588545,
3,white,1,3,410,72,0,0,0.3672222156718563,32,0.04889418154929981,
3,white,1,3,411,72,0,0,0.07299019987437472,23,0.3253264455048278,
3,white,1,3,412,72,0,0,0.3777385876369569,30,0.5168957163410139,
3,white,1,3,413,72,0,0,0.37189653380957965,31,0.3579353586572789,
3,white,1,3,414,72,0,0,0.24631471074309286,30,0.3194433477357719,
3,white,1,3,415,72,0,0,0.12152533648345054,31,0.5952091471398799,
3,white,1,3,416,72,0,0,0.18962710567991403,30,0.6837581662317593,
3,white,1,3,417,72,0,0,0.0366781752961548,26,0.3405535610503101,
3,white,1,3,418,72,0,0,0.31892030329975596,32,0.9727586467320394,
3,white,1,3,419,72,0,0,0.4285030676893511,32,0.5311938490353949,
3,white,1,3,420,72,0,0,0.05419764020879658,25,0.4959426950726721,
3,white,1,3,421,72,0,0,0.10060618934874832,27,0.2552489653946546,
3,white,1,3,422,72,0,0,0.21020655844095182,27,0.793175063403193,
3,white,1,3,423,72,0,0,0.10852653895369324,28,0.18449061963728797,
3,white,1,3,424,72,0,0,0.13582149052039316,30,0.9118773247320158,
3,white,1,3,425,72,0,0,0.1562281923996487,32,0.3396700482770988,
3,white,1,3,426,72,0,0,0.13902277355603898,31,0.3724474367319298,
3,white,1,3,427,72,0,0,0.06343129374678169,28,0.23197442307658023,
3,white,1,3,428,72,0,0,0.11625143675104177,30,0.8626149910065533,
3,white,1,3,429,72,0,0,0.04006211128426229,30,0.5498504482487587,
3,white,1,3,430,72,0,0,0.1431809301058402,28,0.847643217851271,
3,white,1,3,431,72,0,0,0.21536241749872276,31,0.9002691457958099,
3,white,1,3,432,72,0,0,0.10159447871471028,31,0.4923309298135151,
3,white,1,3,433,72,0,0,0.11351403530982596,30,0.4075406749631796,
3,white,1,3,434,72,0,0,0.07654514826473391,29,0.1152632736940884,
3,white,1,3,435,72,0,0,0.029335526304759996,31,0.29167441099197355,
3,white,1,3,436,72,0,0,0.28823524402052825,31,0.05947091454550857,
3,white,1,3,437,72,0,0,0.18533939343441352,29,0.48200907558464756,
3,white,1,3,438,72,0,0,0.04890501100523781,30,0.5703611095156841,
3,white,1,3,439,72,0,0,0.14185840854797405,26,0.9290379031680365,
3,white,1,3,440,72,0,0,0.06856852384155876,32,0.9253584079200686,
3,white,1,3,441,72,0,0,0.12506055011882067,25,0.4341085843346668,
3,white,1,3,442,72,0,0,0.19555442399252487,29,0.46936884450329797,
3,white,1,3,443,72,0,0,0.052355372698157265,30,0.9750438418244347,
3,white,1,3,444,72,0,0,0.01564389599151539,27,0.33326499516840213,
3,white,1,3,445,72,0,0,0.1854453978094377,30,0.7572611483877159,
3,white,1,3,446,72,0,0,0.26230198144044037,32,0.8030430146553442,
3,white,1,3,447,72,0,0,0.17547290954930406,31,0.4490535863330739,
3,white,1,3,448,72,0,0,0.13288842504251142,32,0.3356410037859381,
3,white,1,3,449,72,0,0,0.011731109621588631,27,0.7088934730443253,
3,white,1,3,450,72,0,0,0.17807584641108887,28,0.7284515197007675,
3,white,1,3,451,72,0,0,0.11818360277999573,24,0.5562310145400592,
3,white,1,3,452,72,0,0,0.19497659896151243,28,0.4043685277461012,
3,white,1,3,453,72,0,0,0.3200570658570179,32,0.9032223437902016,
3,white,1,3,454,72,0,0,0.07040940660247164,26,0.14509360607563782,
3,white,1,3,455,72,0,0,0.13674099528453953,32,0.5232614507667255,
3,white,1,3,456,72,0,0,0.045882253583134025,30,0.162737537425517,
3,white,1,3,457,72,0,0,0.35780997744347576,32,0.6040548700308529,
3,white,1,3,458,72,0,0,0.22359462617169545,32,0.9935054877052645,
3,white,1,3,459,72,0,0,0.020180650689414437,22,0.35276570690698894,
3,white,1,3,460,72,0,0,0.19367917706915838,31,0.032782312134488345,
3,white,1,3,461,72,0,0,0.04598854112541095,32,0.9285957679847723,
3,white,1,3,462,72,0,0,0.052154836952339356,30,0.9101093393892846,
3,white,1,3,463,72,0,0,0.1554861304457148,31,0.09122103734691678,
3,white,1,3,464,72,0,0,0.2892211129413851,32,0.9356436189134687,
3,white,1,3,465,72,0,0,0.08900153365479857,27,0.3045811119789794,
3,white,1,3,466,72,0,0,0.16014799411480118,26,0.13542099688235332,
3,white,1,3,467,72,0,0,0.19425966291640173,26,0.055748516472575504,
3,white,1,3,468,72,0,0,0.11524570581755678,31,0.6189321580804048,
3,white,1,3,469,72,0,0,0.16747606495031375,30,0.7199016044169977,
3,white,1,3,470,72,0,0,0.05920008981933078,30,0.86459430631486,
3,white,1,3,471,72,0,0,0.10958535162779393,30,0.1360678141384245,
3,white,1,3,472,72,0,0,0.1168635545076886,26,0.2051485212443782,
3,white,1,3,473,72,0,0,0.17618967069950398,30,0.2675683928428567,
3,white,1,3,474,72,0,0,0.07396703749900513,29,0.49679454362206366,
3,white,1,3,475,72,0,0,0.13069277203828045,28,0.034495107305706596,
3,white,1,3,476,72,0,0,0.03571714070159193,28,0.3644521741001372,
3,white,1,3,477,72,0,0,0.02820817594587044,31,0.5017885211409574,
3,white,1,3,478,72,0,0,0.060321765180487597,31,0.7083263754503253,
3,white,1,3,479,72,0,0,0.0556895355367808,31,0.61651798236531,
3,white,1,3,480,72,0,0,0.039710501987312075,26,0.207039323421903,
3,white,1,3,481,72,0,0,0.18455994084956773,31,0.46795508158229393,
3,white,1,3,482,72,0,0,0.07173326931949287,28,0.6796341092521028,
3,white,1,3,483,72,0,0,0.2977156006750794,32,0.7292275999494857,
3,white,1,3,484,72,0,0,0.2612969700042389,30,0.09912109751590603,
3,white,1,3,485,72,0,0,0.15949883825434186,32,0.7623042323560691,
3,white,1,3,486,72,0,0,0.10120921174679465,31,0.36371181558981225,
3,white,1,3,487,72,0,0,0.04263398011095343,29,0.6749143281076135,
3,white,1,3,488,72,0,0,0.25344187974693155,30,0.46928738462533026,
3,white,1,3,489,72,0,0,0.1447065516072692,32,0.6599590500372787,
3,white,1,3,490,72,0,0,0.21863585909284777,30,0.9691823393426893,
3,white,1,3,491,72,0,0,0.11861622830113805,27,0.20182503552408582,
3,white,1,3,492,72,0,0,0.024198326446899454,31,0.3337338132351373,
3,white,1,3,493,72,0,0,0.18325554894461193,28,0.49702849412286954,
3,white,1,3,494,72,0,0,0.06428686888001578,30,0.34703085894081176,
3,white,1,3,495,72,0,0,0.08912967943549954,25,0.735192357971766,
3,white,1,3,496,72,0,0,0.027177410357039467,30,0.9533723915782,
3,white,1,3,497,72,0,0,0.092662714362995,28,0.6711093400795042,
3,white,1,3,498,72,0,0,0.13696778190456727,32,0.9473650194131987,
3,white,1,3,499,72,0,0,0.04871994701890592,32,0.6064203432237609,
3,white,1,3,500,72,0,0,0.0863571656783193,32,0.6555082761832839,
3,white,1,3,501,72,0,0,0.21314232666441402,28,0.4264014288667375,
3,white,1,3,502,72,0,0,0.019721345719482253,29,0.3038530933101209,
3,white,1,3,503,72,0,0,0.22388995194376649,28,0.3221162817853942,
3,white,1,3,504,72,0,0,0.20967821912244067,29,0.7925183125046609,
3,white,1,3,505,72,0,0,0.2714904189976516,31,0.050113597122206865,
3,white,1,3,506,72,0,0,0.11351921616022598,27,0.2819140517736214,
3,white,1,3,507,72,0,0,0.03639574860088013,26,0.11282616390470368,
3,white,1,3,508,72,0,0,0.27287695709120563,31,0.9617524813293656,
3,white,1,3,509,72,0,0,0.29905535372008185,30,0.15272003061441808,
3,white,1,3,510,72,0,0,0.09508945954524539,32,0.4981353278580186,
3,white,1,3,511,72,0,0,0.12354135963685142,29,0.5148414241284865,
3,white,1,3,512,72,0,0,0.07989285832000148,29,0.34785525244001736,
3,white,1,3,513,72,0,0,0.14073879200281936,31,0.09391129211939431,
3,white,1,3,514,72,0,0,0.08590714603192917,29,0.8981408055539518,
3,white,1,3,515,72,0,0,0.07155244870769828,25,0.27070497964415796,
3,white,1,3,516,72,0,0,0.05732471575350795,32,0.33157324117434595,
3,white,1,3,517,72,0,0,0.17582805011475333,26,0.4957998124251547,
3,white,1,3,518,72,0,0,0.3238195913789774,31,0.19608030830714496,
3,white,1,3,519,72,0,0,0.2740041474836964,30,0.41972868162446597,
3,white,1,3,520,72,0,0,0.11220471744014049,28,0.9824433891645254,
3,white,1,3,521,72,0,0,0.16082161535475903,29,0.920847818469791,
3,white,1,3,522,72,0,0,0.094005487882595,26,0.019280875868972314,
3,white,1,3,523,72,0,0,0.33070149155754036,32,0.20048909025959694,
3,white,1,3,524,72,0,0,0.025617395956629818,24,0.4211071318952977,
3,white,1,3,525,72,0,0,0.27541986715064026,31,0.12806206163679923,
3,white,1,3,526,72,0,0,0.11416318735099207,27,0.12809365903805325,
3,white,1,3,527,72,0,0,0.14399328387705546,30,0.9316628857583422,
3,white,1,3,528,72,0,0,0.12976422100682927,29,0.27375161896912115,
3,white,1,3,529,72,0,0,0.23635847806951205,32,0.8198916520042947,
3,white,1,3,530,72,0,0,0.23186608525151264,32,0.6460707299594002,
3,white,1,3,531,72,0,0,0.15127576033737677,32,0.329787684005892,
3,white,1,3,532,72,0,0,0.09527055800591144,25,0.007420551681018295,
3,white,1,3,533,72,0,0,0.07921442860429939,26,0.5803277795307117,
3,white,1,3,534,72,0,0,0.3113390304113468,29,0.6213337439054151,
3,white,1,3,535,72,0,0,0.26233845863297,27,0.9127960671127261,
3,white,1,3,536,72,0,0,0.13907099862141004,32,0.18227216931119883,
3,white,1,3,537,72,0,0,0.12823489158594736,27,0.37639956521276796,
3,white,1,3,538,72,0,0,0.19194351118703512,32,0.9835181593949269,
3,white,1,3,539,72,0,0,0.0293738911762772,28,0.7837951445367992,
3,white,1,3,540,72,0,0,0.1309005730254189,31,0.6248159598225147,
3,white,1,3,541,72,0,0,0.0689394781892575,26,0.16594759968867423,
3,white,1,3,542,72,0,0,0.30148166766016804,31,0.5852363789112257,
3,white,1,3,543,72,0,0,0.28972788236870883,32,0.21606171073088365,
3,white,1,3,544,72,0,0,0.15153860205560643,31,0.684939333839363,
3,white,1,3,545,72,0,0,0.08484819281507294,29,0.4992026602188475,
3,white,1,3,546,72,0,0,0.04619550145350748,27,0.6511215437055178,
3,white,1,3,547,72,0,0,0.11181397802542581,30,0.5616341649212855,
3,white,1,3,548,72,0,0,0.18648570349069393,32,0.4605503128117543,
3,white,1,3,549,72,0,0,0.1932503771400248,25,0.9897474984470935,
3,white,1,3,550,72,0,0,0.1454078918309908,26,0.5659475559782479,
3,white,1,3,551,72,0,0,0.1977420122578416,30,0.12059666743059339,
3,white,1,3,552,72,0,0,0.07306344321803127,26,0.3992639408228572,
3,white,1,3,553,72,0,0,0.10506752241502759,28,0.6954425676300122,
3,white,1,3,554,72,0,0,0.143575042674133,29,0.15469947405079476,
3,white,1,3,555,72,0,0,0.13792374610705638,29,0.5404229862843761,
3,white,1,3,556,72,0,0,0.22753525259620577,31,0.14586566975372728,
3,white,1,3,557,72,0,0,0.03914418329642755,29,0.5335567258496225,
3,white,1,3,558,72,0,0,0.05742858864263467,32,0.8342215921679924,
3,white,1,3,559,72,0,0,0.07932007429222077,29,0.3779504966491417,
3,white,1,3,560,72,0,0,0.11780202978422505,27,0.822496395007793,
3,white,1,3,561,72,0,0,0.003675417235884937,20,0.6552853717137614,
3,white,1,3,562,72,0,0,0.1298399154778881,32,0.7217457272648239,
3,white,1,3,563,72,0,0,0.13102987456873139,28,0.5373491195950993,
3,white,1,3,564,72,0,0,0.15484260277435924,31,0.44098500814200525,
3,white,1,3,565,72,0,0,0.10527434789364332,25,0.02457411038748203,
3,white,1,3,566,72,0,0,0.18512048381971147,30,0.48967279671776365,
3,white,1,3,567,72,0,0,0.12455175716427402,29,0.345971136349545,
3,white,1,3,568,72,0,0,0.2630789077210661,32,0.5714386331808198,
3,white,1,3,569,72,0,0,0.028990046861909313,27,0.18259691115122667,
3,white,1,3,570,72,0,0,0.05717637688526689,29,0.5620619034064717,
3,white,1,3,571,72,0,0,0.1567500621103971,32,0.4960014215117503,
3,white,1,3,572,72,0,0,0.19269456937574025,28,0.03403310046277941,
3,white,1,3,573,72,0,0,0.21123403371134852,32,0.740011453715689,
3,white,1,3,574,72,0,0,0.03301615286929238,26,0.3148565754002147,
3,white,1,3,575,72,0,0,0.2613447534822967,32,0.030657984625629853,
3,white,1,3,576,72,0,0,0.43825669540811285,32,0.4512690663699346,
3,white,1,3,577,72,0,0,0.09357163304200589,32,0.9091211855133241,
3,white,1,3,578,72,0,0,0.0779368567123454,29,0.010895176340424584,
3,white,1,3,579,72,0,0,0.04001147364904334,25,0.04650276628202066,
3,white,1,3,580,72,0,0,0.2616236808304545,30,0.42366676639331335,
3,white,1,3,581,72,0,0,0.05660690595530182,28,0.48625402150166286,
3,white,1,3,582,72,0,0,0.11685092032753097,25,0.7104668086547266,
3,white,1,3,583,72,0,0,0.12320393987811173,26,0.9434451234192024,
3,white,1,3,584,72,0,0,0.21170145877297086,31,0.373920167749314,
3,white,1,3,585,72,0,0,0.19770813836516865,31,0.8873803974169252,
3,white,1,3,586,72,0,0,0.04921792182473528,27,0.16819542986987057,
3,white,1,3,587,72,0,0,0.1703795001449413,31,0.16130773798043752,
3,white,1,3,588,72,0,0,0.1907277710556109,32,0.30484227412237486,
3,white,1,3,589,72,0,0,0.07779455662256118,32,0.07340758901444855,
3,white,1,3,590,72,0,0,0.1035422227114905,29,0.11645427444020306,
3,white,1,3,591,72,0,0,0.248251294463268,31,0.661202050050203,
3,white,1,3,592,72,0,0,0.13176452072714118,32,0.29440969231976866,
3,white,1,3,593,72,0,0,0.1523458282267125,25,0.7195673314173527,
3,white,1,3,594,72,0,0,0.13355951046978465,30,0.17951072564384674,
3,white,1,3,595,72,0,0,0.27389479001563355,29,0.8204741998435542,
3,white,1,3,596,72,0,0,0.2852132059934156,30,0.10457379252750065,
3,white,1,3,597,72,0,0,0.09461024849641786,29,0.4238641353509055,
3,white,1,3,598,72,0,0,0.0846719408961275,30,0.2169827747282458,
3,white,1,3,599,72,0,0,0.16775710377040665,30,0.28504049197860437,
3,white,1,3,600,72,0,0,0.20028019498975547,31,0.5127165714016609,
3,white,1,3,601,72,0,0,0.14413583121604612,31,0.5822765387585628,
3,white,1,3,602,72,0,0,0.11184538603119565,29,0.7410131353919861,
3,white,1,3,603,72,0,0,0.08252181439980322,32,0.3931614845907969,
3,white,1,3,604,72,0,0,0.010299521906981135,21,0.44689931551026296,
3,white,1,3,605,72,0,0,0.10897189631824045,30,0.044875989156896945,
3,white,1,3,606,72,0,0,0.20652061201342786,26,0.2473996236196535,
3,white,1,3,607,72,0,0,0.2495247881549646,27,0.6856072508593413,
3,white,1,3,608,72,0,0,0.15363410724088766,32,0.7963294608576226,
3,white,1,3,609,72,0,0,0.1715735117500259,32,0.24953201496227262,
3,white,1,3,610,72,0,0,0.47525861192713514,30,0.9097408310505191,
3,white,1,3,611,72,0,0,0.09090157392288956,30,0.9011103754974582,
3,white,1,3,612,72,0,0,0.3591275114819492,29,0.6222401503050136,
3,white,1,3,613,72,0,0,0.02704651594788654,29,0.4637898050603102,
3,white,1,3,614,72,0,0,0.13284501381352176,32,0.8025659826991083,
3,white,1,3,615,72,0,0,0.028639420918602276,28,0.28928848641107385,
3,white,1,3,616,72,0,0,0.09703369406819773,32,0.07842553612716041,
3,white,1,3,617,72,0,0,0.22588943998690658,32,0.6077628266446662,
3,white,1,3,618,72,0,0,0.08397200153527928,28,0.014699940283209534,
3,white,1,3,619,72,0,0,0.09110284243792544,30,0.967180229591095,
3,white,1,3,620,72,0,0,0.0966143148477876,31,0.33173977586462056,
3,white,1,3,621,72,0,0,0.12037965391681005,29,0.6422664737294419,
3,white,1,3,622,72,0,0,0.06080584029785607,32,0.5113581295357481,
3,white,1,3,623,72,0,0,0.07327584657638497,31,0.8589423010955024,
3,white,1,3,624,72,0,0,0.1704891499632406,31,0.23026293001002873,
3,white,1,3,625,72,0,0,0.19592930286933163,31,0.3925272624914501,
3,white,1,3,626,72,0,0,0.12996647646143622,28,0.2738478073995685,
3,white,1,3,627,72,0,0,0.04843766916232828,25,0.3170796565933901,
3,white,1,3,628,72,0,0,0.27149308181469933,31,0.6184717415065859,
3,white,1,3,629,72,0,0,0.03782121834951169,27,0.45373256281300556,
3,white,1,3,630,72,0,0,0.057902548815905175,29,0.5117947264372669,
3,white,1,3,631,72,0,0,0.17866373779086486,31,0.8287525672955919,
3,white,1,3,632,72,0,0,0.02990915923250581,29,0.3916916196961442,
3,white,1,3,633,72,0,0,0.11190948500888553,32,0.6782373878836142,
3,white,1,3,634,72,0,0,0.038942888857822044,30,0.49305107701110973,
3,white,1,3,635,72,0,0,0.05465641198179361,32,0.9545503714386825,
3,white,1,3,636,72,0,0,0.061260934937438005,31,0.8956206854955148,
3,white,1,3,637,72,0,0,0.06254825126162089,30,0.6766210077376417,
3,white,1,3,638,72,0,0,0.19989150242854337,32,0.1806245959266275,
3,white,1,3,639,72,0,0,0.10837775584960319,28,0.58573220680578,
3,white,1,3,640,72,0,0,0.13022023860872023,31,0.6377504339001545,
3,white,1,3,641,72,0,0,0.03276539034268977,24,0.2631034460460584,
3,white,1,3,642,72,0,0,0.022928732273912122,28,0.1984098102662768,
3,white,1,3,643,72,0,0,0.09322622900490884,31,0.6040177810297235,
3,white,1,3,644,72,0,0,0.26941487524221985,32,0.5898489865458957,
3,white,1,3,645,72,0,0,0.3521034051726327,32,0.455220288214638,
3,white,1,3,646,72,0,0,0.019065774563847504,23,0.029693497096435872,
3,white,1,3,647,72,0,0,0.06315447655146833,26,0.35569811826498476,
3,white,1,3,648,72,0,0,0.18816120014110715,28,0.9453474397829537,
3,white,1,3,649,72,0,0,0.2892415493638255,32,0.5995054375176169,
3,white,1,3,650,72,0,0,0.26036942174396427,32,0.408135735914809,
3,white,1,3,651,72,0,0,0.15576921398290422,31,0.5922564753381734,
3,white,1,3,652,72,0,0,0.17153295541576985,31,0.3180301304945211,
3,white,1,3,653,72,0,0,0.3389540496747976,30,0.6087732118121908,
3,white,1,3,654,72,0,0,0.20252159288178073,32,0.29189154462502076,
3,white,1,3,655,72,0,0,0.09571475007613806,27,0.2583090307273883,
3,white,1,3,656,72,0,0,0.25554032414688976,31,0.022651707819849487,
3,white,1,3,657,72,0,0,0.04596071360234111,28,0.0035037422057837553,
3,white,1,3,658,72,0,0,0.05989845849991038,28,0.27726304018578907,
3,white,1,3,659,72,0,0,0.396614508509502,30,0.8887427990590921,
3,white,1,3,660,72,0,0,0.1292574202934882,31,0.2589005625732883,
3,white,1,3,661,72,0,0,0.3230020635290589,32,0.9527797614982343,
3,white,1,3,662,72,0,0,0.0942229715235886,27,0.8896420436172808,
3,white,1,3,663,72,0,0,0.17727108011468518,30,0.8299443165346622,
3,white,1,3,664,72,0,0,0.1751211132899605,30,0.5230310497111046,
3,white,1,3,665,72,0,0,0.25508190206939996,31,0.06288744378128663,
3,white,1,3,666,72,0,0,0.1683004169982656,27,0.931695451836052,
3,white,1,3,667,72,0,0,0.1306727271015804,29,0.2696629135380184,
3,white,1,3,668,72,0,0,0.05472718779768737,31,0.22808661511489192,
3,white,1,3,669,72,0,0,0.2556279788258785,31,0.017268217133296626,
3,white,1,3,670,72,0,0,0.07014309461307155,27,0.752022424296795,
3,white,1,3,671,72,0,0,0.23043991908211103,32,0.6033424755064377,
3,white,1,3,672,72,0,0,0.2523606802119214,27,0.6192632938664471,
3,white,1,3,673,72,0,0,0.17056732856990076,32,0.49064443248079814,
3,white,1,3,674,72,0,0,0.10002136979618093,32,0.43218702639412054,
3,white,1,3,675,72,0,0,0.23175416779064895,31,0.34823276024932626,
3,white,1,3,676,72,0,0,0.08490626124093903,31,0.3332556336775533,
3,white,1,3,677,72,0,0,0.04566248391225036,26,0.5867940787202107,
3,white,1,3,678,72,0,0,0.29914810377464274,30,0.41762032897760093,
3,white,1,3,679,72,0,0,0.2879934978819807,32,0.6456870679872841,
3,white,1,3,680,72,0,0,0.07470656074525173,31,0.802919847133764,
3,white,1,3,681,72,0,0,0.1308805247311,32,0.8319342579357905,
3,white,1,3,682,72,0,0,0.12995021724933653,32,0.6557074761481305,
3,white,1,3,683,72,0,0,0.09996166916700577,26,0.17552374341404486,
3,white,1,3,684,72,0,0,0.1072870488267389,29,0.054969383549384965,
3,white,1,3,685,72,0,0,0.024920669125281236,27,0.4392203848357865,
3,white,1,3,686,72,0,0,0.28527162801317063,27,0.11949233631940082,
3,white,1,3,687,72,0,0,0.1513228913123461,26,0.04879921100110607,
3,white,1,3,688,72,0,0,0.15845024414080644,31,0.1365213483168981,
3,white,1,3,689,72,0,0,0.012505146403043343,22,0.33486579664967153,
3,white,1,3,690,72,0,0,0.08676461560333437,22,0.8146597265826178,
3,white,1,3,691,72,0,0,0.20879308664794338,32,0.8452678221185133,
3,white,1,3,692,72,0,0,0.3696514304276788,32,0.05280098991261628,
3,white,1,3,693,72,0,0,0.09837701770230212,22,0.010768816912871682,
3,white,1,3,694,72,0,0,0.07767348199999313,32,0.5159650426512083,
3,white,1,3,695,72,0,0,0.18152628576406904,31,0.7350416886691884,
3,white,1,3,696,72,0,0,0.3437668475231026,32,0.6243456510467305,
3,white,1,3,697,72,0,0,0.18662415248079234,32,0.6158905627799608,
3,white,1,3,698,72,0,0,0.15206744248025905,31,0.8548073633438897,
3,white,1,3,699,72,0,0,0.12615385341529795,32,0.5711814577838923,
3,white,1,3,700,72,0,0,0.05845929335220634,31,0.05750949621059531,
3,white,1,3,701,72,0,0,0.03485868975756867,29,0.4733777465181924,
3,white,1,3,702,72,0,0,0.16241565206692532,32,0.9956751432837524,
3,white,1,3,703,72,0,0,0.19649023123118226,27,0.5764655796995638,
3,white,1,3,704,72,0,0,0.06493452050769932,28,0.9233907932730059,
3,white,1,3,705,72,0,0,0.16940057688601307,30,0.4213558768299992,
3,white,1,3,706,72,0,0,0.05499518482845789,29,0.6936689100234348,
3,white,1,3,707,72,0,0,0.05550341799544101,22,0.2829021768018901,
3,white,1,3,708,72,0,0,0.09592290231001421,32,0.36191928512390337,
3,white,1,3,709,72,0,0,0.10312700006308784,27,0.4935097594055907,
3,white,1,3,710,72,0,0,0.21854492859976649,31,0.7471642506070113,
3,white,1,3,711,72,0,0,0.3726610888125461,31,0.4442228029786658,
3,white,1,3,712,72,0,0,0.17557880604329412,30,0.28077581254358264,
3,white,1,3,713,72,0,0,0.1814164029229942,31,0.25371778172558623,
3,white,1,3,714,72,0,0,0.09921389561586602,32,0.862081355508496,
3,white,1,3,715,72,0,0,0.03615926337577513,29,0.10876648494343644,
3,white,1,3,716,72,0,0,0.21686514440492943,32,0.46349484358009696,
3,white,1,3,717,72,0,0,0.27117712429309704,31,0.528863289171092,
3,white,1,3,718,72,0,0,0.2554977521186915,31,0.4088848002012282,
3,white,1,3,719,72,0,0,0.2063079535135337,30,0.2930704367010597,
3,white,1,3,720,72,0,0,0.2230627683957639,29,0.7652203190912528,
3,white,1,3,721,72,0,0,0.1920382052628392,32,0.23330678313259656,
3,white,1,3,722,72,0,0,0.06286455870318275,28,0.8804102932088247,
3,white,1,3,723,72,0,0,0.11078298965098743,28,0.10009028770257955,
3,white,1,3,724,72,0,0,0.14086489574097527,31,0.7337805343974952,
3,white,1,3,725,72,0,0,0.03980573863858661,28,0.9578958785707173,
3,white,1,3,726,72,0,0,0.09065309853663361,30,0.6382551891894261,
3,white,1,3,727,72,0,0,0.2672718489615892,30,0.31376278543693603,
3,white,1,3,728,72,0,0,0.39617765175121755,30,0.44554033935252413,
3,white,1,3,729,72,0,0,0.03561089404906681,28,0.9949574099497182,
3,white,1,3,730,72,0,0,0.08131939584594683,27,0.01892442570541686,
3,white,1,3,731,72,0,0,0.2801264156172103,30,0.9229432778373565,
3,white,1,3,732,72,0,0,0.1191291712728455,29,0.8161175925266666,
3,white,1,3,733,72,0,0,0.16499147410969717,32,0.5099074701611657,
3,white,1,3,734,72,0,0,0.04907476777661102,24,0.02984275869520936,
3,white,1,3,735,72,0,0,0.0523311495357196,29,0.43861730146856515,
3,white,1,3,736,72,0,0,0.15209898752933837,25,0.4532051645324794,
3,white,1,3,737,72,0,0,0.11884940516706921,28,0.1492280868187159,
3,white,1,3,738,72,0,0,0.008164873828034214,21,0.012851299907988056,
3,white,1,3,739,72,0,0,0.25416426653380153,30,0.9075004169265967,
3,white,1,3,740,72,0,0,0.3113405763531323,32,0.23808764151619366,
3,white,1,3,741,72,0,0,0.3789916508795266,30,0.597777750455442,
3,white,1,3,742,72,0,0,0.020764974162455152,27,0.04319984293678869,
3,white,1,3,743,72,0,0,0.14552762652149065,32,0.9101438003200074,
3,white,1,3,744,72,0,0,0.20640674804275605,30,0.13416468648296842,
3,white,1,3,745,72,0,0,0.2771882291157004,29,0.31108745538095683,
3,white,1,3,746,72,0,0,0.2810198532954675,31,0.7126543998896587,
3,white,1,3,747,72,0,0,0.08669145873600337,31,0.19485121410137685,
3,white,1,3,748,72,0,0,0.2627353006522488,30,0.6057140613799892,
3,white,1,3,749,72,0,0,0.345260637010523,31,0.3850236356031047,
3,white,1,3,750,72,0,0,0.35097408745860226,29,0.9364230192069195,
3,white,1,3,751,72,0,0,0.08634893263036625,30,0.3912576683537511,
3,white,1,3,752,72,0,0,0.208290636208169,32,0.17180193865060445,
3,white,1,3,753,72,0,0,0.06038668895739374,32,0.6730201562305733,
3,white,1,3,754,72,0,0,0.21103930578670216,27,0.8439692135632053,
3,white,1,3,755,72,0,0,0.13544357346658886,30,0.8538982631938774,
3,white,1,3,756,72,0,0,0.0982231175988374,29,0.1799799969957191,
3,white,1,3,757,72,0,0,0.23465880636386083,32,0.31133823560734286,
3,white,1,3,758,72,0,0,0.18073971160868996,30,0.81247630449162,
3,white,1,3,759,72,0,0,0.21411130142584633,29,0.7409159713508883,
3,white,1,3,760,72,0,0,0.12993725988584703,31,0.3293248433754211,
3,white,1,3,761,72,0,0,0.043205583964946115,29,0.25083638132134556,
3,white,1,3,762,72,0,0,0.23965379650441876,30,0.9396700618295476,
3,white,1,3,763,72,0,0,0.11171582380293321,27,0.2907152010795846,
3,white,1,3,764,72,0,0,0.09769729402971006,28,0.2295675842752377,
3,white,1,3,765,72,0,0,0.1696545126640514,32,0.8582950161030615,
3,white,1,3,766,72,0,0,0.1508935043336167,30,0.6674152319080398,
3,white,1,3,767,72,0,0,0.16071834784965577,30,0.9456105339623563,
3,white,1,3,768,72,0,0,0.37191123908390544,31,0.3885772880244909,
3,white,1,3,769,72,0,0,0.09767533310378507,32,0.9516937883425679,
3,white,1,3,770,72,0,0,0.09255995041318288,22,0.877466404187125,
3,white,1,3,771,72,0,0,0.03601084501707574,27,0.3674359689319793,
3,white,1,3,772,72,0,0,0.2508076786512424,30,0.4362588796843436,
3,white,1,3,773,72,0,0,0.12463286174133359,32,0.9327743703017815,
3,white,1,3,774,72,0,0,0.24925685234820016,32,0.7056394880251665,
3,white,1,3,775,72,0,0,0.1214151788190545,32,0.9412199728598813,
3,white,1,3,776,72,0,0,0.062312912254061326,31,0.48032080522398846,
3,white,1,3,777,72,0,0,0.10592133314307883,29,0.40889204133073487,
3,white,1,3,778,72,0,0,0.26672253332879037,30,0.7682639726943937,
3,white,1,3,779,72,0,0,0.2028625150195409,31,0.5277755037425201,
3,white,1,3,780,72,0,0,0.12688957854096528,28,0.8070225303471075,
3,white,1,3,781,72,0,0,0.0276155419587627,28,0.9620340587339095,
3,white,1,3,782,72,0,0,0.14757848618887992,28,0.4982730241447876,
3,white,1,3,783,72,0,0,0.36286706057821005,32,0.24870509273926944,
3,white,1,3,784,72,0,0,0.13793510006008303,31,0.47527712704647584,
3,white,1,3,785,72,0,0,0.20271188472132518,32,0.36341851036853035,
3,white,1,3,786,72,0,0,0.021534095958165245,29,0.5523666301164436,
3,white,1,3,787,72,0,0,0.058097445367231826,31,0.1148098834233009,
3,white,1,3,788,72,0,0,0.07860388263362339,28,0.9404840739116141,
3,white,1,3,789,72,0,0,0.0750561522492692,27,0.1991325308034857,
3,white,1,3,790,72,0,0,0.10427778826171841,29,0.9477914249782401,
3,white,1,3,791,72,0,0,0.24232759907021828,29,0.5469652825327097,
3,white,1,3,792,72,0,0,0.1333073051564566,31,0.33691477881347365,
3,white,1,3,793,72,0,0,0.16244474485546923,31,0.3758764906404486,
3,white,1,3,794,72,0,0,0.3801889019979674,32,0.4213959227900972,
3,white,1,3,795,72,0,0,0.06999182779481572,30,0.6978483142664135,
3,white,1,3,796,72,0,0,0.08616858697170693,29,0.30123660058870383,
3,white,1,3,797,72,0,0,0.031884741547133055,23,0.07782022579664405,
3,white,1,3,798,72,0,0,0.14394562923487708,32,0.4886716927122082,
3,white,1,3,799,72,0,0,0.07149443096341557,31,0.7387269233925239,
3,white,1,3,800,72,0,0,0.034680215002560466,29,0.04771540148796094,
3,white,1,3,801,72,0,0,0.1700322122862078,31,0.49641537071938213,
3,white,1,3,802,72,0,0,0.40161446432674586,31,0.9489983682681078,
3,white,1,3,803,72,0,0,0.08544673211562026,23,0.43308510704510217,
3,white,1,3,804,72,0,0,0.14349945433659572,27,0.3178106892082506,
3,white,1,3,805,72,0,0,0.5224541404834564,31,0.2653461395032358,
3,white,1,3,806,72,0,0,0.10915266280616343,24,0.6851108174021057,
3,white,1,3,807,72,0,0,0.1904725690219452,32,0.8207740355732052,
3,white,1,3,808,72,0,0,0.02234747728095965,28,0.002248574139772863,
3,white,1,3,809,72,0,0,0.011804549324699432,26,0.26910991910320314,
3,white,1,3,810,72,0,0,0.21716471663222503,31,0.5517090836657161,
3,white,1,3,811,72,0,0,0.010092740344506912,30,0.4769246236645388,
3,white,1,3,812,72,0,0,0.22832129588563255,30,0.7888630429800573,
3,white,1,3,813,72,0,0,0.02335131498887666,23,0.08189843499455318,
3,white,1,3,814,72,0,0,0.06674395282645185,24,0.045997603337117776,
3,white,1,3,815,72,0,0,0.10557750792744813,32,0.006896438217251832,
3,white,1,3,816,72,0,0,0.10869788538084135,30,0.750836868130998,
3,white,1,3,817,72,0,0,0.11447717431877547,26,0.3801768434943187,
3,white,1,3,818,72,0,0,0.2555388165461724,32,0.5603643171269466,
3,white,1,3,819,72,0,0,0.057628907103468685,28,0.3966457814885035,
3,white,1,3,820,72,0,0,0.040997782102894065,27,0.7080390601205748,
3,white,1,3,821,72,0,0,0.12153926429405715,27,0.667603979398896,
3,white,1,3,822,72,0,0,0.048023506884687484,29,0.9392751328113564,
3,white,1,3,823,72,0,0,0.18722293189191208,29,0.19525953904519988,
3,white,1,3,824,72,0,0,0.17557679672860793,29,0.4461908666860457,
3,white,1,3,825,72,0,0,0.3376193986184125,32,0.27201258165845643,
3,white,1,3,826,72,0,0,0.3237392759209917,31,0.5166565512600083,
3,white,1,3,827,72,0,0,0.10612585865687396,32,0.2743563949304789,
3,white,1,3,828,72,0,0,0.056779720426769265,28,0.5928038269102376,
3,white,1,3,829,72,0,0,0.124249611231107,32,0.6119894302061946,
3,white,1,3,830,72,0,0,0.15831572066657773,28,0.7675584862816883,
3,white,1,3,831,72,0,0,0.16379234085100158,29,0.5336915725978407,
3,white,1,3,832,72,0,0,0.09197557910121235,31,0.23565022836297067,
3,white,1,3,833,72,0,0,0.10277724176041247,32,0.1552615417747285,
3,white,1,3,834,72,0,0,0.016949980584215485,30,0.12468655323293332,
3,white,1,3,835,72,0,0,0.22175141054954806,32,0.36992300408180934,
3,white,1,3,836,72,0,0,0.11225242978595273,29,0.4126501558658374,
3,white,1,3,837,72,0,0,0.12859456948566417,30,0.006369129882677571,
3,white,1,3,838,72,0,0,0.2097453689875448,29,0.45542315550124135,
3,white,1,3,839,72,0,0,0.06465485225799383,32,0.6116542727573349,
3,white,1,3,840,72,0,0,0.03328130292291842,27,0.030099849614157348,
3,white,1,3,841,72,0,0,0.33898739752617413,29,0.06620528995177732,
3,white,1,3,842,72,0,0,0.29496892875293335,32,0.29756199829578744,
3,white,1,3,843,72,0,0,0.11400480480067399,31,0.039574350314840356,
3,white,1,3,844,72,0,0,0.13209804660312663,28,0.5529861387325621,
3,white,1,3,845,72,0,0,0.059869523435820526,28,0.01716936011571868,
3,white,1,3,846,72,0,0,0.18890140992734872,32,0.5379564191113093,
3,white,1,3,847,72,0,0,0.02138640264898528,27,0.8581112007308297,
3,white,1,3,848,72,0,0,0.11662775653457991,29,0.9008200410540002,
3,white,1,3,849,72,0,0,0.08292363616533038,24,0.8510128380674504,
3,white,1,3,850,72,0,0,0.06122584285089616,30,0.13097578288004508,
3,white,1,3,851,72,0,0,0.2801968873272259,31,0.5315991986121014,
3,white,1,3,852,72,0,0,0.1274778640622204,28,0.3150758434164782,
3,white,1,3,853,72,0,0,0.08932861322340002,30,0.8908900798114331,
3,white,1,3,854,72,0,0,0.06582936876064682,31,0.2543101190864836,
3,white,1,3,855,72,0,0,0.02887675913971033,28,0.1331799756683144,
3,white,1,3,856,72,0,0,0.11661060172302029,30,0.22453628287129834,
3,white,1,3,857,72,0,0,0.10083666801820368,32,0.6333190299096024,
3,white,1,3,858,72,0,0,0.11582035085334763,24,0.6395838524075456,
3,white,1,3,859,72,0,0,0.17083695731648074,32,0.49658008168637346,
3,white,1,3,860,72,0,0,0.16163235541494858,30,0.8018191549756415,
3,white,1,3,861,72,0,0,0.021649816278347944,28,0.3135601831035132,
3,white,1,3,862,72,0,0,0.13891054397116276,28,0.6468571915143316,
3,white,1,3,863,72,0,0,0.3947510256593463,31,0.6752456150472992,
3,white,1,3,864,72,0,0,0.0432392209578758,28,0.42389463604486566,
3,white,1,3,865,72,0,0,0.03706486510930829,28,0.9794489581024258,
3,white,1,3,866,72,0,0,0.37591200333962904,30,0.4323295155835323,
3,white,1,3,867,72,0,0,0.04765542084374763,30,0.4714504932196295,
3,white,1,3,868,72,0,0,0.1805054337903328,32,0.8002001276423144,
3,white,1,3,869,72,0,0,0.2714837521574137,30,0.5299660068759257,
3,white,1,3,870,72,0,0,0.1438780162075619,32,0.9283270916546742,
3,white,1,3,871,72,0,0,0.3777721032104795,31,0.5124186827773699,
3,white,1,3,872,72,0,0,0.09935946820392949,26,0.4375330873639467,
3,white,1,3,873,72,0,0,0.09164311772369316,28,0.028833575440067705,
3,white,1,3,874,72,0,0,0.29958883152830573,30,0.38302172573643745,
3,white,1,3,875,72,0,0,0.09034403258302093,25,0.27594042842498867,
3,white,1,3,876,72,0,0,0.17623034976476293,32,0.6847883411447924,
3,white,1,3,877,72,0,0,0.13807894722912317,31,0.7652650515372666,
3,white,1,3,878,72,0,0,0.1731653108610378,32,0.20155848954956057,
3,white,1,3,879,72,0,0,0.016105371965157933,27,0.5696550669953915,
3,white,1,3,880,72,0,0,0.15139987834664426,26,0.5180827259493701,
3,white,1,3,881,72,0,0,0.21129883361365076,32,0.2529586389012599,
3,white,1,3,882,72,0,0,0.07899271344242753,29,0.2790637182560345,
3,white,1,3,883,72,0,0,0.06775895906134377,26,0.9597031138929396,
3,white,1,3,884,72,0,0,0.19865665541846944,32,0.8254065169338515,
3,white,1,3,885,72,0,0,0.17700392226248196,30,0.5996184109514668,
3,white,1,3,886,72,0,0,0.0744569628780476,29,0.6637830867103611,
3,white,1,3,887,72,0,0,0.172819640148539,29,0.4736550105884476,
3,white,1,3,888,72,0,0,0.08602144856314053,31,0.7291007716276643,
3,white,1,3,889,72,0,0,0.04614645296788544,31,0.3424079585902847,
3,white,1,3,890,72,0,0,0.30173820510332316,28,0.18087904194179927,
3,white,1,3,891,72,0,0,0.2082275478797504,32,0.3320413803224439,
3,white,1,3,892,72,0,0,0.0874555181247374,31,0.9937106546406279,
3,white,1,3,893,72,0,0,0.23723861212029174,31,0.4690185449265186,
3,white,1,3,894,72,0,0,0.27254526466488116,32,0.2604532167189697,
3,white,1,3,895,72,0,0,0.28155025776587395,32,0.5893827447001364,
3,white,1,3,896,72,0,0,0.09028651652096142,32,0.6517586758634812,
3,white,1,3,897,72,0,0,0.2654654190649144,28,0.16190525266631273,
3,white,1,3,898,72,0,0,0.09433697143135134,29,0.5604197645874889,
3,white,1,3,899,72,0,0,0.05754068459046713,26,0.27976522279563865,
3,white,1,3,900,72,0,0,0.06748002028095623,32,0.5274532626145447,
3,white,1,3,901,72,0,0,0.06753557100843233,28,0.22216391659218526,
3,white,1,3,902,72,0,0,0.02179474751967503,32,0.5561969330886267,
3,white,1,3,903,72,0,0,0.14960105717377248,28,0.5123436769106526,
3,white,1,3,904,72,0,0,0.11600133637015919,32,0.9346563783427269,
3,white,1,3,905,72,0,0,0.24304464143820514,26,0.15280351317652152,
3,white,1,3,906,72,0,0,0.36930876922835354,32,0.24913030642207867,
3,white,1,3,907,72,0,0,0.12609187812775424,31,0.9790279126936854,
3,white,1,3,908,72,0,0,0.1614609839320691,29,0.05805696560920526,
3,white,1,3,909,72,0,0,0.11621605572947225,29,0.49477622350893136,
3,white,1,3,910,72,0,0,0.18919612646271833,32,0.09785874391496752,
3,white,1,3,911,72,0,0,0.11457782452587117,26,0.11876818104803233,
3,white,1,3,912,72,0,0,0.09722336882524796,28,0.44477114316555255,
3,white,1,3,913,72,0,0,0.11104710603011236,32,0.33296133640278636,
3,white,1,3,914,72,0,0,0.10332231001999514,31,0.9945054962933289,
3,white,1,3,915,72,0,0,0.07814302314340416,28,0.2920952722897827,
3,white,1,3,916,72,0,0,0.10739192525490049,28,0.308526641613747,
3,white,1,3,917,72,0,0,0.20650978872838155,29,0.9203758236515124,
3,white,1,3,918,72,0,0,0.1801818296490557,28,0.9603923332449235,
3,white,1,3,919,72,0,0,0.1498762706708604,31,0.13235775668581506,
3,white,1,3,920,72,0,0,0.1451306609943639,32,0.7201228235624508,
3,white,1,3,921,72,0,0,0.0732477632955072,26,0.3428670449231961,
3,white,1,3,922,72,0,0,0.04299063015708482,26,0.039119152245104205,
3,white,1,3,923,72,0,0,0.1328692065865934,31,0.9689791643623996,
3,white,1,3,924,72,0,0,0.23556102486156716,29,0.6361455553662843,
3,white,1,3,925,72,0,0,0.04706370320731401,28,0.6725294557901513,
3,white,1,3,926,72,0,0,0.40495697682962806,31,0.3215828338970692,
3,white,1,3,927,72,0,0,0.10305501673554651,29,0.9009272877043011,
3,white,1,3,928,72,0,0,0.06391976214592632,29,0.4007212667487495,
3,white,1,3,929,72,0,0,0.11207225124866838,30,0.6283714176962484,
3,white,1,3,930,72,0,0,0.2423029344831924,30,0.342126986791515,
3,white,1,3,931,72,0,0,0.027327975055088105,25,0.08858556657504668,
3,white,1,3,932,72,0,0,0.3770710043486152,31,0.09811475392802183,
3,white,1,3,933,72,0,0,0.23988705549071287,28,0.7743611541862606,
3,white,1,3,934,72,0,0,0.12398962857972828,28,0.4065884444795109,
3,white,1,3,935,72,0,0,0.17529629833446458,31,0.7698647980831256,
3,white,1,3,936,72,0,0,0.01811945028298656,22,0.7767734977150067,
3,white,1,3,937,72,0,0,0.14742992392536747,30,0.35773657015852633,
3,white,1,3,938,72,0,0,0.04942119471844664,27,0.07451981497946447,
3,white,1,3,939,72,0,0,0.24583596309164069,27,0.4059943047237542,
3,white,1,3,940,72,0,0,0.14190613840843835,27,0.9596758876957898,
3,white,1,3,941,72,0,0,0.01761078758365242,29,0.8660309001656744,
3,white,1,3,942,72,0,0,0.16111937904420826,32,0.8258869392784371,
3,white,1,3,943,72,0,0,0.28911434247026624,31,0.6496630813495436,
3,white,1,3,944,72,0,0,0.1489009448298484,31,0.12312942743463895,
3,white,1,3,945,72,0,0,0.24771000210424332,32,0.010375046623659623,
3,white,1,3,946,72,0,0,0.009880745115110168,22,0.0036127332517218447,
3,white,1,3,947,72,0,0,0.1701400518761258,30,0.263248252725224,
3,white,1,3,948,72,0,0,0.09359181477707779,25,0.24267703173079513,
3,white,1,3,949,72,0,0,0.16822550122441604,31,0.41340557392985855,
3,white,1,3,950,72,0,0,0.24673608577961392,32,0.18949803976647073,
3,white,1,3,951,72,0,0,0.09927321739512263,30,0.6374994343656402,
3,white,1,3,952,72,0,0,0.014003943756790926,23,0.5277012338364228,
3,white,1,3,953,72,0,0,0.041378406540673596,31,0.9041757173171728,
3,white,1,3,954,72,0,0,0.141650394840089,30,0.3658537920630407,
3,white,1,3,955,72,0,0,0.22712454845867536,30,0.9714234985583406,
3,white,1,3,956,72,0,0,0.05473711524342317,29,0.5396564443097361,
3,white,1,3,957,72,0,0,0.10265837276196721,31,0.8856711107288189,
3,white,1,3,958,72,0,0,0.2577762487762083,28,0.30964005969247377,
3,white,1,3,959,72,0,0,0.19104302831898123,30,0.08548883280873865,
3,white,1,3,960,72,0,0,0.20630694007764383,31,0.8096635357105149,
3,white,1,3,961,72,0,0,0.18040636688328548,30,0.9028645112479701,
3,white,1,3,962,72,0,0,0.08665332237323708,26,0.18916717394307014,
3,white,1,3,963,72,0,0,0.0546246762972864,28,0.41899121022072383,
3,white,1,3,964,72,0,0,0.12466255585992181,32,0.28811597023988367,
3,white,1,3,965,72,0,0,0.08991458350354298,29,0.31066368373826614,
3,white,1,3,966,72,0,0,0.1295209992762767,30,0.3221675694151167,
3,white,1,3,967,72,0,0,0.4321062855221013,32,0.8604341942059045,
3,white,1,3,968,72,0,0,0.22731259364898337,29,0.42519502962032385,
3,white,1,3,969,72,0,0,0.22283161896024717,30,0.5673201703056201,
3,white,1,3,970,72,0,0,0.05679443995326494,25,0.5004046945639542,
3,white,1,3,971,72,0,0,0.22806964602465218,32,0.19912466927534367,
3,white,1,3,972,72,0,0,0.17716499623514403,29,0.36766517515860964,
3,white,1,3,973,72,0,0,0.10575919637767661,30,0.5181896401288976,
3,white,1,3,974,72,0,0,0.23890161336604143,32,0.8697545865148912,
3,white,1,3,975,72,0,0,0.2531537458466412,31,0.49637933538689805,
3,white,1,3,976,72,0,0,0.16862333493124249,29,0.26813508465154545,
3,white,1,3,977,72,0,0,0.05447094903163785,27,0.016433484649354235,
3,white,1,3,978,72,0,0,0.079322972917653,32,0.6341943998571776,
3,white,1,3,979,72,0,0,0.2696290497847832,30,0.9192537330187807,
3,white,1,3,980,72,0,0,0.05632792247834262,31,0.7383281186819832,
3,white,1,3,981,72,0,0,0.12233931629072203,29,0.39948281006019193,
3,white,1,3,982,72,0,0,0.05461635374244511,29,0.3945550894554313,
3,white,1,3,983,72,0,0,0.03175006040742956,31,0.19441889419079117,
3,white,1,3,984,72,0,0,0.26355103421999937,32,0.41266029055309494,
3,white,1,3,985,72,0,0,0.23582705068890086,31,0.05711493880166241,
3,white,1,3,986,72,0,0,0.2497911372331293,31,0.7029049894356219,
3,white,1,3,987,72,0,0,0.22367586693519492,32,0.41727803181992373,
3,white,1,3,988,72,0,0,0.15531465522432142,30,0.7621047316778693,
3,white,1,3,989,72,0,0,0.12352265241226679,30,0.8963257660017955,
3,white,1,3,990,72,0,0,0.20246428503000946,32,0.6069971729512293,
3,white,1,3,991,72,0,0,0.27215935654492307,32,0.9171056659681425,
3,white,1,3,992,72,0,0,0.01747800881123418,24,0.6105360551657162,
3,white,1,3,993,72,0,0,0.09655701392763649,27,0.7952151452622506,
3,white,1,3,994,72,0,0,0.035263983363112095,32,0.9708980260275122,
3,white,1,3,995,72,0,0,0.017224423388007892,25,0.13262857703689201,
3,white,1,3,996,72,0,0,0.08177140299618002,27,0.6522797682073702,
3,white,1,3,997,72,0,0,0.26278074165493126,32,0.762521203977121,
3,white,1,3,998,72,0,0,0.06608763356751879,30,0.6808558868938583,
3,white,1,3,999,72,0,0,0.34931055642354236,31,0.7516286785713092,
7,ar1,0.25,7,0,672,0,0,0.03479168776212993,29.5,0.5157358004855254,0.52
7,ar1,0.25,7,1,672,0,0,0.004804215305573956,26.75,0.040860999157934175,0.57
7,ar1,0.25,7,2,672,1,1,0.00023434792420196082,32,0.6135781677827239,0.97
7,ar1,0.25,7,3,672,0,0,0.12909096111201057,30.5,0.2984180257473499,0.63
7,ar1,0.25,7,4,672,0,0,0.0050211538162450164,27.5,0.3004915506211443,0.51
7,ar1,0.25,7,5,672,0,0,0.02609663656123662,30.5,0.010450212478791299,0.465
7,ar1,0.25,7,6,672,0,0,0.13462348792181356,31.5,0.035487769598251506,0.68
7,ar1,0.25,7,7,672,0,0,0.07461332488972883,29.75,0.3661299433030878,0.47
7,ar1,0.25,7,8,672,0,0,0.005102704538452851,30.75,0.15683652969674233,0.94
7,ar1,0.25,7,9,672,1,1,0.0003551753656813039,26.5,0.10687173590028509,0.49
7,ar1,0.25,7,10,672,0,0,0.2149864055593118,31.25,0.07224650951393585,0.505
7,ar1,0.25,7,11,672,0,0,0.009187845334658662,28.75,0.012754862843124437,0.455
7,ar1,0.25,7,12,672,0,0,0.004884533059340668,30.5,0.27787102116061835,0.86
7,ar1,0.25,7,13,672,0,1,0.0028727360985569828,29,0.0046131034810750204,0.265
7,ar1,0.25,7,14,672,0,0,0.04144004974831006,30.5,0.18504975839850313,0.575
7,ar1,0.25,7,15,672,0,0,0.0594063759342196,29.75,0.0000017999582391237112,0.08
7,ar1,0.25,7,16,672,0,1,0.0947901978327994,31.25,0.015049750031123743,0.3
7,ar1,0.25,7,17,672,1,1,0.0006519617948720358,31.5,0.30813643836998095,0.415
7,ar1,0.25,7,18,672,0,0,0.006079599281676673,30.5,0.012812164496836864,0.185
7,ar1,0.25,7,19,672,0,1,0.008490206639567788,31.5,0.0022511406759724295,0.23
7,ar1,0.25,7,20,672,0,0,0.03657989931822769,31.25,0.5992679108907277,0.725
7,ar1,0.25,7,21,672,0,0,0.0026170750430185574,26.75,0.01730398527203114,0.48
7,ar1,0.25,7,22,672,0,0,0.13623614633568193,32,0.12344351059905301,0.685
7,ar1,0.25,7,23,672,0,0,0.13163736814178062,30,0.04222741191563739,0.31
7,ar1,0.25,7,24,672,0,0,0.0019178434893259988,30.25,0.17960092587832643,0.74
7,ar1,0.25,7,25,672,0,0,0.0856434706173449,32,0.22786204929667653,0.91
7,ar1,0.25,7,26,672,0,1,0.023323375592137152,31.25,0.5304761473590553,0.08
7,ar1,0.25,7,27,672,0,0,0.09521020977809869,28,0.00028103003487478517,0.005
7,ar1,0.25,7,28,672,0,0,0.005118789988439287,29.25,0.5616898063379682,0.435
7,ar1,0.25,7,29,672,0,0,0.0015429674870350851,30,0.10128484193435106,0.485
7,ar1,0.25,7,30,672,0,1,0.0038948431490183344,27,0.7582002509968037,0.21
7,ar1,0.25,7,31,672,0,0,0.0762500739940386,31.5,0.020212451078820526,0.225
7,ar1,0.25,7,32,672,1,1,0.00003808373834468526,25.75,0.7261983845075184,0.99
7,ar1,0.25,7,33,672,0,0,0.009564724522943102,26.5,0.9112872143496422,0.5
7,ar1,0.25,7,34,672,1,1,0.0007148403873248332,30.75,0.1255264103318624,0.43
7,ar1,0.25,7,35,672,0,0,0.0032588186967056343,23.5,0.022495229566497077,0.335
7,ar1,0.25,7,36,672,0,0,0.2508715245988069,31.5,0.007669465443432832,0.41
7,ar1,0.25,7,37,672,0,0,0.037348040151847006,31,0.3761149529408093,0.305
7,ar1,0.25,7,38,672,0,0,0.17854688116306117,29.75,0.759279085186737,0.445
7,ar1,0.25,7,39,672,1,1,0.0007937453275431716,28,0.10086354893115268,0.435
7,ar1,0.25,7,40,672,0,0,0.022605498188436712,29.75,0.5253477455891296,0.595
7,ar1,0.25,7,41,672,0,1,0.009906544973374842,31.75,0.4118185650514239,0.495
7,ar1,0.25,7,42,672,0,0,0.06110327881184208,31.25,0.26234502510584745,0.7
7,ar1,0.25,7,43,672,0,0,0.06971113000103635,30.5,0.0014561309328511296,0.15
7,ar1,0.25,7,44,672,0,0,0.16732855315132933,31.5,0.007087772546391924,0.495
7,ar1,0.25,7,45,672,0,0,0.013954725874568474,32,0.41225075287977686,0.925
7,ar1,0.25,7,46,672,1,1,0.00004921207759378543,29.5,0.42139314449822585,0.56
7,ar1,0.25,7,47,672,0,0,0.06067500952333782,29.5,0.6645202530136696,0.235
7,ar1,0.25,7,48,672,0,0,0.26946711439142257,31.75,0.5361221273459811,0.625
7,ar1,0.25,7,49,672,0,0,0.025560120418517296,29.5,0.8462986459266426,0.62
7,ar1,0.25,7,50,672,0,0,0.072281333603191,32,0.764656032102781,0.845
7,ar1,0.25,7,51,672,0,1,0.0014466421958828635,25.75,0.003448712413768207,0.285
7,ar1,0.25,7,52,672,0,0,0.003810173695439678,27.25,0.7345491594424642,0.135
7,ar1,0.25,7,53,672,0,0,0.002376974412959809,26.75,0.6406026160768405,0.7
7,ar1,0.25,7,54,672,0,0,0.05651723039563983,31.5,0.9410216421826537,0.785
7,ar1,0.25,7,55,672,0,0,0.05032859955820579,31.25,0.12269157693472932,0.605
7,ar1,0.25,7,56,672,0,0,0.004058805694397427,27.75,0.908519686075639,0.33
7,ar1,0.25,7,57,672,0,0,0.011030119878677969,28,0.7786757851114908,0.875
7,ar1,0.25,7,58,672,0,0,0.01761098100221825,28.75,0.07075978002392491,0.45
7,ar1,0.25,7,59,672,0,0,0.07569094675724242,31.75,0.6171467619511708,0.975
7,ar1,0.25,7,60,672,0,0,0.017759759985933044,32,0.06240601467712936,0.625
7,ar1,0.25,7,61,672,0,0,0.0023284937585132948,29.5,0.18103158839185463,0.8
7,ar1,0.25,7,62,672,0,0,0.17802243294461095,31.5,0.24968280097466855,0.495
7,ar1,0.25,7,63,672,0,1,0.07594093021667592,31.75,0.009097237349172782,0.2
7,ar1,0.25,7,64,672,0,0,0.024805331017315857,28.25,0.34446683872479233,0.33
7,ar1,0.25,7,65,672,0,0,0.2684207945719407,29.25,0.0405904701043579,0.38
7,ar1,0.25,7,66,672,0,0,0.03993256842221515,31,0.00012784450789116164,0.185
7,ar1,0.25,7,67,672,0,0,0.0730523669035581,31.5,0.07477799404022911,0.69
7,ar1,0.25,7,68,672,0,0,0.008435368266592524,29.75,0.006515001551499533,0.45
7,ar1,0.25,7,69,672,0,0,0.3992801100413972,32,0.07147918495254024,0.37
7,ar1,0.25,7,70,672,0,0,0.03374012640650648,27.75,0.7148982109005293,0.155
7,ar1,0.25,7,71,672,0,0,0.1146558935427161,29.5,0.21234656891891124,0.395
7,ar1,0.25,7,72,672,0,0,0.0018660283428977298,30.5,0.6252412171406855,0.18
7,ar1,0.25,7,73,672,0,0,0.029933137417850753,30,0.2107595893697768,0.91
7,ar1,0.25,7,74,672,0,0,0.0027702434536893694,31.25,0.0048375034382123205,0.26
7,ar1,0.25,7,75,672,0,1,0.049839520522570124,31.5,0.09940229979174475,0.21
7,ar1,0.25,7,76,672,0,0,0.16964412328106016,31.75,0.001865757748215957,0.125
7,ar1,0.25,7,77,672,0,0,0.004769766520737129,31.5,0.8148908119859947,0.825
7,ar1,0.25,7,78,672,0,0,0.05408125801940078,29.5,0.09657624051240876,0.25
7,ar1,0.25,7,79,672,0,1,0.008636420430387037,31.5,0.5747203794332869,0.685
7,ar1,0.25,7,80,672,0,0,0.07243338139972433,31.75,0.7067777867884892,0.745
7,ar1,0.25,7,81,672,0,0,0.02155792416810154,27.75,0.012314457148710933,0.445
7,ar1,0.25,7,82,672,0,0,0.0165367467324653,29.5,0.3127943164621364,0.07
7,ar1,0.25,7,83,672,0,0,0.058200632647459005,31.75,0.007235102472669008,0.355
7,ar1,0.25,7,84,672,0,0,0.0632968440980678,29.75,0.7671783577753253,0.035
7,ar1,0.25,7,85,672,0,0,0.009422701448807635,29,0.000679570103564231,0.325
7,ar1,0.25,7,86,672,0,0,0.15674947692246022,30.75,0.061086688935750755,0.295
7,ar1,0.25,7,87,672,0,0,0.005704860542457446,27.5,0.3941573862864486,0.69
7,ar1,0.25,7,88,672,0,0,0.019932798993106626,28.25,0.8248664263522222,0.615
7,ar1,0.25,7,89,672,0,0,0.13097917606861875,30.25,0.018777158844422437,0.095
7,ar1,0.25,7,90,672,0,0,0.02520546711115157,30.5,0.039677306501639364,0.385
7,ar1,0.25,7,91,672,0,0,0.2787002547353161,31.75,0.5143820678022045,0.78
7,ar1,0.25,7,92,672,0,1,0.046522613551739145,32,0.877215940676257,0.825
7,ar1,0.25,7,93,672,0,0,0.01818416806796419,30.5,0.6526489660790634,0.205
7,ar1,0.25,7,94,672,0,0,0.03430265203903016,31.75,0.48981864695583277,0.84
7,ar1,0.25,7,95,672,1,1,0.00004863969919222111,24,0.0010109388272533382,0.205
7,ar1,0.25,7,96,672,0,1,0.14433676939357043,31.75,0.5444609675636576,0.175
7,ar1,0.25,7,97,672,0,0,0.0014869291797758866,30.75,0.7231286835928976,0.81
7,ar1,0.25,7,98,672,0,0,0.2430942430120252,32,0.5689159446380472,0.76
7,ar1,0.25,7,99,672,0,0,0.03209825871211103,30,0.5051526526312603,0.38
7,ar1,0.25,7,100,672,0,0,0.004032917964899019,31.25,0.07552460429314556,0.7
7,ar1,0.25,7,101,672,0,0,0.012018526034742294,29.5,0.0007779110394471322,0.12
7,ar1,0.25,7,102,672,0,0,0.012020355850348774,31,0.00015623336433256974,0.42
7,ar1,0.25,7,103,672,0,0,0.03768700187077312,29.75,0.3151264263758413,0.115
7,ar1,0.25,7,104,672,0,0,0.023872104372674063,31,0.24707639687313798,0.69
7,ar1,0.25,7,105,672,0,0,0.06345266240595071,30.75,0.9311600439904913,0.525
7,ar1,0.25,7,106,672,0,0,0.0015685727763503632,24.5,0.17964563333645078,0.7
7,ar1,0.25,7,107,672,0,0,0.010363424154804513,28.5,0.13102793158098203,0.8
7,ar1,0.25,7,108,672,0,0,0.14809051541648155,31.75,0.08289202165277842,0.75
7,ar1,0.25,7,109,672,1,1,0.00020453786069629665,26,0.2587902000558283,0.25
7,ar1,0.25,7,110,672,0,0,0.09847276087971935,31.25,0.44878824575885723,0.54
7,ar1,0.25,7,111,672,0,0,0.0450970754113057,31.75,0.03203244285832918,0.485
7,ar1,0.25,7,112,672,0,0,0.19116343605655983,30,0.0020582724397446572,0.465
7,ar1,0.25,7,113,672,0,0,0.01923412543897396,29.75,0.09408932177645013,0.215
7,ar1,0.25,7,114,672,0,0,0.0016454336899713873,26.25,0.4361733131671025,0.88
7,ar1,0.25,7,115,672,0,0,0.015201984806822666,30.25,0.6760219552706392,0.57
7,ar1,0.25,7,116,672,0,0,0.09583318144476849,31.5,0.0420743780326619,0.145
7,ar1,0.25,7,117,672,0,0,0.2910527709335595,31.75,0.050418770684271585,0.53
7,ar1,0.25,7,118,672,0,0,0.05247661174287621,30.5,0.02414365180666267,0.485
7,ar1,0.25,7,119,672,0,0,0.021942756284716092,29,0.1944140810617836,0.8
7,ar1,0.25,7,120,672,0,0,0.048460811780669855,29.25,0.11328714427451603,0.335
7,ar1,0.25,7,121,672,0,0,0.07818905699111678,30.75,0.04348516752155174,0.27
7,ar1,0.25,7,122,672,0,0,0.03594035225530823,27.25,0.2779073408184154,0.485
7,ar1,0.25,7,123,672,0,0,0.09840082694705699,29.75,0.03951865494431572,0.49
7,ar1,0.25,7,124,672,0,0,0.10571737002592807,31.75,0.19169891701318142,0.365
7,ar1,0.25,7,125,672,0,0,0.08706072747778693,31.5,0.4156369790375959,0.55
7,ar1,0.25,7,126,672,0,0,0.008714312542034586,31,0.5188079561783646,0.2
7,ar1,0.25,7,127,672,0,0,0.00956257142491046,31,0.09095775449848476,0.505
7,ar1,0.25,7,128,672,1,1,0.00026176624461360376,30.25,0.2719849908730576,0.565
7,ar1,0.25,7,129,672,0,0,0.03205997724527032,30.25,0.10037730699251579,0.155
7,ar1,0.25,7,130,672,0,0,0.06199299460120322,31.25,0.6233804291977488,0.975
7,ar1,0.25,7,131,672,1,1,0.00003657524078237717,25.75,0.10016691126804689,0.7
7,ar1,0.25,7,132,672,0,0,0.0015989812224940225,29,0.6529054276436731,0.92
7,ar1,0.25,7,133,672,0,0,0.048211380003637005,29,0.03993934973385349,0.39
7,ar1,0.25,7,134,672,0,0,0.007419643646940033,32,0.18813393313175486,0.975
7,ar1,0.25,7,135,672,0,0,0.010537112267005821,31.75,0.6738627510333224,0.195
7,ar1,0.25,7,136,672,0,0,0.13839791629185305,31.5,0.286660282015229,0.715
7,ar1,0.25,7,137,672,0,0,0.014056014235846126,27.75,0.030586684651978002,0.71
7,ar1,0.25,7,138,672,0,0,0.015295815692439874,30.75,0.00005926248065535322,0.15
7,ar1,0.25,7,139,672,1,1,0.0006907402142597441,28,0.10029774662280855,0.06
7,ar1,0.25,7,140,672,0,0,0.05749587354225638,30,0.022563992505076347,0.64
7,ar1,0.25,7,141,672,0,0,0.021856141361929482,30.5,0.3001933787239728,0.775
7,ar1,0.25,7,142,672,0,0,0.002506782151808884,29,0.4299972621973511,0.17
7,ar1,0.25,7,143,672,1,1,0.000753035328719176,27.25,0.020222350533085853,0.34
7,ar1,0.25,7,144,672,0,0,0.04309840538584586,29.25,0.8068053211195032,0.75
7,ar1,0.25,7,145,672,0,0,0.05333277337551057,29.25,0.00007439347128834761,0.195
7,ar1,0.25,7,146,672,0,0,0.0012752786723334575,27,0.43196352422817497,0.605
7,ar1,0.25,7,147,672,0,0,0.14922635977115295,31.25,0.43470132206726075,0.465
7,ar1,0.25,7,148,672,0,0,0.2326831351768891,31.5,0.020440735115670572,0.605
7,ar1,0.25,7,149,672,0,0,0.0022179663555114137,28,0.5605392595088884,0.285
7,ar1,0.25,7,150,672,0,1,0.00941044003661573,32,0.800358590383637,0.54
7,ar1,0.25,7,151,672,0,1,0.19921487770139668,30.25,0.41365810459452534,0.29
7,ar1,0.25,7,152,672,0,0,0.09166807241756725,30.5,0.17415285787715606,0.125
7,ar1,0.25,7,153,672,0,0,0.013732463417142737,27.25,0.28943091084100225,0.245
7,ar1,0.25,7,154,672,0,0,0.04620167284892618,32,0.0000926125158212665,0.215
7,ar1,0.25,7,155,672,0,0,0.031165996042109234,30.5,0.7404103173618962,0.64
7,ar1,0.25,7,156,672,0,0,0.07007215913698572,31.25,0.12732644221397638,0.9
7,ar1,0.25,7,157,672,0,0,0.0370204447058039,28,0.003039662484117467,0.08
7,ar1,0.25,7,158,672,0,0,0.012191518867023077,30.75,0.5990746059424088,0.255
7,ar1,0.25,7,159,672,0,0,0.12225671425909101,32,0.5300941822065734,0.57
7,ar1,0.25,7,160,672,0,0,0.0013820575648102462,25,0.2800956319456158,0.87
7,ar1,0.25,7,161,672,0,1,0.02097844055796705,32,0.2926468351946885,0.915
7,ar1,0.25,7,162,672,0,0,0.02827273858492485,29.5,0.3314328233724213,0.735
7,ar1,0.25,7,163,672,0,0,0.03184502139941614,31,0.03667204903005039,0.735
7,ar1,0.25,7,164,672,0,0,0.060858914357018734,30.5,0.0034397081089660997,0.245
7,ar1,0.25,7,165,672,0,0,0.026397121357774722,29.5,0.07251595379028908,0.73
7,ar1,0.25,7,166,672,0,0,0.06212411724912148,28.75,0.5973507871016294,0.76
7,ar1,0.25,7,167,672,0,0,0.21913438641890637,31.5,0.0464809064767685,0.605
7,ar1,0.25,7,168,672,1,1,0.00012044464286353751,27,0.5939056802719369,0.185
7,ar1,0.25,7,169,672,0,0,0.00812670964785156,29.25,0.1613654465100226,0.775
7,ar1,0.25,7,170,672,0,0,0.03882683567775058,31.75,0.39121903668104596,0.4
7,ar1,0.25,7,171,672,0,0,0.07789567803601849,30,0.07496979064382447,0.38
7,ar1,0.25,7,172,672,0,0,0.023623823244462883,27.75,0.9761970727011432,0.785
7,ar1,0.25,7,173,672,0,0,0.017487723479849282,27,0.13642390048182418,0.535
7,ar1,0.25,7,174,672,0,0,0.09806944731335399,31.25,0.43882073512529673,0.53
7,ar1,0.25,7,175,672,0,0,0.005998162559422648,31.75,0.7773044011178261,0.835
7,ar1,0.25,7,176,672,0,0,0.04427168246363067,30.25,0.06382830230591752,0.5
7,ar1,0.25,7,177,672,0,0,0.1410429387839659,31.75,0.13618676506870198,0.67
7,ar1,0.25,7,178,672,0,0,0.0714788905163567,28.5,0.31606790451135236,0.165
7,ar1,0.25,7,179,672,1,1,0.000006975681360099628,31.5,0.4282876232149966,0.97
7,ar1,0.25,7,180,672,0,0,0.0318803408624172,30.5,0.533318974893128,0.885
7,ar1,0.25,7,181,672,0,0,0.024816236567810512,25.25,0.945006198025176,0.96
7,ar1,0.25,7,182,672,0,0,0.012481918276807447,28.5,0.0010304565450683922,0.08
7,ar1,0.25,7,183,672,0,0,0.0021787724523859575,25.75,0.07840405679560625,0.235
7,ar1,0.25,7,184,672,1,1,0.0002454461689705978,24,0.0005891282201354597,0.31
7,ar1,0.25,7,185,672,0,0,0.046407958425732976,29.5,0.4997882656535748,0.61
7,ar1,0.25,7,186,672,0,0,0.0275770256609571,31.75,0.7068088037118974,0.75
7,ar1,0.25,7,187,672,0,0,0.09850393234323374,31.25,0.16765011524195006,0.74
7,ar1,0.25,7,188,672,0,0,0.039082157157971587,30.25,0.019821100819886417,0.405
7,ar1,0.25,7,189,672,0,0,0.006296758469404917,32,0.5806545174018365,0.37
7,ar1,0.25,7,190,672,0,0,0.4107329347733233,31.25,0.285676963420914,0.605
7,ar1,0.25,7,191,672,1,1,0.00023756450643885874,21.25,0.07065351842857215,0.315
7,ar1,0.25,7,192,672,0,0,0.0184927964544237,29.5,0.18421852457297516,0.78
7,ar1,0.25,7,193,672,1,1,0.0003297639722805723,26,0.22209335127855168,0.495
7,ar1,0.25,7,194,672,0,0,0.15482155247112717,31.75,0.8843475715841775,0.445
7,ar1,0.25,7,195,672,0,0,0.040037952904817486,31.25,0.9156494649500131,0.975
7,ar1,0.25,7,196,672,0,0,0.03919950478731915,28.75,0.5943124930715898,0.245
7,ar1,0.25,7,197,672,0,1,0.015107990703683405,29.75,0.9422261247018903,0.58
7,ar1,0.25,7,198,672,0,0,0.036762953938735854,30,0.538902001976977,0.65
7,ar1,0.25,7,199,672,0,1,0.001987706455040872,27,0.28061711772755304,0.605
7,ar1,0.25,7,200,672,0,0,0.1913105868472721,31.25,0.04491406587333935,
7,ar1,0.25,7,201,672,0,0,0.013672056498710172,30.5,0.8927162326606,
7,ar1,0.25,7,202,672,1,1,0.0008540628623693314,28.5,0.2177436780763089,
7,ar1,0.25,7,203,672,0,0,0.07932084543490425,29.25,0.7968599999242563,
7,ar1,0.25,7,204,672,0,0,0.027574918585754116,31.5,0.4203856313873019,
7,ar1,0.25,7,205,672,0,0,0.020531340877073534,31,0.010193194336589828,
7,ar1,0.25,7,206,672,0,0,0.21457405750302838,32,0.023734122587847795,
7,ar1,0.25,7,207,672,0,0,0.011106302072030894,29,0.19917593682068624,
7,ar1,0.25,7,208,672,0,0,0.03241946899838244,30.5,0.6392708607577807,
7,ar1,0.25,7,209,672,0,0,0.10212991576736463,32,0.0007044016237769402,
7,ar1,0.25,7,210,672,0,0,0.05746778136398134,30.5,0.047825041568182014,
7,ar1,0.25,7,211,672,0,0,0.004331899056614685,26.75,0.09919946850239258,
7,ar1,0.25,7,212,672,0,0,0.03478172307185101,29.5,0.028893441363578076,
7,ar1,0.25,7,213,672,0,0,0.00165693052711402,26.25,0.0006175436862507766,
7,ar1,0.25,7,214,672,0,0,0.00474031623445248,31.75,0.04253087619015028,
7,ar1,0.25,7,215,672,0,0,0.055340352403095316,29.25,0.03679364954327857,
7,ar1,0.25,7,216,672,0,0,0.005140502143302417,31,0.0070093435658686865,
7,ar1,0.25,7,217,672,0,0,0.018143984086450682,27.25,0.5834323289517929,
7,ar1,0.25,7,218,672,0,0,0.09989274542563842,31.5,0.9219552840402381,
7,ar1,0.25,7,219,672,0,0,0.004725721866331356,29,0.7500690168551735,
7,ar1,0.25,7,220,672,0,0,0.012022073333883498,27.75,0.9012910408303036,
7,ar1,0.25,7,221,672,0,0,0.0241376971694669,31.25,0.44129947240881295,
7,ar1,0.25,7,222,672,0,0,0.0510473990623026,31.5,0.001049928674720535,
7,ar1,0.25,7,223,672,0,0,0.12748682776863118,31.75,0.12012761389669202,
7,ar1,0.25,7,224,672,0,0,0.00858423984016976,29,0.20461235541051703,
7,ar1,0.25,7,225,672,0,0,0.07891201123288805,30.75,0.5176883545083851,
7,ar1,0.25,7,226,672,0,1,0.0011667328815891942,26.75,0.00008415349785861892,
7,ar1,0.25,7,227,672,0,0,0.023753503728210612,30.5,0.21158945675271867,
7,ar1,0.25,7,228,672,0,0,0.05174235595593002,32,0.31641068496113056,
7,ar1,0.25,7,229,672,0,0,0.08015745492773396,31.5,0.22488707399602736,
7,ar1,0.25,7,230,672,0,1,0.0048830239473742765,29.25,0.037390857395670496,
7,ar1,0.25,7,231,672,0,0,0.0261146789979384,31.5,0.5920072515747048,
7,ar1,0.25,7,232,672,0,0,0.16648373545646378,32,0.17973463641695164,
7,ar1,0.25,7,233,672,0,0,0.01254147496950464,31.25,0.20534313876742305,
7,ar1,0.25,7,234,672,0,0,0.02564453860848781,32,0.0004195623231365575,
7,ar1,0.25,7,235,672,0,0,0.010553114032424538,29.75,0.30116018418126833,
7,ar1,0.25,7,236,672,1,1,0.00035577183337287543,30.5,0.8786843070824838,
7,ar1,0.25,7,237,672,0,0,0.04911224794259095,27.5,0.0002441319944533893,
7,ar1,0.25,7,238,672,0,1,0.01905627531237919,31.75,0.0007193692980209665,
7,ar1,0.25,7,239,672,0,0,0.013859168784075004,24.5,0.1116228913967956,
7,ar1,0.25,7,240,672,0,1,0.07745562350292678,30.75,0.31689212345355267,
7,ar1,0.25,7,241,672,1,1,0.000042310679559620645,28.75,0.1966702648287939,
7,ar1,0.25,7,242,672,0,0,0.16683198090623097,32,0.5727779070880347,
7,ar1,0.25,7,243,672,0,0,0.03226378250324813,27.25,0.0007122143775674106,
7,ar1,0.25,7,244,672,0,0,0.24628446464110665,30.5,0.4063552746808793,
7,ar1,0.25,7,245,672,0,0,0.005117078005662079,26.75,0.0035498696167332033,
7,ar1,0.25,7,246,672,0,0,0.13511083463568796,31.5,0.6164503108061916,
7,ar1,0.25,7,247,672,1,1,0.0003203636659941944,25,0.7627064790499685,
7,ar1,0.25,7,248,672,0,1,0.001641315409883104,30.75,0.010379041289328539,
7,ar1,0.25,7,249,672,0,0,0.07933062082561326,31.5,0.01370068357575227,
7,ar1,0.25,7,250,672,0,0,0.046428177251160996,31.25,0.0024133440015644547,
7,ar1,0.25,7,251,672,1,1,0.00017070437054389487,23,0.013990229881717053,
7,ar1,0.25,7,252,672,0,0,0.020145954378646302,32,0.8343884136584916,
7,ar1,0.25,7,253,672,0,0,0.05629968632111082,31,0.001950326196576202,
7,ar1,0.25,7,254,672,0,0,0.14304821259338796,32,0.41184602180211627,
7,ar1,0.25,7,255,672,0,0,0.12672800559571584,32,0.7134561456575707,
7,ar1,0.25,7,256,672,0,0,0.062353567860943704,28.25,0.046760671426636424,
7,ar1,0.25,7,257,672,0,0,0.007078950463160538,28,0.9069565628015561,
7,ar1,0.25,7,258,672,0,0,0.05217654965215579,31,0.04639032449418812,
7,ar1,0.25,7,259,672,0,0,0.10189146999951537,31.5,0.3430594410996548,
7,ar1,0.25,7,260,672,0,0,0.01078116480450586,29.5,0.45924591800665826,
7,ar1,0.25,7,261,672,0,0,0.0014307443730550151,26.75,0.001831270029741261,
7,ar1,0.25,7,262,672,0,0,0.031123624421785068,29.75,0.49373270612956366,
7,ar1,0.25,7,263,672,0,0,0.06726540482940335,32,0.7789072031874047,
7,ar1,0.25,7,264,672,0,0,0.06114730482059849,31.25,0.08091249089162589,
7,ar1,0.25,7,265,672,0,0,0.0269342458840931,31.25,0.3321542321635571,
7,ar1,0.25,7,266,672,0,0,0.004893394582253796,29.75,0.9108877672271806,
7,ar1,0.25,7,267,672,0,0,0.005497853191543944,29.5,0.4179362432492627,
7,ar1,0.25,7,268,672,0,0,0.08833202820761232,32,0.23396627519079904,
7,ar1,0.25,7,269,672,0,0,0.09442988699674948,31.75,0.005698473933747339,
7,ar1,0.25,7,270,672,0,0,0.11303282548514271,30.25,0.0005818458964327311,
7,ar1,0.25,7,271,672,0,0,0.002414965343183084,27.75,0.05474233278937857,
7,ar1,0.25,7,272,672,0,0,0.24181404239700055,32,0.008710499836812158,
7,ar1,0.25,7,273,672,1,1,0.00008614075388391207,25,0.24370882594837107,
7,ar1,0.25,7,274,672,0,0,0.09645636725750784,32,0.29056889242210415,
7,ar1,0.25,7,275,672,0,0,0.056486192002796476,30.5,0.04896827629820233,
7,ar1,0.25,7,276,672,0,0,0.033074766060339766,30.5,0.44031568231339513,
7,ar1,0.25,7,277,672,0,0,0.3480125473594593,31.25,0.39820740010476263,
7,ar1,0.25,7,278,672,0,0,0.023224923665192687,30.25,0.002216289907799318,
7,ar1,0.25,7,279,672,0,0,0.2847776548942602,30.25,0.005978240321627859,
7,ar1,0.25,7,280,672,0,0,0.05973623499320846,32,0.0041023205368049265,
7,ar1,0.25,7,281,672,0,0,0.04288307156627136,30.25,0.003583965109615894,
7,ar1,0.25,7,282,672,0,0,0.043705743539823705,29.25,0.029126128560258757,
7,ar1,0.25,7,283,672,0,0,0.019121039032468645,30.5,0.0008681196628883558,
7,ar1,0.25,7,284,672,0,0,0.06581427888232749,31.5,0.20702456503885824,
7,ar1,0.25,7,285,672,0,0,0.0009447454522095722,25.25,0.6410933480557823,
7,ar1,0.25,7,286,672,0,0,0.0488925769743338,31.25,0.2743469038461436,
7,ar1,0.25,7,287,672,0,0,0.19180468197759648,32,0.01552007894260543,
7,ar1,0.25,7,288,672,0,0,0.021481940577523284,28.25,0.08661924740640559,
7,ar1,0.25,7,289,672,0,0,0.08497778503503006,31.5,0.14036287631545696,
7,ar1,0.25,7,290,672,0,0,0.3315059747734075,31,0.006692470312285481,
7,ar1,0.25,7,291,672,0,1,0.07519598810505845,31.75,2.1037050990102557e-9,
7,ar1,0.25,7,292,672,0,1,0.09923470648825838,30,0.0024006754958574295,
7,ar1,0.25,7,293,672,1,1,0.000013445219268382047,26.25,0.8631339200584064,
7,ar1,0.25,7,294,672,0,0,0.036252585447582364,31.25,0.11225404459850452,
7,ar1,0.25,7,295,672,0,0,0.060171780591028234,31.5,0.7091975821520435,
7,ar1,0.25,7,296,672,0,0,0.0058092365653376055,31.75,0.3997452355379395,
7,ar1,0.25,7,297,672,0,0,0.022325162160806045,28.25,0.0740517125529323,
7,ar1,0.25,7,298,672,0,0,0.1421838458414747,31.75,0.07936263369038155,
7,ar1,0.25,7,299,672,0,0,0.002570901616710586,31.5,0.2860995862933511,
7,ar1,0.25,7,300,672,0,1,0.03565764774548097,31.25,0.00003273432608530413,
7,ar1,0.25,7,301,672,0,0,0.0032016379066379663,27.5,0.025703727957661848,
7,ar1,0.25,7,302,672,0,1,0.18394997263804014,32,0.00023808034495975683,
7,ar1,0.25,7,303,672,0,0,0.155584130843613,29.25,0.9773326976295551,
7,ar1,0.25,7,304,672,0,0,0.038988489414365946,31.5,0.023883945112462612,
7,ar1,0.25,7,305,672,0,0,0.09724872216275371,31.25,0.010518755443552408,
7,ar1,0.25,7,306,672,1,1,0.0008160786418619503,31.25,0.4174677617342023,
7,ar1,0.25,7,307,672,0,0,0.031245651275427555,31.5,0.7755709835416782,
7,ar1,0.25,7,308,672,0,0,0.024514686559814147,31.5,0.018791701820823126,
7,ar1,0.25,7,309,672,0,0,0.2054806326339229,32,0.23030033013593387,
7,ar1,0.25,7,310,672,0,0,0.034561318331171265,28.75,0.20350877633916886,
7,ar1,0.25,7,311,672,1,1,0.0002953475092819513,28.25,0.0005425481899560269,
7,ar1,0.25,7,312,672,0,0,0.00819557187852682,29,0.0027058436392134455,
7,ar1,0.25,7,313,672,0,0,0.06626164109388011,30,0.7604492475996923,
7,ar1,0.25,7,314,672,0,0,0.00408812524154023,26.5,0.5688509237711817,
7,ar1,0.25,7,315,672,0,0,0.046545472696559176,31.25,0.39218120553043234,
7,ar1,0.25,7,316,672,0,0,0.019641894128685222,31,0.8434984292455026,
7,ar1,0.25,7,317,672,0,0,0.0828338769439253,28.25,0.24903501135676465,
7,ar1,0.25,7,318,672,0,0,0.23334866772970175,32,0.8468512853791926,
7,ar1,0.25,7,319,672,0,0,0.007160879423145916,27,0.23432290512628273,
7,ar1,0.25,7,320,672,0,0,0.07838789157228543,31.75,0.26733525475176356,
7,ar1,0.25,7,321,672,0,0,0.002637480475088938,31.75,0.03319007774158378,
7,ar1,0.25,7,322,672,0,0,0.003736506259122474,25.25,0.015549660810750598,
7,ar1,0.25,7,323,672,0,0,0.08064335103141074,30.5,0.5962492424694169,
7,ar1,0.25,7,324,672,1,1,0.0001399701043699464,25,0.0001786520798990887,
7,ar1,0.25,7,325,672,0,0,0.022112311786969374,31,0.42996992345040863,
7,ar1,0.25,7,326,672,0,0,0.05389618676193708,28,0.002627923507076413,
7,ar1,0.25,7,327,672,0,0,0.01586773240054462,30.25,0.16144481457733573,
7,ar1,0.25,7,328,672,0,0,0.0554622713346421,31.5,0.0006466016345397785,
7,ar1,0.25,7,329,672,0,0,0.006021228238121901,27.5,0.036320925225342915,
7,ar1,0.25,7,330,672,0,0,0.20475099560013998,30.75,0.06292692126489974,
7,ar1,0.25,7,331,672,0,0,0.06803639484321189,28.25,0.09767388677427413,
7,ar1,0.25,7,332,672,0,0,0.015988700320444416,29.5,0.00998219134339351,
7,ar1,0.25,7,333,672,0,1,0.03898444384254285,31,0.007432256492267975,
7,ar1,0.25,7,334,672,0,0,0.1952127079289807,30.75,0.0009271431257700247,
7,ar1,0.25,7,335,672,0,0,0.004045622276510952,26.25,0.00001819246456324919,
7,ar1,0.25,7,336,672,0,0,0.06019772773462173,31.25,0.9805305148137785,
7,ar1,0.25,7,337,672,0,0,0.04095499257329027,26,0.3093698425010203,
7,ar1,0.25,7,338,672,0,0,0.09646713231307047,31.5,0.01130892895748603,
7,ar1,0.25,7,339,672,0,0,0.0034163194757653725,26.75,0.001146643811599235,
7,ar1,0.25,7,340,672,0,0,0.013339525716183132,30,0.1023742139238315,
7,ar1,0.25,7,341,672,0,0,0.0028660434662892698,29.5,0.5269617029776998,
7,ar1,0.25,7,342,672,0,0,0.12778303797704904,30.5,0.6806312578637534,
7,ar1,0.25,7,343,672,0,0,0.2661733870675369,30,0.4014006627857982,
7,ar1,0.25,7,344,672,0,0,0.0015284151769994203,31.75,0.5447950662168588,
7,ar1,0.25,7,345,672,0,0,0.006049627781660627,30.75,0.0002779345034862324,
7,ar1,0.25,7,346,672,0,0,0.05456894338782137,31.25,0.00836225947542979,
7,ar1,0.25,7,347,672,0,0,0.0036150086906897583,29.5,0.11508019914381373,
7,ar1,0.25,7,348,672,0,0,0.09325541599740017,31.25,0.012075578909275464,
7,ar1,0.25,7,349,672,0,0,0.01072422131056594,30.25,0.18076670069100498,
7,ar1,0.25,7,350,672,0,0,0.05673868513874014,30,0.05904912316068833,
7,ar1,0.25,7,351,672,0,0,0.03348372921543963,30.75,0.030683679137795683,
7,ar1,0.25,7,352,672,0,0,0.05926037303229459,32,0.005112109536062781,
7,ar1,0.25,7,353,672,0,0,0.06406856992284649,31,0.01933364176981378,
7,ar1,0.25,7,354,672,0,0,0.004839033020038963,24.75,0.009016319542038742,
7,ar1,0.25,7,355,672,0,0,0.004854104285095917,31.25,0.46184441427502176,
7,ar1,0.25,7,356,672,0,0,0.010173773196070823,30.25,0.14019248327167821,
7,ar1,0.25,7,357,672,0,0,0.007773997070298466,30.75,0.06611948664314138,
7,ar1,0.25,7,358,672,0,0,0.001960521154926953,31.75,0.5242099268109331,
7,ar1,0.25,7,359,672,0,0,0.1381737053707004,32,0.6634482303570999,
7,ar1,0.25,7,360,672,0,0,0.004948584577386339,26.5,0.0011333375599245077,
7,ar1,0.25,7,361,672,0,0,0.14259606104278577,30,0.000030099464757515904,
7,ar1,0.25,7,362,672,0,0,0.014665243425290297,31,0.01658799962415569,
7,ar1,0.25,7,363,672,1,1,0.0006940197247484736,27.25,0.7388682593565119,
7,ar1,0.25,7,364,672,0,0,0.23262458124652763,31,0.00011131483250570451,
7,ar1,0.25,7,365,672,0,0,0.033148765792813784,32,0.0002740048332640077,
7,ar1,0.25,7,366,672,0,0,0.09999005555069063,31,0.31410192130333614,
7,ar1,0.25,7,367,672,1,1,0.00011095383279702276,31.5,0.005611191584374842,
7,ar1,0.25,7,368,672,0,0,0.05371956198757355,31.25,0.31627276002159677,
7,ar1,0.25,7,369,672,0,0,0.06120508595289387,29.5,0.23521216320143323,
7,ar1,0.25,7,370,672,0,0,0.18499393810872644,30.5,0.17320903639999974,
7,ar1,0.25,7,371,672,0,0,0.15064712616721654,31,0.2933905577288305,
7,ar1,0.25,7,372,672,0,0,0.10293523287459483,32,0.32129597994317205,
7,ar1,0.25,7,373,672,0,0,0.3121114961558329,30,0.9397532407462552,
7,ar1,0.25,7,374,672,0,0,0.07031803073528331,30.25,0.8952037301381641,
7,ar1,0.25,7,375,672,0,0,0.39680629027465564,32,0.00001697503910169651,
7,ar1,0.25,7,376,672,0,0,0.0009441548052561144,30.5,0.002007026314024829,
7,ar1,0.25,7,377,672,0,0,0.009895992596883563,31.75,0.08022114185110596,
7,ar1,0.25,7,378,672,0,0,0.07792521050217427,30,0.7476199104701489,
7,ar1,0.25,7,379,672,0,0,0.006266469238856431,30.5,0.05085413887944035,
7,ar1,0.25,7,380,672,0,1,0.017202069400388154,28.75,0.35192227960904987,
7,ar1,0.25,7,381,672,0,0,0.01892213649715302,30,0.0332183951299041,
7,ar1,0.25,7,382,672,0,0,0.10408819821574133,32,0.0013580730302414912,
7,ar1,0.25,7,383,672,0,0,0.03776741856528931,30.25,6.103227168097192e-8,
7,ar1,0.25,7,384,672,0,0,0.003380030009690338,28.25,0.01936358330358323,
7,ar1,0.25,7,385,672,0,0,0.02138029953629894,31.25,0.6177489131988824,
7,ar1,0.25,7,386,672,0,0,0.020763419695401963,31.5,0.06724928608545455,
7,ar1,0.25,7,387,672,0,0,0.09343222182185196,30.5,0.003711942350804298,
7,ar1,0.25,7,388,672,0,0,0.04599767653219611,30.75,0.44741007931471666,
7,ar1,0.25,7,389,672,0,0,0.007116406200879943,26.5,0.13253221434827323,
7,ar1,0.25,7,390,672,0,0,0.0023572116724086545,32,0.08496577774619996,
7,ar1,0.25,7,391,672,0,0,0.013053945150335422,29,0.9863240335013579,
7,ar1,0.25,7,392,672,0,0,0.13672038950082022,32,0.6562805065044355,
7,ar1,0.25,7,393,672,0,0,0.05898117565582617,30.75,0.01610240510702554,
7,ar1,0.25,7,394,672,0,0,0.09855845208812508,31.75,0.11522014754219867,
7,ar1,0.25,7,395,672,1,1,0.0006125252415084548,31.5,0.5195826962108672,
7,ar1,0.25,7,396,672,1,1,0.0007600064242938576,29.5,0.3756541343412969,
7,ar1,0.25,7,397,672,0,0,0.07150393442179037,31.5,0.025466038625406195,
7,ar1,0.25,7,398,672,0,0,0.12936775191658878,30.75,0.08990764090696446,
7,ar1,0.25,7,399,672,0,0,0.0035289026092922837,27.5,0.9420198947297088,
7,ar1,0.25,7,400,672,0,0,0.031097511780543652,27.5,0.4574669868609531,
7,ar1,0.25,7,401,672,0,0,0.015535153739657859,28.25,0.9101326063365336,
7,ar1,0.25,7,402,672,0,1,0.053015472780567174,31.75,0.14688149628302938,
7,ar1,0.25,7,403,672,0,0,0.12019094748306502,32,0.06336525049919928,
7,ar1,0.25,7,404,672,0,0,0.10196833038588038,29,0.04753638303482077,
7,ar1,0.25,7,405,672,0,0,0.02989662677687699,31.25,0.00002189628796012144,
7,ar1,0.25,7,406,672,1,1,0.00042445336739804773,25.75,0.6066892047150567,
7,ar1,0.25,7,407,672,0,0,0.03224820070427881,31.5,0.6063909918421967,
7,ar1,0.25,7,408,672,0,0,0.029969313822202137,29,0.18428521724039126,
7,ar1,0.25,7,409,672,0,1,0.028178923921316712,30,0.13947535628623087,
7,ar1,0.25,7,410,672,0,0,0.21483831379511487,32,0.5728502092911076,
7,ar1,0.25,7,411,672,0,0,0.015510099126410104,30,0.00008048113134839774,
7,ar1,0.25,7,412,672,0,0,0.0057646875070714865,26.5,0.0005085999135361341,
7,ar1,0.25,7,413,672,0,0,0.02061268560601659,30.5,0.011606766341220154,
7,ar1,0.25,7,414,672,0,0,0.0032970244260469572,26.75,0.20230985672148083,
7,ar1,0.25,7,415,672,0,0,0.005310977418795937,30.75,0.003245189473380816,
7,ar1,0.25,7,416,672,0,0,0.014767754876504391,28.5,0.04938171323358842,
7,ar1,0.25,7,417,672,1,1,0.00008239794568087877,28.5,0.4913068040179115,
7,ar1,0.25,7,418,672,1,1,0.0002617706692367161,30,0.0014777453299625876,
7,ar1,0.25,7,419,672,0,0,0.001984017838683405,32,0.529360876788782,
7,ar1,0.25,7,420,672,0,1,0.03854615792248739,32,0.2061857892581711,
7,ar1,0.25,7,421,672,0,0,0.010989435510739942,29.5,0.08963478932148217,
7,ar1,0.25,7,422,672,0,0,0.0009185426696821652,27.5,0.1884942557569007,
7,ar1,0.25,7,423,672,0,0,0.12317333957546006,28.25,0.03577058049177784,
7,ar1,0.25,7,424,672,0,0,0.023350965208328245,32,0.09923965013149993,
7,ar1,0.25,7,425,672,0,0,0.04716526371049523,32,0.10965348544288578,
7,ar1,0.25,7,426,672,0,0,0.01782394361880779,28,0.3606682912392677,
7,ar1,0.25,7,427,672,1,1,0.0005128187615335289,32,0.33246726691179695,
7,ar1,0.25,7,428,672,0,0,0.0038426991956537204,30.25,0.9408124460570505,
7,ar1,0.25,7,429,672,0,0,0.041075950768323044,30.25,0.01761267990625126,
7,ar1,0.25,7,430,672,0,0,0.018870585762620573,26.5,0.0008817535383824904,
7,ar1,0.25,7,431,672,0,0,0.08491217939321505,31.25,0.032311609271990505,
7,ar1,0.25,7,432,672,0,0,0.031853698004194464,32,0.0010450798393624172,
7,ar1,0.25,7,433,672,0,0,0.09381213144743539,32,0.10924078218131839,
7,ar1,0.25,7,434,672,0,0,0.012319059961922618,31.5,0.0008077624154420038,
7,ar1,0.25,7,435,672,1,1,0.00007510911947017362,25.25,0.17974120708331942,
7,ar1,0.25,7,436,672,0,1,0.07241293003131177,32,0.002437196138000308,
7,ar1,0.25,7,437,672,0,0,0.1710683782305118,31,0.08220979587063804,
7,ar1,0.25,7,438,672,0,0,0.22876272563306166,31.75,0.11343783586853284,
7,ar1,0.25,7,439,672,0,0,0.31410252952375406,31.75,0.1845709119650749,
7,ar1,0.25,7,440,672,0,0,0.022363349340573713,30.5,0.2091456741873573,
7,ar1,0.25,7,441,672,0,0,0.07214618893504643,31.5,0.05652367138609904,
7,ar1,0.25,7,442,672,0,0,0.23573303873388252,32,0.030974397229016626,
7,ar1,0.25,7,443,672,0,1,0.0027657774970659688,24.5,0.00005462030447889177,
7,ar1,0.25,7,444,672,1,1,0.0003129311116711886,28,0.09086959078558798,
7,ar1,0.25,7,445,672,0,0,0.046018396620412405,31.5,0.07502461199186983,
7,ar1,0.25,7,446,672,0,0,0.015465692961610489,26.75,0.03563798892254655,
7,ar1,0.25,7,447,672,0,0,0.10888330906681076,30.75,0.0018977009910684517,
7,ar1,0.25,7,448,672,0,0,0.00797437261829892,29.25,0.8408225578880623,
7,ar1,0.25,7,449,672,0,1,0.0300617144784302,30.5,0.07474283614224886,
7,ar1,0.25,7,450,672,1,1,0.00014416653827986625,29.25,0.002019860761626857,
7,ar1,0.25,7,451,672,0,0,0.04869621810476288,30.5,0.7768655011980609,
7,ar1,0.25,7,452,672,0,0,0.16117585244661092,31.75,0.00020314896283579742,
7,ar1,0.25,7,453,672,0,1,0.020542600124494492,30.75,0.004746346311471972,
7,ar1,0.25,7,454,672,1,1,0.00034440722533957135,30,0.18303347981272566,
7,ar1,0.25,7,455,672,0,0,0.1569694118520234,31,0.545080107877413,
7,ar1,0.25,7,456,672,0,0,0.013407095367178434,29.75,0.45397238147801766,
7,ar1,0.25,7,457,672,0,1,0.12095689552268285,29.75,0.23760130746967,
7,ar1,0.25,7,458,672,0,0,0.022539331530374018,29.75,0.8435375478897947,
7,ar1,0.25,7,459,672,0,0,0.042581324922452035,29,0.35918285571384034,
7,ar1,0.25,7,460,672,1,1,0.00024660699652157003,23,0.9413613302700197,
7,ar1,0.25,7,461,672,0,0,0.02952557474610784,31.5,0.00961376072169895,
7,ar1,0.25,7,462,672,0,0,0.03153737624662123,31.25,0.2759874160977379,
7,ar1,0.25,7,463,672,0,0,0.05657692249046442,30,0.04427674491337796,
7,ar1,0.25,7,464,672,1,1,0.00038195739714164123,23.5,0.5488204159232605,
7,ar1,0.25,7,465,672,1,1,0.0006432989536804268,28.75,0.1094938418217084,
7,ar1,0.25,7,466,672,0,0,0.08341925009210449,31.5,0.009157134863107874,
7,ar1,0.25,7,467,672,0,0,0.2882247089397669,31.75,0.007765743678839754,
7,ar1,0.25,7,468,672,1,1,0.000282366305226045,29.5,0.1794399185872817,
7,ar1,0.25,7,469,672,0,0,0.022980780805028855,31.25,0.25126832142420286,
7,ar1,0.25,7,470,672,0,0,0.008627558169668315,31.25,0.9583895158034619,
7,ar1,0.25,7,471,672,0,0,0.2997335364114533,32,0.09516746640232143,
7,ar1,0.25,7,472,672,1,1,0.0007315492239328147,28.25,0.373218869814695,
7,ar1,0.25,7,473,672,0,0,0.0009494788060042669,26.5,0.006300486003508077,
7,ar1,0.25,7,474,672,0,0,0.09379420258035998,32,0.024778758041240634,
7,ar1,0.25,7,475,672,0,0,0.017467772485692423,32,0.2002213659284966,
7,ar1,0.25,7,476,672,0,0,0.05522759968178803,32,0.3168059290932542,
7,ar1,0.25,7,477,672,0,0,0.002324863156039858,28.25,0.47245691046998195,
7,ar1,0.25,7,478,672,0,0,0.005979742525620835,31.75,0.2122206582558459,
7,ar1,0.25,7,479,672,0,1,0.0057438594047583,29.75,0.004804805997789763,
7,ar1,0.25,7,480,672,0,0,0.22949643786664975,31.5,0.014795261051339659,
7,ar1,0.25,7,481,672,0,0,0.006911143094489147,30,0.8366031347170494,
7,ar1,0.25,7,482,672,0,0,0.0026419347006486626,27.5,0.1819165687650729,
7,ar1,0.25,7,483,672,0,0,0.003089297558677928,28.75,0.0001069833438213097,
7,ar1,0.25,7,484,672,0,1,0.06244947256674527,30.5,0.03083914900939,
7,ar1,0.25,7,485,672,1,1,0.00006031164302156,27,0.8776899548223974,
7,ar1,0.25,7,486,672,0,0,0.0037078000274567424,28.25,0.1661132046255248,
7,ar1,0.25,7,487,672,1,1,0.0008320059025576088,31,0.07552383259327211,
7,ar1,0.25,7,488,672,0,0,0.3781169008481693,32,0.0009667492088635266,
7,ar1,0.25,7,489,672,0,0,0.03670695490632003,29.75,0.5092453135905111,
7,ar1,0.25,7,490,672,0,0,0.04522315921303299,31,0.00002364292166534554,
7,ar1,0.25,7,491,672,0,0,0.06596405922701098,32,0.055748097619617853,
7,ar1,0.25,7,492,672,0,0,0.023629338045329074,31.25,0.044634459416296735,
7,ar1,0.25,7,493,672,0,0,0.0482342986792188,30.5,0.0011995009295407977,
7,ar1,0.25,7,494,672,0,0,0.12446570298046811,32,0.000011584882291915122,
7,ar1,0.25,7,495,672,0,0,0.010192190136570578,30.25,0.19242011201797116,
7,ar1,0.25,7,496,672,0,0,0.02644331510092679,32,0.03265369486114478,
7,ar1,0.25,7,497,672,0,0,0.06679278144425771,31,0.010295217946413193,
7,ar1,0.25,7,498,672,0,0,0.010854759888083265,27,0.09229808990216837,
7,ar1,0.25,7,499,672,0,0,0.001014723165271958,24.5,0.12102869836495467,
7,ar1,0.25,7,500,672,0,0,0.09066642934960134,28.75,0.3622744351456779,
7,ar1,0.25,7,501,672,0,0,0.015345340090346493,32,0.33055972743993634,
7,ar1,0.25,7,502,672,0,0,0.005272759705282515,27.75,0.004046302746589903,
7,ar1,0.25,7,503,672,0,0,0.008706473660929692,30.75,0.29001557987681603,
7,ar1,0.25,7,504,672,0,0,0.1013869689299719,31.25,0.00237236025164389,
7,ar1,0.25,7,505,672,0,0,0.008435335377082631,31.5,0.521868562559812,
7,ar1,0.25,7,506,672,0,0,0.31664005385512783,31.75,0.8709805828939213,
7,ar1,0.25,7,507,672,1,1,0.0006031458989251837,30.25,0.6195186625925748,
7,ar1,0.25,7,508,672,0,0,0.0663837730695036,30.75,0.0018290598784647116,
7,ar1,0.25,7,509,672,0,0,0.018155435927410424,29.25,0.5979912877670174,
7,ar1,0.25,7,510,672,0,0,0.04467256979365275,32,0.18175956513253055,
7,ar1,0.25,7,511,672,0,0,0.001241851410799133,26,0.012136481057471116,
7,ar1,0.25,7,512,672,0,0,0.03244887469035396,29.75,0.07907259335696659,
7,ar1,0.25,7,513,672,0,0,0.0009834742577939926,27,0.07167763501891133,
7,ar1,0.25,7,514,672,0,0,0.18111593514713964,31.5,0.006885054545516245,
7,ar1,0.25,7,515,672,0,1,0.08945892144303846,30,0.2727068059293929,
7,ar1,0.25,7,516,672,0,0,0.0020496678581692906,31.25,0.20298047992258172,
7,ar1,0.25,7,517,672,1,1,0.0008022194812756789,31.5,0.30037802026401383,
7,ar1,0.25,7,518,672,0,0,0.03199813708970067,27.25,0.27768043045467394,
7,ar1,0.25,7,519,672,0,1,0.032070286828986716,30.25,0.021838714302891415,
7,ar1,0.25,7,520,672,0,1,0.05275192394145245,30.25,0.042619389244536565,
7,ar1,0.25,7,521,672,0,0,0.017455237132032453,31.5,0.556596299215421,
7,ar1,0.25,7,522,672,0,0,0.16510358341335496,31.5,0.00018507075623597213,
7,ar1,0.25,7,523,672,0,0,0.019750373902963525,31.5,0.019762378518597856,
7,ar1,0.25,7,524,672,0,0,0.06733097738206828,30.5,0.0005296204399347637,
7,ar1,0.25,7,525,672,0,0,0.07023499461123395,32,0.6019691134501459,
7,ar1,0.25,7,526,672,0,0,0.06552274454449736,32,0.0030242089517643622,
7,ar1,0.25,7,527,672,0,0,0.07738667986931602,29.75,0.018597431394948516,
7,ar1,0.25,7,528,672,0,0,0.011973546260373946,24,0.07548107182659103,
7,ar1,0.25,7,529,672,1,1,0.0007979836181732924,30.75,0.0012881086727432045,
7,ar1,0.25,7,530,672,0,0,0.02384196372579339,31.75,0.0017002907382767107,
7,ar1,0.25,7,531,672,0,0,0.03998412927848116,31.5,0.7269478899124207,
7,ar1,0.25,7,532,672,0,0,0.012149190661985276,28.5,0.07060621308773962,
7,ar1,0.25,7,533,672,0,0,0.0030057886651032595,26.75,0.005943447524952572,
7,ar1,0.25,7,534,672,0,0,0.05173846801132875,28.25,0.012027419542730677,
7,ar1,0.25,7,535,672,0,0,0.00622673246004557,27.25,0.820994635039745,
7,ar1,0.25,7,536,672,0,0,0.03016057337256217,31.75,0.9615920062418709,
7,ar1,0.25,7,537,672,1,1,0.00036397092101492223,27.5,0.5477113175506623,
7,ar1,0.25,7,538,672,0,0,0.12626917978969376,31.75,0.33129022952817844,
7,ar1,0.25,7,539,672,0,0,0.002416611733043861,30,0.08619005812190761,
7,ar1,0.25,7,540,672,0,0,0.002248524193724899,26.25,0.4712418994588691,
7,ar1,0.25,7,541,672,0,0,0.04131325208320835,31.5,0.11940399168077942,
7,ar1,0.25,7,542,672,0,0,0.007800299524451493,28.25,0.3145842614503297,
7,ar1,0.25,7,543,672,0,0,0.016850906881268113,30.75,0.2642619297312314,
7,ar1,0.25,7,544,672,0,0,0.02310493411202197,27.75,0.0002124639442934173,
7,ar1,0.25,7,545,672,0,0,0.001120055638947015,25.25,0.000966152921346275,
7,ar1,0.25,7,546,672,0,0,0.01448741410330845,29.75,0.07920242342013728,
7,ar1,0.25,7,547,672,0,0,0.11663050367446637,31.5,0.14422087749840795,
7,ar1,0.25,7,548,672,0,0,0.07388311963869676,30.25,0.2974823782388294,
7,ar1,0.25,7,549,672,1,1,0.0003510233714288935,31.5,0.9753062854889676,
7,ar1,0.25,7,550,672,1,1,0.0004503753818588807,29.5,0.640408300391689,
7,ar1,0.25,7,551,672,1,1,0.0005167932215373039,32,0.2551097375572604,
7,ar1,0.25,7,552,672,0,0,0.11850902854903467,31,0.0007465745211421293,
7,ar1,0.25,7,553,672,0,0,0.006052299608787393,27,0.020112386129672255,
7,ar1,0.25,7,554,672,0,0,0.032545919111916066,32,8.292394548803372e-9,
7,ar1,0.25,7,555,672,0,0,0.0015396194491565929,24.25,0.00041282419304766726,
7,ar1,0.25,7,556,672,0,1,0.02679465602954445,31.75,0.0038411288088987527,
7,ar1,0.25,7,557,672,0,0,0.08648207966189658,31.5,0.590027155815519,
7,ar1,0.25,7,558,672,0,0,0.023961688958340166,29.5,0.00015784831254983533,
7,ar1,0.25,7,559,672,1,1,0.00035371815359941383,24.75,0.0014353596077558706,
7,ar1,0.25,7,560,672,0,0,0.04215784934699873,31.25,0.0014329649165191194,
7,ar1,0.25,7,561,672,0,1,0.03907866383494585,31.25,0.17571003817678577,
7,ar1,0.25,7,562,672,0,0,0.04996452485331382,28.25,0.29218908289507883,
7,ar1,0.25,7,563,672,0,0,0.006254471208814283,28.75,0.14018967545182148,
7,ar1,0.25,7,564,672,0,0,0.016859019127248187,28.5,0.04507704771578802,
7,ar1,0.25,7,565,672,0,0,0.01512677108926952,31.5,0.9229123030366366,
7,ar1,0.25,7,566,672,0,0,0.020563947462605592,29,0.0020975899416189048,
7,ar1,0.25,7,567,672,0,0,0.0015724750550498712,26.5,0.01943357581578642,
7,ar1,0.25,7,568,672,0,0,0.14742576896656856,32,0.13126290683003672,
7,ar1,0.25,7,569,672,0,0,0.06502529394304601,31.5,0.14117843856316548,
7,ar1,0.25,7,570,672,0,0,0.016836141418670403,30.25,0.025419285629903032,
7,ar1,0.25,7,571,672,0,1,0.0029956930288986827,28.25,0.5816900035036289,
7,ar1,0.25,7,572,672,0,0,0.06050688492229628,30,0.039343865718080906,
7,ar1,0.25,7,573,672,0,1,0.001179165448995323,26.25,0.9570317283417838,
7,ar1,0.25,7,574,672,1,1,0.0008509357470600776,26,0.04043779483028431,
7,ar1,0.25,7,575,672,0,0,0.026986926603265182,31,0.08887910286473921,
7,ar1,0.25,7,576,672,0,0,0.025367815553757778,31.25,0.7678584884966794,
7,ar1,0.25,7,577,672,0,0,0.06054456723856383,31.25,0.0001708293921354187,
7,ar1,0.25,7,578,672,0,0,0.08255068355164419,29.5,0.008850758294071004,
7,ar1,0.25,7,579,672,0,0,0.07532449513471884,31.5,0.42100537324840925,
7,ar1,0.25,7,580,672,0,0,0.027125888241988583,30.25,0.0002591320042345524,
7,ar1,0.25,7,581,672,0,0,0.09181219475662239,31.75,0.005079550299301738,
7,ar1,0.25,7,582,672,0,0,0.0033182434055615273,28.75,0.7631305126129291,
7,ar1,0.25,7,583,672,0,0,0.024624081976739487,28.25,0.8851688247493937,
7,ar1,0.25,7,584,672,0,0,0.0057283269575596485,32,0.13633978994948537,
7,ar1,0.25,7,585,672,0,0,0.05985853065749558,31,0.005181482130669379,
7,ar1,0.25,7,586,672,0,0,0.042560904286922496,29.75,0.790148246606859,
7,ar1,0.25,7,587,672,0,1,0.004583337473480498,25.25,0.17276382577586613,
7,ar1,0.25,7,588,672,0,0,0.14431624458533687,31.5,0.6668349393127689,
7,ar1,0.25,7,589,672,0,0,0.003993345684329186,25.75,0.09980770137879158,
7,ar1,0.25,7,590,672,1,1,0.0005399963337950897,31.5,0.2920509357382537,
7,ar1,0.25,7,591,672,0,0,0.06581484705907381,30.5,0.25778223712881077,
7,ar1,0.25,7,592,672,0,0,0.009809504572452332,27.75,0.8537144883256623,
7,ar1,0.25,7,593,672,0,0,0.002981772339176736,32,0.006142954592599392,
7,ar1,0.25,7,594,672,0,0,0.03617735288497148,31.75,0.0010344070670608163,
7,ar1,0.25,7,595,672,0,0,0.024076415980718635,28.25,0.8491178576603027,
7,ar1,0.25,7,596,672,0,0,0.12538414902669426,31.25,0.04646167228329534,
7,ar1,0.25,7,597,672,0,0,0.09164132844784856,31.5,0.09137500871798143,
7,ar1,0.25,7,598,672,0,0,0.014455040600713454,29.25,0.15840325019552481,
7,ar1,0.25,7,599,672,0,0,0.0054692673906613365,27.5,0.05932498595210989,
7,ar1,0.25,7,600,672,0,0,0.019139100444590773,30.75,0.000503536256930226,
7,ar1,0.25,7,601,672,0,1,0.04420721810984962,29.25,0.001680441809711497,
7,ar1,0.25,7,602,672,0,0,0.22082689682198176,31.75,0.5922112924109832,
7,ar1,0.25,7,603,672,0,0,0.022048764420142808,26,0.8893996284214848,
7,ar1,0.25,7,604,672,0,1,0.006861873442792765,32,0.0008531377343490298,
7,ar1,0.25,7,605,672,0,0,0.016018683993618943,31,0.830137144777456,
7,ar1,0.25,7,606,672,0,0,0.010562847328496106,28.25,0.23291409061935353,
7,ar1,0.25,7,607,672,0,0,0.08278304903922029,30.5,0.002117457022030478,
7,ar1,0.25,7,608,672,0,0,0.05605644469507276,32,0.0018395132783958212,
7,ar1,0.25,7,609,672,0,0,0.008351091109036535,29.5,5.010102643865366e-8,
7,ar1,0.25,7,610,672,1,1,0.000410945890865988,27.5,0.6433159925743615,
7,ar1,0.25,7,611,672,0,1,0.010829811886360452,30.75,0.6242258208611867,
7,ar1,0.25,7,612,672,0,0,0.003926368938231173,32,0.01196548820796961,
7,ar1,0.25,7,613,672,0,0,0.0031203595395500328,31.75,0.07288725462706624,
7,ar1,0.25,7,614,672,0,0,0.08180845950520521,32,0.000841966823307283,
7,ar1,0.25,7,615,672,1,1,0.00024120313511122315,25.75,0.007696772320074374,
7,ar1,0.25,7,616,672,0,0,0.06617098033863666,31.5,0.09991134165672344,
7,ar1,0.25,7,617,672,0,0,0.1083974313373739,30.75,0.000048319952736797234,
7,ar1,0.25,7,618,672,0,0,0.0016099177871660153,28.25,0.048676938935831915,
7,ar1,0.25,7,619,672,0,0,0.2867251200527621,31.75,0.34903625605101696,
7,ar1,0.25,7,620,672,0,0,0.06574652966698946,31.5,0.09348416807698567,
7,ar1,0.25,7,621,672,0,0,0.06654995971340494,32,0.9988702546288728,
7,ar1,0.25,7,622,672,0,0,0.005624602261586897,30.25,0.002785981982764363,
7,ar1,0.25,7,623,672,0,0,0.008943211827692754,31,0.3741796482919102,
7,ar1,0.25,7,624,672,0,0,0.01347481478951651,31,0.06968869979391445,
7,ar1,0.25,7,625,672,0,0,0.008616003882271905,28.25,0.1782430252256606,
7,ar1,0.25,7,626,672,0,0,0.08640932288451919,32,0.08108011434928375,
7,ar1,0.25,7,627,672,0,0,0.11941713262332454,30.75,0.15368602146472354,
7,ar1,0.25,7,628,672,0,0,0.22357310975978728,31.5,0.00001618499910160942,
7,ar1,0.25,7,629,672,0,0,0.011608514551853855,31.5,0.004767633939568139,
7,ar1,0.25,7,630,672,0,0,0.006830317767790306,31.25,0.00027515316739112894,
7,ar1,0.25,7,631,672,0,0,0.015078713198530158,29.5,0.18335902119688863,
7,ar1,0.25,7,632,672,0,0,0.0035118734608811097,28.75,0.5943497063742956,
7,ar1,0.25,7,633,672,0,0,0.09616456463547818,31.25,0.082151620516558,
7,ar1,0.25,7,634,672,0,0,0.08152604320501422,32,0.5806758466431434,
7,ar1,0.25,7,635,672,0,0,0.15722289453992966,31.75,0.04763547587549455,
7,ar1,0.25,7,636,672,0,0,0.05375137875958802,31.25,0.022339492699147923,
7,ar1,0.25,7,637,672,0,1,0.023095793317690183,31.5,0.17880244267881862,
7,ar1,0.25,7,638,672,0,0,0.006602342383636772,29.5,0.025714209558685308,
7,ar1,0.25,7,639,672,0,0,0.010783847129851143,27.75,0.03764145961334231,
7,ar1,0.25,7,640,672,0,0,0.015357830193567401,30,0.03799177374807927,
7,ar1,0.25,7,641,672,0,0,0.005873001005191392,30,0.000716323029660626,
7,ar1,0.25,7,642,672,0,0,0.013271419659473205,31.75,0.048988223404371034,
7,ar1,0.25,7,643,672,0,0,0.039541055295568395,31.5,0.0013131801440411373,
7,ar1,0.25,7,644,672,0,0,0.027182045447366354,28.25,0.03320478312806796,
7,ar1,0.25,7,645,672,0,1,0.036931290574333864,29.5,0.0005080607507865764,
7,ar1,0.25,7,646,672,0,0,0.027853689307960283,30.75,0.026906587963063,
7,ar1,0.25,7,647,672,0,0,0.0015860074200576557,27.75,0.35036480787298874,
7,ar1,0.25,7,648,672,0,0,0.22576150496710035,31.25,0.0069830253378134755,
7,ar1,0.25,7,649,672,0,0,0.04580907682488977,31.75,0.5410576608920283,
7,ar1,0.25,7,650,672,0,0,0.0074479955289603605,30.5,0.1641988962166412,
7,ar1,0.25,7,651,672,0,1,0.01576190479270112,26.75,0.030300358139772054,
7,ar1,0.25,7,652,672,0,0,0.04273369343101274,30.5,0.3406708291179251,
7,ar1,0.25,7,653,672,0,0,0.0844359000744146,30,0.41623531654712975,
7,ar1,0.25,7,654,672,0,0,0.19749478076800364,30.5,0.814534878891267,
7,ar1,0.25,7,655,672,0,0,0.0020934559305761935,29.75,0.013338914155413772,
7,ar1,0.25,7,656,672,0,0,0.005550512334202784,28,0.11853240613405003,
7,ar1,0.25,7,657,672,0,0,0.038334914678981646,31.25,0.020742552644754997,
7,ar1,0.25,7,658,672,0,0,0.031021817455227807,29.5,0.0012630091558412104,
7,ar1,0.25,7,659,672,1,1,0.00046473762886445336,29.5,0.3198392520214415,
7,ar1,0.25,7,660,672,0,0,0.006903597796224958,27.75,0.028851941889359578,
7,ar1,0.25,7,661,672,0,0,0.0013889126611155156,25.25,0.23526424085870445,
7,ar1,0.25,7,662,672,0,0,0.010628280453451655,28,0.4474452029563234,
7,ar1,0.25,7,663,672,1,1,0.0005174549583478738,28.75,0.6561667456297304,
7,ar1,0.25,7,664,672,0,0,0.014780780653100178,30.75,0.46149387205390313,
7,ar1,0.25,7,665,672,0,0,0.06047536547771548,27.25,0.06735595295555741,
7,ar1,0.25,7,666,672,0,0,0.06894297477858613,31,0.04508436096733748,
7,ar1,0.25,7,667,672,0,0,0.002670277201557547,28.5,0.044703762848200435,
7,ar1,0.25,7,668,672,1,1,0.00031496898889238345,26.25,0.014605888174709869,
7,ar1,0.25,7,669,672,0,0,0.24550290295457344,31.75,0.21406801595454705,
7,ar1,0.25,7,670,672,0,0,0.01677379169491966,25.75,0.1072856024636949,
7,ar1,0.25,7,671,672,0,0,0.018394182863665343,30.5,0.02158908293671047,
7,ar1,0.25,7,672,672,0,0,0.004733438309859284,31,0.11983350822820449,
7,ar1,0.25,7,673,672,0,0,0.009949094248858259,31,0.24793004875434133,
7,ar1,0.25,7,674,672,0,0,0.04429324129367518,31,0.3531451652776081,
7,ar1,0.25,7,675,672,0,0,0.026265961560895335,31.75,0.00023446546267058554,
7,ar1,0.25,7,676,672,0,0,0.020777819989155177,30.5,0.05712365284205101,
7,ar1,0.25,7,677,672,0,0,0.4122641519192052,31.25,0.34574023141481436,
7,ar1,0.25,7,678,672,0,0,0.04072628921089183,31.75,0.539743420803648,
7,ar1,0.25,7,679,672,0,0,0.031687055028770894,31.75,0.0000010737301092689222,
7,ar1,0.25,7,680,672,0,0,0.006595648348670435,29,0.7081489087478647,
7,ar1,0.25,7,681,672,0,0,0.015361678023070313,28.5,0.006640804194354422,
7,ar1,0.25,7,682,672,0,0,0.04390277678146348,29.75,0.7958302414500703,
7,ar1,0.25,7,683,672,0,0,0.034717313926867055,29.25,0.40701778410063083,
7,ar1,0.25,7,684,672,0,0,0.20808992135858995,32,0.013718844556901866,
7,ar1,0.25,7,685,672,1,1,0.00032863242482394917,29.25,0.8860111627421612,
7,ar1,0.25,7,686,672,0,1,0.25973234374227205,31.75,0.5268956692855762,
7,ar1,0.25,7,687,672,0,0,0.06357548129926638,31,0.12931109546586717,
7,ar1,0.25,7,688,672,0,0,0.01740123942333649,28,0.16458651452535067,
7,ar1,0.25,7,689,672,0,0,0.10469418134091746,31.75,0.10282485119973517,
7,ar1,0.25,7,690,672,0,0,0.003428909929724333,31.25,0.11151493915898103,
7,ar1,0.25,7,691,672,0,0,0.02684973173201155,30.5,0.4778505066990597,
7,ar1,0.25,7,692,672,0,0,0.042767486350100636,32,0.000004182270245567388,
7,ar1,0.25,7,693,672,0,0,0.020340775924725607,31,0.08101601311120765,
7,ar1,0.25,7,694,672,0,0,0.09491512277295855,28.5,0.09259675179286442,
7,ar1,0.25,7,695,672,0,0,0.07289044347324869,31.5,0.14986518181002362,
7,ar1,0.25,7,696,672,0,1,0.09443798515340984,31.75,0.08055950413312007,
7,ar1,0.25,7,697,672,0,0,0.006311176617260106,31.75,0.005378538167674307,
7,ar1,0.25,7,698,672,0,0,0.07097827204064822,31.75,0.4290168457510859,
7,ar1,0.25,7,699,672,0,0,0.030942827716640142,31.25,0.017257483249034977,
7,ar1,0.25,7,700,672,0,0,0.0013639013451136606,28.25,0.04123586121559564,
7,ar1,0.25,7,701,672,0,0,0.010365465401239948,28,0.5347006431976871,
7,ar1,0.25,7,702,672,0,0,0.03683868268515145,31.5,0.8030078823570622,
7,ar1,0.25,7,703,672,0,0,0.15477985567099695,31.5,0.25998724648838134,
7,ar1,0.25,7,704,672,0,0,0.026159547454229437,28.5,0.0010860155293633822,
7,ar1,0.25,7,705,672,0,0,0.15514112347514986,31.5,0.3425546068582004,
7,ar1,0.25,7,706,672,0,0,0.2722874155689985,30.5,0.0000081459852756538,
7,ar1,0.25,7,707,672,0,0,0.1057784829738655,31.75,0.22449067882517748,
7,ar1,0.25,7,708,672,0,0,0.017500058949913244,31.75,0.01600198027155142,
7,ar1,0.25,7,709,672,0,0,0.017651384115556,29,0.006998340248957402,
7,ar1,0.25,7,710,672,0,0,0.03506168626768602,31,0.001735025756889108,
7,ar1,0.25,7,711,672,0,0,0.10691708368119957,32,0.9648765454142435,
7,ar1,0.25,7,712,672,0,0,0.05019622568340698,31.75,0.47804650135630666,
7,ar1,0.25,7,713,672,0,0,0.12834976058030567,32,0.08659126899453617,
7,ar1,0.25,7,714,672,0,0,0.00599259482182124,32,0.0040160223273253415,
7,ar1,0.25,7,715,672,1,1,0.0006954533023240117,27.5,0.09852024858974606,
7,ar1,0.25,7,716,672,0,0,0.004724894354499853,31,0.4021828293872671,
7,ar1,0.25,7,717,672,0,0,0.005808764412619127,29,0.0040319207506908095,
7,ar1,0.25,7,718,672,0,0,0.0027075202119482,31,0.804029373909386,
7,ar1,0.25,7,719,672,0,0,0.0015312775325352357,27,0.3878003335684179,
7,ar1,0.25,7,720,672,0,0,0.016358809709558497,29,0.0000062159125173710805,
7,ar1,0.25,7,721,672,0,0,0.17386230860822183,32,0.619946182121393,
7,ar1,0.25,7,722,672,0,0,0.00858187750192807,30.75,0.46676915545199893,
7,ar1,0.25,7,723,672,0,0,0.017884177200003126,28.75,0.1016938905344309,
7,ar1,0.25,7,724,672,0,0,0.044457281140704685,32,0.6655248176402093,
7,ar1,0.25,7,725,672,0,0,0.007027038452424361,30.25,0.46407289404492547,
7,ar1,0.25,7,726,672,1,1,0.0007029880372907416,28.25,0.02126987779805145,
7,ar1,0.25,7,727,672,0,0,0.0028299785523772103,32,0.44693749985719133,
7,ar1,0.25,7,728,672,0,0,0.37516030617658735,31.25,0.3944908195039811,
7,ar1,0.25,7,729,672,0,0,0.04785712185013824,30.5,0.8744419692835309,
7,ar1,0.25,7,730,672,0,0,0.0038516498128926546,30.25,0.6453856652588451,
7,ar1,0.25,7,731,672,0,0,0.007045871779326585,28,0.6562738775171952,
7,ar1,0.25,7,732,672,0,0,0.004364306866685541,29,0.045879372720921574,
7,ar1,0.25,7,733,672,0,0,0.023580499636892904,26.5,0.001840092036477392,
7,ar1,0.25,7,734,672,0,0,0.11969744069986699,32,0.31543500003656755,
7,ar1,0.25,7,735,672,0,0,0.018975650489251206,29.5,0.5695812068017667,
7,ar1,0.25,7,736,672,0,0,0.017292860667947885,29.5,0.5514129161908632,
7,ar1,0.25,7,737,672,0,0,0.027715826723369696,27.75,0.004515262130540987,
7,ar1,0.25,7,738,672,0,0,0.0576676581697102,31,0.007320595626288062,
7,ar1,0.25,7,739,672,0,0,0.008015292438481203,28.25,0.09333409964403439,
7,ar1,0.25,7,740,672,0,1,0.0046683018528120845,26.75,0.5370694168679002,
7,ar1,0.25,7,741,672,0,0,0.1800745529833363,32,0.6186071930869008,
7,ar1,0.25,7,742,672,0,0,0.10451456108503443,30.75,0.6537240385051161,
7,ar1,0.25,7,743,672,0,0,0.04098855769713472,28.5,0.44299785138283354,
7,ar1,0.25,7,744,672,0,0,0.058501276115956236,29.75,0.028039749590489493,
7,ar1,0.25,7,745,672,0,0,0.023274898621062468,30,0.2927951763807365,
7,ar1,0.25,7,746,672,1,1,0.0004300937904062607,24.25,1.375350913157547e-7,
7,ar1,0.25,7,747,672,0,0,0.0015720395754889038,23.25,0.10741353849110702,
7,ar1,0.25,7,748,672,0,0,0.015529656299852923,32,0.6751302872513818,
7,ar1,0.25,7,749,672,0,0,0.0065323495138750465,31.5,0.25180764588532945,
7,ar1,0.25,7,750,672,0,0,0.06708163531902045,30.5,0.0435470251466773,
7,ar1,0.25,7,751,672,0,0,0.1018553119913137,32,0.03882618797189974,
7,ar1,0.25,7,752,672,1,1,0.0007025267970621751,29.5,0.08524071409016964,
7,ar1,0.25,7,753,672,0,0,0.040026846865750976,29.75,0.4286844298076089,
7,ar1,0.25,7,754,672,0,0,0.0009107680284523578,29.25,0.6400117722115584,
7,ar1,0.25,7,755,672,0,0,0.001336325102910263,25,0.11216802178686658,
7,ar1,0.25,7,756,672,0,0,0.01834897864791285,30,0.0005014309685971163,
7,ar1,0.25,7,757,672,0,1,0.010954861196388332,28.75,0.013699329159424067,
7,ar1,0.25,7,758,672,0,0,0.06849916153004465,31,0.4601395491539184,
7,ar1,0.25,7,759,672,0,0,0.06511931768293922,30.25,0.43951338829172926,
7,ar1,0.25,7,760,672,0,0,0.013264725908307184,30,0.043850123029143484,
7,ar1,0.25,7,761,672,0,0,0.010153787444076912,31,0.7324257625134023,
7,ar1,0.25,7,762,672,0,0,0.15487714970976485,31.75,0.9758851163909814,
7,ar1,0.25,7,763,672,0,0,0.20378660892029354,31.5,0.24464270068599092,
7,ar1,0.25,7,764,672,0,0,0.004476276814762592,30.25,0.1350692026590904,
7,ar1,0.25,7,765,672,0,0,0.004457099958832922,29,0.33873829980048964,
7,ar1,0.25,7,766,672,0,0,0.008547592105030422,28.75,0.7914054506815549,
7,ar1,0.25,7,767,672,0,0,0.12441227062601246,32,0.08648831538399515,
7,ar1,0.25,7,768,672,0,0,0.005643475606931014,32,0.6035140328271258,
7,ar1,0.25,7,769,672,1,1,0.000077369591943377,24.25,8.328952626479591e-7,
7,ar1,0.25,7,770,672,0,0,0.00651480988037334,31.5,0.2855370140675053,
7,ar1,0.25,7,771,672,0,0,0.10952994854115117,31,0.08022984353579665,
7,ar1,0.25,7,772,672,0,0,0.02160421407748514,30.5,0.07316830410565078,
7,ar1,0.25,7,773,672,0,0,0.058310875450945154,31.25,0.01527559043203941,
7,ar1,0.25,7,774,672,0,0,0.0349467948742026,30.5,0.0028346306198269167,
7,ar1,0.25,7,775,672,0,0,0.0010398388571556394,29,0.00016361657899532922,
7,ar1,0.25,7,776,672,0,0,0.004583425296906696,32,0.8680133594618165,
7,ar1,0.25,7,777,672,0,0,0.11045607266710666,32,0.09433254565003191,
7,ar1,0.25,7,778,672,0,0,0.003533828598954014,27.5,0.32655587103547,
7,ar1,0.25,7,779,672,0,0,0.014552558682979333,31.75,0.0012730923153714269,
7,ar1,0.25,7,780,672,1,1,0.0007344040159324994,26,0.039359971625575696,
7,ar1,0.25,7,781,672,0,1,0.004942611568905075,32,0.5181945241431879,
7,ar1,0.25,7,782,672,0,0,0.024471453038657498,27.25,0.0019842577310008602,
7,ar1,0.25,7,783,672,0,0,0.04187440961647115,27.75,0.05046169992113181,
7,ar1,0.25,7,784,672,0,0,0.03486954229691119,30.75,0.4142819079220257,
7,ar1,0.25,7,785,672,0,0,0.021104766948776832,25.75,0.000031243847515183276,
7,ar1,0.25,7,786,672,0,0,0.08185412531420688,31,0.7386385009144019,
7,ar1,0.25,7,787,672,0,1,0.015934905727019055,27.75,0.35713257217096106,
7,ar1,0.25,7,788,672,0,0,0.029588851964951646,30.25,0.2969206791291663,
7,ar1,0.25,7,789,672,0,0,0.026038233780737774,30.75,0.36132553126761924,
7,ar1,0.25,7,790,672,0,0,0.08165597308515071,31.5,0.03760159246579042,
7,ar1,0.25,7,791,672,0,0,0.06138230091317787,30.75,0.6964543603762641,
7,ar1,0.25,7,792,672,0,0,0.006803552309032623,32,0.44395251848131123,
7,ar1,0.25,7,793,672,0,0,0.12497497432787719,31.75,0.01184254988973299,
7,ar1,0.25,7,794,672,0,0,0.0035404806160584945,30.5,0.18814669858962174,
7,ar1,0.25,7,795,672,0,0,0.1305298752130888,29.5,0.00006177026064280167,
7,ar1,0.25,7,796,672,0,0,0.01151541048921112,27.75,0.0002575702539732161,
7,ar1,0.25,7,797,672,0,0,0.09461593451342976,31.75,0.0008967713616306883,
7,ar1,0.25,7,798,672,0,0,0.12852602027897742,31.25,0.2447372585148545,
7,ar1,0.25,7,799,672,0,0,0.3231336510061191,30.75,0.0699976618707332,
7,ar1,0.25,7,800,672,0,0,0.10811321524096695,32,0.7338915782340131,
7,ar1,0.25,7,801,672,0,0,0.007193133934506379,29.25,0.06902140199519458,
7,ar1,0.25,7,802,672,0,0,0.3083190514223797,31.75,0.4544237093949377,
7,ar1,0.25,7,803,672,0,0,0.07743203244452224,30.75,0.9238061806530036,
7,ar1,0.25,7,804,672,1,1,0.0005893486617888355,21.75,0.19909163607551428,
7,ar1,0.25,7,805,672,0,0,0.004097714897773996,28.75,0.48015576370373214,
7,ar1,0.25,7,806,672,0,1,0.0049526299448448,29.25,0.5188888160231981,
7,ar1,0.25,7,807,672,0,0,0.008924139273590037,30.5,0.11096018897532833,
7,ar1,0.25,7,808,672,0,0,0.08333803510626381,31,0.04404673647514179,
7,ar1,0.25,7,809,672,0,0,0.09823685478910893,30,0.06887051734973437,
7,ar1,0.25,7,810,672,0,0,0.05818915769215749,31.75,0.2732185999031098,
7,ar1,0.25,7,811,672,0,0,0.006952688461845824,27.25,0.008014109548399762,
7,ar1,0.25,7,812,672,0,0,0.01910966577302131,31,0.36842419834938334,
7,ar1,0.25,7,813,672,0,0,0.1329451801136442,32,0.02960707452490341,
7,ar1,0.25,7,814,672,0,0,0.014968226694608067,31.75,0.44799017440464106,
7,ar1,0.25,7,815,672,0,0,0.22764769551274033,31.5,0.0004581785265759253,
7,ar1,0.25,7,816,672,0,0,0.06487208746642226,29.75,0.06927080032080846,
7,ar1,0.25,7,817,672,0,1,0.22786186240701078,30.75,0.5529439379590653,
7,ar1,0.25,7,818,672,0,0,0.14084606572842928,31.5,0.11474344239261647,
7,ar1,0.25,7,819,672,0,0,0.23585786105573903,31.5,0.21968996098975668,
7,ar1,0.25,7,820,672,0,1,0.055433124657861654,32,0.9472639044133331,
7,ar1,0.25,7,821,672,0,0,0.010354007618899819,31.75,0.2801438406116421,
7,ar1,0.25,7,822,672,0,0,0.02995265785671508,32,0.056425389564870754,
7,ar1,0.25,7,823,672,0,0,0.001990235716386901,29,0.0008123835623544684,
7,ar1,0.25,7,824,672,0,0,0.025988052106957094,31.5,0.02278516056967428,
7,ar1,0.25,7,825,672,0,0,0.021718647986723405,32,0.22879880655687734,
7,ar1,0.25,7,826,672,0,0,0.2257129784107592,31,0.1326347571873594,
7,ar1,0.25,7,827,672,0,0,0.058526233335488564,31.5,0.5846545239762022,
7,ar1,0.25,7,828,672,0,0,0.13419783652047546,32,0.00020327090499328015,
7,ar1,0.25,7,829,672,0,0,0.016079427429185555,31.75,0.02755811392923957,
7,ar1,0.25,7,830,672,0,0,0.009744282635051782,32,0.009265965707161983,
7,ar1,0.25,7,831,672,1,1,0.00007088070564675863,29.75,0.09558230596057882,
7,ar1,0.25,7,832,672,1,1,0.000006625509092361703,25.5,0.0002765373913133917,
7,ar1,0.25,7,833,672,0,0,0.022482614724864347,27.5,0.24302394347322132,
7,ar1,0.25,7,834,672,0,0,0.049767351414764405,32,0.46660059457174086,
7,ar1,0.25,7,835,672,0,0,0.04965611642339485,30.5,0.26662664117636437,
7,ar1,0.25,7,836,672,0,0,0.4362843653422239,31.5,0.02177887569537562,
7,ar1,0.25,7,837,672,0,0,0.02171737439659882,31.25,0.03462950538718468,
7,ar1,0.25,7,838,672,0,0,0.10480157412569668,31.5,0.14369433905329965,
7,ar1,0.25,7,839,672,0,0,0.21167302769905305,31.25,0.020983206105829044,
7,ar1,0.25,7,840,672,0,0,0.01701576702561014,30,0.2817220340411446,
7,ar1,0.25,7,841,672,0,0,0.017825336116043533,26.75,0.003190462757573065,
7,ar1,0.25,7,842,672,0,0,0.3522764166128254,32,0.5943855026636853,
7,ar1,0.25,7,843,672,0,0,0.11807223290494528,31.5,0.00023302661976476458,
7,ar1,0.25,7,844,672,0,0,0.06116769729652971,30.75,0.3241702428760638,
7,ar1,0.25,7,845,672,0,0,0.05179105915098048,29.5,0.3590065782361965,
7,ar1,0.25,7,846,672,0,0,0.021103033077095157,31.75,0.17902403133571565,
7,ar1,0.25,7,847,672,0,0,0.031936798850583314,30.5,0.3785316478572899,
7,ar1,0.25,7,848,672,0,0,0.11594773869978503,32,0.04931106498209137,
7,ar1,0.25,7,849,672,0,0,0.08636236564287791,31.25,0.06803831170509256,
7,ar1,0.25,7,850,672,0,0,0.011120419883608568,31.5,0.17176197354955802,
7,ar1,0.25,7,851,672,0,0,0.010281840940750353,31.5,0.002297658258620605,
7,ar1,0.25,7,852,672,0,0,0.017603619289643713,31.75,0.3100996842856071,
7,ar1,0.25,7,853,672,0,0,0.12511072889561947,30,0.15861445911901295,
7,ar1,0.25,7,854,672,0,0,0.10669686524418542,30,0.18713010874389413,
7,ar1,0.25,7,855,672,0,0,0.24237208088443274,32,0.25303020564559486,
7,ar1,0.25,7,856,672,1,1,0.00030444540681706656,30.5,0.23673953907202838,
7,ar1,0.25,7,857,672,0,0,0.017360260012241446,31.5,0.4573115979322828,
7,ar1,0.25,7,858,672,0,0,0.013813420269649268,26.75,0.25896888956315833,
7,ar1,0.25,7,859,672,0,0,0.009329696923877973,30.5,0.22096921342994635,
7,ar1,0.25,7,860,672,0,0,0.005731020170144263,29.5,0.7229839194240925,
7,ar1,0.25,7,861,672,0,0,0.008813387675648543,31.75,0.4350012009936368,
7,ar1,0.25,7,862,672,0,0,0.08711871644588709,32,0.00009459812244971832,
7,ar1,0.25,7,863,672,0,0,0.07661872661468416,28.25,0.019366016534324237,
7,ar1,0.25,7,864,672,1,1,0.000011196188905437943,24.25,3.7263525598518754e-12,
7,ar1,0.25,7,865,672,0,0,0.01694731147845463,31.75,0.1180155837066802,
7,ar1,0.25,7,866,672,0,0,0.004192740668437889,27.5,0.0034192226153328953,
7,ar1,0.25,7,867,672,0,0,0.01766311064583781,32,0.9263955359215806,
7,ar1,0.25,7,868,672,0,0,0.035942764815650396,28,0.8863364231013511,
7,ar1,0.25,7,869,672,0,0,0.07319385219858077,31,0.2898734532307147,
7,ar1,0.25,7,870,672,0,0,0.06371674133520189,31.25,0.24456338467543604,
7,ar1,0.25,7,871,672,0,0,0.08602179216827899,31.75,0.006613674205395381,
7,ar1,0.25,7,872,672,0,0,0.006958737633607326,30.25,0.0020446125941258053,
7,ar1,0.25,7,873,672,0,0,0.09790364776539084,31.25,0.030244194779688316,
7,ar1,0.25,7,874,672,0,0,0.14994004658879612,31.5,0.7404762846461308,
7,ar1,0.25,7,875,672,0,0,0.055823435108166564,31.75,0.06724188878516757,
7,ar1,0.25,7,876,672,0,0,0.021382390497057036,28.5,0.5564232474218647,
7,ar1,0.25,7,877,672,0,0,0.08502643009130306,29.25,0.24120805562908076,
7,ar1,0.25,7,878,672,0,0,0.09347302279991365,30.25,0.020008949949869015,
7,ar1,0.25,7,879,672,0,0,0.0072961698587298285,31,0.04361398474595768,
7,ar1,0.25,7,880,672,0,0,0.03143416609607097,30,0.2794503999682407,
7,ar1,0.25,7,881,672,0,0,0.02592162736753789,31,0.743332524930863,
7,ar1,0.25,7,882,672,0,1,0.027876809296243588,31,0.2617811112618351,
7,ar1,0.25,7,883,672,0,0,0.3784119933047466,32,0.49875428014250356,
7,ar1,0.25,7,884,672,0,0,0.29544899260941027,31.75,0.12802367718523766,
7,ar1,0.25,7,885,672,0,0,0.08065443261378369,31.5,0.11703415823365226,
7,ar1,0.25,7,886,672,0,0,0.020671369536758966,31,0.4830783178262077,
7,ar1,0.25,7,887,672,0,0,0.42614096892056763,31.5,0.7968157146693704,
7,ar1,0.25,7,888,672,0,0,0.15340102536526368,30.5,0.15474792473194088,
7,ar1,0.25,7,889,672,0,0,0.4135203906638323,31.5,0.000016215568965805005,
7,ar1,0.25,7,890,672,0,0,0.1260873284663725,31.75,0.11056159990652425,
7,ar1,0.25,7,891,672,0,0,0.04577513566477487,31.75,0.23650246044997236,
7,ar1,0.25,7,892,672,0,0,0.041554307659838474,30.25,0.7931279364018804,
7,ar1,0.25,7,893,672,0,1,0.008883497184562383,27,0.07606107744720336,
7,ar1,0.25,7,894,672,0,0,0.008365204784996916,29.75,0.010310176661805226,
7,ar1,0.25,7,895,672,0,0,0.017082716724662106,31.25,0.002792256849987851,
7,ar1,0.25,7,896,672,0,0,0.04646974379650215,32,0.009818962616985227,
7,ar1,0.25,7,897,672,0,0,0.006413277757661873,25.5,0.4141332518872599,
7,ar1,0.25,7,898,672,0,0,0.014271706150899899,30.75,0.012626147154885636,
7,ar1,0.25,7,899,672,0,0,0.01992687103791102,27,0.09538493258189684,
7,ar1,0.25,7,900,672,1,1,0.0003425845227312818,27.5,0.0002560817457182285,
7,ar1,0.25,7,901,672,0,0,0.014307335408035637,30.25,0.03288831493746325,
7,ar1,0.25,7,902,672,0,0,0.0982262365305544,32,0.6671159306249864,
7,ar1,0.25,7,903,672,0,0,0.020009021796029813,31,0.05407283739911661,
7,ar1,0.25,7,904,672,0,0,0.05447458504114555,30.25,0.6925163522160289,
7,ar1,0.25,7,905,672,0,0,0.0016123872430615638,32,0.0003780859955855309,
7,ar1,0.25,7,906,672,0,0,0.024526755302397896,28,0.005190567906879107,
7,ar1,0.25,7,907,672,0,1,0.0024131120466898137,31.75,0.611130530385281,
7,ar1,0.25,7,908,672,1,1,0.00001244901257324571,29.75,0.0927814154411607,
7,ar1,0.25,7,909,672,1,1,0.00012164621849297674,26.5,0.009511296479655096,
7,ar1,0.25,7,910,672,0,0,0.05545746222121106,31.25,0.28188706378142214,
7,ar1,0.25,7,911,672,0,1,0.07666399140628033,31.25,0.08275100587779383,
7,ar1,0.25,7,912,672,0,0,0.023526258847746395,28,0.030814988731264092,
7,ar1,0.25,7,913,672,0,0,0.0072400467260453905,31.5,0.9870121730892896,
7,ar1,0.25,7,914,672,0,0,0.1067628375067915,31,0.5919206167160943,
7,ar1,0.25,7,915,672,0,0,0.04762003463246822,30.25,0.38629196381168773,
7,ar1,0.25,7,916,672,0,0,0.051454942676735005,32,0.8430375905889973,
7,ar1,0.25,7,917,672,0,0,0.041447420364874366,25.75,0.4353467744242301,
7,ar1,0.25,7,918,672,0,0,0.012862918525367362,31.25,0.24407870232056184,
7,ar1,0.25,7,919,672,0,0,0.05286655175216881,29,0.03962911813542125,
7,ar1,0.25,7,920,672,0,0,0.009842574170375817,27,0.43986989765286433,
7,ar1,0.25,7,921,672,0,0,0.05892866578321165,27.75,0.06425776741664735,
7,ar1,0.25,7,922,672,0,0,0.17795880309539525,31,0.022558458255734992,
7,ar1,0.25,7,923,672,0,0,0.07509966293633563,30.25,0.003838244062695617,
7,ar1,0.25,7,924,672,1,1,0.0001905733911741203,30,0.5471568297231122,
7,ar1,0.25,7,925,672,0,0,0.16665934569972884,30.25,0.02894239426528833,
7,ar1,0.25,7,926,672,0,0,0.19078526523689487,31.25,0.09204116230421899,
7,ar1,0.25,7,927,672,0,0,0.049180205327125304,30.75,0.05687393200924484,
7,ar1,0.25,7,928,672,0,0,0.26746744815929246,32,0.11895842508735632,
7,ar1,0.25,7,929,672,0,0,0.09257886022928574,30.5,0.9848504156859884,
7,ar1,0.25,7,930,672,0,0,0.0082691961440291,31,0.2680064970894851,
7,ar1,0.25,7,931,672,0,0,0.011148786886866047,29,0.768395645740476,
7,ar1,0.25,7,932,672,0,0,0.03728211389762637,31.5,0.0010966919695734045,
7,ar1,0.25,7,933,672,0,0,0.0011117211186338904,25.75,0.44182813963639034,
7,ar1,0.25,7,934,672,0,0,0.09066815451330035,29.75,0.012049206457250716,
7,ar1,0.25,7,935,672,0,0,0.02412073114750224,26.75,0.3293919084553878,
7,ar1,0.25,7,936,672,0,0,0.16484418974497628,31.75,0.12595957011955317,
7,ar1,0.25,7,937,672,0,0,0.02071247277807986,29,0.3772235075738366,
7,ar1,0.25,7,938,672,0,0,0.011816442065146204,28,0.00013878165889846805,
7,ar1,0.25,7,939,672,0,0,0.035806178269572886,30.75,0.28770239468919767,
7,ar1,0.25,7,940,672,0,0,0.0274617577819658,32,0.14111675052999473,
7,ar1,0.25,7,941,672,0,0,0.014859319149722827,29.25,0.46944546323512804,
7,ar1,0.25,7,942,672,1,1,0.00007071039144612712,28.5,0.5603841012921482,
7,ar1,0.25,7,943,672,0,0,0.002427350607815071,29.75,0.1920793653671018,
7,ar1,0.25,7,944,672,0,0,0.027131497190139298,29.25,0.7895314577785552,
7,ar1,0.25,7,945,672,1,1,0.00030529573831161727,28.5,0.10104785537102712,
7,ar1,0.25,7,946,672,0,0,0.0915008331863123,30,0.2642148944088685,
7,ar1,0.25,7,947,672,0,0,0.05126286135318914,31.75,0.5653514058292161,
7,ar1,0.25,7,948,672,0,0,0.2243405873977936,32,0.2090334378653338,
7,ar1,0.25,7,949,672,0,0,0.04383313147861079,29.75,0.015974711884682025,
7,ar1,0.25,7,950,672,0,0,0.008434500239107634,29,0.488596023784039,
7,ar1,0.25,7,951,672,0,0,0.02340378964314893,32,0.16063609587472327,
7,ar1,0.25,7,952,672,0,0,0.10374697570660418,30.75,0.3250651797065669,
7,ar1,0.25,7,953,672,0,0,0.010731530495764918,26,0.0029877243031991574,
7,ar1,0.25,7,954,672,0,0,0.18072650764531628,31.75,0.6680370295139992,
7,ar1,0.25,7,955,672,0,0,0.008918802248674251,27.75,0.05184071221661013,
7,ar1,0.25,7,956,672,0,0,0.05644951512861873,30.25,0.5955920511728867,
7,ar1,0.25,7,957,672,0,0,0.01429798321965492,27.25,0.009267960343361636,
7,ar1,0.25,7,958,672,0,0,0.11780391505938725,31.5,0.6114596057063525,
7,ar1,0.25,7,959,672,0,0,0.0023594749330279052,29.25,0.006091529801312334,
7,ar1,0.25,7,960,672,0,0,0.06124089763177465,32,0.01043549081435291,
7,ar1,0.25,7,961,672,0,0,0.028055044441163246,27.5,0.0026614461811559353,
7,ar1,0.25,7,962,672,0,0,0.1231492370651438,30.25,0.01023134495866418,
7,ar1,0.25,7,963,672,0,0,0.005628527173963338,31,0.5363223101626449,
7,ar1,0.25,7,964,672,0,0,0.13685614844994143,32,0.08296845986675239,
7,ar1,0.25,7,965,672,0,0,0.12105356653180643,29.5,0.026134365062627785,
7,ar1,0.25,7,966,672,1,1,0.0004511307743673143,30.75,0.6613055444261493,
7,ar1,0.25,7,967,672,1,1,0.0008139293199862507,30.75,0.002306964377256193,
7,ar1,0.25,7,968,672,0,0,0.028889860681330926,29,0.06539499671004301,
7,ar1,0.25,7,969,672,0,0,0.0019112024648805237,29.25,0.7106801199377163,
7,ar1,0.25,7,970,672,1,1,0.0008186376566488018,30,0.037131338054999574,
7,ar1,0.25,7,971,672,0,0,0.004991560393378225,29.5,0.6464929927261136,
7,ar1,0.25,7,972,672,1,1,0.0008729540442702355,30.75,0.24909639757758306,
7,ar1,0.25,7,973,672,1,1,0.000010325209720773998,24.5,0.0010032563874620148,
7,ar1,0.25,7,974,672,0,0,0.017087325446122792,32,0.009109620747589142,
7,ar1,0.25,7,975,672,0,0,0.009375255306862451,29.5,0.7645775770138243,
7,ar1,0.25,7,976,672,0,0,0.00488312691065429,26.75,0.5021257453668798,
7,ar1,0.25,7,977,672,0,0,0.11757542847123281,30.5,0.0020369975549668906,
7,ar1,0.25,7,978,672,0,1,0.006040636914732778,29,0.003189018556311707,
7,ar1,0.25,7,979,672,0,0,0.1351795752164736,31,0.00001310007786048395,
7,ar1,0.25,7,980,672,0,0,0.07005214072904797,31.75,0.9452643890218541,
7,ar1,0.25,7,981,672,1,1,0.00018901063738741009,32,0.30415315543545707,
7,ar1,0.25,7,982,672,0,0,0.0056284857565563895,28.75,0.08656205588315946,
7,ar1,0.25,7,983,672,0,0,0.08405861470602527,28.75,0.10264008054116136,
7,ar1,0.25,7,984,672,0,0,0.05231745186938197,30,0.07134486554800545,
7,ar1,0.25,7,985,672,0,0,0.001526051291696584,28.75,0.010501111745537361,
7,ar1,0.25,7,986,672,0,0,0.022814483934490704,28.25,0.006805573141609789,
7,ar1,0.25,7,987,672,1,1,0.00026619663884042133,25.75,0.987290540099534,
7,ar1,0.25,7,988,672,0,0,0.09483242313110096,31.5,0.2568229653863381,
7,ar1,0.25,7,989,672,0,0,0.011261382767792205,29,0.11161930645721196,
7,ar1,0.25,7,990,672,0,0,0.19030707343368347,30.75,0.32533874370053173,
7,ar1,0.25,7,991,672,0,0,0.020597132040873545,30.5,0.03619050390911427,
7,ar1,0.25,7,992,672,0,0,0.05990532425227557,29.25,0.008786768149868784,
7,ar1,0.25,7,993,672,0,0,0.05405893313298149,32,0.11668167731110746,
7,ar1,0.25,7,994,672,0,0,0.19897521639447135,30.75,0.027123855286025567,
7,ar1,0.25,7,995,672,0,0,0.0014728262034922057,28.25,0.07113465129474728,
7,ar1,0.25,7,996,672,0,0,0.06536464022995614,32,0.0011383270454965455,
7,ar1,0.25,7,997,672,0,0,0.01984653237768974,31.75,0.2619619852025137,
7,ar1,0.25,7,998,672,0,1,0.02745741063794238,31.25,0.003361980015021415,
7,ar1,0.25,7,999,672,0,0,0.03450527589593422,32,0.006221664779282876,
11,ar1,1,14,0,336,0,0,0.035740540905113694,31,0.36849997746459273,
11,ar1,1,14,1,336,0,0,0.19799818067860853,32,0.0453888832911542,
11,ar1,1,14,2,336,0,0,0.051223763949761025,30,0.41025378175173177,
11,ar1,1,14,3,336,0,0,0.00803565508887183,28,0.03358580626126617,
11,ar1,1,14,4,336,0,0,0.08919514996605149,29,0.08080076419851812,
11,ar1,1,14,5,336,0,0,0.05777111887276298,23,0.6794392625841414,
11,ar1,1,14,6,336,0,0,0.07381109378237616,29,0.06649423401152887,
11,ar1,1,14,7,336,0,0,0.22731472730348923,30,0.47527189174529016,
11,ar1,1,14,8,336,0,0,0.09276252832813947,30,0.6743040624574794,
11,ar1,1,14,9,336,0,0,0.15047718184358805,31,0.6879161803545455,
11,ar1,1,14,10,336,0,0,0.1207579604469845,32,0.007951257255846556,
11,ar1,1,14,11,336,0,0,0.18661082345638713,30,0.03526413949666263,
11,ar1,1,14,12,336,0,0,0.04265321593084026,32,0.2602581889539861,
11,ar1,1,14,13,336,0,0,0.06472651888633729,27,0.8450453281636293,
11,ar1,1,14,14,336,0,0,0.0048344685570193,27,0.2426947483166083,
11,ar1,1,14,15,336,0,0,0.36411602238282015,31,0.5189647800512156,
11,ar1,1,14,16,336,0,0,0.10039074468746723,32,0.1250381288100071,
11,ar1,1,14,17,336,0,0,0.29968363529541353,30,0.6883984979911814,
11,ar1,1,14,18,336,0,0,0.006566011593976517,29,0.02587417625506605,
11,ar1,1,14,19,336,0,0,0.49401625849165387,31,0.6577876274184612,
11,ar1,1,14,20,336,0,0,0.02316804759120672,28,0.12238539298578055,
11,ar1,1,14,21,336,1,1,0.0031047411627385113,31,0.08237472194312623,
11,ar1,1,14,22,336,0,0,0.004527625800475166,29,0.013549848865644809,
11,ar1,1,14,23,336,0,0,0.05787797737297162,25,0.3537414651077422,
11,ar1,1,14,24,336,1,1,0.0010833590629033552,20,0.0011070504005531445,
11,ar1,1,14,25,336,0,0,0.02490171422799292,27,0.6257413357396278,
11,ar1,1,14,26,336,0,0,0.06681909002320374,29,0.38264490494509973,
11,ar1,1,14,27,336,0,0,0.14299286776452136,28,0.0737362451491741,
11,ar1,1,14,28,336,0,0,0.29619603230427294,26,0.014654416077418464,
11,ar1,1,14,29,336,1,1,0.0028698833979144966,20,0.1716689565322962,
11,ar1,1,14,30,336,0,0,0.11863487076270507,31,0.0022622154932163685,
11,ar1,1,14,31,336,0,0,0.016405256398177248,32,0.002282859985471841,
11,ar1,1,14,32,336,0,0,0.06106326414522989,30,0.052538922543611366,
11,ar1,1,14,33,336,0,0,0.23963494347057412,30,0.05603531329515177,
11,ar1,1,14,34,336,0,0,0.06662030806915509,22,0.5607264344243619,
11,ar1,1,14,35,336,0,0,0.122475521657477,27,0.16858243368660664,
11,ar1,1,14,36,336,0,0,0.1737676037792274,30,0.4546898260851695,
11,ar1,1,14,37,336,0,0,0.03897177647239114,27,0.339159033616798,
11,ar1,1,14,38,336,0,0,0.12441846365549003,30,0.046670500447409724,
11,ar1,1,14,39,336,0,0,0.006407529514387611,26,0.7893824799010682,
11,ar1,1,14,40,336,0,0,0.009016634212634211,24,7.664768986170856e-7,
11,ar1,1,14,41,336,0,0,0.02961247905062092,32,0.3100022285922823,
11,ar1,1,14,42,336,0,0,0.0988112058780588,28,0.4110626458297114,
11,ar1,1,14,43,336,0,0,0.016774990645105237,27,0.6910784488199027,
11,ar1,1,14,44,336,0,0,0.04286982879021084,28,0.004677260027436403,
11,ar1,1,14,45,336,0,0,0.041235490275325914,30,0.00016806420677062395,
11,ar1,1,14,46,336,0,0,0.027329501317983618,23,0.09560268997999444,
11,ar1,1,14,47,336,0,0,0.02348820507057514,31,0.4117997080928706,
11,ar1,1,14,48,336,0,0,0.07709848496229077,26,0.3411015383442566,
11,ar1,1,14,49,336,0,0,0.011913069606273807,32,0.4352065179437199,
11,ar1,1,14,50,336,1,1,0.0002415708461347421,32,0.0020106327889357622,
11,ar1,1,14,51,336,0,0,0.00996739657437029,30,0.4066928056001149,
11,ar1,1,14,52,336,0,0,0.004995242706905989,28,0.001129990840514128,
11,ar1,1,14,53,336,0,0,0.3298305683137084,31,0.6917833700973304,
11,ar1,1,14,54,336,0,0,0.012173870057294311,32,0.7023241524737562,
11,ar1,1,14,55,336,1,1,0.0033940657586968292,30,0.20201665145153425,
11,ar1,1,14,56,336,0,0,0.015283788447035485,27,0.6786664771988122,
11,ar1,1,14,57,336,0,0,0.006354433854149799,32,0.020836397745424007,
11,ar1,1,14,58,336,1,1,0.001903801533227445,27,0.010774058633084671,
11,ar1,1,14,59,336,0,0,0.08531192719613945,26,0.011432523288418928,
11,ar1,1,14,60,336,0,0,0.025764318405101738,28,0.11242099108620407,
11,ar1,1,14,61,336,0,0,0.10661072325482002,28,0.020526764666387143,
11,ar1,1,14,62,336,0,0,0.6142208179164435,32,0.6746347006795195,
11,ar1,1,14,63,336,0,0,0.22486909821780676,27,0.002320417250213813,
11,ar1,1,14,64,336,0,0,0.10959492167701057,27,0.4862854838430133,
11,ar1,1,14,65,336,0,0,0.1945053157127672,28,0.0023567059609523877,
11,ar1,1,14,66,336,0,0,0.07439096749714036,29,0.052149103261925234,
11,ar1,1,14,67,336,0,0,0.08354990632684423,28,0.6728350780818246,
11,ar1,1,14,68,336,0,0,0.1001754687534594,30,0.18203072799300268,
11,ar1,1,14,69,336,0,0,0.024244610297692426,31,0.27062890252608174,
11,ar1,1,14,70,336,0,0,0.057323012556115605,32,0.0008821406238740392,
11,ar1,1,14,71,336,0,0,0.052353880999263636,31,0.22289080237330672,
11,ar1,1,14,72,336,0,0,0.04879520012636229,27,0.06611035159324152,
11,ar1,1,14,73,336,0,0,0.061910484158900325,30,0.8393265081320671,
11,ar1,1,14,74,336,0,0,0.34875151503153545,32,0.0016192957949816567,
11,ar1,1,14,75,336,0,0,0.3037774798057037,31,0.4413994724302931,
11,ar1,1,14,76,336,0,0,0.044462742391577326,32,0.15934464877858256,
11,ar1,1,14,77,336,0,0,0.04955381032324657,23,0.03706425766586896,
11,ar1,1,14,78,336,0,0,0.09113567229373287,32,0.5273895565668033,
11,ar1,1,14,79,336,0,0,0.17475179587513778,24,0.008717831435050671,
11,ar1,1,14,80,336,0,0,0.34544687750250946,32,0.3797910793463162,
11,ar1,1,14,81,336,0,0,0.14933633018521386,29,0.014157514574960395,
11,ar1,1,14,82,336,0,0,0.09111501719136816,32,0.039798869305197604,
11,ar1,1,14,83,336,0,0,0.038408138466454744,30,0.09543142303782581,
11,ar1,1,14,84,336,0,0,0.16413732143748438,30,0.12653716293492878,
11,ar1,1,14,85,336,0,0,0.055511540625482914,31,0.028410676536233637,
11,ar1,1,14,86,336,0,0,0.03981018980615425,27,0.10042870428892203,
11,ar1,1,14,87,336,0,0,0.13569243961520028,31,0.4856586846767986,
11,ar1,1,14,88,336,0,0,0.026581406059922097,25,0.932638782173757,
11,ar1,1,14,89,336,0,0,0.08003109912224893,30,0.022038831720750496,
11,ar1,1,14,90,336,0,0,0.005764771837783456,27,0.654958015827282,
11,ar1,1,14,91,336,0,0,0.0349018381248396,31,0.251817228553067,
11,ar1,1,14,92,336,0,0,0.4449052825553771,29,0.182303268427355,
11,ar1,1,14,93,336,0,0,0.18762059509098905,31,0.26726206086290927,
11,ar1,1,14,94,336,0,0,0.060909235079206536,30,0.13268911042296272,
11,ar1,1,14,95,336,0,0,0.024081292050924352,27,0.0003912012536928522,
11,ar1,1,14,96,336,0,0,0.2922175055959366,32,0.059217073943383824,
11,ar1,1,14,97,336,0,0,0.11711261582781807,30,0.5372418298908899,
11,ar1,1,14,98,336,0,0,0.009808593988250958,27,0.024261167322780053,
11,ar1,1,14,99,336,0,0,0.03524418560357412,31,0.032271860531191465,
11,ar1,1,14,100,336,1,1,0.0012592298779445787,23,0.03624495348467782,
11,ar1,1,14,101,336,0,0,0.15674904590080208,27,0.09935160415838618,
11,ar1,1,14,102,336,0,0,0.04139145350343243,32,0.06788572825259476,
11,ar1,1,14,103,336,1,1,0.0007590305412296106,20,0.22966422336958892,
11,ar1,1,14,104,336,0,0,0.05382313367437641,24,0.0000793148505973118,
11,ar1,1,14,105,336,0,0,0.0061912911650182645,24,0.05064858922997484,
11,ar1,1,14,106,336,0,0,0.03620831701074889,32,0.2190134323318358,
11,ar1,1,14,107,336,0,0,0.060234514013813634,22,0.48640038104436933,
11,ar1,1,14,108,336,0,0,0.3494436798795115,30,0.2644206372898925,
11,ar1,1,14,109,336,0,0,0.02320672287537673,27,0.07643723331069496,
11,ar1,1,14,110,336,0,0,0.024280725155878202,25,0.006064855389524504,
11,ar1,1,14,111,336,0,0,0.168003119862562,29,0.2641603301645826,
11,ar1,1,14,112,336,0,0,0.2918915187698897,31,0.4008983200216937,
11,ar1,1,14,113,336,0,0,0.03556074949373078,26,0.2778116339799237,
11,ar1,1,14,114,336,0,0,0.011162723347824755,26,0.3724644768619926,
11,ar1,1,14,115,336,0,0,0.01777044049146148,27,0.544148942314943,
11,ar1,1,14,116,336,0,0,0.004848914092735912,21,0.5835989489714349,
11,ar1,1,14,117,336,0,0,0.011978677460193099,32,0.7503428731987627,
11,ar1,1,14,118,336,0,0,0.003610788528335851,31,0.19207653099817978,
11,ar1,1,14,119,336,0,0,0.017710962063938185,26,0.11211545578774373,
11,ar1,1,14,120,336,0,0,0.043320159498952515,27,0.013224996154853619,
11,ar1,1,14,121,336,0,0,0.04842474586631473,32,0.08738325409220504,
11,ar1,1,14,122,336,0,0,0.20717880459685023,32,0.001634583596246797,
11,ar1,1,14,123,336,0,0,0.13535209010741855,30,0.9048676973355684,
11,ar1,1,14,124,336,0,0,0.1407415572682883,30,0.007771383195694259,
11,ar1,1,14,125,336,0,0,0.1802122669920304,31,0.5278615161916551,
11,ar1,1,14,126,336,0,0,0.1540093413902719,30,0.22848551324805833,
11,ar1,1,14,127,336,0,0,0.0761749804655999,27,0.556946035307305,
11,ar1,1,14,128,336,0,0,0.1641001551223098,27,0.4540024093664896,
11,ar1,1,14,129,336,0,0,0.2246292848407746,32,0.22735916952325974,
11,ar1,1,14,130,336,0,0,0.34470726876384183,31,0.0023365013596982065,
11,ar1,1,14,131,336,0,0,0.01973736733280329,32,0.000016527124593102016,
11,ar1,1,14,132,336,0,0,0.03808456131117888,31,0.5460021283906359,
11,ar1,1,14,133,336,0,0,0.19394272635587517,31,0.13526384883239628,
11,ar1,1,14,134,336,0,0,0.19689998094078898,29,0.5397619814932182,
11,ar1,1,14,135,336,0,0,0.07387355031555076,30,0.3740631300372925,
11,ar1,1,14,136,336,0,0,0.020883444317456035,21,0.7994208607554624,
11,ar1,1,14,137,336,0,0,0.0640524954795374,27,0.29046996361410415,
11,ar1,1,14,138,336,0,0,0.021470427188059027,28,0.9786479116801503,
11,ar1,1,14,139,336,0,0,0.16995297249545316,31,0.017568928263136052,
11,ar1,1,14,140,336,0,0,0.0035943264417135357,27,0.12709984816446607,
11,ar1,1,14,141,336,0,0,0.179790261481643,31,0.048003115751782954,
11,ar1,1,14,142,336,0,0,0.18902334081457817,26,0.3324597865808985,
11,ar1,1,14,143,336,0,0,0.008320782016459694,30,0.5374271533718198,
11,ar1,1,14,144,336,0,0,0.19184922420507167,29,0.32091108867435525,
11,ar1,1,14,145,336,0,0,0.10489592344226595,32,0.017330014389872916,
11,ar1,1,14,146,336,0,0,0.006310325829693153,32,0.006498365257112337,
11,ar1,1,14,147,336,0,0,0.035791924741095715,28,0.8749277424897652,
11,ar1,1,14,148,336,0,0,0.11816547347104656,31,0.007968482311989655,
11,ar1,1,14,149,336,0,0,0.3738225998564615,32,0.009696515717270149,
11,ar1,1,14,150,336,0,0,0.04616830215321732,32,0.018617719053950932,
11,ar1,1,14,151,336,0,0,0.06969618982479775,31,0.003312509872609559,
11,ar1,1,14,152,336,0,0,0.009547769050540666,32,0.004852837974169355,
11,ar1,1,14,153,336,0,0,0.008487709690376377,25,0.0324978610280211,
11,ar1,1,14,154,336,0,0,0.014933844426874399,31,0.006405115137346429,
11,ar1,1,14,155,336,0,0,0.05032370673198283,28,0.9047391570531274,
11,ar1,1,14,156,336,0,0,0.005408275473493762,27,0.9858908222129903,
11,ar1,1,14,157,336,0,0,0.016426316239916083,21,0.285402395325435,
11,ar1,1,14,158,336,0,0,0.11699740098273215,31,0.04848356638762619,
11,ar1,1,14,159,336,0,0,0.004414992852016186,22,0.7691944379946601,
11,ar1,1,14,160,336,0,0,0.016416192785323802,29,0.5110104546561941,
11,ar1,1,14,161,336,0,0,0.008437322351604104,32,0.06790733831718254,
11,ar1,1,14,162,336,0,0,0.05507609309038031,22,0.25062131615640904,
11,ar1,1,14,163,336,1,1,0.00035355968698780327,27,0.015856107976447875,
11,ar1,1,14,164,336,0,0,0.041064307448546944,24,0.02238640506595302,
11,ar1,1,14,165,336,0,0,0.1296827697795231,29,0.5404035756162462,
11,ar1,1,14,166,336,0,0,0.1816287876495245,29,0.18155941519597096,
11,ar1,1,14,167,336,0,0,0.025892119383360224,25,0.04219080521989871,
11,ar1,1,14,168,336,0,0,0.18909576252698823,31,0.0335807783940294,
11,ar1,1,14,169,336,0,0,0.10396542993109359,31,0.0008751518107249501,
11,ar1,1,14,170,336,0,0,0.12026648675350382,29,0.005800981201301014,
11,ar1,1,14,171,336,0,0,0.030103653607980174,32,4.990459678833048e-8,
11,ar1,1,14,172,336,0,0,0.009540554391629152,30,0.5608405136654417,
11,ar1,1,14,173,336,0,0,0.22088219368655404,32,0.014932428265133413,
11,ar1,1,14,174,336,0,0,0.05812394679089794,31,0.20574733632529385,
11,ar1,1,14,175,336,0,0,0.026889627442536312,32,0.003276000346820407,
11,ar1,1,14,176,336,0,0,0.47035926529877325,30,0.9210327560588578,
11,ar1,1,14,177,336,0,0,0.05463743516943742,24,0.0022229780017339884,
11,ar1,1,14,178,336,0,0,0.04152044660210108,28,0.000011286747477856629,
11,ar1,1,14,179,336,1,1,0.0007666937434304133,31,0.4543461304544315,
11,ar1,1,14,180,336,0,0,0.02507959980447949,28,0.47173753323936785,
11,ar1,1,14,181,336,0,0,0.14613006580442112,28,0.014314737774067998,
11,ar1,1,14,182,336,0,0,0.07144597873601133,28,0.0021110369716738075,
11,ar1,1,14,183,336,0,0,0.027482524014751375,32,0.37878857076622474,
11,ar1,1,14,184,336,0,0,0.16666756585750564,31,0.014813273117816883,
11,ar1,1,14,185,336,0,0,0.06197218522037573,28,0.002154965776105855,
11,ar1,1,14,186,336,0,0,0.09211883271404064,27,0.4279957680092378,
11,ar1,1,14,187,336,0,0,0.15130679498158406,31,0.6109252638670921,
11,ar1,1,14,188,336,0,0,0.12832639543410307,27,0.08125674677285555,
11,ar1,1,14,189,336,0,0,0.07662112165856705,26,0.2793176635581849,
11,ar1,1,14,190,336,0,0,0.018169809771582668,24,0.000024363069794031134,
11,ar1,1,14,191,336,0,0,0.051097602721208446,31,0.030035898633286373,
11,ar1,1,14,192,336,0,0,0.008799224522861637,32,0.03191682099846305,
11,ar1,1,14,193,336,0,0,0.1331972482935282,30,0.7526302093825536,
11,ar1,1,14,194,336,0,0,0.09085108576005418,31,0.2786047392983464,
11,ar1,1,14,195,336,0,0,0.015515754276058114,22,0.8953714783706342,
11,ar1,1,14,196,336,0,0,0.022890705861777105,20,0.31753708742812703,
11,ar1,1,14,197,336,1,1,0.0009182645154597324,30,0.08156172950539353,
11,ar1,1,14,198,336,0,0,0.11520000463493418,29,0.00010798151096091946,
11,ar1,1,14,199,336,0,0,0.09143920979783371,31,0.01808340729540181,
11,ar1,1,14,200,336,0,0,0.038120826240473527,27,0.010125289828581296,
11,ar1,1,14,201,336,0,0,0.030727896784760955,30,0.03296090580560351,
11,ar1,1,14,202,336,0,0,0.1451859330051476,32,0.4648356782765737,
11,ar1,1,14,203,336,0,0,0.12162081224317545,29,0.10317248032578097,
11,ar1,1,14,204,336,0,0,0.018055564844136507,28,0.2115834904451912,
11,ar1,1,14,205,336,0,0,0.009619269200795144,23,0.9896450463773176,
11,ar1,1,14,206,336,0,0,0.11333651440938664,29,0.010540843665762134,
11,ar1,1,14,207,336,0,0,0.14961128183030992,31,0.00028614306286445235,
11,ar1,1,14,208,336,0,0,0.1593790994412826,25,0.025444220487709113,
11,ar1,1,14,209,336,0,0,0.3814653227247051,31,0.21916172937792477,
11,ar1,1,14,210,336,0,0,0.3536051958882478,30,0.34789076451565526,
11,ar1,1,14,211,336,0,0,0.30004054034664085,31,0.013634340971031444,
11,ar1,1,14,212,336,0,0,0.07138105844678244,24,0.000016370703907364614,
11,ar1,1,14,213,336,1,1,0.0002148672406808716,26,0.639398346961519,
11,ar1,1,14,214,336,0,0,0.02191717262259041,32,0.911120427192669,
11,ar1,1,14,215,336,0,0,0.048153319411461726,31,0.6219454860765624,
11,ar1,1,14,216,336,0,0,0.3465780459142699,28,0.07600744727547437,
11,ar1,1,14,217,336,0,0,0.014743763418359146,29,0.19998830269268275,
11,ar1,1,14,218,336,0,0,0.10019998270162622,24,0.000023407962684518502,
11,ar1,1,14,219,336,0,0,0.09893199618343862,30,0.05261895432035868,
11,ar1,1,14,220,336,0,0,0.08237420672018869,26,0.44060311185148404,
11,ar1,1,14,221,336,0,0,0.4096852682667971,32,0.03465960629714915,
11,ar1,1,14,222,336,0,0,0.1141114712985698,28,0.6689546453877553,
11,ar1,1,14,223,336,0,0,0.02979894873338307,27,0.9918686614201664,
11,ar1,1,14,224,336,1,1,0.0011959225071437318,21,0.2870956158368123,
11,ar1,1,14,225,336,0,0,0.4964800287573359,32,0.007912408493485512,
11,ar1,1,14,226,336,0,0,0.0722746531759374,32,0.8790237857194775,
11,ar1,1,14,227,336,0,0,0.004904342115550353,30,0.5351096550104006,
11,ar1,1,14,228,336,0,0,0.03271426777408193,22,0.5468439955823328,
11,ar1,1,14,229,336,0,0,0.2759641647691271,32,0.8132395145307131,
11,ar1,1,14,230,336,0,0,0.12946817127428922,29,0.0058525771819096795,
11,ar1,1,14,231,336,1,1,0.0011598177201836979,32,0.9824028646011215,
11,ar1,1,14,232,336,1,1,0.0010991900571836188,31,0.4638168400699013,
11,ar1,1,14,233,336,0,0,0.10082807729947885,31,0.6701360588693132,
11,ar1,1,14,234,336,1,1,0.0007598480444688249,32,0.6391736509691565,
11,ar1,1,14,235,336,0,0,0.03567113448113535,30,0.2148722614545988,
11,ar1,1,14,236,336,0,0,0.09103266993749637,26,0.30564537269373826,
11,ar1,1,14,237,336,0,0,0.135761536904349,28,0.6723161652545011,
11,ar1,1,14,238,336,0,0,0.41450765389628785,31,0.0016837290690550066,
11,ar1,1,14,239,336,0,0,0.17755171883080323,30,0.0726458956886098,
11,ar1,1,14,240,336,0,0,0.46606314898429235,31,0.04233651540681349,
11,ar1,1,14,241,336,1,1,0.0005253353212554268,30,0.01885148411713211,
11,ar1,1,14,242,336,0,0,0.24538860023731135,30,0.2825223973668154,
11,ar1,1,14,243,336,0,0,0.005320157661316216,25,0.8866768893694328,
11,ar1,1,14,244,336,0,0,0.1567816213548514,32,0.13449524205190566,
11,ar1,1,14,245,336,0,0,0.2354337820934529,31,0.0002214208369908377,
11,ar1,1,14,246,336,0,0,0.07277997200945296,25,0.7166907953577251,
11,ar1,1,14,247,336,0,0,0.09970238056909098,29,0.006827160052162329,
11,ar1,1,14,248,336,0,0,0.013692947336833239,31,0.15770615416544576,
11,ar1,1,14,249,336,0,0,0.005306888276447541,24,9.855446894135866e-7,
11,ar1,1,14,250,336,0,0,0.018907680937755522,28,0.18872047168584272,
11,ar1,1,14,251,336,0,0,0.29537095784992595,30,0.3906451101639158,
11,ar1,1,14,252,336,0,0,0.1053871374908455,26,0.2623375240438359,
11,ar1,1,14,253,336,0,0,0.3221891786416845,32,0.1346027848842679,
11,ar1,1,14,254,336,0,0,0.11863532016716305,28,0.29587933574519276,
11,ar1,1,14,255,336,0,0,0.1833022633757615,30,0.11155239397994676,
11,ar1,1,14,256,336,0,0,0.09272496564819788,28,0.001323633077287223,
11,ar1,1,14,257,336,0,0,0.019462872970774647,25,0.8716679402389602,
11,ar1,1,14,258,336,0,0,0.16281616975467972,30,0.11322794382140977,
11,ar1,1,14,259,336,0,0,0.44360103449492305,32,0.4915493463984555,
11,ar1,1,14,260,336,0,0,0.31306502116763113,30,0.1329419594353567,
11,ar1,1,14,261,336,0,0,0.055531117071777825,29,0.6885694067964869,
11,ar1,1,14,262,336,1,1,0.0011254910539633123,26,0.013929829187186549,
11,ar1,1,14,263,336,0,0,0.06872987986093959,30,0.018917987921147295,
11,ar1,1,14,264,336,0,0,0.02549866315542293,32,0.003170838191695724,
11,ar1,1,14,265,336,0,0,0.010052803715428382,27,0.003317764169371462,
11,ar1,1,14,266,336,0,0,0.02205506234341592,28,0.367956340566578,
11,ar1,1,14,267,336,0,0,0.1175415550901806,21,0.0469933113515314,
11,ar1,1,14,268,336,0,0,0.09975680103160556,26,0.11159303727747738,
11,ar1,1,14,269,336,0,0,0.12773266768738134,31,0.020858410704776564,
11,ar1,1,14,270,336,0,0,0.20669576319070115,31,0.01684601672363273,
11,ar1,1,14,271,336,0,0,0.011525173873344396,32,0.5826938780588277,
11,ar1,1,14,272,336,0,0,0.3743616385830113,31,0.3378972878885472,
11,ar1,1,14,273,336,0,0,0.029506302184098,25,0.21451679263573142,
11,ar1,1,14,274,336,0,0,0.006514481874851263,32,0.9665340298326078,
11,ar1,1,14,275,336,0,0,0.28918802606855476,27,0.14527259764797085,
11,ar1,1,14,276,336,1,1,0.002570965744541298,26,0.18266254726005982,
11,ar1,1,14,277,336,0,0,0.043174215593775545,27,0.10559571021069847,
11,ar1,1,14,278,336,0,0,0.030041482784712747,26,0.9130581676121563,
11,ar1,1,14,279,336,0,0,0.14018549236449607,26,0.0314056697328966,
11,ar1,1,14,280,336,0,0,0.03460875463985169,27,0.00002281119299385459,
11,ar1,1,14,281,336,0,0,0.08148542390092572,29,0.4243987714881948,
11,ar1,1,14,282,336,0,0,0.25712005621934375,29,0.44433726487949154,
11,ar1,1,14,283,336,0,0,0.07697549622310751,32,0.008670037303951439,
11,ar1,1,14,284,336,0,0,0.0471797553720521,32,0.08572676461567685,
11,ar1,1,14,285,336,0,0,0.38727804592142356,32,0.1957796556434186,
11,ar1,1,14,286,336,0,0,0.3736976153376489,31,0.024137385743961515,
11,ar1,1,14,287,336,0,0,0.04444325563564022,28,0.6493962913562956,
11,ar1,1,14,288,336,0,0,0.03619990281089491,29,0.9156851095974335,
11,ar1,1,14,289,336,0,0,0.021153931737848852,31,0.2667362751670901,
11,ar1,1,14,290,336,1,1,0.000489440243071182,26,0.1440240466821352,
11,ar1,1,14,291,336,0,0,0.45754660253956914,32,0.06560833457995874,
11,ar1,1,14,292,336,0,0,0.29537252623362764,32,0.07308101166302117,
11,ar1,1,14,293,336,0,1,0.016724522688733923,30,0.5150054520472069,
11,ar1,1,14,294,336,1,1,0.0005660641743772121,23,0.021477905418869625,
11,ar1,1,14,295,336,0,0,0.3413901205468022,31,0.016799878178394012,
11,ar1,1,14,296,336,0,0,0.019067307975917047,32,0.003234117174505946,
11,ar1,1,14,297,336,0,0,0.022045087615047088,26,0.007339128655629024,
11,ar1,1,14,298,336,0,0,0.0036963978313239165,31,0.18813458796082771,
11,ar1,1,14,299,336,0,0,0.11727121427897358,29,0.6641321854745713,
11,ar1,1,14,300,336,0,0,0.012293560835360817,29,0.10937745762304307,
11,ar1,1,14,301,336,0,0,0.10741801488872871,26,0.3095352961133685,
11,ar1,1,14,302,336,0,0,0.005694817524452778,23,0.24699140728590063,
11,ar1,1,14,303,336,0,0,0.11262274637990033,32,0.003715360304778259,
11,ar1,1,14,304,336,0,0,0.03607062860975008,22,0.1585094085152371,
11,ar1,1,14,305,336,0,0,0.016564533980274687,25,0.07887490746092718,
11,ar1,1,14,306,336,0,0,0.05165023837859306,23,0.42956853764111314,
11,ar1,1,14,307,336,0,0,0.03273902830021724,29,0.5688549487427117,
11,ar1,1,14,308,336,0,0,0.013203454714657226,31,0.2810439228762053,
11,ar1,1,14,309,336,0,0,0.004908012490147051,30,0.00064759360790001,
11,ar1,1,14,310,336,0,1,0.016274748060011834,32,0.5006217492188035,
11,ar1,1,14,311,336,1,1,0.00030044391084327327,30,0.4778741504368095,
11,ar1,1,14,312,336,0,0,0.042645179065491035,29,0.163236356977829,
11,ar1,1,14,313,336,0,0,0.03146825463892078,29,0.0386759439259764,
11,ar1,1,14,314,336,0,0,0.04537946214496069,26,0.012719944607958111,
11,ar1,1,14,315,336,0,0,0.11574045922275222,30,0.8004259386955652,
11,ar1,1,14,316,336,0,0,0.16877719070789554,32,0.17159599073818377,
11,ar1,1,14,317,336,0,0,0.038638859811006565,30,0.008407687299654909,
11,ar1,1,14,318,336,0,0,0.014765718545204809,32,0.40685933029272836,
11,ar1,1,14,319,336,0,0,0.028124454847511027,27,0.008287327100484854,
11,ar1,1,14,320,336,1,1,0.0029857425132847615,32,0.46535149820551147,
11,ar1,1,14,321,336,0,0,0.22898758886507398,32,0.29034056614804293,
11,ar1,1,14,322,336,0,0,0.17163493872506252,28,0.45213854991945235,
11,ar1,1,14,323,336,1,1,0.0020837329049342435,28,0.7031086639210513,
11,ar1,1,14,324,336,0,0,0.21886857981490293,32,0.5758026852358604,
11,ar1,1,14,325,336,1,1,0.002867163088958513,27,0.6074042804606683,
11,ar1,1,14,326,336,1,1,0.0005903028222931095,25,0.0014495166366242929,
11,ar1,1,14,327,336,0,0,0.01280458106621929,30,0.08599928521688716,
11,ar1,1,14,328,336,0,0,0.21801016895105763,29,0.3729240559426841,
11,ar1,1,14,329,336,0,0,0.2905620111323919,30,0.7915104474388488,
11,ar1,1,14,330,336,0,0,0.10151689388366769,32,0.46504929676770357,
11,ar1,1,14,331,336,0,0,0.0463029443281332,32,0.3438811067233113,
11,ar1,1,14,332,336,0,0,0.2232372530120269,32,0.3758150634844474,
11,ar1,1,14,333,336,0,0,0.024612709870881044,24,0.0000011883698946002497,
11,ar1,1,14,334,336,0,0,0.01059873564360525,30,0.4040582231010931,
11,ar1,1,14,335,336,0,0,0.0502032950365624,27,0.3610826057292572,
11,ar1,1,14,336,336,0,0,0.05188928526959269,28,0.5153869489688582,
11,ar1,1,14,337,336,0,0,0.00793517914446984,26,0.9025324820778499,
11,ar1,1,14,338,336,0,0,0.036395579846589365,30,0.024991953978573567,
11,ar1,1,14,339,336,0,0,0.28685945234418775,27,0.17946888494155067,
11,ar1,1,14,340,336,0,0,0.06652748084359017,31,0.008520277239657648,
11,ar1,1,14,341,336,0,0,0.02402794481200954,27,0.20542916208775952,
11,ar1,1,14,342,336,0,0,0.09514778131742974,26,0.05900316163163044,
11,ar1,1,14,343,336,0,1,0.014861851379744051,31,0.8342775863220309,
11,ar1,1,14,344,336,0,0,0.018283574364171273,32,0.5220912261731091,
11,ar1,1,14,345,336,0,0,0.02817589874625015,25,0.000038990960876339464,
11,ar1,1,14,346,336,0,0,0.05995850314112383,24,0.0007336578416199391,
11,ar1,1,14,347,336,0,0,0.3444748634726085,32,0.5273837686055631,
11,ar1,1,14,348,336,0,0,0.3436190368151093,30,0.02106729607023239,
11,ar1,1,14,349,336,0,0,0.0936818982715859,30,0.07236758626331574,
11,ar1,1,14,350,336,0,0,0.011512042515343546,32,0.0022742075850114007,
11,ar1,1,14,351,336,0,0,0.02710095292910797,24,0.00019390932943608163,
11,ar1,1,14,352,336,0,0,0.18453082671997922,29,0.0008898088215706368,
11,ar1,1,14,353,336,0,0,0.09677222545544084,32,0.14924326143952493,
11,ar1,1,14,354,336,0,0,0.20726228857087436,32,0.6193902784499755,
11,ar1,1,14,355,336,0,0,0.03013841131189332,21,0.005171335215530926,
11,ar1,1,14,356,336,0,0,0.0248043098187547,31,0.9837698414769954,
11,ar1,1,14,357,336,0,0,0.013477700161886097,21,0.2964053011396446,
11,ar1,1,14,358,336,0,0,0.04044101851560433,21,0.10402781955207052,
11,ar1,1,14,359,336,0,0,0.35668154187184486,26,0.8832131057080479,
11,ar1,1,14,360,336,0,0,0.07795919873197088,32,0.27880550154186934,
11,ar1,1,14,361,336,1,1,0.00045609077662100983,24,0.000017452773038550973,
11,ar1,1,14,362,336,1,1,0.0029061405454374745,22,0.0818242033717338,
11,ar1,1,14,363,336,0,0,0.04157798451389694,30,0.024839430211402447,
11,ar1,1,14,364,336,0,0,0.1406706703712054,26,0.614185731968749,
11,ar1,1,14,365,336,1,1,0.0024778464293928604,23,0.0001595802793445955,
11,ar1,1,14,366,336,0,0,0.24269463412241676,32,0.11266399660705695,
11,ar1,1,14,367,336,0,0,0.0633891955311705,24,0.0699356435176609,
11,ar1,1,14,368,336,0,0,0.2791282902099502,24,0.0005995846561112073,
11,ar1,1,14,369,336,0,0,0.21518342622125974,32,0.6479171750883641,
11,ar1,1,14,370,336,0,0,0.010014345200347718,31,0.02161982632398618,
11,ar1,1,14,371,336,0,0,0.06553441397895998,30,0.47182983854240446,
11,ar1,1,14,372,336,0,0,0.07416561201408878,27,0.2407196093376578,
11,ar1,1,14,373,336,1,1,0.00106222849676596,28,0.008863448493479864,
11,ar1,1,14,374,336,0,0,0.04605049714911502,29,0.0000014449816584383157,
11,ar1,1,14,375,336,0,0,0.007342678351422105,30,0.37767866163603736,
11,ar1,1,14,376,336,1,1,0.0007904580556044039,19,0.0014191548280944044,
11,ar1,1,14,377,336,0,0,0.0397524420961598,29,0.2229981308469544,
11,ar1,1,14,378,336,0,0,0.01363770788383567,32,0.7034622730545379,
11,ar1,1,14,379,336,0,0,0.036498872832167795,26,0.7689437675876278,
11,ar1,1,14,380,336,0,0,0.26479094440810047,32,0.7411827120732897,
11,ar1,1,14,381,336,1,1,0.002175890798096658,21,0.05180670707124646,
11,ar1,1,14,382,336,0,0,0.2972532193563604,28,0.2209557280893747,
11,ar1,1,14,383,336,0,0,0.09917523533320982,26,0.026114995188365242,
11,ar1,1,14,384,336,0,0,0.011551635218601697,26,0.30800266125185294,
11,ar1,1,14,385,336,0,0,0.057886323702673215,25,0.08578129251424782,
11,ar1,1,14,386,336,0,0,0.0585212576692955,32,0.8219306008388602,
11,ar1,1,14,387,336,0,0,0.10750168906029722,31,0.92435574214828,
11,ar1,1,14,388,336,0,0,0.13215985371059913,30,0.02546687083140342,
11,ar1,1,14,389,336,0,0,0.011573540221867962,30,0.11591377019845284,
11,ar1,1,14,390,336,0,0,0.015135826795741991,23,0.5852265041423482,
11,ar1,1,14,391,336,0,0,0.07242677068694603,20,0.8017367980654996,
11,ar1,1,14,392,336,1,1,0.00338301841427302,22,0.8908731782855414,
11,ar1,1,14,393,336,0,0,0.27648161478842304,30,0.20524468742164714,
11,ar1,1,14,394,336,0,0,0.022650522756707092,24,0.0017061405400069507,
11,ar1,1,14,395,336,1,1,0.0016024866610859778,22,0.943905655329732,
11,ar1,1,14,396,336,1,1,0.00003774197064965179,27,0.0023759058892388607,
11,ar1,1,14,397,336,0,0,0.08422422202574409,32,0.0076648647672687975,
11,ar1,1,14,398,336,1,1,0.00003133284317902163,28,0.24043405126544337,
11,ar1,1,14,399,336,0,0,0.1988049703853394,26,0.07990725349988115,
11,ar1,1,14,400,336,0,0,0.13651597771251,32,0.6234286632853964,
11,ar1,1,14,401,336,0,0,0.0381961261825402,21,0.9889500417806779,
11,ar1,1,14,402,336,0,0,0.08144336938434615,24,0.000006990507866011519,
11,ar1,1,14,403,336,0,0,0.22472034179179012,24,0.00020920750847841507,
11,ar1,1,14,404,336,0,0,0.015498159566179726,23,0.8936062724417152,
11,ar1,1,14,405,336,0,0,0.4095382565613488,29,0.4012537522938985,
11,ar1,1,14,406,336,0,0,0.22964860513529195,31,0.7734356006068039,
11,ar1,1,14,407,336,0,0,0.02790777809088163,25,0.0243492390183917,
11,ar1,1,14,408,336,0,0,0.18571999952308815,30,0.24494308208538618,
11,ar1,1,14,409,336,0,0,0.2104006043611355,32,0.4939931061759256,
11,ar1,1,14,410,336,0,0,0.06499265481312366,28,0.051451814276084806,
11,ar1,1,14,411,336,0,0,0.038712724796592046,28,0.0019382793074433913,
11,ar1,1,14,412,336,0,0,0.016572035103399774,30,0.9365462119695659,
11,ar1,1,14,413,336,1,1,0.0009738248146317074,18,0.005393386294414659,
11,ar1,1,14,414,336,1,1,0.00029763858228493145,21,0.4806582651404412,
11,ar1,1,14,415,336,0,0,0.1561202100821103,32,0.0000781259938781309,
11,ar1,1,14,416,336,0,0,0.15735986341240982,32,0.5504654530063331,
11,ar1,1,14,417,336,0,0,0.00478843861035505,29,0.03291587739307078,
11,ar1,1,14,418,336,1,1,0.003185880145118669,27,0.04218282405505025,
11,ar1,1,14,419,336,0,0,0.026091787022855972,31,0.0751792880928801,
11,ar1,1,14,420,336,0,0,0.05479714123359625,25,0.04670056617433194,
11,ar1,1,14,421,336,0,0,0.04976184610639145,20,0.5269890513832896,
11,ar1,1,14,422,336,0,0,0.26048640134823686,32,0.07778254430184794,
11,ar1,1,14,423,336,0,0,0.025744780151239377,25,2.8872393464940416e-7,
11,ar1,1,14,424,336,0,0,0.008407503505951763,25,0.0007173710895967966,
11,ar1,1,14,425,336,0,0,0.34726767696828176,29,0.16687674483910508,
11,ar1,1,14,426,336,0,0,0.03083928690507598,32,0.028785181748826272,
11,ar1,1,14,427,336,0,0,0.2407075175566703,32,0.006936866135421993,
11,ar1,1,14,428,336,0,0,0.13291980763857658,29,0.07179396716943853,
11,ar1,1,14,429,336,0,0,0.03251139937491543,29,0.027759474129453454,
11,ar1,1,14,430,336,0,0,0.11809882717531672,25,0.13691715611487199,
11,ar1,1,14,431,336,0,0,0.11907862217294873,32,0.8376993075311047,
11,ar1,1,14,432,336,0,0,0.14373669600891847,32,0.37274913440423174,
11,ar1,1,14,433,336,0,0,0.4224793699550614,32,0.2887414308453966,
11,ar1,1,14,434,336,0,0,0.024827364258017126,29,0.5837954973067911,
11,ar1,1,14,435,336,0,0,0.3640224477947086,31,0.20250029107971368,
11,ar1,1,14,436,336,0,0,0.07942937716991239,27,0.9470923940786904,
11,ar1,1,14,437,336,0,0,0.06966332683287102,31,0.32511975103575874,
11,ar1,1,14,438,336,0,0,0.00855003344553329,31,0.0911284476058628,
11,ar1,1,14,439,336,0,0,0.2691247744027997,31,0.04292448235225799,
11,ar1,1,14,440,336,0,0,0.01579878474663743,28,0.0009298832436542837,
11,ar1,1,14,441,336,0,0,0.09833562730414236,31,0.7059681514850424,
11,ar1,1,14,442,336,0,0,0.05249494687139733,32,0.027842720704229107,
11,ar1,1,14,443,336,0,0,0.1841397408736546,29,0.007959927482786733,
11,ar1,1,14,444,336,0,0,0.003512547461460125,19,0.017200495663666326,
11,ar1,1,14,445,336,0,0,0.41515482699437634,32,0.04412697804982413,
11,ar1,1,14,446,336,1,1,0.0010102273886224422,30,0.0020382001350418566,
11,ar1,1,14,447,336,0,0,0.16087871323339242,32,0.3659244084359453,
11,ar1,1,14,448,336,0,0,0.006815340961713101,29,0.28196971692955486,
11,ar1,1,14,449,336,0,0,0.24000842825904156,29,0.5356108232259043,
11,ar1,1,14,450,336,0,0,0.014544553240210423,23,0.0778883179499027,
11,ar1,1,14,451,336,0,0,0.21268451019602885,32,0.13586584687922154,
11,ar1,1,14,452,336,0,0,0.13137534545279284,26,0.89557466594815,
11,ar1,1,14,453,336,0,0,0.00415108586176105,23,0.17484319452466734,
11,ar1,1,14,454,336,0,0,0.08938870322830017,32,0.0977882168513986,
11,ar1,1,14,455,336,0,0,0.020615154092868293,25,0.12344997076582376,
11,ar1,1,14,456,336,0,0,0.41760935611992966,32,0.4008283679479384,
11,ar1,1,14,457,336,0,0,0.06458529324249218,27,0.7874473844505112,
11,ar1,1,14,458,336,0,0,0.2039162512220387,30,0.03651453323325793,
11,ar1,1,14,459,336,0,0,0.09928199387879688,32,0.03740291908296567,
11,ar1,1,14,460,336,0,0,0.03102390162419222,23,0.011865571053851331,
11,ar1,1,14,461,336,0,0,0.06244316952271345,31,0.008937727445942123,
11,ar1,1,14,462,336,0,0,0.13522622344718793,31,0.9875097722089257,
11,ar1,1,14,463,336,0,0,0.22281292465296942,32,0.3681431664100655,
11,ar1,1,14,464,336,0,0,0.14647004368864713,32,0.021698153928173536,
11,ar1,1,14,465,336,0,0,0.31048998267644334,30,0.0029138307146416853,
11,ar1,1,14,466,336,0,0,0.3514539036890105,32,0.014059072902943615,
11,ar1,1,14,467,336,0,0,0.06485459086334155,29,0.06883420167113752,
11,ar1,1,14,468,336,0,0,0.2562480222501342,30,0.017487566228788443,
11,ar1,1,14,469,336,0,0,0.006848540575408624,27,0.8315588490335108,
11,ar1,1,14,470,336,0,0,0.03170838713233948,23,0.0018597611483303078,
11,ar1,1,14,471,336,0,0,0.11856856118570136,32,0.7413289465977524,
11,ar1,1,14,472,336,0,0,0.008750277459930733,23,0.06995599712214728,
11,ar1,1,14,473,336,0,0,0.17789406191064527,31,0.23178663875560535,
11,ar1,1,14,474,336,0,0,0.009287781077389923,30,0.0193370032353275,
11,ar1,1,14,475,336,0,0,0.028337302609314774,31,0.34895220931687443,
11,ar1,1,14,476,336,0,0,0.02853839862155816,24,0.009422044188304612,
11,ar1,1,14,477,336,0,0,0.05931454640578737,30,0.23301279813461917,
11,ar1,1,14,478,336,0,0,0.055283022516931624,24,0.025919304254145348,
11,ar1,1,14,479,336,0,0,0.03716902603101413,32,0.22198512419920624,
11,ar1,1,14,480,336,0,0,0.22530733039693884,29,0.4743758791740187,
11,ar1,1,14,481,336,0,0,0.0054638084034196455,19,0.09629688036993966,
11,ar1,1,14,482,336,0,0,0.1897148576372636,26,0.019825879260354062,
11,ar1,1,14,483,336,0,0,0.38853353373369137,32,0.04585439666626501,
11,ar1,1,14,484,336,0,0,0.03219992331960442,21,0.2283832471485152,
11,ar1,1,14,485,336,0,0,0.03595173507039895,31,0.12170182302377708,
11,ar1,1,14,486,336,0,0,0.03050328739624919,32,0.6156042668096112,
11,ar1,1,14,487,336,0,0,0.13801358952113052,31,0.03515823507052529,
11,ar1,1,14,488,336,0,0,0.08300488447578258,31,0.6276632604534229,
11,ar1,1,14,489,336,0,0,0.10690639245555611,24,0.023340677391879727,
11,ar1,1,14,490,336,0,0,0.007383687426058105,27,0.9472024808110394,
11,ar1,1,14,491,336,0,0,0.03761465286765664,29,0.000060082078561674024,
11,ar1,1,14,492,336,0,0,0.4166054695936088,31,0.19789834482831337,
11,ar1,1,14,493,336,0,0,0.24213336308830957,31,0.04509196530206139,
11,ar1,1,14,494,336,0,0,0.45243971858477405,29,0.10189354560859376,
11,ar1,1,14,495,336,0,0,0.01041772898779525,22,0.6185340278821077,
11,ar1,1,14,496,336,0,0,0.24897262568269252,30,0.08222546578416257,
11,ar1,1,14,497,336,1,1,0.002215507275469708,32,0.7676323293459646,
11,ar1,1,14,498,336,0,0,0.11344411485568207,28,0.25412099869994287,
11,ar1,1,14,499,336,0,0,0.38451948384147205,28,0.2794835447933569,
11,ar1,1,14,500,336,0,0,0.12401562304629787,32,0.8067363185649203,
11,ar1,1,14,501,336,0,0,0.4166532850497615,32,0.003308741935376225,
11,ar1,1,14,502,336,0,0,0.20344031737012347,31,0.03482900649873821,
11,ar1,1,14,503,336,0,0,0.007214147127398429,30,0.013080434286975584,
11,ar1,1,14,504,336,0,0,0.1825389693082179,30,0.14585005992780664,
11,ar1,1,14,505,336,0,0,0.3087892488362711,28,0.3156139470224847,
11,ar1,1,14,506,336,0,0,0.06874785419498397,25,0.000717770485627045,
11,ar1,1,14,507,336,1,1,0.0007476624240927432,19,0.05818583274583489,
11,ar1,1,14,508,336,0,0,0.019754501190739293,28,0.009981782690888674,
11,ar1,1,14,509,336,0,0,0.18999754316889317,32,0.33801367630882384,
11,ar1,1,14,510,336,0,0,0.015009162920379127,27,0.00019957963594263717,
11,ar1,1,14,511,336,0,0,0.004306688794486924,29,0.000282918657483644,
11,ar1,1,14,512,336,1,1,0.0026820331368285766,32,0.5378291249437478,
11,ar1,1,14,513,336,0,0,0.48353885994483936,31,0.7283127180133988,
11,ar1,1,14,514,336,0,0,0.10686583896300195,32,0.4197463047790261,
11,ar1,1,14,515,336,0,0,0.021259136605274898,30,0.3476548360451672,
11,ar1,1,14,516,336,0,0,0.2935653505180408,25,0.14940791194196534,
11,ar1,1,14,517,336,0,0,0.018765622464897658,32,0.856027390606834,
11,ar1,1,14,518,336,0,0,0.10475615210122247,29,0.009917696833012912,
11,ar1,1,14,519,336,0,0,0.3185798104845672,30,0.809740371947925,
11,ar1,1,14,520,336,0,0,0.22663938732650535,32,0.26612302232488605,
11,ar1,1,14,521,336,0,0,0.06989576706795764,31,0.38157964140225786,
11,ar1,1,14,522,336,0,0,0.05335293259919993,30,0.3817649745350046,
11,ar1,1,14,523,336,0,0,0.10854511749241358,30,0.05901386058097591,
11,ar1,1,14,524,336,0,0,0.0780328664057035,28,0.3858668888857486,
11,ar1,1,14,525,336,0,0,0.020126573819606697,26,0.020136230060778693,
11,ar1,1,14,526,336,0,0,0.029434113165657805,23,0.0012837649407910767,
11,ar1,1,14,527,336,0,0,0.05494254110016161,26,0.0029790144552537257,
11,ar1,1,14,528,336,0,0,0.04228805888756493,30,0.4414162282564055,
11,ar1,1,14,529,336,0,0,0.06865253752550626,27,0.26860333669563785,
11,ar1,1,14,530,336,1,1,0.0002690686120933039,27,0.2749216663785319,
11,ar1,1,14,531,336,0,0,0.0092520124396408,22,0.6636665769242369,
11,ar1,1,14,532,336,0,0,0.0392019242395617,31,0.026393567806907825,
11,ar1,1,14,533,336,0,0,0.22692871120709823,29,0.8115843125497242,
11,ar1,1,14,534,336,0,0,0.05758509344553364,32,0.7586293897946301,
11,ar1,1,14,535,336,0,0,0.20547091388266403,32,0.9409922810084194,
11,ar1,1,14,536,336,0,0,0.044670922721698036,31,0.24345158555561253,
11,ar1,1,14,537,336,0,0,0.046765075945449874,32,0.020753957506928877,
11,ar1,1,14,538,336,0,0,0.45298141141039916,30,0.020291687716965212,
11,ar1,1,14,539,336,1,1,0.0003985276930805748,24,1.4139145410041465e-10,
11,ar1,1,14,540,336,0,0,0.18992113304846692,29,0.7949321138405321,
11,ar1,1,14,541,336,0,0,0.0601187346895814,31,0.7083491561073176,
11,ar1,1,14,542,336,0,0,0.027081653747697554,23,0.02398276468371008,
11,ar1,1,14,543,336,0,0,0.08347800079243994,32,0.04049229687100697,
11,ar1,1,14,544,336,0,0,0.20648022330048166,28,0.05115964472752155,
11,ar1,1,14,545,336,0,0,0.013297767439320762,29,0.20830557084269108,
11,ar1,1,14,546,336,0,0,0.022099922758239132,28,0.6384212847114306,
11,ar1,1,14,547,336,0,0,0.22785699887689104,22,0.457654188180479,
11,ar1,1,14,548,336,0,0,0.01699268360361772,25,0.0206604639174387,
11,ar1,1,14,549,336,1,1,0.0015140225513724515,24,1.1463315185977763e-8,
11,ar1,1,14,550,336,0,0,0.26290887020085074,31,0.5493578259462044,
11,ar1,1,14,551,336,0,0,0.08002164078899277,32,0.20803932943752967,
11,ar1,1,14,552,336,0,0,0.10806029419296281,32,0.04626801520799684,
11,ar1,1,14,553,336,0,0,0.037337680313305865,26,0.3040939699236247,
11,ar1,1,14,554,336,0,0,0.18532157350869505,32,0.9941304826569286,
11,ar1,1,14,555,336,0,0,0.009083087282322655,22,0.0007353371144656062,
11,ar1,1,14,556,336,0,0,0.07205334818622144,32,0.0010680644497167435,
11,ar1,1,14,557,336,0,0,0.010797613641499892,26,0.08667646762436831,
11,ar1,1,14,558,336,0,0,0.010560620136741528,26,0.007478195638498386,
11,ar1,1,14,559,336,0,0,0.1510879832990204,29,0.3422971145352015,
11,ar1,1,14,560,336,0,0,0.48696348318276883,32,0.7601852213479593,
11,ar1,1,14,561,336,0,0,0.329232765492536,32,0.35890957931033696,
11,ar1,1,14,562,336,0,0,0.023241742860676595,24,0.0025357876411161717,
11,ar1,1,14,563,336,0,0,0.010626381811243313,26,0.1076172944845244,
11,ar1,1,14,564,336,0,0,0.4792083610297099,31,0.030705369422172835,
11,ar1,1,14,565,336,0,0,0.26894563231377255,32,0.032359962150517174,
11,ar1,1,14,566,336,0,0,0.091410915623091,31,0.03887740579001042,
11,ar1,1,14,567,336,0,0,0.009913826080707233,32,0.2329740874473647,
11,ar1,1,14,568,336,0,0,0.03913299959744887,20,0.9321732098748315,
11,ar1,1,14,569,336,0,0,0.037505474063253885,22,0.936048455115908,
11,ar1,1,14,570,336,0,0,0.03466400171698425,30,0.5456802469327269,
11,ar1,1,14,571,336,0,0,0.020970119431533485,29,0.7624532269039472,
11,ar1,1,14,572,336,0,0,0.0075415517659085385,27,0.045285791491001204,
11,ar1,1,14,573,336,0,0,0.04137712548436867,26,0.13176331964641008,
11,ar1,1,14,574,336,0,0,0.046232246232009944,32,0.43755626821915206,
11,ar1,1,14,575,336,0,0,0.0062040600057979844,24,0.000008709381111304815,
11,ar1,1,14,576,336,0,0,0.3963194875024838,32,0.6070223006687698,
11,ar1,1,14,577,336,0,0,0.06870437781833627,21,0.009716989023381029,
11,ar1,1,14,578,336,0,0,0.012713408529332115,24,0.024330052733170016,
11,ar1,1,14,579,336,0,0,0.16683236581323146,32,0.00988150074114158,
11,ar1,1,14,580,336,0,0,0.45604473723187033,30,0.002079064577807488,
11,ar1,1,14,581,336,0,0,0.045305654582598054,27,0.15938610988051782,
11,ar1,1,14,582,336,0,0,0.07889447601419142,30,0.4014217065893829,
11,ar1,1,14,583,336,1,1,0.0004597352225699236,29,0.48264865087729303,
11,ar1,1,14,584,336,0,0,0.005576087592803924,32,0.12971828971537303,
11,ar1,1,14,585,336,0,0,0.00798546129125799,26,0.16893375849272108,
11,ar1,1,14,586,336,0,0,0.15068230852949305,30,0.00006644976864211838,
11,ar1,1,14,587,336,0,0,0.02550216263879579,27,0.08459925580656324,
11,ar1,1,14,588,336,0,0,0.12151206580920337,32,0.7307333203601835,
11,ar1,1,14,589,336,0,0,0.07859621726328392,30,0.5832840063650984,
11,ar1,1,14,590,336,0,0,0.06807720246287985,25,0.8371474918134525,
11,ar1,1,14,591,336,0,0,0.004006188993535664,19,0.34369247678119885,
11,ar1,1,14,592,336,0,0,0.06835737073968373,32,0.49811267336931664,
11,ar1,1,14,593,336,1,1,0.00037419733836718816,26,0.0747046359757556,
11,ar1,1,14,594,336,0,0,0.20541293901454039,32,0.09120875518116778,
11,ar1,1,14,595,336,0,0,0.2084181779966261,32,0.5515966719945004,
11,ar1,1,14,596,336,0,1,0.06907006311083919,32,0.6513887387115759,
11,ar1,1,14,597,336,0,0,0.15018742370591298,31,0.20374937790736214,
11,ar1,1,14,598,336,0,0,0.020572508811610324,31,0.12357137275429897,
11,ar1,1,14,599,336,0,0,0.2679999067844039,32,0.6157533259325603,
11,ar1,1,14,600,336,0,0,0.12145870372498224,29,0.5378144337777553,
11,ar1,1,14,601,336,0,0,0.28808047660667524,31,0.035366985339702395,
11,ar1,1,14,602,336,0,0,0.011422171123186997,22,0.1278379275146243,
11,ar1,1,14,603,336,0,0,0.2088297759653509,29,0.18206903589802204,
11,ar1,1,14,604,336,0,0,0.011200299938666447,32,0.9637435928307169,
11,ar1,1,14,605,336,0,0,0.020217537043807687,22,0.055665876955731886,
11,ar1,1,14,606,336,0,0,0.319654642813349,29,0.16908024289399415,
11,ar1,1,14,607,336,0,0,0.09574540697857736,25,0.3363209230260792,
11,ar1,1,14,608,336,0,0,0.1224475786949345,27,0.004049608010418537,
11,ar1,1,14,609,336,1,1,0.0005867147446488863,25,0.29164453832526394,
11,ar1,1,14,610,336,0,0,0.3686469917918225,30,0.05325198649410201,
11,ar1,1,14,611,336,0,0,0.03379117498290796,28,0.17768686776373477,
11,ar1,1,14,612,336,0,0,0.028649247612535067,31,0.03465654207482849,
11,ar1,1,14,613,336,0,0,0.13892358040271569,32,0.8199417609107249,
11,ar1,1,14,614,336,0,0,0.1434091333794102,32,0.015673910537565616,
11,ar1,1,14,615,336,0,0,0.11110481189899701,31,0.743085646629094,
11,ar1,1,14,616,336,0,0,0.0075448763147721865,21,0.8819121455501185,
11,ar1,1,14,617,336,0,0,0.006440203459048943,27,0.00037356083557926745,
11,ar1,1,14,618,336,0,0,0.15792228184123636,31,0.027539672436362017,
11,ar1,1,14,619,336,0,0,0.005605244108216834,23,0.14571548987405647,
11,ar1,1,14,620,336,0,0,0.0701728554050347,30,0.4000314376955666,
11,ar1,1,14,621,336,0,0,0.007311576690520627,29,0.07246008622498112,
11,ar1,1,14,622,336,0,0,0.04895162716394075,24,0.000008532735115918122,
11,ar1,1,14,623,336,0,0,0.39533490950086414,32,0.019285871372598073,
11,ar1,1,14,624,336,0,0,0.22882227823905632,29,0.6711938565703662,
11,ar1,1,14,625,336,0,0,0.04810043586400403,30,0.5955910241252212,
11,ar1,1,14,626,336,0,0,0.07417430417626325,25,0.27321846437215136,
11,ar1,1,14,627,336,0,0,0.0775791077575888,23,0.9433513290632903,
11,ar1,1,14,628,336,0,0,0.04506641083526186,26,0.5366413728976744,
11,ar1,1,14,629,336,0,0,0.04630157778876187,28,0.01387435136220383,
11,ar1,1,14,630,336,0,0,0.030369003059363187,30,0.056119463865707875,
11,ar1,1,14,631,336,0,0,0.12038677511215323,30,0.11910387500582709,
11,ar1,1,14,632,336,0,0,0.0785508695744801,29,0.22121967737834758,
11,ar1,1,14,633,336,0,0,0.021679894113251663,22,0.05327227992172279,
11,ar1,1,14,634,336,0,0,0.02415185962202815,27,0.04730971093592973,
11,ar1,1,14,635,336,0,0,0.3245975247785233,28,0.13193305979807834,
11,ar1,1,14,636,336,0,0,0.10519077298433754,30,0.15355074649803302,
11,ar1,1,14,637,336,0,0,0.06139657429934642,30,0.004310806928703892,
11,ar1,1,14,638,336,1,1,0.0010757592122647708,26,0.018659349655729462,
11,ar1,1,14,639,336,0,0,0.09476194797874982,27,0.8376338930485361,
11,ar1,1,14,640,336,0,0,0.012203591960442628,30,0.028225249508312955,
11,ar1,1,14,641,336,0,0,0.4354278753046279,32,0.33669761458466696,
11,ar1,1,14,642,336,1,1,0.0015615165390643337,31,0.5604584596905744,
11,ar1,1,14,643,336,0,0,0.15712604853259493,32,0.001231435275952597,
11,ar1,1,14,644,336,0,0,0.037290489494239853,28,0.0013829664320970103,
11,ar1,1,14,645,336,0,0,0.15226883678113234,26,0.07707003053179573,
11,ar1,1,14,646,336,0,0,0.028904376608506532,28,0.0017128246900666166,
11,ar1,1,14,647,336,0,0,0.01678025006874062,25,0.0007563000932092612,
11,ar1,1,14,648,336,1,1,0.0007592605330486446,31,0.01623201504527283,
11,ar1,1,14,649,336,0,0,0.06577876794366988,22,0.5077040114977394,
11,ar1,1,14,650,336,0,0,0.2104530131672926,31,0.2117896078393423,
11,ar1,1,14,651,336,0,0,0.14208994365721472,32,0.07969136946237343,
11,ar1,1,14,652,336,0,0,0.10302100570969741,32,0.028882445987393757,
11,ar1,1,14,653,336,0,0,0.15492727055723832,29,0.06369521875701012,
11,ar1,1,14,654,336,0,0,0.08830283207306144,27,0.12979122266874177,
11,ar1,1,14,655,336,0,0,0.00391055051647049,26,0.025721320761639577,
11,ar1,1,14,656,336,0,0,0.0051429969679664955,31,0.1307068972102019,
11,ar1,1,14,657,336,0,0,0.02195755870387106,26,0.15186153157196558,
11,ar1,1,14,658,336,0,0,0.006287437228752468,25,0.0000844173654714897,
11,ar1,1,14,659,336,1,1,0.0016635746933938433,26,0.8376686123673758,
11,ar1,1,14,660,336,0,0,0.02736668588678426,27,0.14436266335016534,
11,ar1,1,14,661,336,0,0,0.014142860167411841,28,0.03687311165973439,
11,ar1,1,14,662,336,0,0,0.10116252393734393,30,0.06575405042186766,
11,ar1,1,14,663,336,1,1,0.0015018057246637406,19,0.05203279837596575,
11,ar1,1,14,664,336,0,0,0.08710344808958914,23,0.19642717263457854,
11,ar1,1,14,665,336,1,1,0.0021422163414170914,32,0.9451544159183021,
11,ar1,1,14,666,336,0,0,0.12272446386323277,29,0.004900250751179169,
11,ar1,1,14,667,336,0,0,0.08729852897749191,29,0.2608233745459585,
11,ar1,1,14,668,336,1,1,0.0013701643547775477,32,0.386320131099659,
11,ar1,1,14,669,336,0,0,0.035252613954355194,30,0.35500161537796404,
11,ar1,1,14,670,336,0,0,0.005562696913723353,29,0.500160374994585,
11,ar1,1,14,671,336,0,0,0.03831436993247306,29,0.8510148897572352,
11,ar1,1,14,672,336,0,0,0.15524229658184452,31,0.03552355542210117,
11,ar1,1,14,673,336,0,0,0.0501341580040956,27,0.7029717737319418,
11,ar1,1,14,674,336,0,0,0.025982258989768248,31,0.27643120296378276,
11,ar1,1,14,675,336,0,0,0.021850472573715973,31,0.01957622871435183,
11,ar1,1,14,676,336,0,0,0.4800391109354476,27,0.0023477753869642903,
11,ar1,1,14,677,336,0,0,0.10298998002751869,28,0.0026447162224600973,
11,ar1,1,14,678,336,0,0,0.24012804865280502,28,0.10211887651789964,
11,ar1,1,14,679,336,0,0,0.019451482049678837,23,0.07841893790313814,
11,ar1,1,14,680,336,0,0,0.11738362548544024,32,0.0016189365402446976,
11,ar1,1,14,681,336,0,0,0.0043883854903725705,26,0.14385937592793652,
11,ar1,1,14,682,336,0,0,0.044191312867409516,31,0.559422186280023,
11,ar1,1,14,683,336,0,0,0.09794737036897772,31,0.005254776867840483,
11,ar1,1,14,684,336,1,1,0.0007425735682373702,25,0.09283706961422877,
11,ar1,1,14,685,336,0,0,0.14023796806086863,28,0.7063475045239714,
11,ar1,1,14,686,336,0,0,0.04111484077366301,31,0.1038163681471963,
11,ar1,1,14,687,336,0,0,0.013514409842393604,25,0.008049523847430629,
11,ar1,1,14,688,336,0,0,0.010003783535443955,23,0.003112576504878617,
11,ar1,1,14,689,336,0,0,0.08963216218081738,27,0.6207147625075246,
11,ar1,1,14,690,336,0,0,0.006196287639321119,27,0.016018144661963607,
11,ar1,1,14,691,336,0,0,0.2727594948448884,29,0.21252356904383318,
11,ar1,1,14,692,336,0,0,0.048933837463636554,32,0.00785065567771992,
11,ar1,1,14,693,336,0,0,0.2672482107795009,30,0.6785716161619662,
11,ar1,1,14,694,336,0,0,0.05605592364371148,24,0.0041634027345420765,
11,ar1,1,14,695,336,0,0,0.01096258354845292,32,0.10395953597670937,
11,ar1,1,14,696,336,0,0,0.11709267437091364,27,0.0007039012512186638,
11,ar1,1,14,697,336,0,0,0.38099548520242554,32,0.7155994376206363,
11,ar1,1,14,698,336,0,0,0.18434041656295463,32,0.21319773890448923,
11,ar1,1,14,699,336,0,0,0.004248887131903967,28,0.6044191048966097,
11,ar1,1,14,700,336,0,0,0.08815710677214605,31,0.34640878810709785,
11,ar1,1,14,701,336,0,0,0.016702562425979117,32,0.8666151519144589,
11,ar1,1,14,702,336,0,0,0.17726460209403583,28,0.21685544153004965,
11,ar1,1,14,703,336,0,0,0.16481286338573087,31,0.0015203893737845142,
11,ar1,1,14,704,336,0,0,0.2736561000108978,32,0.2650240921150834,
11,ar1,1,14,705,336,0,0,0.018309486833394395,28,0.19693793983972707,
11,ar1,1,14,706,336,0,0,0.006865571892400446,28,0.4647564181058259,
11,ar1,1,14,707,336,0,0,0.010347710737379279,24,0.5317512808836529,
11,ar1,1,14,708,336,0,0,0.165220977280487,32,0.28390519523970603,
11,ar1,1,14,709,336,0,0,0.21891350168569534,26,0.0009503335993280571,
11,ar1,1,14,710,336,0,0,0.025805225759504946,31,0.011975779648314533,
11,ar1,1,14,711,336,0,0,0.06053311775202641,28,0.2631195656047032,
11,ar1,1,14,712,336,1,1,0.0018612704647114064,32,0.4477038865030176,
11,ar1,1,14,713,336,0,0,0.14063400441614804,31,0.1811854779643285,
11,ar1,1,14,714,336,0,0,0.010593022204955727,31,0.2421094251707222,
11,ar1,1,14,715,336,0,0,0.04615889439739984,32,0.32629516076586507,
11,ar1,1,14,716,336,0,0,0.0034492522006472903,18,0.005748568134734788,
11,ar1,1,14,717,336,1,1,0.0006468811281570286,19,0.36700484008407197,
11,ar1,1,14,718,336,1,1,0.0031025025652192673,21,0.7660926882546968,
11,ar1,1,14,719,336,0,0,0.0825074228683279,23,0.021688550941187823,
11,ar1,1,14,720,336,0,0,0.3111016227251504,32,0.7314797924092835,
11,ar1,1,14,721,336,0,0,0.016102889023605016,21,0.0724033896769174,
11,ar1,1,14,722,336,0,0,0.105320267739758,25,0.0039003913193955686,
11,ar1,1,14,723,336,0,0,0.0034515797569727447,22,0.26208273520850245,
11,ar1,1,14,724,336,0,0,0.210578822606863,30,0.24071345686427048,
11,ar1,1,14,725,336,0,0,0.1419888671308951,31,0.870005544758608,
11,ar1,1,14,726,336,0,0,0.028396071194763062,31,0.6826121174803426,
11,ar1,1,14,727,336,0,0,0.07321024865250103,32,0.38190347316265516,
11,ar1,1,14,728,336,1,1,0.0007397381330098707,32,0.025706831045347323,
11,ar1,1,14,729,336,0,0,0.04418649804428754,29,0.0027005452605330937,
11,ar1,1,14,730,336,0,0,0.00704002971263229,31,0.16495411980950647,
11,ar1,1,14,731,336,0,0,0.33905328671671575,32,0.2880253248250704,
11,ar1,1,14,732,336,0,0,0.032723738223556786,29,0.5856200375792968,
11,ar1,1,14,733,336,0,0,0.05222025028514876,26,0.35131168420207903,
11,ar1,1,14,734,336,0,0,0.0425620943661944,27,0.9034065592071848,
11,ar1,1,14,735,336,0,0,0.0829127746437407,32,0.0878867876826529,
11,ar1,1,14,736,336,0,0,0.3589608909852493,32,0.0007429886465645241,
11,ar1,1,14,737,336,0,0,0.04169131001844406,23,0.876363140684946,
11,ar1,1,14,738,336,0,0,0.006950038789756197,22,0.0034284452027594225,
11,ar1,1,14,739,336,0,0,0.18854959915494085,24,0.0026495789765287325,
11,ar1,1,14,740,336,0,0,0.15410216614524908,31,0.3639026975615871,
11,ar1,1,14,741,336,0,0,0.3028541980309476,30,0.2773309255501455,
11,ar1,1,14,742,336,0,0,0.05881468882830676,32,0.6782243029259389,
11,ar1,1,14,743,336,0,0,0.013318792610559238,20,0.12860392198891024,
11,ar1,1,14,744,336,0,0,0.009713711323945273,28,0.7401732557920129,
11,ar1,1,14,745,336,0,0,0.20438791406307133,29,0.9680053245160647,
11,ar1,1,14,746,336,0,0,0.011734153911383549,30,0.5175734845076856,
11,ar1,1,14,747,336,0,0,0.05793486126401892,28,0.0026960764392550685,
11,ar1,1,14,748,336,0,0,0.04071113450650299,26,0.3490063759089437,
11,ar1,1,14,749,336,0,0,0.036371873413563405,28,0.157892919057519,
11,ar1,1,14,750,336,0,0,0.1868191304967547,31,0.024252070390085034,
11,ar1,1,14,751,336,0,0,0.02363055536188141,30,0.23692123999118397,
11,ar1,1,14,752,336,0,0,0.09161568686814492,31,0.9261725707721656,
11,ar1,1,14,753,336,0,0,0.019655715958856845,19,0.13896851280053413,
11,ar1,1,14,754,336,0,0,0.05462692244230105,31,0.6740882334703604,
11,ar1,1,14,755,336,0,0,0.1135190282246551,32,0.5897834769205273,
11,ar1,1,14,756,336,0,0,0.18465621883742722,30,0.9248222568205621,
11,ar1,1,14,757,336,0,0,0.05771951096416417,26,0.003499001457144324,
11,ar1,1,14,758,336,0,0,0.05872713326742918,32,0.3734168963459913,
11,ar1,1,14,759,336,1,1,0.0007986413125313785,26,0.014481234845883262,
11,ar1,1,14,760,336,0,0,0.2276458189432381,29,0.23367119493010213,
11,ar1,1,14,761,336,0,0,0.11006334407042007,31,0.3236925341821374,
11,ar1,1,14,762,336,0,0,0.35380628792098456,30,0.2112427029902384,
11,ar1,1,14,763,336,0,0,0.07923108972410764,28,0.01336778872396549,
11,ar1,1,14,764,336,0,0,0.062415144947237766,30,0.0790168486944891,
11,ar1,1,14,765,336,0,0,0.012487877986132823,31,0.46268073640947505,
11,ar1,1,14,766,336,0,0,0.005229618754750809,29,0.4663784126625292,
11,ar1,1,14,767,336,0,0,0.20003680976779248,31,0.26408871167316894,
11,ar1,1,14,768,336,0,0,0.02840727617192773,32,0.4879868088903455,
11,ar1,1,14,769,336,1,1,0.0000428000721530708,18,0.0015054007706244432,
11,ar1,1,14,770,336,0,0,0.025604148899681323,29,0.10402432772442671,
11,ar1,1,14,771,336,0,0,0.16326860809913668,27,0.022420416490860795,
11,ar1,1,14,772,336,0,0,0.029846758993053335,29,0.04662850608125746,
11,ar1,1,14,773,336,0,0,0.11739977034855775,21,0.08223360026170756,
11,ar1,1,14,774,336,0,0,0.3033127852198694,29,0.1901597447741592,
11,ar1,1,14,775,336,0,0,0.004058892662323621,20,0.0781206563233332,
11,ar1,1,14,776,336,0,0,0.3200901578493901,31,0.29029029223469793,
11,ar1,1,14,777,336,0,0,0.010052557946692575,20,0.021644038782465125,
11,ar1,1,14,778,336,0,0,0.09918399107767317,31,0.5561500754976161,
11,ar1,1,14,779,336,0,0,0.25647527732656905,30,0.08319498259343883,
11,ar1,1,14,780,336,0,0,0.3477663331448415,30,0.47150295999145275,
11,ar1,1,14,781,336,0,0,0.12464335039809582,32,0.6287554022281541,
11,ar1,1,14,782,336,0,0,0.397442103210655,32,0.7132457750280865,
11,ar1,1,14,783,336,0,0,0.24581630242917107,30,0.07846333302619901,
11,ar1,1,14,784,336,0,0,0.31684449481462795,31,0.6833895027080796,
11,ar1,1,14,785,336,0,0,0.5716367980622634,32,0.6022508030822429,
11,ar1,1,14,786,336,0,0,0.22779150381132585,29,0.20151027090527207,
11,ar1,1,14,787,336,0,0,0.01666424789508647,30,0.20625543793868506,
11,ar1,1,14,788,336,0,0,0.0048905486343998605,32,0.03220304278250352,
11,ar1,1,14,789,336,0,0,0.012649841842649612,30,0.29651898915069275,
11,ar1,1,14,790,336,0,0,0.020889331616932294,31,0.43868304668836,
11,ar1,1,14,791,336,0,0,0.321069607094039,32,0.01652887902466893,
11,ar1,1,14,792,336,0,0,0.30621416619938535,32,0.46554569787839917,
11,ar1,1,14,793,336,0,0,0.040146420793571336,28,0.0023084300901340393,
11,ar1,1,14,794,336,0,0,0.15838363454722448,27,0.006156780902367265,
11,ar1,1,14,795,336,0,0,0.03691797383955142,27,0.09162876031750455,
11,ar1,1,14,796,336,1,1,0.0011168487266028926,28,0.0422256661514272,
11,ar1,1,14,797,336,1,1,0.00002312116364477923,28,0.7669957826835838,
11,ar1,1,14,798,336,0,0,0.1090665110545691,31,0.5205742053985059,
11,ar1,1,14,799,336,0,0,0.02740230137962274,31,0.005428437938490571,
11,ar1,1,14,800,336,0,0,0.05816604913387058,30,0.4652837954632729,
11,ar1,1,14,801,336,0,0,0.11533569308114444,26,0.1852614991776501,
11,ar1,1,14,802,336,0,0,0.0197365644495493,29,0.6729759274481951,
11,ar1,1,14,803,336,0,0,0.07780750741288844,31,0.5195540825835294,
11,ar1,1,14,804,336,0,0,0.2569765353379201,30,0.0001547941128999808,
11,ar1,1,14,805,336,0,0,0.022505418723496318,23,0.0027520259609524755,
11,ar1,1,14,806,336,0,0,0.2549263165028294,25,0.1218162931216682,
11,ar1,1,14,807,336,1,1,0.0002471648055788478,27,0.003342314233129695,
11,ar1,1,14,808,336,0,0,0.016715495315717588,25,0.0027773611850474555,
11,ar1,1,14,809,336,0,0,0.004683341014624531,24,0.08490724938847805,
11,ar1,1,14,810,336,0,0,0.043747171758505954,28,0.496984707520322,
11,ar1,1,14,811,336,1,1,0.00025127020398074684,23,0.012243030601770233,
11,ar1,1,14,812,336,0,0,0.003916068034371389,31,0.0003106839548138174,
11,ar1,1,14,813,336,0,0,0.09877232515952528,25,0.05658016926074161,
11,ar1,1,14,814,336,0,0,0.17226424728170553,29,0.005173131374954232,
11,ar1,1,14,815,336,0,0,0.20640444303863725,31,0.696822255680531,
11,ar1,1,14,816,336,0,0,0.326922594533249,28,0.5529156148725335,
11,ar1,1,14,817,336,0,0,0.305822745782373,30,0.008788184562938506,
11,ar1,1,14,818,336,0,0,0.05017331748521925,30,0.30098175646846503,
11,ar1,1,14,819,336,0,0,0.06211587161232879,21,0.3991051333642327,
11,ar1,1,14,820,336,0,0,0.11438572546798942,32,0.17007601526648342,
11,ar1,1,14,821,336,0,0,0.23822290672870627,31,0.79617854001225,
11,ar1,1,14,822,336,0,0,0.014744246511691705,29,0.005086910315664106,
11,ar1,1,14,823,336,0,0,0.11347484419830023,28,0.8011322083592476,
11,ar1,1,14,824,336,0,0,0.021585520100634192,28,0.000544629316596823,
11,ar1,1,14,825,336,0,0,0.03784739253394198,27,0.5552869584986895,
11,ar1,1,14,826,336,0,0,0.08500353883494594,28,0.012970004795151091,
11,ar1,1,14,827,336,0,0,0.3648488022759162,31,0.8516206657574199,
11,ar1,1,14,828,336,0,0,0.006906837092821583,30,0.5655290760504847,
11,ar1,1,14,829,336,1,1,0.00002334731945774493,25,0.007668971352987164,
11,ar1,1,14,830,336,0,0,0.09411427362668812,32,0.8974235139993105,
11,ar1,1,14,831,336,0,0,0.22405709529218854,32,0.6981414759538446,
11,ar1,1,14,832,336,0,0,0.008190318996491475,30,0.821994821904154,
11,ar1,1,14,833,336,0,0,0.02779720803336594,29,0.11676733722444887,
11,ar1,1,14,834,336,0,0,0.003851597758931957,30,0.6730719526243673,
11,ar1,1,14,835,336,0,0,0.043087912031911646,26,0.19922533778196638,
11,ar1,1,14,836,336,0,0,0.024876335814891903,27,0.9842507296849173,
11,ar1,1,14,837,336,0,0,0.10253003552357198,29,0.8268982174374788,
11,ar1,1,14,838,336,0,0,0.3911066295131038,31,0.9041984977945251,
11,ar1,1,14,839,336,0,0,0.04196942033278839,30,0.45595347342017056,
11,ar1,1,14,840,336,0,0,0.17098721106443882,31,0.028257320999447222,
11,ar1,1,14,841,336,0,0,0.08811189270979014,32,0.0023655982170139866,
11,ar1,1,14,842,336,0,0,0.28236023779416763,31,0.05061429129369499,
11,ar1,1,14,843,336,0,0,0.05118988458265472,28,0.19654523134813007,
11,ar1,1,14,844,336,0,0,0.04952261719536222,31,0.31940070202239745,
11,ar1,1,14,845,336,0,0,0.02554936380000561,28,0.6363365528720075,
11,ar1,1,14,846,336,0,0,0.02181736559880898,29,0.10009267229164354,
11,ar1,1,14,847,336,0,0,0.07780276131771802,30,0.3436711884339405,
11,ar1,1,14,848,336,0,0,0.10642523445024643,22,0.03167954001552875,
11,ar1,1,14,849,336,0,0,0.006220846957567194,27,0.6804759672125512,
11,ar1,1,14,850,336,1,1,0.0013044150840256785,31,0.12929790522121132,
11,ar1,1,14,851,336,0,0,0.02048958292641656,26,0.5491969527888435,
11,ar1,1,14,852,336,0,0,0.10025776699701328,32,0.22694571402875274,
11,ar1,1,14,853,336,0,0,0.018883326810947287,24,0.0036547519663697736,
11,ar1,1,14,854,336,0,0,0.07460356431869952,32,0.03666114482245375,
11,ar1,1,14,855,336,0,0,0.0037286257951374413,25,0.00009952434704141311,
11,ar1,1,14,856,336,0,0,0.019912844140483887,32,0.5941264496009837,
11,ar1,1,14,857,336,0,0,0.044540831528075864,29,0.06451270503240325,
11,ar1,1,14,858,336,0,0,0.027258013593802977,29,0.9287694442672823,
11,ar1,1,14,859,336,0,0,0.11734565090190952,31,0.23620449505148833,
11,ar1,1,14,860,336,1,1,0.0031732791190366427,26,0.1019345677750193,
11,ar1,1,14,861,336,0,0,0.008304161450400804,31,0.00040114565776339095,
11,ar1,1,14,862,336,0,0,0.00401063220002551,32,0.01170924668711426,
11,ar1,1,14,863,336,0,0,0.012797876642856143,21,0.5521369467301047,
11,ar1,1,14,864,336,0,0,0.053152459168651855,31,0.0006017227041893447,
11,ar1,1,14,865,336,0,0,0.23970324228855078,29,0.02936713614881714,
11,ar1,1,14,866,336,0,0,0.029903301478458988,29,0.34066489471094186,
11,ar1,1,14,867,336,0,0,0.1356390271286947,32,0.03400264282747201,
11,ar1,1,14,868,336,0,0,0.007742713318129257,30,0.18278482658118977,
11,ar1,1,14,869,336,0,0,0.03217403281861453,22,0.00967787155350508,
11,ar1,1,14,870,336,0,0,0.06445375887339844,28,0.4193090850524388,
11,ar1,1,14,871,336,0,0,0.06851696653618988,32,0.4512669100612704,
11,ar1,1,14,872,336,0,0,0.07059438114785,32,0.23151799013605934,
11,ar1,1,14,873,336,0,0,0.012552352164269087,23,0.03890373670857694,
11,ar1,1,14,874,336,0,0,0.06435564015726203,26,0.2224692671904558,
11,ar1,1,14,875,336,0,0,0.18597986312100312,31,0.5569923948433777,
11,ar1,1,14,876,336,0,0,0.14034108866953732,32,0.1623085852629702,
11,ar1,1,14,877,336,0,0,0.005940954887502459,31,0.04170413978861831,
11,ar1,1,14,878,336,0,0,0.0041420675098443605,23,0.00003498515587563311,
11,ar1,1,14,879,336,0,0,0.12006948268350237,29,0.0033129388591034425,
11,ar1,1,14,880,336,0,0,0.021261188160826228,22,0.0122461064586884,
11,ar1,1,14,881,336,0,0,0.04531105422981707,29,0.1748020767782098,
11,ar1,1,14,882,336,0,0,0.6542915634218132,32,0.8838327946035518,
11,ar1,1,14,883,336,0,0,0.00423181562407704,26,0.1283350525483089,
11,ar1,1,14,884,336,0,0,0.014004885838379444,24,0.004702523992923591,
11,ar1,1,14,885,336,0,0,0.3489807367583688,31,0.12273429708566252,
11,ar1,1,14,886,336,0,0,0.020999146170470828,30,0.1622466872397328,
11,ar1,1,14,887,336,0,0,0.07002289946724616,28,0.043206076238261226,
11,ar1,1,14,888,336,0,0,0.15850884519917097,29,0.7342482847955392,
11,ar1,1,14,889,336,0,0,0.03932285168970273,28,0.17208471329124153,
11,ar1,1,14,890,336,0,0,0.14791503246897897,30,0.035653690609906086,
11,ar1,1,14,891,336,0,0,0.05614536256467617,30,0.3784990515909945,
11,ar1,1,14,892,336,0,0,0.03190848116080036,29,0.062194426540381875,
11,ar1,1,14,893,336,0,0,0.17392901605020894,29,0.2261627585182534,
11,ar1,1,14,894,336,0,0,0.5318622504960995,29,0.12659710228197296,
11,ar1,1,14,895,336,0,0,0.16084427025024395,28,0.6307577912998874,
11,ar1,1,14,896,336,0,0,0.006316277509376245,24,0.00023510944268334555,
11,ar1,1,14,897,336,0,0,0.02044313290078803,25,0.7420762901645473,
11,ar1,1,14,898,336,0,0,0.09177733420222522,30,0.007911585847654723,
11,ar1,1,14,899,336,0,0,0.04027269976552905,29,0.00031111305610553863,
11,ar1,1,14,900,336,0,0,0.012753102846608688,28,0.6851903668345234,
11,ar1,1,14,901,336,0,0,0.021106077037062798,31,0.36371237941612333,
11,ar1,1,14,902,336,0,0,0.054381343591802356,20,0.9466702380461886,
11,ar1,1,14,903,336,0,0,0.10566469401356693,27,0.374666451192297,
11,ar1,1,14,904,336,0,0,0.05240165574421318,27,0.8689997414552513,
11,ar1,1,14,905,336,0,0,0.024379598590443807,26,0.6317469502711742,
11,ar1,1,14,906,336,0,0,0.08519692110315458,26,0.3327016995395814,
11,ar1,1,14,907,336,0,0,0.014071442335819695,23,0.00044226625637877603,
11,ar1,1,14,908,336,0,0,0.14983416984230646,27,0.0004441607494295452,
11,ar1,1,14,909,336,0,0,0.11047602092436226,29,0.04166913653515503,
11,ar1,1,14,910,336,1,1,0.0027378557619676114,32,0.2889070193941342,
11,ar1,1,14,911,336,0,0,0.3295944009384597,32,0.013339218665283759,
11,ar1,1,14,912,336,0,0,0.4680425297488041,32,0.25187759080399186,
11,ar1,1,14,913,336,0,0,0.0062798251463979105,22,0.4897021611981306,
11,ar1,1,14,914,336,0,0,0.05861136602399852,29,0.5973470326693837,
11,ar1,1,14,915,336,0,0,0.005993008508695441,25,0.0017510376298325303,
11,ar1,1,14,916,336,1,1,0.0008926498700009278,30,0.11475238144720357,
11,ar1,1,14,917,336,0,0,0.00840655379232147,29,0.7001018183443182,
11,ar1,1,14,918,336,0,0,0.0452659094283947,24,0.003533668833796466,
11,ar1,1,14,919,336,0,0,0.10573842525002874,31,0.431720909592484,
11,ar1,1,14,920,336,0,0,0.039697868142101966,24,0.00010247957485531867,
11,ar1,1,14,921,336,0,0,0.026520204231901157,30,0.07540455492876585,
11,ar1,1,14,922,336,0,0,0.3004861734626829,32,0.01739456523786176,
11,ar1,1,14,923,336,0,0,0.031103605456369587,21,0.5075563962243348,
11,ar1,1,14,924,336,1,1,0.002448954729240338,26,0.18040066451302084,
11,ar1,1,14,925,336,0,0,0.2666154273319632,32,0.002952982059743481,
11,ar1,1,14,926,336,0,0,0.061558987533585796,31,0.004297110508893809,
11,ar1,1,14,927,336,0,0,0.009555466666531065,27,0.7351037276168076,
11,ar1,1,14,928,336,0,0,0.050255853062706746,32,0.06850605781538277,
11,ar1,1,14,929,336,0,0,0.024484589024294068,26,0.8316128673282548,
11,ar1,1,14,930,336,0,0,0.014265949778974885,31,0.00010651196627564641,
11,ar1,1,14,931,336,1,1,0.001346742634945386,28,0.5630620845538886,
11,ar1,1,14,932,336,0,0,0.024163429439982953,27,0.0736786332218129,
11,ar1,1,14,933,336,0,0,0.0994129372530469,30,0.006969427599289646,
11,ar1,1,14,934,336,0,0,0.01995938729613267,30,0.8410163660280622,
11,ar1,1,14,935,336,0,0,0.089311237307231,30,0.7903668096522617,
11,ar1,1,14,936,336,0,0,0.5304170734811753,32,0.7496381289090754,
11,ar1,1,14,937,336,1,1,0.00018511342422122823,31,0.11771267953389264,
11,ar1,1,14,938,336,1,1,0.0025601812841441474,20,0.23569017598568454,
11,ar1,1,14,939,336,0,0,0.024633657148908306,31,0.763843748671025,
11,ar1,1,14,940,336,1,1,0.002055177383918916,29,0.04303538053038136,
11,ar1,1,14,941,336,0,0,0.07562969211698589,30,0.4959304625815534,
11,ar1,1,14,942,336,0,0,0.43613612359620557,29,0.7528043661072313,
11,ar1,1,14,943,336,0,0,0.03323409897116025,32,0.16187618030785,
11,ar1,1,14,944,336,0,0,0.24867397707426986,30,0.5136089369913819,
11,ar1,1,14,945,336,0,0,0.16464510348845574,31,0.681681415938098,
11,ar1,1,14,946,336,0,0,0.056663851882455596,31,0.0451024168460038,
11,ar1,1,14,947,336,1,1,0.0003595942180615319,29,0.09697329443811709,
11,ar1,1,14,948,336,0,0,0.06271818581031419,30,0.016175975470825832,
11,ar1,1,14,949,336,0,0,0.06185598268043824,31,0.2341105563602871,
11,ar1,1,14,950,336,0,0,0.3207391066449141,31,0.5861040403202343,
11,ar1,1,14,951,336,0,0,0.15093895795143564,29,0.8420614496346335,
11,ar1,1,14,952,336,0,0,0.02626606914221541,31,0.7801955024376401,
11,ar1,1,14,953,336,0,0,0.07252226902639447,29,0.5640644423128034,
11,ar1,1,14,954,336,0,0,0.16690476700900747,28,0.013355700319406583,
11,ar1,1,14,955,336,0,0,0.17244798056772415,26,0.006326805509756839,
11,ar1,1,14,956,336,0,0,0.023687812030086963,29,0.4617002668750293,
11,ar1,1,14,957,336,0,0,0.017294225198911106,29,0.03902796631242411,
11,ar1,1,14,958,336,0,0,0.03904092637134349,32,0.13485850534181199,
11,ar1,1,14,959,336,0,0,0.27959092527952123,30,0.0006332440403112871,
11,ar1,1,14,960,336,0,0,0.035942615873315265,29,0.052310769690482206,
11,ar1,1,14,961,336,0,0,0.17544398679315754,30,0.6769396120825564,
11,ar1,1,14,962,336,0,0,0.09579212576167717,26,0.0243104208490158,
11,ar1,1,14,963,336,0,0,0.019777245905773566,26,0.026765165100346322,
11,ar1,1,14,964,336,0,0,0.110095359835092,27,0.5959349538786551,
11,ar1,1,14,965,336,0,0,0.2546645624824966,31,0.002594872967494055,
11,ar1,1,14,966,336,0,0,0.037292416738767376,28,0.23341013854528725,
11,ar1,1,14,967,336,0,0,0.30323622724824384,31,0.00007755288490840506,
11,ar1,1,14,968,336,0,0,0.2507962857061323,31,0.23869325626642746,
11,ar1,1,14,969,336,0,0,0.050707138726769685,30,0.9242646931854074,
11,ar1,1,14,970,336,0,0,0.005582173346073804,28,0.16257059033647803,
11,ar1,1,14,971,336,0,0,0.0791922702277742,28,0.0014782574338172427,
11,ar1,1,14,972,336,0,0,0.06966269589393692,28,0.002689493292476808,
11,ar1,1,14,973,336,0,0,0.009755297696701914,31,0.00018881626726774403,
11,ar1,1,14,974,336,1,1,0.0002421565713742746,30,0.41319077906491686,
11,ar1,1,14,975,336,0,0,0.005337900366495063,26,0.5695572608552648,
11,ar1,1,14,976,336,0,0,0.01801958650440283,23,0.44572476122121085,
11,ar1,1,14,977,336,1,1,0.00022345521630040555,28,0.2052986969860645,
11,ar1,1,14,978,336,0,0,0.02928894886315625,32,0.7245675877757806,
11,ar1,1,14,979,336,0,0,0.17082037034535935,28,0.2895922235706141,
11,ar1,1,14,980,336,0,0,0.18090513627174665,28,0.06174220588721746,
11,ar1,1,14,981,336,0,0,0.006916843387799965,30,0.7469223145871539,
11,ar1,1,14,982,336,0,0,0.04068694752153257,29,0.2581936320386956,
11,ar1,1,14,983,336,0,0,0.2783516110086479,32,0.8028282491508959,
11,ar1,1,14,984,336,1,1,0.0010577691171379522,30,0.009557238811199631,
11,ar1,1,14,985,336,1,1,0.00047400566187028037,21,0.64457437753296,
11,ar1,1,14,986,336,0,0,0.030192239604316273,23,0.052759564129071124,
11,ar1,1,14,987,336,0,0,0.33255061414989195,32,0.008325519386794378,
11,ar1,1,14,988,336,0,0,0.027972398331359893,31,0.006680218475166422,
11,ar1,1,14,989,336,0,0,0.3887751307187246,31,0.3892306314968327,
11,ar1,1,14,990,336,0,0,0.00616576694299964,32,0.6595144953544615,
11,ar1,1,14,991,336,0,0,0.10769311412326499,32,0.7542984254639713,
11,ar1,1,14,992,336,0,0,0.08343383270260718,32,0.15290243266527448,
11,ar1,1,14,993,336,0,0,0.09079534446368476,27,0.8753534318498019,
11,ar1,1,14,994,336,0,0,0.5284306456255375,32,0.5052131077579118,
11,ar1,1,14,995,336,1,1,0.0031170509732497687,26,0.07075827624413744,
11,ar1,1,14,996,336,0,0,0.009097051316170668,27,0.22588983951253105,
11,ar1,1,14,997,336,0,0,0.0593086726534412,29,0.05913214887523233,
11,ar1,1,14,998,336,0,0,0.017185480262210562,27,0.24287049191277144,
11,ar1,1,14,999,336,0,0,0.23662019738446904,30,0.6377140714875401,
