cell,noise,dt,days,rep,n,CHI_sigPeak,CHI_sigAny,CHI_pPeak,CHI_peak,COS24_p,SURR_p
0,white,0.25,3,0,288,0,0,0.020084735216435168,27.5,0.7035450453553889,
0,white,0.25,3,1,288,0,0,0.09654937874974756,29.25,0.22583826956914033,
0,white,0.25,3,2,288,0,0,0.23905785330530083,30.25,0.1925221128442569,
0,white,0.25,3,3,288,0,0,0.22724805710484575,31.5,0.9499617537947751,
0,white,0.25,3,4,288,0,0,0.2132808881439019,31.75,0.5327224874116143,
0,white,0.25,3,5,288,0,0,0.034531977107796985,29.25,0.10024351233645956,
0,white,0.25,3,6,288,0,0,0.03485924193504608,29.25,0.8912273874408928,
0,white,0.25,3,7,288,0,0,0.012727030761929048,32,0.20351041702985695,
0,white,0.25,3,8,288,0,0,0.18204028129769523,31.5,0.17043767728790804,
0,white,0.25,3,9,288,0,0,0.006165295724476216,25,0.954085721598013,
0,white,0.25,3,10,288,0,0,0.20392481375518834,32,0.0271553866727845,
0,white,0.25,3,11,288,0,0,0.02128500930895716,32,0.4121305408254422,
0,white,0.25,3,12,288,0,0,0.0957115636482847,31,0.5146255050006818,
0,white,0.25,3,13,288,0,0,0.14031129230628403,31.5,0.6993179920764532,
0,white,0.25,3,14,288,0,0,0.19050443141462015,31,0.2149584706242419,
0,white,0.25,3,15,288,0,0,0.03591956074012903,30.75,0.7920537076460623,
0,white,0.25,3,16,288,0,0,0.04177390726310526,31.5,0.45344907686777636,
0,white,0.25,3,17,288,0,0,0.036163585373489515,31.5,0.5208910216234082,
0,white,0.25,3,18,288,0,0,0.1758027770828937,31.75,0.9448735330760956,
0,white,0.25,3,19,288,0,0,0.0478635419013147,30.25,0.5098962375018439,
0,white,0.25,3,20,288,0,0,0.145958991877831,31.5,0.2700141033897141,
0,white,0.25,3,21,288,0,0,0.09743917423518811,31.25,0.5006000248775937,
0,white,0.25,3,22,288,0,0,0.20116294792740197,30.5,0.33054790668528944,
0,white,0.25,3,23,288,0,0,0.12497088340917939,29.25,0.14961571055722322,
0,white,0.25,3,24,288,0,0,0.24039194711957557,31.25,0.44062570762717324,
0,white,0.25,3,25,288,0,0,0.10108153104507822,30.25,0.864086384884515,
0,white,0.25,3,26,288,0,0,0.09186742186831609,29.5,0.7396633853452966,
0,white,0.25,3,27,288,0,0,0.030127304505129127,28,0.7353396692216804,
0,white,0.25,3,28,288,0,0,0.015357457909008776,28.5,0.7326949914284414,
0,white,0.25,3,29,288,0,0,0.12234868930731291,32,0.4499834985841257,
0,white,0.25,3,30,288,0,0,0.1615134246770038,31,0.016303427394524173,
0,white,0.25,3,31,288,0,0,0.3174940663518503,31.75,0.14174716478801586,
0,white,0.25,3,32,288,0,0,0.15791417587722434,31.25,0.524373112804134,
0,white,0.25,3,33,288,0,1,0.24187313666572252,30,0.5126239280644261,
0,white,0.25,3,34,288,0,0,0.21494075513884048,31.5,0.2958943105543299,
0,white,0.25,3,35,288,0,0,0.04764237268116256,28.75,0.936000916655386,
0,white,0.25,3,36,288,0,0,0.1917683353894093,31.75,0.9976889969604829,
0,white,0.25,3,37,288,0,0,0.06978493303121236,31.25,0.06988040808780249,
0,white,0.25,3,38,288,0,0,0.03281933628238776,30.75,0.27358720579742624,
0,white,0.25,3,39,288,0,0,0.19408038961169205,31.25,0.16379468686770893,
0,white,0.25,3,40,288,0,0,0.11230873410321207,31.75,0.5986399243559447,
0,white,0.25,3,41,288,0,0,0.053942095157729186,31.5,0.10434827193528218,
0,white,0.25,3,42,288,0,0,0.12673116425640818,29,0.39809654737665556,
0,white,0.25,3,43,288,0,0,0.11041474648607219,30.5,0.50000391905673,
0,white,0.25,3,44,288,0,0,0.10998612556740028,31.75,0.90219041048788,
0,white,0.25,3,45,288,0,0,0.07185722032626196,31.5,0.8622049542916526,
0,white,0.25,3,46,288,0,0,0.02347768435381048,31.5,0.47477922422578067,
0,white,0.25,3,47,288,0,0,0.10937568779075801,31,0.08900393035430254,
0,white,0.25,3,48,288,0,0,0.11980100536049998,31,0.018943635241226886,
0,white,0.25,3,49,288,0,0,0.07217508318999777,31.5,0.4809551965331067,
0,white,0.25,3,50,288,0,0,0.0786566825559386,29.25,0.7477263977047908,
0,white,0.25,3,51,288,0,0,0.2638275303944533,31.75,0.31401718766809006,
0,white,0.25,3,52,288,0,0,0.21386664166307745,30.75,0.31491225066289874,
0,white,0.25,3,53,288,0,0,0.017491124850834594,29,0.9371437281687609,
0,white,0.25,3,54,288,0,0,0.083218624572173,31,0.746906025786599,
0,white,0.25,3,55,288,0,0,0.05515494173672608,30,0.67441965284015,
0,white,0.25,3,56,288,0,0,0.0803667969713775,31.25,0.6495838551136897,
0,white,0.25,3,57,288,0,0,0.02377137155420761,31.25,0.05054454625395044,
0,white,0.25,3,58,288,0,0,0.1269636500793614,29.75,0.49653274797415814,
0,white,0.25,3,59,288,0,0,0.14591159328897163,30.75,0.49729486819002855,
0,white,0.25,3,60,288,0,0,0.2577367232006762,32,0.5432409477081162,
0,white,0.25,3,61,288,0,0,0.04462888144914212,30.25,0.6252250265153102,
0,white,0.25,3,62,288,0,0,0.01821932621719735,27.25,0.901304763283958,
0,white,0.25,3,63,288,0,0,0.14396691447360122,31.25,0.5593649026790205,
0,white,0.25,3,64,288,0,0,0.03186950968080848,31,0.997661643628511,
0,white,0.25,3,65,288,0,0,0.10639710235869038,31.75,0.9438532237447315,
0,white,0.25,3,66,288,0,0,0.04998437301017744,29.25,0.49769161900282755,
0,white,0.25,3,67,288,0,0,0.05828454070840794,29.75,0.5322448129863875,
0,white,0.25,3,68,288,0,0,0.17287549034284755,31.75,0.6618895495110537,
0,white,0.25,3,69,288,0,0,0.04321062297991829,31.5,0.7676081614199658,
0,white,0.25,3,70,288,0,0,0.18623871815146986,31.5,0.1624003155203385,
0,white,0.25,3,71,288,0,0,0.03678682819518597,31,0.6943147006284657,
0,white,0.25,3,72,288,0,0,0.17177325856067838,31.5,0.3054294264630266,
0,white,0.25,3,73,288,0,0,0.0357465424495883,29.75,0.3852935009217092,
0,white,0.25,3,74,288,0,0,0.03733481688791518,30.25,0.7392164130100229,
0,white,0.25,3,75,288,0,0,0.05192642064765418,30.25,0.8388311559268954,
0,white,0.25,3,76,288,0,0,0.09652206142821906,30.75,0.01779144627570073,
0,white,0.25,3,77,288,0,0,0.014481996633851968,29,0.5708294228297672,
0,white,0.25,3,78,288,0,0,0.1138075385108025,30.5,0.8275820076376321,
0,white,0.25,3,79,288,0,0,0.0742067520854881,29.75,0.7006524859250253,
0,white,0.25,3,80,288,0,0,0.026005661976544414,29.75,0.2097797923956617,
0,white,0.25,3,81,288,0,0,0.17824347979447708,31.75,0.9401329242172515,
0,white,0.25,3,82,288,0,0,0.16976560037238442,32,0.6860253940958155,
0,white,0.25,3,83,288,0,0,0.04373138983562708,30.25,0.03411013808848595,
0,white,0.25,3,84,288,0,0,0.2787247855270607,31.5,0.9173355956096259,
0,white,0.25,3,85,288,0,0,0.19428294606527452,32,0.518770256336327,
0,white,0.25,3,86,288,0,0,0.047695100147773895,27.75,0.33106847734998246,
0,white,0.25,3,87,288,0,0,0.12446082195004504,30.5,0.046249623070278245,
0,white,0.25,3,88,288,0,0,0.06162940329422273,27.25,0.1949377204487197,
0,white,0.25,3,89,288,0,0,0.1607620869550721,31.75,0.9022450563331235,
0,white,0.25,3,90,288,0,0,0.12777668455186686,31.75,0.3318990487560175,
0,white,0.25,3,91,288,0,0,0.08876172518586434,32,0.3252103189160638,
0,white,0.25,3,92,288,0,0,0.09337247652783853,30.25,0.3841191411763343,
0,white,0.25,3,93,288,0,0,0.1305049475378145,31.5,0.18258395185053955,
0,white,0.25,3,94,288,0,0,0.11184564953309495,29,0.02193996471175763,
0,white,0.25,3,95,288,0,0,0.1690547168367682,32,0.8927374204364918,
0,white,0.25,3,96,288,0,0,0.11861374043879402,32,0.5330085881889464,
0,white,0.25,3,97,288,0,0,0.04311097919545981,27.5,0.14396129540274338,
0,white,0.25,3,98,288,0,0,0.16469869901628365,30.5,0.6578397142778454,
0,white,0.25,3,99,288,0,0,0.054754857341152596,32,0.08806574111596932,
0,white,0.25,3,100,288,0,0,0.043937662353715545,29.75,0.6926095912529946,
0,white,0.25,3,101,288,0,0,0.1534269594715969,29.5,0.0713338400523782,
0,white,0.25,3,102,288,0,0,0.050704373245066936,31.25,0.3520421989655689,
0,white,0.25,3,103,288,0,0,0.24504723311950793,31.25,0.3286284646110731,
0,white,0.25,3,104,288,0,0,0.13556762927903288,32,0.5259304133149201,
0,white,0.25,3,105,288,0,0,0.0952359661218366,32,0.6918994757242853,
0,white,0.25,3,106,288,0,0,0.10496205685399196,31.25,0.4432404536641882,
0,white,0.25,3,107,288,0,0,0.08145593342557,31,0.23472133116459837,
0,white,0.25,3,108,288,0,0,0.1564842032789262,31.5,0.19884836336114287,
0,white,0.25,3,109,288,0,0,0.13115154845694077,29.75,0.31126795803640683,
0,white,0.25,3,110,288,0,0,0.13329096041322896,31.5,0.7648905567529112,
0,white,0.25,3,111,288,0,0,0.06756555312659585,32,0.3410363476938192,
0,white,0.25,3,112,288,0,0,0.11686354952655065,32,0.9490415937608385,
0,white,0.25,3,113,288,0,0,0.1931422525469264,30.5,0.9343562958362459,
0,white,0.25,3,114,288,0,0,0.08614021074261635,29.75,0.265253542925863,
0,white,0.25,3,115,288,0,0,0.03799803313482275,31,0.5331032835358069,
0,white,0.25,3,116,288,0,0,0.29126773433237596,32,0.5461658258435258,
0,white,0.25,3,117,288,0,0,0.04445880574056249,31.75,0.07786182733107427,
0,white,0.25,3,118,288,0,0,0.09737346157698479,32,0.8482214220740876,
0,white,0.25,3,119,288,0,0,0.07499899651166475,31.5,0.7284395377650938,
0,white,0.25,3,120,288,0,0,0.19437916087432572,32,0.795988610495139,
0,white,0.25,3,121,288,0,0,0.07525153777007265,31.5,0.3839481283241909,
0,white,0.25,3,122,288,0,0,0.1044476399852694,32,0.7281243385758355,
0,white,0.25,3,123,288,0,0,0.05709862280083555,31,0.49159883899014567,
0,white,0.25,3,124,288,0,0,0.0996900828483327,31,0.9206791916613482,
0,white,0.25,3,125,288,0,0,0.18616680318996437,30.75,0.062497292918351044,
0,white,0.25,3,126,288,0,0,0.09271957601416603,31.75,0.7478834188361656,
0,white,0.25,3,127,288,0,0,0.21972242979655865,32,0.5566540748356906,
0,white,0.25,3,128,288,0,0,0.09298219954575526,29.5,0.7643960057477608,
0,white,0.25,3,129,288,0,0,0.1925651781176454,31.75,0.8011598479728662,
0,white,0.25,3,130,288,0,0,0.034246535353007146,31.75,0.7987976105558834,
0,white,0.25,3,131,288,0,0,0.3035544599056814,31.25,0.007966322846910123,
0,white,0.25,3,132,288,0,0,0.027780495565284613,31,0.31908959465114306,
0,white,0.25,3,133,288,0,0,0.20713512469475448,32,0.7722431370750078,
0,white,0.25,3,134,288,0,0,0.0474710082856199,30.25,0.19177616772860806,
0,white,0.25,3,135,288,0,0,0.04741384555039296,30.75,0.594622484965863,
0,white,0.25,3,136,288,0,0,0.2024594318508397,31,0.42067495934997523,
0,white,0.25,3,137,288,0,0,0.08161672048316015,31,0.6611874630594334,
0,white,0.25,3,138,288,0,0,0.06071095868189924,30.25,0.2687958479759738,
0,white,0.25,3,139,288,0,0,0.11567053241545555,31,0.921087446030622,
0,white,0.25,3,140,288,0,0,0.1402411993457391,31.25,0.3693353481595849,
0,white,0.25,3,141,288,0,0,0.10113085228034857,30,0.40965135251185425,
0,white,0.25,3,142,288,0,0,0.2839926474041069,32,0.2728965094552792,
0,white,0.25,3,143,288,0,0,0.10685917402011058,30,0.24574732776302977,
0,white,0.25,3,144,288,0,0,0.13314006227000696,31.5,0.025531041513778496,
0,white,0.25,3,145,288,0,0,0.18844135231065307,32,0.6063348720135192,
0,white,0.25,3,146,288,0,0,0.17462931851551544,31.25,0.1735919938226751,
0,white,0.25,3,147,288,0,0,0.09566558464997277,31.25,0.3108310239838502,
0,white,0.25,3,148,288,0,0,0.18774601041390826,30.25,0.5886422411553959,
0,white,0.25,3,149,288,0,0,0.22892238815628896,31.25,0.5905510038289001,
0,white,0.25,3,150,288,0,0,0.16806565840193366,30.75,0.4016623642485305,
0,white,0.25,3,151,288,0,0,0.154629965050473,31.5,0.7356809629409529,
0,white,0.25,3,152,288,0,0,0.08119602992333153,32,0.983705384435102,
0,white,0.25,3,153,288,0,0,0.07316457600719561,27,0.8201129013525615,
0,white,0.25,3,154,288,0,0,0.09296901784172906,30.75,0.6817572214818599,
0,white,0.25,3,155,288,0,0,0.12418471435674294,30,0.46268868818597575,
0,white,0.25,3,156,288,0,0,0.03201973250616419,31,0.11687118690617382,
0,white,0.25,3,157,288,0,0,0.10758163778469099,31.5,0.8306703352989764,
0,white,0.25,3,158,288,0,0,0.20124328903300515,31.5,0.5640561468792025,
0,white,0.25,3,159,288,0,0,0.09191041734083794,31.5,0.34707390363878976,
0,white,0.25,3,160,288,0,0,0.01615530881730387,31.75,0.718079868828928,
0,white,0.25,3,161,288,0,0,0.06324042738315372,32,0.1937801228226328,
0,white,0.25,3,162,288,0,0,0.05645850478751002,29.5,0.39841662122942656,
0,white,0.25,3,163,288,0,0,0.1558384666851177,32,0.389265106065001,
0,white,0.25,3,164,288,0,0,0.19281630328499177,31.75,0.18681972812558312,
0,white,0.25,3,165,288,0,0,0.0684189958456689,32,0.22704490295296165,
0,white,0.25,3,166,288,0,0,0.14920064103116837,31.75,0.8821232263069136,
0,white,0.25,3,167,288,0,0,0.11113695203097285,30.75,0.140219785122344,
0,white,0.25,3,168,288,0,0,0.28896292865348217,31.75,0.8682953793184072,
0,white,0.25,3,169,288,0,0,0.17350388137822692,31.25,0.7575175733107967,
0,white,0.25,3,170,288,0,0,0.15978294383959968,31,0.5345481924003128,
0,white,0.25,3,171,288,0,0,0.22673453220507223,31.25,0.9196058161225119,
0,white,0.25,3,172,288,0,0,0.08033844221669384,31,0.24900279732284325,
0,white,0.25,3,173,288,0,0,0.4327278224324864,31.75,0.827882027759472,
0,white,0.25,3,174,288,0,0,0.1665165075587215,30,0.12750250913319006,
0,white,0.25,3,175,288,0,0,0.00669345302297375,26.25,0.5824506453847774,
0,white,0.25,3,176,288,0,0,0.08042004935059055,28.25,0.2540959493812711,
0,white,0.25,3,177,288,0,0,0.100550963742989,30.75,0.4131815835323388,
0,white,0.25,3,178,288,0,0,0.22580013304532953,32,0.48869464063258716,
0,white,0.25,3,179,288,0,0,0.2427061825007023,30,0.00771284859373822,
0,white,0.25,3,180,288,0,0,0.017392237312541137,31.5,0.9971869539289943,
0,white,0.25,3,181,288,0,0,0.26111739146147417,31.25,0.0742708700993765,
0,white,0.25,3,182,288,0,0,0.2999012604271698,31.5,0.9148701979550937,
0,white,0.25,3,183,288,0,0,0.22474909028079226,32,0.5953288154414458,
0,white,0.25,3,184,288,0,0,0.09503845940230116,32,0.21907711838824595,
0,white,0.25,3,185,288,0,0,0.14193705515611899,31.75,0.10028583860418638,
0,white,0.25,3,186,288,0,0,0.09642401664594058,31.5,0.20487363361154876,
0,white,0.25,3,187,288,0,0,0.08335395165632542,30,0.20077391706258862,
0,white,0.25,3,188,288,0,0,0.3750357691426107,30.75,0.6773946077384875,
0,white,0.25,3,189,288,0,0,0.028072747667297615,31.25,0.9224568808789874,
0,white,0.25,3,190,288,0,0,0.08929203254015461,31.25,0.3620331183209389,
0,white,0.25,3,191,288,0,0,0.05244748015013101,31,0.14079322394334393,
0,white,0.25,3,192,288,0,0,0.024331001232998917,30.5,0.6044551926019314,
0,white,0.25,3,193,288,0,0,0.03687896215712205,27.75,0.041651237998156954,
0,white,0.25,3,194,288,0,0,0.2506449287105086,31,0.2421455015762637,
0,white,0.25,3,195,288,0,0,0.10371386413353756,31.25,0.198910644786078,
0,white,0.25,3,196,288,0,0,0.23191959243860338,30.25,0.8778151805372221,
0,white,0.25,3,197,288,0,0,0.034462116671310716,31.5,0.37685059247892294,
0,white,0.25,3,198,288,0,0,0.18422834986338543,31.75,0.45770520501278644,
0,white,0.25,3,199,288,0,0,0.03811124109922148,30,0.05626219524379383,
0,white,0.25,3,200,288,0,0,0.09659848519177583,30.25,0.0059234644648936685,
0,white,0.25,3,201,288,0,0,0.11430388599960606,31.25,0.9130612279307756,
0,white,0.25,3,202,288,0,0,0.08021082764229193,31.5,0.09313259733583867,
0,white,0.25,3,203,288,0,0,0.038036858100790494,31.25,0.7405148293875805,
0,white,0.25,3,204,288,0,0,0.05826029885171713,30.25,0.5058010209013413,
0,white,0.25,3,205,288,0,0,0.18221157283755263,31,0.0033226166477079433,
0,white,0.25,3,206,288,0,0,0.1461243811171299,31.5,0.8745014706128852,
0,white,0.25,3,207,288,0,0,0.05055605011989994,28,0.30781029356568645,
0,white,0.25,3,208,288,0,0,0.05965130122272988,31.5,0.9618406075999708,
0,white,0.25,3,209,288,0,0,0.13335170261866158,30.25,0.4599183110653591,
0,white,0.25,3,210,288,0,0,0.010364618789286628,25.25,0.8891218095189657,
0,white,0.25,3,211,288,0,0,0.11544309225188298,31.75,0.9156961368678934,
0,white,0.25,3,212,288,0,0,0.05822051026277253,31.75,0.4768148456421941,
0,white,0.25,3,213,288,0,0,0.08948793877075112,31.25,0.8370740568713401,
0,white,0.25,3,214,288,0,0,0.07533948996674622,29.25,0.4206076030945094,
0,white,0.25,3,215,288,0,0,0.20444508090947744,31.75,0.2790121230880308,
0,white,0.25,3,216,288,0,0,0.09580828056036395,31.75,0.19561302545104575,
0,white,0.25,3,217,288,0,0,0.02376224240218039,28.25,0.7843588005863511,
0,white,0.25,3,218,288,0,0,0.149209050855308,29.25,0.07074768868498094,
0,white,0.25,3,219,288,0,0,0.24926154345246743,31,0.014928065463102214,
0,white,0.25,3,220,288,0,0,0.11806550324066378,31.25,0.38306030220459153,
0,white,0.25,3,221,288,0,0,0.11488759113116198,31.5,0.5122573600008155,
0,white,0.25,3,222,288,0,0,0.0960706040511834,31,0.37055035625551447,
0,white,0.25,3,223,288,0,0,0.2521840711429706,32,0.9523403180936102,
0,white,0.25,3,224,288,0,0,0.11727294563387503,31.5,0.7818358710346734,
0,white,0.25,3,225,288,0,0,0.09144611198835384,30.75,0.43995209779248945,
0,white,0.25,3,226,288,0,0,0.13421637955303334,32,0.15728592134294117,
0,white,0.25,3,227,288,0,0,0.027259733631295524,30,0.7123429128448507,
0,white,0.25,3,228,288,0,0,0.17273439431447613,32,0.3572203615286009,
0,white,0.25,3,229,288,0,0,0.03143803482983165,28.25,0.41883295440102963,
0,white,0.25,3,230,288,0,0,0.15821897869950718,30.25,0.3455006614991365,
0,white,0.25,3,231,288,0,0,0.039098813956453315,30.25,0.048592522718748477,
0,white,0.25,3,232,288,0,0,0.03647027577758044,31.25,0.7128594102433009,
0,white,0.25,3,233,288,0,0,0.2793107069815801,31.5,0.8478227172624692,
0,white,0.25,3,234,288,0,0,0.04600765004455265,30.5,0.9170324625258098,
0,white,0.25,3,235,288,0,0,0.10716167486619643,31.75,0.10123482762272673,
0,white,0.25,3,236,288,0,0,0.011154501274114104,31.25,0.6031919999132247,
0,white,0.25,3,237,288,0,0,0.005164474129951135,26.75,0.24170252755853794,
0,white,0.25,3,238,288,0,0,0.05638461026957309,31.75,0.9725978293862821,
0,white,0.25,3,239,288,0,0,0.04804064085555537,30,0.4160010579010053,
0,white,0.25,3,240,288,0,0,0.0565753007012072,28,0.49446128335240125,
0,white,0.25,3,241,288,0,0,0.08105478270207422,30.5,0.6316685880557973,
0,white,0.25,3,242,288,0,0,0.13587010266760213,31,0.5308525481351309,
0,white,0.25,3,243,288,0,0,0.08566327083072722,31.25,0.6028794667292459,
0,white,0.25,3,244,288,0,0,0.06837339669201903,32,0.4937349240818294,
0,white,0.25,3,245,288,0,0,0.14509071694085585,32,0.17916737714119546,
0,white,0.25,3,246,288,0,0,0.2754155450308693,31.75,0.3347909824726987,
0,white,0.25,3,247,288,0,0,0.087711874630519,32,0.2482894065835637,
0,white,0.25,3,248,288,0,0,0.022888467588852435,29,0.5733056707998614,
0,white,0.25,3,249,288,0,0,0.09819647096338102,30,0.9512802610049117,
0,white,0.25,3,250,288,0,0,0.18017828504281852,31,0.0066630969593530764,
0,white,0.25,3,251,288,0,0,0.10133234747825592,29.25,0.10282626353794344,
0,white,0.25,3,252,288,0,0,0.022813053987146503,30,0.3408548844848436,
0,white,0.25,3,253,288,0,0,0.22060810583947066,32,0.7750119220753262,
0,white,0.25,3,254,288,0,0,0.10578816379115286,31,0.5041268721089898,
0,white,0.25,3,255,288,0,0,0.03133633277691761,29.25,0.2995401421336197,
0,white,0.25,3,256,288,0,0,0.08220388032888393,29,0.8349103686515711,
0,white,0.25,3,257,288,0,0,0.04993745898356283,31.5,0.1807174274335005,
0,white,0.25,3,258,288,0,0,0.07622829996853075,32,0.618578825313761,
0,white,0.25,3,259,288,0,0,0.2426511226659721,32,0.17248570486863157,
0,white,0.25,3,260,288,0,0,0.17100028511183663,30.75,0.7892910220180325,
0,white,0.25,3,261,288,0,0,0.133193556819184,32,0.37688877374898866,
0,white,0.25,3,262,288,0,0,0.336184410397965,31.5,0.13946970039294837,
0,white,0.25,3,263,288,0,0,0.09623658879165664,29.25,0.15585300274879865,
0,white,0.25,3,264,288,0,0,0.06593153723949674,31.5,0.7710956865591432,
0,white,0.25,3,265,288,0,0,0.07982250087400655,28.25,0.924749022147153,
0,white,0.25,3,266,288,0,0,0.07492651939663397,28.25,0.20694988333428177,
0,white,0.25,3,267,288,0,0,0.1754861350009549,31.5,0.9567419952188045,
0,white,0.25,3,268,288,0,0,0.160473406204924,31.5,0.9912657932821963,
0,white,0.25,3,269,288,0,0,0.28180985690897686,31.25,0.360972302241656,
0,white,0.25,3,270,288,0,0,0.07311437563479117,28.75,0.1482876101028232,
0,white,0.25,3,271,288,0,0,0.0820770126971977,31.75,0.0026034118069097056,
0,white,0.25,3,272,288,0,0,0.05776731120076373,30,0.3938178401503738,
0,white,0.25,3,273,288,0,0,0.05207882401167163,32,0.657705233009934,
0,white,0.25,3,274,288,0,0,0.08304838787001478,31.5,0.14028898161746683,
0,white,0.25,3,275,288,0,0,0.10017437003713403,32,0.4775613941677026,
0,white,0.25,3,276,288,0,0,0.20180046478015712,31.5,0.18958489194760875,
0,white,0.25,3,277,288,0,0,0.06860462448148552,31.25,0.7347700943845055,
0,white,0.25,3,278,288,0,0,0.06702322528245874,29,0.06110638047088168,
0,white,0.25,3,279,288,0,0,0.050288579661179944,32,0.9501820979735583,
0,white,0.25,3,280,288,0,0,0.021733374106829184,29.25,0.5067274153297748,
0,white,0.25,3,281,288,0,0,0.045094977201935116,30.75,0.5371674896995544,
0,white,0.25,3,282,288,0,0,0.11723229633978605,28.5,0.7488572039336505,
0,white,0.25,3,283,288,0,0,0.17206187582335986,30.5,0.7007248003271807,
0,white,0.25,3,284,288,0,0,0.006825855521572888,28.25,0.4599752726191153,
0,white,0.25,3,285,288,0,0,0.11355428350605168,31,0.6279328302067457,
0,white,0.25,3,286,288,0,0,0.09474707307286967,31,0.9161877223269762,
0,white,0.25,3,287,288,0,0,0.053688961029429105,32,0.6268160731665282,
0,white,0.25,3,288,288,0,0,0.08071809241548589,31.25,0.2447262457137267,
0,white,0.25,3,289,288,0,0,0.10634538165705809,30.75,0.8489163252253843,
0,white,0.25,3,290,288,0,0,0.13405716965698455,31.5,0.29481292795476555,
0,white,0.25,3,291,288,0,0,0.08604473534064283,30,0.410157111971476,
0,white,0.25,3,292,288,0,0,0.1542875572610365,32,0.6479271870939501,
0,white,0.25,3,293,288,0,0,0.06629244879061513,29.25,0.6356610811391304,
0,white,0.25,3,294,288,0,0,0.05369168013667458,28,0.6512128980973168,
0,white,0.25,3,295,288,0,0,0.15815661591745478,31,0.07708070557215985,
0,white,0.25,3,296,288,0,0,0.12862889908764408,30,0.15470962310787673,
0,white,0.25,3,297,288,0,0,0.06280295463670116,31,0.7369305401383284,
0,white,0.25,3,298,288,0,0,0.023068236915294693,30,0.41342612148842584,
0,white,0.25,3,299,288,0,0,0.1227036433849138,31,0.6675198427327884,
0,white,0.25,3,300,288,0,0,0.26520708064322296,32,0.9555110283848071,
0,white,0.25,3,301,288,0,0,0.1672251326650509,32,0.9035325682261238,
0,white,0.25,3,302,288,0,0,0.009974550242148661,29,0.7022473608606352,
0,white,0.25,3,303,288,0,0,0.1498952205163926,31.25,0.4954960420076726,
0,white,0.25,3,304,288,0,0,0.13471982259882598,32,0.9159510593706205,
0,white,0.25,3,305,288,0,0,0.2026523766131052,30.5,0.9577176794348891,
0,white,0.25,3,306,288,0,0,0.2569705147423623,32,0.7162532100918746,
0,white,0.25,3,307,288,0,0,0.20430093050615528,32,0.7895185620478278,
0,white,0.25,3,308,288,0,0,0.027124326516555053,30.25,0.9765642424782369,
0,white,0.25,3,309,288,0,0,0.11994870248544842,31.5,0.5413308663163304,
0,white,0.25,3,310,288,0,0,0.1818138199671102,31.25,0.15361230390163483,
0,white,0.25,3,311,288,0,0,0.14811495129385743,29.25,0.8419709428037084,
0,white,0.25,3,312,288,0,0,0.12625405490839892,31.25,0.8659241765939565,
0,white,0.25,3,313,288,0,0,0.06570087067283537,29.5,0.6263170894813128,
0,white,0.25,3,314,288,0,0,0.03445777702193453,30.5,0.5155077373873258,
0,white,0.25,3,315,288,0,0,0.05814792945389813,29,0.8695225208838294,
0,white,0.25,3,316,288,0,0,0.06762362095073071,30.75,0.26019630981713016,
0,white,0.25,3,317,288,0,0,0.0615776782032198,30.25,0.5865964869063207,
0,white,0.25,3,318,288,0,0,0.031940433281766545,30.75,0.9645370033732088,
0,white,0.25,3,319,288,0,0,0.07664348952883471,30.75,0.9632814655704691,
0,white,0.25,3,320,288,0,0,0.15842339711304987,32,0.7046287964218825,
0,white,0.25,3,321,288,0,0,0.03966552653689892,30,0.37940770390269907,
0,white,0.25,3,322,288,0,0,0.08304988399267399,32,0.012485183944712208,
0,white,0.25,3,323,288,0,0,0.16148693617334564,30.75,0.16877950117258256,
0,white,0.25,3,324,288,0,0,0.0739932775741573,31.25,0.7552484156805628,
0,white,0.25,3,325,288,0,0,0.05426378000382215,30,0.8949412281646906,
0,white,0.25,3,326,288,0,0,0.1442522425829138,30.25,0.9247489424307165,
0,white,0.25,3,327,288,0,0,0.13137455509577145,30.75,0.26526754490561566,
0,white,0.25,3,328,288,0,0,0.15937966374903256,29.75,0.7552265987859652,
0,white,0.25,3,329,288,0,0,0.21107937793976672,31.5,0.8374568659647323,
0,white,0.25,3,330,288,0,0,0.07154669072716968,30.25,0.7150108960486188,
0,white,0.25,3,331,288,0,0,0.011608577051595015,29,0.018474187457194757,
0,white,0.25,3,332,288,0,0,0.10029141473627834,31.5,0.12060993516029594,
0,white,0.25,3,333,288,0,0,0.1831026745414659,30.75,0.10695211046948583,
0,white,0.25,3,334,288,0,0,0.08632708235066056,29.75,0.38820914828417075,
0,white,0.25,3,335,288,0,0,0.19720143468916596,32,0.15363664420884415,
0,white,0.25,3,336,288,0,0,0.2399312503904596,31.25,0.6844182778830037,
0,white,0.25,3,337,288,0,0,0.08529071711987424,29,0.69192718863699,
0,white,0.25,3,338,288,0,0,0.14802116345830252,31.5,0.8860320271209455,
0,white,0.25,3,339,288,0,0,0.11822639564948201,32,0.3460394238417298,
0,white,0.25,3,340,288,0,0,0.13998169387035053,31,0.5428687518455577,
0,white,0.25,3,341,288,0,0,0.09613895294600872,31,0.1472438298399421,
0,white,0.25,3,342,288,0,0,0.15220232440922066,29.75,0.9356479238990569,
0,white,0.25,3,343,288,0,0,0.09122364222997226,31.75,0.14928698460358159,
0,white,0.25,3,344,288,0,0,0.16562086296161316,32,0.8887824845131538,
0,white,0.25,3,345,288,0,0,0.12519086792284462,31.75,0.7739236838309966,
0,white,0.25,3,346,288,0,0,0.08176501410330761,30.5,0.3288172053008722,
0,white,0.25,3,347,288,0,0,0.12411187441842031,31.75,0.39453282483216845,
0,white,0.25,3,348,288,0,0,0.04062160367576084,28.25,0.21586372352948713,
0,white,0.25,3,349,288,0,0,0.08290147042540408,31.25,0.00910073122441668,
0,white,0.25,3,350,288,0,0,0.2894484541425355,32,0.2963228711604189,
0,white,0.25,3,351,288,0,0,0.13137994784994367,30.75,0.9852063678476777,
0,white,0.25,3,352,288,0,0,0.12783222276966044,31,0.35899108661455104,
0,white,0.25,3,353,288,0,0,0.03739340323072338,30,0.5791249867505884,
0,white,0.25,3,354,288,0,0,0.010660167587687286,31,0.8189079279474645,
0,white,0.25,3,355,288,0,0,0.07473644842410532,28.5,0.15836555828171683,
0,white,0.25,3,356,288,0,0,0.1080905108895941,31.5,0.28818091002271784,
0,white,0.25,3,357,288,0,0,0.38671590183637905,31.25,0.8997518711795425,
0,white,0.25,3,358,288,0,0,0.2874433438182862,31.75,0.723493107660788,
0,white,0.25,3,359,288,0,0,0.20221252753577135,30,0.07622818396306341,
0,white,0.25,3,360,288,0,0,0.17633434825354977,31.25,0.8878909280200608,
0,white,0.25,3,361,288,0,0,0.2790695962224785,31.5,0.7998271358681623,
0,white,0.25,3,362,288,0,0,0.11838626163727706,32,0.9049923478158606,
0,white,0.25,3,363,288,0,0,0.08300068657967952,30,0.417282301726025,
0,white,0.25,3,364,288,0,0,0.10789454337989568,31.75,0.16454469661419802,
0,white,0.25,3,365,288,0,0,0.034131103024767184,29.75,0.3062300339802695,
0,white,0.25,3,366,288,0,0,0.20642336436287367,31.75,0.09457070251649213,
0,white,0.25,3,367,288,0,0,0.03511388231110202,31,0.3241934773478996,
0,white,0.25,3,368,288,0,0,0.16847587545179032,31,0.13326593547396082,
0,white,0.25,3,369,288,0,0,0.20534234256052952,30.5,0.814546444220371,
0,white,0.25,3,370,288,0,0,0.012189596359982291,29,0.7219581930223864,
0,white,0.25,3,371,288,0,0,0.24549748078559375,32,0.9311528354970294,
0,white,0.25,3,372,288,0,0,0.10053160299465536,30.5,0.48767338088069057,
0,white,0.25,3,373,288,0,0,0.003854193688483609,29.75,0.687680914465189,
0,white,0.25,3,374,288,0,0,0.1346256694306427,31.75,0.1251264510525233,
0,white,0.25,3,375,288,0,0,0.11918094547573743,31,0.7982204715543877,
0,white,0.25,3,376,288,0,0,0.16803381406261397,31.75,0.9948584687797134,
0,white,0.25,3,377,288,0,0,0.06840385127227921,31,0.6501184997479938,
0,white,0.25,3,378,288,0,0,0.1743867283699726,31.25,0.03410934294898371,
0,white,0.25,3,379,288,0,0,0.12160144381139815,32,0.5470650147531202,
0,white,0.25,3,380,288,0,0,0.011182181388579737,31.25,0.8549431301505164,
0,white,0.25,3,381,288,0,0,0.09734700426734177,31.75,0.8369322227455374,
0,white,0.25,3,382,288,0,0,0.022711463120408837,29.75,0.8538577825278243,
0,white,0.25,3,383,288,0,0,0.2115172558903583,30.5,0.6246264636938812,
0,white,0.25,3,384,288,0,0,0.11360599485309142,30.75,0.3488945614229848,
0,white,0.25,3,385,288,0,0,0.09085538629254353,31.75,0.08475497936113463,
0,white,0.25,3,386,288,0,0,0.07391643521777436,30.75,0.4107412046453611,
0,white,0.25,3,387,288,0,0,0.0245775909717888,29,0.6970753498230964,
0,white,0.25,3,388,288,0,0,0.16663148639956926,30,0.6501376106771892,
0,white,0.25,3,389,288,0,0,0.13201722604235377,31.5,0.7789490625916631,
0,white,0.25,3,390,288,0,0,0.08828565376668351,30.25,0.5778935882425125,
0,white,0.25,3,391,288,0,0,0.10577646490926984,32,0.7877478427629571,
0,white,0.25,3,392,288,0,0,0.1847159035253847,31.5,0.2804298200149189,
0,white,0.25,3,393,288,0,0,0.37281403050649287,32,0.8531736675430657,
0,white,0.25,3,394,288,0,0,0.14873434253654705,31.75,0.9500421317486464,
0,white,0.25,3,395,288,0,0,0.028958533886668136,29.5,0.09024279962099913,
0,white,0.25,3,396,288,0,0,0.04811542380567779,29.25,0.7784086489826159,
0,white,0.25,3,397,288,0,0,0.07474436504118642,32,0.36997975868519517,
0,white,0.25,3,398,288,0,0,0.09876976679568861,26.75,0.34437268778706054,
0,white,0.25,3,399,288,0,0,0.11892256779309762,31.5,0.18571106801846604,
0,white,0.25,3,400,288,0,0,0.1749764127767316,31.75,0.8041626451463907,
0,white,0.25,3,401,288,0,0,0.1749104704580251,32,0.6708308861161336,
0,white,0.25,3,402,288,0,0,0.07032958372800446,31,0.02808905917179305,
0,white,0.25,3,403,288,0,0,0.16299117023643117,31.25,0.39620080737427266,
0,white,0.25,3,404,288,0,0,0.10234752133314573,32,0.7677743969098296,
0,white,0.25,3,405,288,0,0,0.024353920762142822,31.75,0.13560089245568185,
0,white,0.25,3,406,288,0,0,0.10786461709957951,29.5,0.7571689599348546,
0,white,0.25,3,407,288,0,0,0.1530443077549437,30.25,0.1576201046296437,
0,white,0.25,3,408,288,0,0,0.16419305568758724,32,0.6375610732073063,
0,white,0.25,3,409,288,0,0,0.1148675382243004,31.25,0.26868835661224755,
0,white,0.25,3,410,288,0,0,0.07915242447433335,31.75,0.011182207431231328,
0,white,0.25,3,411,288,0,0,0.15435221152465317,31.75,0.772060333201554,
0,white,0.25,3,412,288,0,0,0.21752430623280206,32,0.5381699056033353,
0,white,0.25,3,413,288,0,0,0.21057012683191678,32,0.29599511706931514,
0,white,0.25,3,414,288,0,0,0.05745821988222333,28.75,0.18637430494228213,
0,white,0.25,3,415,288,0,0,0.05928699645088775,30.75,0.2505623885683791,
0,white,0.25,3,416,288,0,0,0.3275886475222809,32,0.3164292488426187,
0,white,0.25,3,417,288,0,0,0.2704918017586264,32,0.8922674259146681,
0,white,0.25,3,418,288,0,0,0.11580086885209906,32,0.4582302875356631,
0,white,0.25,3,419,288,0,0,0.1763814501075074,31.25,0.13243370283476685,
0,white,0.25,3,420,288,0,0,0.04470164722129111,32,0.63188819951687,
0,white,0.25,3,421,288,0,0,0.10531404355296103,30.5,0.20517306253949563,
0,white,0.25,3,422,288,0,0,0.0766444623068856,31,0.06998194301149796,
0,white,0.25,3,423,288,0,0,0.1324680686034182,31,0.8038193320070288,
0,white,0.25,3,424,288,0,0,0.05533078587926621,31,0.45854565011788917,
0,white,0.25,3,425,288,0,0,0.14460007686053267,30.75,0.8522778701905833,
0,white,0.25,3,426,288,0,0,0.22339300279268026,31.5,0.37247133681852196,
0,white,0.25,3,427,288,0,0,0.18878703373963857,31.75,0.7816175631851159,
0,white,0.25,3,428,288,0,0,0.04045937488766793,29.25,0.9490072056011231,
0,white,0.25,3,429,288,0,0,0.04537859304126668,26.25,0.8217644877249342,
0,white,0.25,3,430,288,0,0,0.19726751370659013,32,0.38997729802370684,
0,white,0.25,3,431,288,0,0,0.002523473086412986,31,0.930168986782085,
0,white,0.25,3,432,288,0,0,0.08423283041494245,29.75,0.4445564176993616,
0,white,0.25,3,433,288,0,0,0.025275823459969926,30.5,0.9913067881497082,
0,white,0.25,3,434,288,0,0,0.2009018510594296,31.5,0.03281456727587151,
0,white,0.25,3,435,288,0,0,0.05712627852123653,30,0.6376691586730487,
0,white,0.25,3,436,288,0,0,0.198910101656409,31.75,0.9280337297887733,
0,white,0.25,3,437,288,0,0,0.05631592383538342,30.25,0.855025448709156,
0,white,0.25,3,438,288,0,0,0.04840533398740865,31.75,0.790727462476503,
0,white,0.25,3,439,288,0,0,0.13717249920709573,30.25,0.43428715032104626,
0,white,0.25,3,440,288,0,0,0.13297649800114653,30.25,0.28569592988745773,
0,white,0.25,3,441,288,0,0,0.3793996595014537,32,0.5051292028565358,
0,white,0.25,3,442,288,0,0,0.2931024992242036,31.25,0.9769376940564815,
0,white,0.25,3,443,288,0,0,0.12165925300053004,29.25,0.8999014241890071,
0,white,0.25,3,444,288,0,0,0.06541456885313146,31,0.33927146835690314,
0,white,0.25,3,445,288,0,0,0.2596318641970019,31.75,0.6876735678240479,
0,white,0.25,3,446,288,0,0,0.123829209826402,31.25,0.3611770179022348,
0,white,0.25,3,447,288,0,0,0.04081169474923518,31.25,0.4728054869849825,
0,white,0.25,3,448,288,0,0,0.10704414341955215,29.75,0.2633972058074714,
0,white,0.25,3,449,288,0,0,0.17643103666297444,32,0.08388743519560171,
0,white,0.25,3,450,288,0,0,0.0366244783416978,32,0.7509803604233207,
0,white,0.25,3,451,288,0,0,0.1385196730376066,30.75,0.30470355519293313,
0,white,0.25,3,452,288,0,0,0.2715830769740317,32,0.219037390741055,
0,white,0.25,3,453,288,0,0,0.09697910333384374,31.75,0.3520830984932395,
0,white,0.25,3,454,288,0,0,0.1255700603545028,31,0.3170250917851082,
0,white,0.25,3,455,288,0,0,0.043275271188128794,31.5,0.7914713806484182,
0,white,0.25,3,456,288,0,0,0.13102338951169146,30.25,0.17596433545822365,
0,white,0.25,3,457,288,0,0,0.07697521491977799,28.5,0.8399569007732197,
0,white,0.25,3,458,288,0,0,0.15888518664145646,30.75,0.047758402669076716,
0,white,0.25,3,459,288,0,0,0.09555736298728634,30.75,0.9586531133636789,
0,white,0.25,3,460,288,0,0,0.1864946764804597,31.75,0.4360549163000774,
0,white,0.25,3,461,288,0,0,0.07618748308711554,30.75,0.1784806440623775,
0,white,0.25,3,462,288,0,0,0.0941407844904697,30.5,0.6465426496032203,
0,white,0.25,3,463,288,0,0,0.17545827484261622,31.75,0.15686753542440657,
0,white,0.25,3,464,288,0,0,0.14633510744273737,32,0.3733271615655904,
0,white,0.25,3,465,288,0,0,0.2847165251352859,32,0.09611570990302831,
0,white,0.25,3,466,288,0,0,0.01992911758760796,26,0.9230283359498767,
0,white,0.25,3,467,288,0,0,0.07590756276340282,31.75,0.4191038297686459,
0,white,0.25,3,468,288,0,0,0.06763184159810398,29.75,0.6957710349946742,
0,white,0.25,3,469,288,0,0,0.17327543487991104,31.75,0.5991902180163399,
0,white,0.25,3,470,288,0,0,0.09477205170082204,31.75,0.7280470025671765,
0,white,0.25,3,471,288,0,0,0.06154561847684681,32,0.8234849048268941,
0,white,0.25,3,472,288,0,0,0.027897174148059478,29.5,0.7776290239705289,
0,white,0.25,3,473,288,0,0,0.2751654775114388,31,0.33098516375946796,
0,white,0.25,3,474,288,0,0,0.040784840635176844,31.25,0.09167094586865077,
0,white,0.25,3,475,288,0,0,0.13170556667081268,29,0.8101795818945848,
0,white,0.25,3,476,288,0,0,0.22654421372977163,31.75,0.323151892492322,
0,white,0.25,3,477,288,0,0,0.1161669215511969,31,0.3367458507614409,
0,white,0.25,3,478,288,0,0,0.0640082033797198,31.5,0.8426923084033264,
0,white,0.25,3,479,288,0,0,0.015048001841647007,31.5,0.15301823562089245,
0,white,0.25,3,480,288,0,0,0.10357820471676948,31,0.4107162764035708,
0,white,0.25,3,481,288,0,0,0.08951555459495308,27.25,0.7628417370625069,
0,white,0.25,3,482,288,0,0,0.03880593481883543,28.75,0.9126505895437728,
0,white,0.25,3,483,288,0,0,0.12110094642103708,29,0.923557125753043,
0,white,0.25,3,484,288,0,0,0.12444434811286709,31.75,0.8932637943146097,
0,white,0.25,3,485,288,0,0,0.047077507563249466,28,0.2628349168405717,
0,white,0.25,3,486,288,0,0,0.19886814357514604,31.75,0.1302170873876669,
0,white,0.25,3,487,288,0,0,0.05324796921013053,31.25,0.5085625709587893,
0,white,0.25,3,488,288,0,0,0.030065819586290843,31,0.7846678493062031,
0,white,0.25,3,489,288,0,0,0.08655274038054306,31,0.7518727655056571,
0,white,0.25,3,490,288,0,0,0.12218945359722444,31.75,0.485129145039772,
0,white,0.25,3,491,288,0,0,0.057303672266898364,29,0.48751097379116237,
0,white,0.25,3,492,288,0,0,0.09989602015636168,31.75,0.33510003179361014,
0,white,0.25,3,493,288,0,0,0.06858855138778275,28,0.7793873533721171,
0,white,0.25,3,494,288,0,0,0.27314985046412577,31.5,0.08967370723412371,
0,white,0.25,3,495,288,0,0,0.08247602227455308,29.75,0.4581075256975121,
0,white,0.25,3,496,288,0,0,0.16518949161318874,31.25,0.2822202637146476,
0,white,0.25,3,497,288,0,0,0.10551787414774816,30.75,0.5955488305291381,
0,white,0.25,3,498,288,0,0,0.029327042951539872,30,0.6896436250711757,
0,white,0.25,3,499,288,0,0,0.019120554714843196,31.75,0.05966185267562962,
0,white,0.25,3,500,288,0,0,0.15982747793131735,31.5,0.5845111740954476,
0,white,0.25,3,501,288,0,0,0.05775255503606136,31.5,0.9398466650913208,
0,white,0.25,3,502,288,0,0,0.07653385781530542,31.75,0.5458704385237971,
0,white,0.25,3,503,288,0,0,0.04672034296520844,29,0.278464278901432,
0,white,0.25,3,504,288,0,0,0.06494112861046841,29,0.07568480710349645,
0,white,0.25,3,505,288,0,0,0.13809680322957685,30.75,0.37760333803262336,
0,white,0.25,3,506,288,0,0,0.03279522121368483,31.75,0.964351717151332,
0,white,0.25,3,507,288,0,0,0.0325216444230777,28,0.4820511194879882,
0,white,0.25,3,508,288,0,0,0.0645520861275104,30.25,0.4178750079580529,
0,white,0.25,3,509,288,0,0,0.09799809869633713,31.75,0.7308152794786935,
0,white,0.25,3,510,288,0,0,0.049697583860839,29.25,0.4935845437465759,
0,white,0.25,3,511,288,0,0,0.001041620828078904,23.25,0.003876032115143646,
0,white,0.25,3,512,288,0,0,0.23041731097964746,31.75,0.2133040527898209,
0,white,0.25,3,513,288,0,0,0.08086691622723752,29.75,0.4762096213377748,
0,white,0.25,3,514,288,0,0,0.14069638865037593,31,0.39032065767894175,
0,white,0.25,3,515,288,0,0,0.03977166942753496,31.25,0.08599893777276924,
0,white,0.25,3,516,288,0,0,0.06206579492145892,30.25,0.4276155275898085,
0,white,0.25,3,517,288,0,0,0.24078308655918745,31.75,0.42697458107007846,
0,white,0.25,3,518,288,0,0,0.44519251079444344,32,0.9901885600407204,
0,white,0.25,3,519,288,0,0,0.07739925925528135,31.5,0.6138029661889041,
0,white,0.25,3,520,288,0,0,0.1534560025107098,31.75,0.4049849659447806,
0,white,0.25,3,521,288,0,0,0.19131234195973246,31,0.6737700135131156,
0,white,0.25,3,522,288,0,0,0.33207375959256136,31.75,0.2966955107660647,
0,white,0.25,3,523,288,0,0,0.1084558037784431,31.25,0.6030153252187862,
0,white,0.25,3,524,288,0,0,0.13214826544779967,30.25,0.50348377306055,
0,white,0.25,3,525,288,0,0,0.10838308154345011,30.75,0.6659643358718761,
0,white,0.25,3,526,288,0,0,0.08876317000520828,31.5,0.7661424379547876,
0,white,0.25,3,527,288,0,0,0.0599260762615228,27,0.6366674259418581,
0,white,0.25,3,528,288,0,0,0.04603556154416277,31.75,0.7220660165299569,
0,white,0.25,3,529,288,0,0,0.14744663140860859,31.5,0.8811538553312432,
0,white,0.25,3,530,288,0,0,0.11683350351371802,31.5,0.9535177144623868,
0,white,0.25,3,531,288,0,0,0.03129933556540232,30.75,0.6249328100764667,
0,white,0.25,3,532,288,0,0,0.05060436792991152,31.25,0.6729407455814415,
0,white,0.25,3,533,288,0,0,0.06816132460504276,31,0.5401827856811283,
0,white,0.25,3,534,288,0,0,0.007902524625857277,31.75,0.7111209915574581,
0,white,0.25,3,535,288,0,0,0.07280610881494876,26.75,0.2935328790223447,
0,white,0.25,3,536,288,0,0,0.12239773964394618,31.75,0.5729826380389972,
0,white,0.25,3,537,288,0,0,0.08713147217574257,29.5,0.5336649208488176,
0,white,0.25,3,538,288,0,0,0.03570129754504281,30.25,0.33260193662916193,
0,white,0.25,3,539,288,0,0,0.08149088637036028,31.75,0.38534366270936526,
0,white,0.25,3,540,288,0,0,0.05615851306660524,31,0.9354563208283857,
0,white,0.25,3,541,288,0,0,0.029777428148002882,29.5,0.27501239857304205,
0,white,0.25,3,542,288,0,0,0.043374409965818206,29.75,0.26575330731741,
0,white,0.25,3,543,288,0,0,0.3165658968965308,32,0.5635268834506442,
0,white,0.25,3,544,288,0,0,0.04389643189833958,29.75,0.03840796663294754,
0,white,0.25,3,545,288,0,0,0.027732387440728146,29,0.2119276897474096,
0,white,0.25,3,546,288,0,0,0.08468526209263438,31.25,0.22991451057376633,
0,white,0.25,3,547,288,0,0,0.15921053887823888,28.75,0.97117009207628,
0,white,0.25,3,548,288,0,0,0.07925441839563352,31.75,0.9214999097187099,
0,white,0.25,3,549,288,0,0,0.19231459382934402,30.5,0.3230409054858884,
0,white,0.25,3,550,288,0,0,0.16784194201067204,31.5,0.9070113809835758,
0,white,0.25,3,551,288,0,0,0.10509081705741152,31.5,0.141500441927648,
0,white,0.25,3,552,288,0,0,0.02156188604040543,26.25,0.2599890975365682,
0,white,0.25,3,553,288,0,0,0.11391289773065683,31.5,0.19886757033377378,
0,white,0.25,3,554,288,0,0,0.053954553924190685,30.5,0.0544694128900024,
0,white,0.25,3,555,288,0,0,0.0629846149575779,29.25,0.875816122568485,
0,white,0.25,3,556,288,0,0,0.29008721742494314,32,0.2977180131861459,
0,white,0.25,3,557,288,0,0,0.05421130133291041,32,0.432079120230759,
0,white,0.25,3,558,288,0,0,0.01671753359131356,30.75,0.15365262535683766,
0,white,0.25,3,559,288,0,0,0.01406898890377517,30,0.29167773305604294,
0,white,0.25,3,560,288,0,0,0.03586453065608586,31.5,0.0033152605382473777,
0,white,0.25,3,561,288,0,0,0.05424385340739257,32,0.7160676502402334,
0,white,0.25,3,562,288,0,0,0.24419063422285248,31.5,0.47803762138872763,
0,white,0.25,3,563,288,0,0,0.05581023751503056,31.25,0.8818899355645344,
0,white,0.25,3,564,288,0,0,0.2589829712066194,31.5,0.9407466092421313,
0,white,0.25,3,565,288,0,0,0.1339657527855771,30.25,0.2799907148448533,
0,white,0.25,3,566,288,0,0,0.11057582729063231,31.25,0.8832024855192132,
0,white,0.25,3,567,288,0,0,0.11745179777754333,31.25,0.45766246470033545,
0,white,0.25,3,568,288,0,0,0.23967246983506163,31.75,0.47222405865950046,
0,white,0.25,3,569,288,0,0,0.1738659867596254,32,0.517395819561048,
0,white,0.25,3,570,288,0,0,0.01889660522939507,31.5,0.21025299640791206,
0,white,0.25,3,571,288,0,0,0.24465483789652387,32,0.004689938384981884,
0,white,0.25,3,572,288,0,0,0.11590098458040332,29.25,0.04647166978153949,
0,white,0.25,3,573,288,0,0,0.05416194296709087,30.5,0.5361314501739735,
0,white,0.25,3,574,288,0,0,0.20780954187389555,30.75,0.6926244129168044,
0,white,0.25,3,575,288,0,0,0.0033096189031337486,23.5,0.08144613857247984,
0,white,0.25,3,576,288,0,0,0.042341332916287944,28.5,0.047850992094973344,
0,white,0.25,3,577,288,0,0,0.2392835118849782,31.25,0.736695724098709,
0,white,0.25,3,578,288,0,0,0.12415365179267657,31.5,0.7464697126994047,
0,white,0.25,3,579,288,0,0,0.009199423246661564,28.5,0.21113411451138975,
0,white,0.25,3,580,288,0,1,0.13326568513380088,30.5,0.10525234480253132,
0,white,0.25,3,581,288,0,0,0.044544482417781306,30.75,0.2986581969015718,
0,white,0.25,3,582,288,0,0,0.047092006313548485,28.75,0.7760032757385763,
0,white,0.25,3,583,288,0,0,0.002006724399028492,27.25,0.4691746462480235,
0,white,0.25,3,584,288,0,0,0.11464288349252905,30.5,0.11846362156435342,
0,white,0.25,3,585,288,0,0,0.16618167089725167,31,0.010350476526626462,
0,white,0.25,3,586,288,0,0,0.04592868707045383,29,0.872807636313243,
0,white,0.25,3,587,288,0,0,0.11723882964639021,32,0.9755321384937066,
0,white,0.25,3,588,288,0,0,0.1881990346160599,31.25,0.9327589678584354,
0,white,0.25,3,589,288,0,0,0.1610300538321796,31.25,0.5926553824396674,
0,white,0.25,3,590,288,0,0,0.1998290113448371,29.75,0.09455186738938892,
0,white,0.25,3,591,288,0,0,0.04132872070326343,30.5,0.6728205563993649,
0,white,0.25,3,592,288,0,0,0.11269428489001776,31.25,0.43803731530479706,
0,white,0.25,3,593,288,0,0,0.03867145400874583,31.75,0.7190647832447542,
0,white,0.25,3,594,288,0,0,0.24360767797079386,31.75,0.9335766232274274,
0,white,0.25,3,595,288,0,0,0.2046501042216562,30.75,0.43751954549207606,
0,white,0.25,3,596,288,0,0,0.03792404674917338,31.5,0.12517165953648945,
0,white,0.25,3,597,288,0,0,0.016631047056905657,28,0.436855250406194,
0,white,0.25,3,598,288,0,0,0.11694766682554969,31.25,0.16050520829451287,
0,white,0.25,3,599,288,0,0,0.08502838077141506,29.25,0.685424322415116,
0,white,0.25,3,600,288,0,0,0.012053245021975467,27,0.23557168558974972,
0,white,0.25,3,601,288,0,0,0.06955292720483841,30,0.8767121356965679,
0,white,0.25,3,602,288,0,0,0.06789284216667801,29.25,0.970628093789526,
0,white,0.25,3,603,288,0,0,0.045381472104812026,28.75,0.84258342864103,
0,white,0.25,3,604,288,0,0,0.1530970538354246,32,0.4331926801702226,
0,white,0.25,3,605,288,0,0,0.08390276107845462,31.25,0.057517663247617756,
0,white,0.25,3,606,288,0,0,0.1464422941324598,30,0.39247149766545064,
0,white,0.25,3,607,288,0,0,0.1621206969872685,31.75,0.5116930182645998,
0,white,0.25,3,608,288,0,0,0.14407908255427193,31.75,0.117331753697265,
0,white,0.25,3,609,288,0,0,0.04212185416957259,31,0.20765621127786738,
0,white,0.25,3,610,288,0,0,0.24609891161544195,30.75,0.557775591475663,
0,white,0.25,3,611,288,0,0,0.24304821991763603,31.5,0.3942061451067713,
0,white,0.25,3,612,288,0,0,0.2581362732366266,32,0.17705048341946417,
0,white,0.25,3,613,288,0,0,0.24223412371542474,31.75,0.6045221243428304,
0,white,0.25,3,614,288,0,0,0.10267485206799154,29.75,0.4792857441648536,
0,white,0.25,3,615,288,0,0,0.2040949220919417,30,0.06399283644002418,
0,white,0.25,3,616,288,0,0,0.04783311135604207,30.5,0.2779856519280822,
0,white,0.25,3,617,288,0,0,0.24457104580812516,31.75,0.12415792207315346,
0,white,0.25,3,618,288,0,0,0.0866984536686859,31.5,0.5844721654538181,
0,white,0.25,3,619,288,0,0,0.04424455618857126,31.25,0.5708582517205596,
0,white,0.25,3,620,288,0,0,0.01655731046576603,28.25,0.8786825640120894,
0,white,0.25,3,621,288,0,0,0.2394640127567419,30.75,0.6442618719329904,
0,white,0.25,3,622,288,0,0,0.07526909890130073,31.75,0.2962087530145725,
0,white,0.25,3,623,288,0,0,0.1484536155648113,32,0.8357127779096334,
0,white,0.25,3,624,288,0,0,0.2619296461149935,31.75,0.39203467657630486,
0,white,0.25,3,625,288,0,0,0.1030038177159035,28.75,0.9632101048491071,
0,white,0.25,3,626,288,0,0,0.14151717113828322,32,0.2815893786749166,
0,white,0.25,3,627,288,0,0,0.18466230921963767,31.5,0.8601410004037955,
0,white,0.25,3,628,288,0,0,0.12327094809577233,31.25,0.36808983535962336,
0,white,0.25,3,629,288,0,0,0.07861452561721327,31.5,0.20240835344960673,
0,white,0.25,3,630,288,0,0,0.0645204243100983,29,0.9331078543720237,
0,white,0.25,3,631,288,0,0,0.12758927813137444,31.75,0.4881103160759942,
0,white,0.25,3,632,288,0,0,0.04866575365926429,31.5,0.7238020216067389,
0,white,0.25,3,633,288,0,0,0.040973165823113056,31.25,0.6911077432297421,
0,white,0.25,3,634,288,0,0,0.10279024660425007,32,0.10391251278889124,
0,white,0.25,3,635,288,0,0,0.13685146611966426,29.5,0.11000697503242962,
0,white,0.25,3,636,288,0,0,0.2780762827554857,31.25,0.9127933347543955,
0,white,0.25,3,637,288,0,0,0.080645917360186,31,0.42360171789148315,
0,white,0.25,3,638,288,0,0,0.05647543180811321,30.5,0.49453267117563504,
0,white,0.25,3,639,288,0,0,0.07196734233108038,31,0.04302196554804627,
0,white,0.25,3,640,288,0,0,0.19682012594861575,30.75,0.27337928452934257,
0,white,0.25,3,641,288,0,0,0.048135305991940935,31.5,0.1067990950445955,
0,white,0.25,3,642,288,0,0,0.1583572640507397,32,0.8793631574636452,
0,white,0.25,3,643,288,0,0,0.04461570626117328,28.75,0.19674047886386992,
0,white,0.25,3,644,288,0,0,0.02046973076473546,29.75,0.2275712500157554,
0,white,0.25,3,645,288,0,0,0.15250181755675585,31.75,0.15645988847139858,
0,white,0.25,3,646,288,0,0,0.2035455590608367,32,0.5458769503126905,
0,white,0.25,3,647,288,0,0,0.09324559946114719,31.75,0.09935222563856427,
0,white,0.25,3,648,288,0,0,0.0776326360636812,29.75,0.9885492013888195,
0,white,0.25,3,649,288,0,0,0.09576787124151165,31.5,0.3319047089984666,
0,white,0.25,3,650,288,0,0,0.21439143276914274,31.25,0.9915253643737402,
0,white,0.25,3,651,288,0,0,0.14533623206856117,30.5,0.46103634584527065,
0,white,0.25,3,652,288,0,0,0.04926162559387359,29.75,0.9265073183480595,
0,white,0.25,3,653,288,0,0,0.22484228360024372,31.25,0.5609882372202327,
0,white,0.25,3,654,288,0,0,0.10967204096762084,32,0.7121200529205167,
0,white,0.25,3,655,288,0,0,0.12432086012468091,31.75,0.3353267676679983,
0,white,0.25,3,656,288,0,0,0.12479431231057414,31.5,0.17714442990859158,
0,white,0.25,3,657,288,0,0,0.16225169649501558,31.25,0.1197329324890084,
0,white,0.25,3,658,288,0,0,0.1567979214522628,31.75,0.49338174231598253,
0,white,0.25,3,659,288,0,0,0.11973306964082842,31.5,0.241667470050421,
0,white,0.25,3,660,288,0,0,0.14296160291473847,31.25,0.7552237279047087,
0,white,0.25,3,661,288,0,0,0.3068597753999569,32,0.03915195423903972,
0,white,0.25,3,662,288,0,0,0.012472470234123678,28.5,0.8191581392465137,
0,white,0.25,3,663,288,0,0,0.2652285636832088,31.5,0.28166764026129676,
0,white,0.25,3,664,288,0,0,0.08387521172922885,29.25,0.8365609605704085,
0,white,0.25,3,665,288,0,0,0.008066573744355487,24.25,0.42760888094321936,
0,white,0.25,3,666,288,0,0,0.09468054001210646,30.5,0.948335158023175,
0,white,0.25,3,667,288,0,0,0.23659296639348493,30.25,0.5403338341928101,
0,white,0.25,3,668,288,0,0,0.17894153914210975,31.75,0.7932643610146779,
0,white,0.25,3,669,288,0,0,0.036827709249533824,29.5,0.189644833656338,
0,white,0.25,3,670,288,0,0,0.06578993873327132,30.25,0.7207419008612744,
0,white,0.25,3,671,288,0,0,0.06420849221401292,31.5,0.9492555995631418,
0,white,0.25,3,672,288,0,0,0.21568190885500627,29,0.5357352491035592,
0,white,0.25,3,673,288,0,0,0.34001937795083625,32,0.17478207289789294,
0,white,0.25,3,674,288,0,0,0.16664978680327103,32,0.053650870869335954,
0,white,0.25,3,675,288,0,0,0.3103027710426892,31.25,0.5525019121859833,
0,white,0.25,3,676,288,0,0,0.20990006436019004,31.75,0.8018074211224786,
0,white,0.25,3,677,288,0,0,0.09045676451883156,30.25,0.42585562651000597,
0,white,0.25,3,678,288,0,0,0.12875428912766052,30,0.7345271910418985,
0,white,0.25,3,679,288,0,0,0.2809041097856404,30.5,0.5537755561480783,
0,white,0.25,3,680,288,0,0,0.13669551397627688,31.75,0.7793909322992871,
0,white,0.25,3,681,288,0,0,0.22272006152102175,31.75,0.6433579018055554,
0,white,0.25,3,682,288,0,0,0.19371343410894226,30.75,0.2542995747037601,
0,white,0.25,3,683,288,0,0,0.023318365568726462,30.75,0.37506709912858127,
0,white,0.25,3,684,288,0,0,0.07033294690260616,31.75,0.4391190240547519,
0,white,0.25,3,685,288,0,0,0.2843085555272813,30.75,0.4598095861182292,
0,white,0.25,3,686,288,0,0,0.24725362721676292,31.5,0.5955601194395911,
0,white,0.25,3,687,288,0,0,0.08435926114587078,31.25,0.27229849925315774,
0,white,0.25,3,688,288,0,0,0.06480400745665571,31,0.9467514243724308,
0,white,0.25,3,689,288,0,0,0.09373700583235367,31.75,0.536188074838094,
0,white,0.25,3,690,288,0,0,0.11252437988800301,31.5,0.02175766101744836,
0,white,0.25,3,691,288,0,0,0.10633210860054543,31,0.6738703812377999,
0,white,0.25,3,692,288,0,0,0.04745346323176958,31.5,0.960052594874268,
0,white,0.25,3,693,288,0,0,0.012673114137088937,28.5,0.7483136216287922,
0,white,0.25,3,694,288,0,0,0.04789994592002833,28.75,0.4559232809619057,
0,white,0.25,3,695,288,0,0,0.32169199505546564,32,0.44638983593575854,
0,white,0.25,3,696,288,0,0,0.013889622318575823,26.25,0.05545351428680767,
0,white,0.25,3,697,288,0,0,0.0987202756054506,31,0.32113526642609436,
0,white,0.25,3,698,288,0,0,0.02010016221960831,30.25,0.904643535850108,
0,white,0.25,3,699,288,0,0,0.21055640272942588,31.25,0.6083698356314238,
0,white,0.25,3,700,288,0,0,0.14644779205685166,31.5,0.6284505214495724,
0,white,0.25,3,701,288,0,0,0.009304165532845299,28,0.9567828284898464,
0,white,0.25,3,702,288,0,0,0.07625335003279077,31.25,0.07439782616683532,
0,white,0.25,3,703,288,0,0,0.30993141716092576,32,0.3057734751632184,
0,white,0.25,3,704,288,0,0,0.07933124361476618,31.5,0.24458197425518025,
0,white,0.25,3,705,288,0,0,0.10707112269312657,31.5,0.7279764068314439,
0,white,0.25,3,706,288,0,0,0.007817819380462554,28,0.33144803840406434,
0,white,0.25,3,707,288,0,0,0.20249876669359135,31.25,0.5960478190260579,
0,white,0.25,3,708,288,0,0,0.11027559114777119,30,0.9101240581910932,
0,white,0.25,3,709,288,0,0,0.07811438925537884,31.5,0.09055625690491331,
0,white,0.25,3,710,288,0,0,0.18353934438277186,31.5,0.36611990563967534,
0,white,0.25,3,711,288,0,0,0.12363126260138446,30.75,0.35628661157292685,
0,white,0.25,3,712,288,0,0,0.14335784174101884,30,0.585517153085708,
0,white,0.25,3,713,288,0,0,0.06883049235806116,31.75,0.3801286020356984,
0,white,0.25,3,714,288,0,0,0.0638272870278006,29.75,0.9127016319818257,
0,white,0.25,3,715,288,0,0,0.08194058245750513,30.75,0.7037200475749088,
0,white,0.25,3,716,288,0,0,0.37038270197793044,32,0.8885658310099829,
0,white,0.25,3,717,288,0,0,0.0751515201221733,32,0.5181167371285124,
0,white,0.25,3,718,288,0,0,0.016530038275025305,31,0.9384199512821594,
0,white,0.25,3,719,288,0,0,0.05751745139885034,27.5,0.03540573262114055,
0,white,0.25,3,720,288,0,0,0.06641178730248043,29,0.7341815107154608,
0,white,0.25,3,721,288,0,0,0.21329439784162196,31.75,0.3460454700350164,
0,white,0.25,3,722,288,0,0,0.025050864241736526,29.75,0.5600686964282569,
0,white,0.25,3,723,288,0,0,0.06326160759773858,29.5,0.7890969042536065,
0,white,0.25,3,724,288,0,0,0.0972888874836163,27.5,0.04821673251115699,
0,white,0.25,3,725,288,0,0,0.16605068091685005,31.25,0.9471391836802777,
0,white,0.25,3,726,288,0,0,0.09287666433220743,32,0.5333021606065416,
0,white,0.25,3,727,288,0,0,0.03537461555486343,32,0.6798626217337795,
0,white,0.25,3,728,288,0,0,0.07521555652902245,31.5,0.05645676781573572,
0,white,0.25,3,729,288,0,0,0.08237783539365073,30.75,0.627204745568742,
0,white,0.25,3,730,288,0,0,0.144333768236784,32,0.6445405153103583,
0,white,0.25,3,731,288,0,0,0.03186472931679407,30.25,0.26283454651857285,
0,white,0.25,3,732,288,0,0,0.04844249174503579,28.5,0.6654521581386617,
0,white,0.25,3,733,288,0,0,0.08542275209194417,31.75,0.10191924844566547,
0,white,0.25,3,734,288,0,0,0.19494224879311428,31.5,0.9000308077837763,
0,white,0.25,3,735,288,0,0,0.18352729040252835,31.5,0.5936351265192246,
0,white,0.25,3,736,288,0,0,0.19573032083045072,32,0.3222024553030016,
0,white,0.25,3,737,288,0,0,0.11768071740257069,31,0.7473113016058357,
0,white,0.25,3,738,288,0,0,0.12795579553374836,30.75,0.40340040718050485,
0,white,0.25,3,739,288,0,0,0.16551490163119953,30.5,0.18328995747495047,
0,white,0.25,3,740,288,0,0,0.17672457783794915,29.5,0.7218835774114662,
0,white,0.25,3,741,288,0,0,0.06950800407484459,29.5,0.6105353680617086,
0,white,0.25,3,742,288,0,0,0.0752898818573704,29.25,0.3693148920314758,
0,white,0.25,3,743,288,0,0,0.08369722171138705,29.75,0.8397127608410483,
0,white,0.25,3,744,288,0,0,0.05811397962113174,32,0.7869243764560034,
0,white,0.25,3,745,288,0,0,0.24098493993204606,30,0.7889770732811274,
0,white,0.25,3,746,288,0,0,0.29535349530946087,32,0.23416540018192689,
0,white,0.25,3,747,288,0,0,0.10541123049182355,32,0.4383960840787794,
0,white,0.25,3,748,288,0,0,0.19461674476297564,31.5,0.9385665784832661,
0,white,0.25,3,749,288,0,0,0.1183784744382339,32,0.783309358773155,
0,white,0.25,3,750,288,0,0,0.06876187859935612,31.25,0.2021838190433778,
0,white,0.25,3,751,288,0,0,0.05755664615737399,28.75,0.2887998781182963,
0,white,0.25,3,752,288,0,0,0.08146017706527209,30.25,0.680144628889804,
0,white,0.25,3,753,288,0,0,0.07083568037607535,30.5,0.8217628579344413,
0,white,0.25,3,754,288,0,0,0.05391835046651561,29.5,0.7029972486959828,
0,white,0.25,3,755,288,0,0,0.04630885062584167,28.5,0.2024130623599787,
0,white,0.25,3,756,288,0,0,0.029362740772386542,29.75,0.9205285572365103,
0,white,0.25,3,757,288,0,0,0.313989646826242,31.75,0.07064838753691016,
0,white,0.25,3,758,288,0,0,0.019255144591432516,28,0.912923278432793,
0,white,0.25,3,759,288,0,0,0.22747375540567183,31.25,0.14428446908841663,
0,white,0.25,3,760,288,0,0,0.2227830304322923,31,0.5522957976537317,
0,white,0.25,3,761,288,0,0,0.08082885900546122,27,0.45107473036808454,
0,white,0.25,3,762,288,0,0,0.18910000597901255,30,0.05348847195458617,
0,white,0.25,3,763,288,0,0,0.0219295815586541,27.25,0.17757051996169582,
0,white,0.25,3,764,288,0,0,0.13299490134024183,31,0.7898499278579474,
0,white,0.25,3,765,288,0,0,0.13221697046018321,30.5,0.12947523595702715,
0,white,0.25,3,766,288,0,0,0.23130813769306668,32,0.7441684656404236,
0,white,0.25,3,767,288,0,0,0.05174123719575485,28.25,0.3626859225876199,
0,white,0.25,3,768,288,0,0,0.05454290722051236,31.75,0.2968572212222965,
0,white,0.25,3,769,288,0,0,0.2424853837162887,31.75,0.7584195550323826,
0,white,0.25,3,770,288,0,0,0.1505900001959516,31.5,0.5400794365301178,
0,white,0.25,3,771,288,0,0,0.02288198340505332,31,0.9756858344436619,
0,white,0.25,3,772,288,0,0,0.06745383508956815,32,0.9467042648502036,
0,white,0.25,3,773,288,0,0,0.017429135196102452,30.25,0.8487552450159487,
0,white,0.25,3,774,288,0,0,0.10916795407122049,31.25,0.667541124414966,
0,white,0.25,3,775,288,0,0,0.30361752377272166,32,0.6830099642913599,
0,white,0.25,3,776,288,0,0,0.25260097540352633,31.5,0.3617134426169184,
0,white,0.25,3,777,288,0,0,0.060529472042137544,31.5,0.9255543586173174,
0,white,0.25,3,778,288,0,0,0.03553910791185144,29.25,0.9977225444533,
0,white,0.25,3,779,288,0,0,0.06352624128273487,30,0.4173231509186731,
0,white,0.25,3,780,288,0,0,0.07959906471107547,31.25,0.9422748535897346,
0,white,0.25,3,781,288,0,0,0.06278972983433717,28.25,0.7652663133064641,
0,white,0.25,3,782,288,0,0,0.11326834436407152,30.5,0.618521388429894,
0,white,0.25,3,783,288,0,0,0.23217414816227044,30,0.36850686818737666,
0,white,0.25,3,784,288,0,0,0.1539296602207737,30.5,0.9149748732091688,
0,white,0.25,3,785,288,0,0,0.066709140735847,28.5,0.40714747505774973,
0,white,0.25,3,786,288,0,0,0.2178430310506403,31.5,0.6307936505794609,
0,white,0.25,3,787,288,0,0,0.14431526040005216,31.75,0.7570781984061781,
0,white,0.25,3,788,288,0,0,0.050869105162354766,30.75,0.2897350456123011,
0,white,0.25,3,789,288,0,0,0.05319807694558132,32,0.46348215618412836,
0,white,0.25,3,790,288,0,0,0.2456980268545228,31.5,0.2782474315646849,
0,white,0.25,3,791,288,0,0,0.07918671253158882,31.25,0.6055692062163799,
0,white,0.25,3,792,288,0,0,0.10571115694428834,31.75,0.2907510563093585,
0,white,0.25,3,793,288,0,0,0.16940405747979415,29,0.8134259038906271,
0,white,0.25,3,794,288,0,0,0.15582754056093862,31.5,0.24620252749614968,
0,white,0.25,3,795,288,0,0,0.08249475864645761,30.75,0.8474763753014735,
0,white,0.25,3,796,288,0,0,0.15523401205009857,32,0.8922327881037152,
0,white,0.25,3,797,288,0,0,0.14204310667901343,31.75,0.5612462343376186,
0,white,0.25,3,798,288,0,0,0.06975698294960486,32,0.5720895199627565,
0,white,0.25,3,799,288,0,0,0.19724512106834724,31.75,0.6232550034910789,
0,white,0.25,3,800,288,0,0,0.06401107631686065,30.25,0.9313982386206081,
0,white,0.25,3,801,288,0,0,0.07130136686112254,31.75,0.7101605233497363,
0,white,0.25,3,802,288,0,0,0.20609579628421304,31.5,0.5311736653821661,
0,white,0.25,3,803,288,0,0,0.04647118520881521,31.25,0.12111652541420104,
0,white,0.25,3,804,288,0,0,0.14517148329157004,31.5,0.8469968816275486,
0,white,0.25,3,805,288,0,0,0.10476141143954765,31,0.5621223826516106,
0,white,0.25,3,806,288,0,0,0.1399514329071757,30.75,0.5511734573767968,
0,white,0.25,3,807,288,0,0,0.1035968860661638,27.5,0.43862324871620506,
0,white,0.25,3,808,288,0,0,0.04642858192038979,29,0.033507656902733496,
0,white,0.25,3,809,288,0,0,0.38279137735826074,31.5,0.5159576814479347,
0,white,0.25,3,810,288,0,0,0.09005168873356084,32,0.9399297484600698,
0,white,0.25,3,811,288,0,0,0.02080981860951714,26.25,0.49044660626394676,
0,white,0.25,3,812,288,0,0,0.29774634254266785,32,0.004122461427448765,
0,white,0.25,3,813,288,0,0,0.13159827317451966,30.25,0.5741664388282152,
0,white,0.25,3,814,288,0,0,0.16824864757687108,31,0.5506909644654921,
0,white,0.25,3,815,288,0,0,0.22660184806480643,31.5,0.6272699612868203,
0,white,0.25,3,816,288,0,0,0.06490776997304559,31.5,0.6345849286389722,
0,white,0.25,3,817,288,0,0,0.036713481651329705,29.25,0.3670239469224672,
0,white,0.25,3,818,288,0,0,0.05046861905565325,29,0.28369287950718225,
0,white,0.25,3,819,288,0,0,0.16061925150873213,32,0.34161253875239694,
0,white,0.25,3,820,288,0,0,0.07332891876355496,29.5,0.9449105253470713,
0,white,0.25,3,821,288,0,0,0.21873046986972455,31.25,0.9250977911217605,
0,white,0.25,3,822,288,0,0,0.13967625424196028,31.75,0.6343274880157038,
0,white,0.25,3,823,288,0,0,0.16879118698278828,32,0.0733089643743493,
0,white,0.25,3,824,288,0,0,0.15509819130267943,32,0.5165075469863454,
0,white,0.25,3,825,288,0,0,0.0459410482593271,30.5,0.29059088816128553,
0,white,0.25,3,826,288,0,0,0.051355017726536056,30.5,0.24277424542224568,
0,white,0.25,3,827,288,0,0,0.08820918202917538,30,0.8754957733839422,
0,white,0.25,3,828,288,0,0,0.17487059812195183,30.75,0.22404041595626278,
0,white,0.25,3,829,288,0,0,0.013343119742169174,30.5,0.8489900480254322,
0,white,0.25,3,830,288,0,0,0.024193223426016375,30.5,0.9403657236460319,
0,white,0.25,3,831,288,0,0,0.21277594315451365,31.75,0.5928516714028697,
0,white,0.25,3,832,288,0,0,0.1530899537534497,31.75,0.9286845251261777,
0,white,0.25,3,833,288,0,0,0.28344157101531575,31.75,0.8075684052184485,
0,white,0.25,3,834,288,0,0,0.2842399168131078,31.75,0.683610226034679,
0,white,0.25,3,835,288,0,0,0.10964176252529845,32,0.785906422914069,
0,white,0.25,3,836,288,0,0,0.2745813468924434,32,0.25396550399705164,
0,white,0.25,3,837,288,0,0,0.2222074638939845,31.5,0.09763012860715348,
0,white,0.25,3,838,288,0,0,0.20693564523853158,31.5,0.11249709349521264,
0,white,0.25,3,839,288,0,0,0.02451115215898647,29.5,0.5935777016251432,
0,white,0.25,3,840,288,0,0,0.009624001283016992,28.5,0.3185831054278303,
0,white,0.25,3,841,288,0,0,0.0436861920051661,29.75,0.8199799025232787,
0,white,0.25,3,842,288,0,0,0.1687901822394664,31.75,0.5341865139995772,
0,white,0.25,3,843,288,0,0,0.14038423079390572,31.25,0.18007429791405816,
0,white,0.25,3,844,288,0,0,0.042421149534268565,29.25,0.8340543775405849,
0,white,0.25,3,845,288,0,0,0.1545315490571153,30.75,0.9426597879234824,
0,white,0.25,3,846,288,0,0,0.15516988241573415,31.25,0.5229130944144867,
0,white,0.25,3,847,288,0,0,0.2875775829164817,30.75,0.6708602720696906,
0,white,0.25,3,848,288,0,0,0.07205123379981648,30,0.6504974476670233,
0,white,0.25,3,849,288,0,0,0.2715533163881463,31.75,0.3408936344177369,
0,white,0.25,3,850,288,0,0,0.09186930846452945,31.25,0.3592544394176047,
0,white,0.25,3,851,288,0,0,0.24514820868356768,31.5,0.07812289218041135,
0,white,0.25,3,852,288,0,0,0.030487474823124527,29.75,0.8301571817512439,
0,white,0.25,3,853,288,0,0,0.06544165958729897,30.75,0.6526089608766571,
0,white,0.25,3,854,288,0,0,0.15757558036763808,29.75,0.7545334933919483,
0,white,0.25,3,855,288,0,0,0.03932241442353657,30.5,0.08147834826516542,
0,white,0.25,3,856,288,0,0,0.09779393195802621,31,0.02401890844848331,
0,white,0.25,3,857,288,0,0,0.10467107146714127,30.5,0.48897988393955705,
0,white,0.25,3,858,288,0,0,0.050898227744093694,32,0.19932606148101017,
0,white,0.25,3,859,288,0,0,0.16756960167004342,31.5,0.5797665166161738,
0,white,0.25,3,860,288,0,0,0.09838217623851198,30,0.3663324287847731,
0,white,0.25,3,861,288,0,0,0.28137632349618014,31.75,0.8050954840416098,
0,white,0.25,3,862,288,0,0,0.13654374528859803,29,0.9485015969100797,
0,white,0.25,3,863,288,0,0,0.03661102038158626,30,0.14612087977570887,
0,white,0.25,3,864,288,0,0,0.10957992447480625,31.25,0.30687460911656406,
0,white,0.25,3,865,288,0,0,0.11226811454644359,32,0.7055184306754793,
0,white,0.25,3,866,288,0,0,0.07340078277006823,30.5,0.6606026562664485,
0,white,0.25,3,867,288,0,0,0.025990930618862818,31.5,0.4547817170530558,
0,white,0.25,3,868,288,0,0,0.14781794780747803,30.25,0.490379704243475,
0,white,0.25,3,869,288,0,0,0.037580391100560884,29.5,0.7638505195963996,
0,white,0.25,3,870,288,0,0,0.1784679522263879,31,0.5102720872220817,
0,white,0.25,3,871,288,0,0,0.12762557998924784,31,0.3406907023511505,
0,white,0.25,3,872,288,0,0,0.5066464736249617,32,0.07872349466535511,
0,white,0.25,3,873,288,0,0,0.09556336760593664,30.25,0.1500636069156771,
0,white,0.25,3,874,288,0,0,0.0343517549379988,31.25,0.9644055940783488,
0,white,0.25,3,875,288,0,0,0.2574939954864852,31.25,0.9112496874091418,
0,white,0.25,3,876,288,0,0,0.17837117898359856,32,0.991310402067395,
0,white,0.25,3,877,288,0,0,0.2266455335525408,30.75,0.1616872658910159,
0,white,0.25,3,878,288,0,0,0.077235769575009,30.75,0.9430476345232757,
0,white,0.25,3,879,288,0,0,0.2614026571392568,31.25,0.06098866227052746,
0,white,0.25,3,880,288,0,0,0.12753000399740744,29,0.5754158923806783,
0,white,0.25,3,881,288,0,0,0.07392081916963267,31.5,0.06129804690023366,
0,white,0.25,3,882,288,0,0,0.14414902439556343,31.25,0.7458651710193195,
0,white,0.25,3,883,288,0,0,0.042028005672898106,29.75,0.47856698483599946,
0,white,0.25,3,884,288,0,0,0.060830730132303557,31.5,0.740144446264529,
0,white,0.25,3,885,288,0,0,0.014831972659113735,29.75,0.1564881664329102,
0,white,0.25,3,886,288,0,0,0.16098232192460282,30.5,0.30112165265423574,
0,white,0.25,3,887,288,0,0,0.09321738648155287,31.75,0.8149572502450326,
0,white,0.25,3,888,288,0,0,0.19233533570049677,32,0.7373799137214632,
0,white,0.25,3,889,288,0,0,0.0067988557329746735,29.5,0.5123102687068645,
0,white,0.25,3,890,288,0,0,0.13933063271536605,29.75,0.9330973397639671,
0,white,0.25,3,891,288,0,0,0.43588636418109994,31.75,0.7136883953537182,
0,white,0.25,3,892,288,0,0,0.04717401863223536,31.5,0.574966217724209,
0,white,0.25,3,893,288,0,0,0.039231783513964724,29.5,0.17749220528894782,
0,white,0.25,3,894,288,0,0,0.03869052166646203,28.25,0.7356869047158615,
0,white,0.25,3,895,288,0,0,0.15268849097796966,31.75,0.9500115599700155,
0,white,0.25,3,896,288,0,0,0.11461433239630714,31,0.922062954576021,
0,white,0.25,3,897,288,0,0,0.09163680917886519,30,0.30532661782709414,
0,white,0.25,3,898,288,0,0,0.13471642683502882,32,0.07796139686065606,
0,white,0.25,3,899,288,0,0,0.10519793937703059,30.75,0.6262719253853674,
0,white,0.25,3,900,288,0,0,0.10606299660373741,31,0.7280969178712304,
0,white,0.25,3,901,288,0,0,0.11923601060328837,31,0.38199242880615325,
0,white,0.25,3,902,288,0,0,0.18587515035227908,30.75,0.6841958156698201,
0,white,0.25,3,903,288,0,0,0.10819386048223634,31.25,0.31868249405969795,
0,white,0.25,3,904,288,0,0,0.22471931205855356,31,0.44847642050234116,
0,white,0.25,3,905,288,0,0,0.08191446454813012,31.75,0.1490451787801661,
0,white,0.25,3,906,288,0,0,0.165775386655584,29.5,0.2638310466616044,
0,white,0.25,3,907,288,0,0,0.002648069256509622,29.25,0.9954262019249053,
0,white,0.25,3,908,288,0,0,0.07845768111572615,32,0.08334584097698872,
0,white,0.25,3,909,288,0,0,0.029380465818127477,31,0.1226443814451742,
0,white,0.25,3,910,288,0,0,0.013952935855166881,25,0.29189771800148945,
0,white,0.25,3,911,288,0,0,0.13193026678415365,31.5,0.16402687627512158,
0,white,0.25,3,912,288,0,0,0.23713147538078572,31.5,0.9688300611563538,
0,white,0.25,3,913,288,0,0,0.006005804097639733,29.25,0.7563171151249815,
0,white,0.25,3,914,288,0,0,0.11512152870619796,30.75,0.4128166912025574,
0,white,0.25,3,915,288,0,0,0.17608375322673997,30.25,0.3335260396384744,
0,white,0.25,3,916,288,0,0,0.41349296473153285,30.75,0.7201584255915373,
0,white,0.25,3,917,288,0,0,0.11451549086575152,31,0.7020126748454679,
0,white,0.25,3,918,288,0,0,0.031303424946127256,28.75,0.3021663150888272,
0,white,0.25,3,919,288,0,0,0.03769644851929144,31.75,0.1632962398894109,
0,white,0.25,3,920,288,0,0,0.18437367472776267,32,0.8244491511565446,
0,white,0.25,3,921,288,0,0,0.19757907973209987,31.75,0.11872697143880595,
0,white,0.25,3,922,288,0,0,0.337115547690495,31.75,0.24772291079835207,
0,white,0.25,3,923,288,0,0,0.039310226876146825,29.25,0.13034588419736837,
0,white,0.25,3,924,288,0,0,0.04677190647409235,31,0.6750327096436508,
0,white,0.25,3,925,288,0,0,0.2927814730136423,32,0.46379706655651887,
0,white,0.25,3,926,288,0,0,0.1328396565984138,32,0.07965922280395854,
0,white,0.25,3,927,288,0,0,0.10347960068070805,30.75,0.4767917689604467,
0,white,0.25,3,928,288,0,0,0.0773649819081953,31,0.9385023919645177,
0,white,0.25,3,929,288,0,0,0.23938972349175347,32,0.1879023916146354,
0,white,0.25,3,930,288,0,0,0.13817932858249105,30.75,0.5275007764454052,
0,white,0.25,3,931,288,0,0,0.06344936998006256,30.5,0.31974303502044654,
0,white,0.25,3,932,288,0,0,0.15758454338095385,32,0.9647839695888375,
0,white,0.25,3,933,288,0,0,0.1523854833514512,31.25,0.47999542670983153,
0,white,0.25,3,934,288,0,0,0.1281894740626469,31.25,0.5320586600182239,
0,white,0.25,3,935,288,0,0,0.10037032692517345,31,0.7844771910023967,
0,white,0.25,3,936,288,0,0,0.09747392437946578,31.25,0.9035278863201751,
0,white,0.25,3,937,288,0,0,0.11631304042070123,30.25,0.22150765251338478,
0,white,0.25,3,938,288,0,0,0.13882962728555726,30.75,0.4857277133224892,
0,white,0.25,3,939,288,0,0,0.031585005311167924,30.75,0.3718848088140595,
0,white,0.25,3,940,288,0,0,0.21755098558351305,32,0.870318376734404,
0,white,0.25,3,941,288,0,0,0.07342749474292631,29.75,0.298504642780267,
0,white,0.25,3,942,288,0,0,0.185232168335145,30.25,0.2496615591250002,
0,white,0.25,3,943,288,0,0,0.231979945088016,32,0.06395454098165909,
0,white,0.25,3,944,288,0,0,0.016997163517773473,27.5,0.16752527759572655,
0,white,0.25,3,945,288,0,0,0.18589401754354717,31,0.5056704796871326,
0,white,0.25,3,946,288,0,0,0.07121255356183354,31.5,0.2469488917402568,
0,white,0.25,3,947,288,0,0,0.22291818141979391,32,0.14013193951394487,
0,white,0.25,3,948,288,0,0,0.1371915021850615,31.25,0.601019874774313,
0,white,0.25,3,949,288,0,0,0.04638985125330253,28.5,0.557535085611647,
0,white,0.25,3,950,288,0,0,0.05554640381022424,30.75,0.88110356042765,
0,white,0.25,3,951,288,0,0,0.029751305555827723,32,0.9268870715488587,
0,white,0.25,3,952,288,0,0,0.032362525479947224,31.25,0.4001173554425459,
0,white,0.25,3,953,288,0,0,0.26571033447728165,31.25,0.5779840233726363,
0,white,0.25,3,954,288,0,0,0.08339883631276246,30.75,0.17498167008855325,
0,white,0.25,3,955,288,0,0,0.2231177840948485,32,0.8230552265532796,
0,white,0.25,3,956,288,0,0,0.13827728221823898,30.75,0.6169827029881936,
0,white,0.25,3,957,288,0,0,0.05913896975747979,32,0.6904439520818908,
0,white,0.25,3,958,288,0,0,0.10568875905197206,30.75,0.09577711733176286,
0,white,0.25,3,959,288,0,0,0.1913837898491133,32,0.9879539569687612,
0,white,0.25,3,960,288,0,0,0.05060856233752542,32,0.39382525805172974,
0,white,0.25,3,961,288,0,0,0.19060559202726213,31.5,0.5064730855397964,
0,white,0.25,3,962,288,0,0,0.06143123028924513,31.5,0.5924125059275784,
0,white,0.25,3,963,288,0,0,0.03848292669579123,28,0.20353125565659436,
0,white,0.25,3,964,288,0,0,0.03692271982472628,30,0.26329131009595885,
0,white,0.25,3,965,288,0,0,0.03786635303100683,29.25,0.37853690866514933,
0,white,0.25,3,966,288,0,0,0.27557183537368224,32,0.24207288097295554,
0,white,0.25,3,967,288,0,0,0.0746210651456346,31.5,0.19224212394178142,
0,white,0.25,3,968,288,0,0,0.10778277617218135,29.75,0.5414868914658728,
0,white,0.25,3,969,288,0,0,0.08509048014575427,31.5,0.5662354282056354,
0,white,0.25,3,970,288,0,0,0.09287647779685315,31.75,0.26811210656419615,
0,white,0.25,3,971,288,0,0,0.011349641699739177,30.5,0.9116216389234499,
0,white,0.25,3,972,288,0,0,0.1305163522633871,31.75,0.027292032473638872,
0,white,0.25,3,973,288,0,0,0.11778765482921782,31,0.3691222015598985,
0,white,0.25,3,974,288,0,0,0.01820639925825318,27.75,0.5493804656946426,
0,white,0.25,3,975,288,0,0,0.1023847384045532,31.75,0.563615255386224,
0,white,0.25,3,976,288,0,0,0.13411070633290834,32,0.8108207696149626,
0,white,0.25,3,977,288,0,0,0.1314469436605723,31.5,0.1449980246836966,
0,white,0.25,3,978,288,0,0,0.26136392848063583,31,0.8298023054320114,
0,white,0.25,3,979,288,0,0,0.19735931216858194,31.25,0.011935963072606026,
0,white,0.25,3,980,288,0,0,0.12823306243102117,30.5,0.12927191482500922,
0,white,0.25,3,981,288,0,0,0.21121646864968602,31.25,0.9640735866637467,
0,white,0.25,3,982,288,0,0,0.04656604958070831,31.5,0.1023148575378855,
0,white,0.25,3,983,288,0,0,0.04670742179602538,29.25,0.18668617902530515,
0,white,0.25,3,984,288,0,0,0.23593490645233417,31.75,0.696874639463329,
0,white,0.25,3,985,288,0,0,0.006960834047983644,28,0.22116580177491918,
0,white,0.25,3,986,288,0,0,0.061106847770418304,29.5,0.9906514283412299,
0,white,0.25,3,987,288,0,0,0.1494902903592754,28.75,0.04208432057889899,
0,white,0.25,3,988,288,0,0,0.1437790963813257,31.5,0.3203912692653248,
0,white,0.25,3,989,288,0,0,0.14034274051658802,30.25,0.5775595274816681,
0,white,0.25,3,990,288,0,0,0.09135925028831982,31.25,0.5579941038627596,
0,white,0.25,3,991,288,0,0,0.04746900243051244,30.25,0.7541892631771777,
0,white,0.25,3,992,288,0,0,0.10124576452849199,30.5,0.5472687460088763,
0,white,0.25,3,993,288,0,0,0.02226562041876934,31.5,0.9252349371664454,
0,white,0.25,3,994,288,0,0,0.02777643238219607,30.5,0.40602154655957956,
0,white,0.25,3,995,288,0,0,0.008146085556648752,29.25,0.2115046323490366,
0,white,0.25,3,996,288,0,0,0.18891508926164136,32,0.8328557679203026,
0,white,0.25,3,997,288,0,0,0.04061976162137171,28.5,0.6379237831053775,
0,white,0.25,3,998,288,0,0,0.03260153947932132,27.5,0.5585394782257995,
0,white,0.25,3,999,288,0,0,0.06314653751005594,29.5,0.4341896265288585,
4,white,1,7,0,168,0,0,0.04279406084280413,29,0.4921303985984159,0.835
4,white,1,7,1,168,0,0,0.063692131948205,27,0.8422630136745085,0.345
4,white,1,7,2,168,0,0,0.11151753219585592,27,0.7009387667033237,0.885
4,white,1,7,3,168,0,0,0.43981205316063077,32,0.9158889009948407,0.82
4,white,1,7,4,168,0,0,0.06799346036221532,30,0.6766450295358988,0.885
4,white,1,7,5,168,0,0,0.054656984686941135,29,0.6498119989931259,0.82
4,white,1,7,6,168,0,0,0.06473558277047187,32,0.5021027084864116,0.745
4,white,1,7,7,168,0,0,0.1620852803350491,32,0.6900335355199924,0.265
4,white,1,7,8,168,0,0,0.1690122200257066,30,0.5380295375182289,0.83
4,white,1,7,9,168,0,0,0.017647693604050718,30,0.2222606782585116,0.245
4,white,1,7,10,168,0,0,0.16548992930349482,32,0.19577898365268054,0.285
4,white,1,7,11,168,0,0,0.13414191148692056,31,0.007162742246862308,0.03
4,white,1,7,12,168,0,0,0.04895722791668733,26,0.8979694199171979,0.225
4,white,1,7,13,168,0,0,0.24979663920781536,31,0.3320846606108169,0.405
4,white,1,7,14,168,0,0,0.027165479478990173,27,0.8724080381230823,0.805
4,white,1,7,15,168,0,0,0.17948373997754097,29,0.818162838250378,0.12
4,white,1,7,16,168,0,0,0.03641714904707105,27,0.2516893779609304,0.45
4,white,1,7,17,168,0,0,0.10808083068608276,32,0.3947456274737644,0.29
4,white,1,7,18,168,0,0,0.04243331077153645,26,0.28905793007622815,0.755
4,white,1,7,19,168,0,0,0.34558738666583466,32,0.22118432905820884,0.665
4,white,1,7,20,168,0,0,0.11287976296102464,32,0.13397020694008355,0.275
4,white,1,7,21,168,0,0,0.1448422204136669,30,0.5979129860142078,0.46
4,white,1,7,22,168,0,0,0.11809099519924982,30,0.27766655887334357,0.36
4,white,1,7,23,168,0,0,0.08607572774812888,26,0.5496961720527097,0.76
4,white,1,7,24,168,0,0,0.1615656289564178,31,0.09692055320341642,0.355
4,white,1,7,25,168,0,0,0.04338359156518712,29,0.22626280860244752,0.415
4,white,1,7,26,168,0,0,0.35455575935658434,32,0.9516944326523993,0.6
4,white,1,7,27,168,0,0,0.4558256465315238,31,0.27272801587422024,0.49
4,white,1,7,28,168,0,0,0.2882252029282515,28,0.5969522155139253,0.835
4,white,1,7,29,168,0,0,0.1330441266357214,32,0.9499640410483944,0.955
4,white,1,7,30,168,0,0,0.12612459036408086,30,0.4953194414596004,0.135
4,white,1,7,31,168,0,0,0.0377050522401563,26,0.2732651929094214,0.81
4,white,1,7,32,168,0,0,0.026578375061343418,30,0.3908129939023055,0.57
4,white,1,7,33,168,0,0,0.13328709276532402,30,0.44079166770345746,0.115
4,white,1,7,34,168,0,0,0.12406924659925989,29,0.9617063079896602,0.595
4,white,1,7,35,168,0,0,0.1376638355783507,32,0.3571798124680522,0.625
4,white,1,7,36,168,0,0,0.1234615061803368,29,0.7106394155684457,0.86
4,white,1,7,37,168,0,0,0.030644389885611356,21,0.5182276844641451,0.245
4,white,1,7,38,168,0,0,0.12275606255221216,31,0.6888673036618828,0.455
4,white,1,7,39,168,0,0,0.18142819292707135,31,0.7901960126484495,0.615
4,white,1,7,40,168,0,0,0.03788930912123656,30,0.030390975346223814,0.325
4,white,1,7,41,168,0,0,0.04151972551392258,30,0.1574806232384962,0.495
4,white,1,7,42,168,0,0,0.0616093782951298,32,0.01437607872207236,0.085
4,white,1,7,43,168,0,0,0.14452197141395628,30,0.06386191899956128,0.225
4,white,1,7,44,168,0,0,0.12132498491485899,32,0.3744359913075618,0.41
4,white,1,7,45,168,0,0,0.2612402237006748,31,0.04232423394541873,0.27
4,white,1,7,46,168,0,0,0.13039005128333625,32,0.30108120621873824,0.275
4,white,1,7,47,168,0,0,0.01620288583672458,25,0.6840214815384473,0.56
4,white,1,7,48,168,0,0,0.20008519512014677,30,0.7680171885457374,0.595
4,white,1,7,49,168,0,0,0.022579896207507888,24,0.06696229057197345,0.075
4,white,1,7,50,168,0,0,0.006468548084792913,32,0.542194320062523,0.685
4,white,1,7,51,168,0,0,0.15964058834437145,31,0.5850380966241129,0.205
4,white,1,7,52,168,0,0,0.051126101937664314,21,0.29620038287082995,0.28
4,white,1,7,53,168,0,0,0.05177885663656445,21,0.078675992519743,0.18
4,white,1,7,54,168,0,0,0.055157429653892476,31,0.4604103266447773,0.72
4,white,1,7,55,168,0,0,0.03183117371781463,31,0.9620874006147553,0.985
4,white,1,7,56,168,1,1,0.002849451835891581,32,0.13723189293875593,0.4
4,white,1,7,57,168,0,0,0.04942146601881403,31,0.6472128206962808,0.535
4,white,1,7,58,168,0,0,0.2742543850976744,31,0.3657451836764629,0.54
4,white,1,7,59,168,0,0,0.14514070463300932,32,0.5486165806987547,0.72
4,white,1,7,60,168,0,0,0.23002533226994626,32,0.3614274297903206,0.525
4,white,1,7,61,168,0,0,0.05157569810874996,26,0.23493094069320009,0.435
4,white,1,7,62,168,0,0,0.2257942947297924,32,0.9776196182719241,0.785
4,white,1,7,63,168,0,0,0.5071851812525893,31,0.6091957624028896,0.615
4,white,1,7,64,168,0,0,0.036329201799628286,22,0.8534492199674187,0.95
4,white,1,7,65,168,0,0,0.094228306554073,30,0.6691117798951169,0.78
4,white,1,7,66,168,0,0,0.0268812406549519,24,0.004067684176099595,0.125
4,white,1,7,67,168,0,0,0.026593969219277702,29,0.63156610699526,0.865
4,white,1,7,68,168,0,0,0.11164000326390222,29,0.07907250899368701,0.195
4,white,1,7,69,168,1,1,0.0010024616508511608,20,0.9581514421211116,0.885
4,white,1,7,70,168,1,1,0.0006330551394155837,31,0.9032439665497598,0.21
4,white,1,7,71,168,0,0,0.08776353064135123,30,0.393970111700785,0.345
4,white,1,7,72,168,0,0,0.06982276870611226,26,0.19244171110982733,0.375
4,white,1,7,73,168,0,0,0.04726845905002475,29,0.1984064110174918,0.25
4,white,1,7,74,168,0,0,0.14491566607307171,29,0.0745611129996494,0.295
4,white,1,7,75,168,0,0,0.2577188177081795,32,0.49202022328466544,0.4
4,white,1,7,76,168,0,0,0.007154700424994442,28,0.2956385791580516,0.21
4,white,1,7,77,168,0,0,0.10960595397592454,22,0.24144169177542896,0.15
4,white,1,7,78,168,0,0,0.1087057965952144,29,0.9898540874847344,0.925
4,white,1,7,79,168,0,0,0.14619246255485097,31,0.840663859848272,0.39
4,white,1,7,80,168,0,0,0.16502809839496135,31,0.275576368700305,0.785
4,white,1,7,81,168,0,0,0.15203608754197173,26,0.8283756660299542,0.975
4,white,1,7,82,168,0,0,0.026476100933456204,31,0.2167986684665033,0.325
4,white,1,7,83,168,0,0,0.06045274168216819,22,0.49428875862083765,0.53
4,white,1,7,84,168,0,0,0.004980219409055575,32,0.29471233202024183,0.33
4,white,1,7,85,168,0,0,0.07312225625064683,31,0.36918233678878654,0.575
4,white,1,7,86,168,0,0,0.015166085707359778,27,0.4335503330566467,0.195
4,white,1,7,87,168,0,0,0.2566445007727185,32,0.7591927743460153,0.665
4,white,1,7,88,168,0,0,0.011831425662353179,25,0.3342044293275557,0.355
4,white,1,7,89,168,0,0,0.02124723516727922,30,0.8537150882911734,0.545
4,white,1,7,90,168,0,0,0.19020249658131605,30,0.04694844790686026,0.29
4,white,1,7,91,168,0,0,0.019907275427043514,26,0.22013025754115645,0.185
4,white,1,7,92,168,0,0,0.4559338431565574,29,0.532639115343771,0.33
4,white,1,7,93,168,0,0,0.1770894644345612,32,0.1394607176058229,0.335
4,white,1,7,94,168,0,0,0.09022157664421193,27,0.751662651677143,0.44
4,white,1,7,95,168,1,1,0.00013403463796091142,20,0.628944057718499,0.25
4,white,1,7,96,168,0,0,0.02006381888985942,27,0.512946106569969,0.445
4,white,1,7,97,168,0,0,0.0039984193648208155,28,0.37419333118062426,0.25
4,white,1,7,98,168,0,0,0.23198513967537204,29,0.08466691783539115,0.495
4,white,1,7,99,168,0,0,0.3599309063428171,32,0.17076591144746023,0.685
4,white,1,7,100,168,0,0,0.06399549936934545,32,0.733160895240974,0.685
4,white,1,7,101,168,0,0,0.2684102218110884,31,0.22381998117780855,0.23
4,white,1,7,102,168,0,0,0.08153944413096192,27,0.3964205853737013,0.325
4,white,1,7,103,168,1,1,0.0010842689245109671,25,0.015474822189053161,0.065
4,white,1,7,104,168,0,0,0.13559027750684838,31,0.04298636809038325,0.305
4,white,1,7,105,168,0,0,0.06505103366386056,28,0.10119965455583002,0.275
4,white,1,7,106,168,0,0,0.16266568965994121,31,0.2266319583844818,0.43
4,white,1,7,107,168,0,0,0.12729401685937292,32,0.6949849650487097,0.1
4,white,1,7,108,168,0,0,0.017387459724816035,31,0.36439418076853913,0.375
4,white,1,7,109,168,0,0,0.2514006194445676,32,0.19985385758133678,0.3
4,white,1,7,110,168,0,0,0.08118866538995317,32,0.6992693439645357,0.635
4,white,1,7,111,168,0,0,0.018106569253766636,26,0.6378543949628771,0.145
4,white,1,7,112,168,0,0,0.12020122428903235,30,0.08251111951606083,0.45
4,white,1,7,113,168,0,0,0.019666725127677864,26,0.4518076640608817,0.15
4,white,1,7,114,168,0,0,0.16753738139903884,28,0.7321698588566565,0.97
4,white,1,7,115,168,0,0,0.020751450119780968,30,0.9858026904366812,0.795
4,white,1,7,116,168,1,1,0.0010822350965307148,26,0.5595296632984996,0.435
4,white,1,7,117,168,0,0,0.0737398765934355,29,0.225800027163908,0.42
4,white,1,7,118,168,0,0,0.16274133176313665,29,0.2785763877415506,0.115
4,white,1,7,119,168,0,0,0.23163152013870936,31,0.558329325049058,0.785
4,white,1,7,120,168,0,0,0.035917084259565524,29,0.9874594662655584,0.945
4,white,1,7,121,168,0,0,0.05727702419437486,30,0.7467084890311764,0.6
4,white,1,7,122,168,0,0,0.061322594968857946,31,0.6699425136513413,0.89
4,white,1,7,123,168,0,0,0.05305211173988089,29,0.9779056149248216,0.995
4,white,1,7,124,168,0,0,0.08221520787065917,28,0.7649361433012634,0.815
4,white,1,7,125,168,0,0,0.10070751567397596,29,0.6540132225468303,0.785
4,white,1,7,126,168,0,0,0.12687985695650772,32,0.18548594360508408,0.255
4,white,1,7,127,168,0,0,0.014204462774396576,29,0.7874294103139241,0.995
4,white,1,7,128,168,0,0,0.17203049502430812,32,0.7751761662329429,0.22
4,white,1,7,129,168,0,0,0.008780956373363735,30,0.5015985397627547,0.435
4,white,1,7,130,168,0,0,0.1864577125406497,31,0.9911528772993073,0.28
4,white,1,7,131,168,1,1,0.0015346879812723202,24,0.002464684111578408,0.11
4,white,1,7,132,168,0,0,0.03562520639989342,26,0.8796663348367397,0.48
4,white,1,7,133,168,0,0,0.1188782562739441,29,0.46884362795509005,0.08
4,white,1,7,134,168,0,0,0.2714770727411493,31,0.5022626653330773,0.325
4,white,1,7,135,168,0,0,0.1321575867208329,29,0.3622571855155965,0.63
4,white,1,7,136,168,0,0,0.16017310648526584,29,0.5402270622637497,0.925
4,white,1,7,137,168,0,0,0.2002028208614003,31,0.2507437958208987,0.365
4,white,1,7,138,168,0,0,0.035507693971461585,25,0.8592807487873968,0.585
4,white,1,7,139,168,0,0,0.11301615767755391,30,0.9022250130957733,0.205
4,white,1,7,140,168,0,0,0.02451309808074753,32,0.6499703191401227,0.815
4,white,1,7,141,168,0,0,0.16956550559846972,30,0.07455750259009086,0.215
4,white,1,7,142,168,0,0,0.1774829307817054,29,0.6313348985772593,0.49
4,white,1,7,143,168,0,0,0.00506295155169878,19,0.6432836398402626,0.8
4,white,1,7,144,168,0,0,0.0111897656540485,22,0.6959213431779332,0.6
4,white,1,7,145,168,0,0,0.042036418143273635,27,0.12806117086569102,0.255
4,white,1,7,146,168,0,0,0.020168340934972884,30,0.9170957248047609,0.33
4,white,1,7,147,168,0,0,0.05760697457733355,26,0.24115133050981719,0.38
4,white,1,7,148,168,0,0,0.1850270901907144,29,0.08693878793603216,0.3
4,white,1,7,149,168,0,0,0.11002993848375131,31,0.03203846084819595,0.155
4,white,1,7,150,168,0,0,0.08177375016082711,31,0.2793355702691238,0.455
4,white,1,7,151,168,0,0,0.07182696292422708,31,0.870149270202439,0.78
4,white,1,7,152,168,0,0,0.09764700207172416,28,0.9434155919448941,0.865
4,white,1,7,153,168,0,0,0.050156416159182315,28,0.0951542406781819,0.2
4,white,1,7,154,168,0,0,0.029050800353813355,29,0.3320934136702305,0.245
4,white,1,7,155,168,0,0,0.2405596547216039,30,0.9075699984078707,0.34
4,white,1,7,156,168,0,0,0.19362169700011567,31,0.657190608310883,0.885
4,white,1,7,157,168,0,0,0.06493784949741088,26,0.14610187616533477,0.34
4,white,1,7,158,168,0,0,0.36481601265445884,28,0.6272412929707047,0.7
4,white,1,7,159,168,1,1,0.000970808745473728,28,0.2750361835767172,0.385
4,white,1,7,160,168,0,0,0.027671162100542657,29,0.12385198749459747,0.645
4,white,1,7,161,168,0,0,0.06180329223928849,31,0.5533275873555414,0.71
4,white,1,7,162,168,0,0,0.005445792175381103,30,0.7126315837647501,0.795
4,white,1,7,163,168,0,0,0.003436277942663879,31,0.8531852328411649,0.91
4,white,1,7,164,168,0,0,0.09592235913587521,30,0.572332795611568,0.62
4,white,1,7,165,168,0,0,0.34533733049452753,32,0.6248190033462796,0.875
4,white,1,7,166,168,0,0,0.0037435945060514397,22,0.19429946118358943,0.195
4,white,1,7,167,168,0,0,0.09110246622128981,27,0.9938205896072108,0.675
4,white,1,7,168,168,0,0,0.020391991431139456,32,0.41964225581082415,0.865
4,white,1,7,169,168,0,0,0.06287070028729391,24,0.0684979165789199,0.24
4,white,1,7,170,168,0,0,0.13326091633240567,27,0.6640525369111514,0.695
4,white,1,7,171,168,0,0,0.24923496387236543,32,0.15689482735281401,0.42
4,white,1,7,172,168,0,0,0.18454087313530554,32,0.5621704504548813,0.21
4,white,1,7,173,168,0,0,0.052199253317345984,28,0.96222975591216,0.665
4,white,1,7,174,168,0,0,0.0728458288063133,32,0.09801436668685393,0.315
4,white,1,7,175,168,0,0,0.07752531836874865,31,0.42488375290568126,0.465
4,white,1,7,176,168,0,0,0.05941324463309583,29,0.9312831012696485,0.3
4,white,1,7,177,168,0,0,0.1905817797706837,32,0.36388914438732445,0.455
4,white,1,7,178,168,0,0,0.019400447947640842,29,0.262435481494359,0.415
4,white,1,7,179,168,0,0,0.18988359246620146,30,0.6740959941914726,0.91
4,white,1,7,180,168,0,0,0.2847516883127881,31,0.4262021982665185,0.42
4,white,1,7,181,168,0,0,0.11053997781355707,31,0.5325392232490186,0.755
4,white,1,7,182,168,0,0,0.14734948962013372,30,0.18609791787165553,0.5
4,white,1,7,183,168,0,0,0.08683347804224051,32,0.788931314884223,0.43
4,white,1,7,184,168,0,0,0.13205166467650709,29,0.11192209854750557,0.345
4,white,1,7,185,168,0,0,0.1329756972740631,28,0.6148969268980297,0.745
4,white,1,7,186,168,0,0,0.3592529215679948,32,0.526514558150466,0.4
4,white,1,7,187,168,0,0,0.029877592674005582,28,0.746993771613202,0.145
4,white,1,7,188,168,0,0,0.15847175299812466,28,0.9505189696542394,0.66
4,white,1,7,189,168,0,0,0.1024321283146461,32,0.3121369106834677,0.235
4,white,1,7,190,168,0,0,0.10508012648015341,32,0.5559832279261692,0.94
4,white,1,7,191,168,0,0,0.11066337990542108,31,0.522828407915557,0.78
4,white,1,7,192,168,0,0,0.08868708657255642,27,0.6557045363103322,0.755
4,white,1,7,193,168,0,0,0.007947534198499362,25,0.4110647848431447,0.275
4,white,1,7,194,168,0,0,0.06230954621005391,30,0.5413712820979881,0.885
4,white,1,7,195,168,0,0,0.04113786876700909,23,0.3622982949657185,0.62
4,white,1,7,196,168,0,0,0.027565441539566082,26,0.5962599710794041,0.31
4,white,1,7,197,168,0,0,0.24522626763310928,30,0.6696459574309841,0.755
4,white,1,7,198,168,0,0,0.15465247002124138,32,0.8865422753469735,0.795
4,white,1,7,199,168,0,0,0.055777479677481145,26,0.2299416012104616,0.335
4,white,1,7,200,168,0,0,0.12996664579892947,29,0.31825282530337884,
4,white,1,7,201,168,0,0,0.08279870588038052,28,0.6675748725519208,
4,white,1,7,202,168,0,0,0.09307556762926594,28,0.19644480266231212,
4,white,1,7,203,168,0,0,0.15568338362407652,31,0.8578633423354957,
4,white,1,7,204,168,0,0,0.15715373125106513,30,0.11880373521751575,
4,white,1,7,205,168,0,0,0.04007676394709914,32,0.848770868248074,
4,white,1,7,206,168,0,0,0.13364017025039332,32,0.9014078681564767,
4,white,1,7,207,168,0,0,0.0586428359300164,28,0.8194705587765047,
4,white,1,7,208,168,0,0,0.01669726885785594,31,0.7736838990268364,
4,white,1,7,209,168,0,0,0.07716141408141797,31,0.5993644967598708,
4,white,1,7,210,168,0,0,0.1417995345069213,31,0.3092231821231066,
4,white,1,7,211,168,0,0,0.11486314654800855,30,0.21647101798860025,
4,white,1,7,212,168,0,0,0.0860975421206791,28,0.6984443475705757,
4,white,1,7,213,168,0,0,0.04703332792178816,24,0.14105071799893865,
4,white,1,7,214,168,0,0,0.13158606625162939,30,0.815212323401672,
4,white,1,7,215,168,0,0,0.09251110617981217,32,0.5089476622364066,
4,white,1,7,216,168,0,0,0.10755675612628057,31,0.8661713338140442,
4,white,1,7,217,168,0,0,0.28913174982112033,29,0.16564527394279072,
4,white,1,7,218,168,0,0,0.07235891565244845,25,0.16694111272991807,
4,white,1,7,219,168,1,1,0.0011461468664420993,25,0.19793729987161546,
4,white,1,7,220,168,1,1,0.002010152552650468,21,0.031514294985523716,
4,white,1,7,221,168,0,0,0.24614880561052987,28,0.9463617494864068,
4,white,1,7,222,168,0,0,0.35502813514656517,32,0.17465407706172198,
4,white,1,7,223,168,0,0,0.16399804151009478,27,0.676582921181197,
4,white,1,7,224,168,0,0,0.09925798183923817,25,0.30896656656312516,
4,white,1,7,225,168,0,0,0.04041104827989073,32,0.3280855023647862,
4,white,1,7,226,168,0,0,0.013979244333770291,27,0.5597984283347353,
4,white,1,7,227,168,0,0,0.1620200506522439,31,0.11761008805750983,
4,white,1,7,228,168,0,0,0.16453745802651432,30,0.8112416426690162,
4,white,1,7,229,168,0,0,0.02716329448321675,31,0.21458078007963055,
4,white,1,7,230,168,0,0,0.029528481181097965,28,0.20680874561297669,
4,white,1,7,231,168,0,0,0.26167492189283004,32,0.0603043335212291,
4,white,1,7,232,168,0,0,0.1346794424607931,29,0.8070265114339377,
4,white,1,7,233,168,0,0,0.35343559295187255,31,0.6077192093537696,
4,white,1,7,234,168,0,0,0.029469804774295394,31,0.09788160513290844,
4,white,1,7,235,168,0,0,0.2615024533892204,30,0.36980252504224276,
4,white,1,7,236,168,0,0,0.08189116713740774,29,0.11006035300457706,
4,white,1,7,237,168,0,0,0.18435926794550284,30,0.15204430517865763,
4,white,1,7,238,168,0,0,0.12243935475508183,29,0.4581903124337361,
4,white,1,7,239,168,0,0,0.1472759267884055,32,0.54731943200807,
4,white,1,7,240,168,0,0,0.04464846991478133,31,0.8688479420460413,
4,white,1,7,241,168,0,0,0.15551657412254416,29,0.44957448620068685,
4,white,1,7,242,168,0,0,0.04036642172482985,30,0.660767334422065,
4,white,1,7,243,168,0,0,0.06830205724451643,26,0.059053392685987305,
4,white,1,7,244,168,0,0,0.09930029737921653,29,0.23071608263948806,
4,white,1,7,245,168,0,0,0.10491326164007886,32,0.45549377875466457,
4,white,1,7,246,168,0,0,0.2854802640289096,31,0.4581398387282626,
4,white,1,7,247,168,0,0,0.06599490496887872,24,0.6410203454171326,
4,white,1,7,248,168,0,0,0.3219474799785077,32,0.48943528431322214,
4,white,1,7,249,168,0,0,0.2805771510066749,30,0.05074392267525163,
4,white,1,7,250,168,0,0,0.10415154632052148,32,0.7276891745112338,
4,white,1,7,251,168,0,0,0.327534144907357,32,0.6932627765885935,
4,white,1,7,252,168,0,0,0.0949073109381311,29,0.9874400720558404,
4,white,1,7,253,168,0,0,0.26088120292215056,26,0.9946889847935929,
4,white,1,7,254,168,0,0,0.01800833099240906,19,0.48609965918385745,
4,white,1,7,255,168,0,0,0.016563188008674512,25,0.10611357861300919,
4,white,1,7,256,168,0,0,0.042564875496461485,32,0.470140805300169,
4,white,1,7,257,168,0,0,0.19925988886473056,29,0.731573203254392,
4,white,1,7,258,168,0,0,0.2084973445455799,32,0.12809618404138656,
4,white,1,7,259,168,0,0,0.19952541661546863,32,0.26130264015616955,
4,white,1,7,260,168,0,0,0.042877785750405906,32,0.8372183351787197,
4,white,1,7,261,168,0,0,0.08986470866743523,31,0.9347945704573841,
4,white,1,7,262,168,0,0,0.1533956106572233,27,0.18913604316140986,
4,white,1,7,263,168,0,0,0.4011188576392144,32,0.19669533708831177,
4,white,1,7,264,168,0,0,0.1435131896986439,31,0.3888666917167267,
4,white,1,7,265,168,0,0,0.151970611999254,30,0.032685018643279884,
4,white,1,7,266,168,0,0,0.04244853731963116,30,0.3856460071357001,
4,white,1,7,267,168,0,0,0.45062067542343875,29,0.7869604596028107,
4,white,1,7,268,168,0,0,0.22483629489581747,32,0.7105133923385347,
4,white,1,7,269,168,0,0,0.11753182394004247,31,0.3902309395545853,
4,white,1,7,270,168,0,0,0.12062044660559468,31,0.9394260181041896,
4,white,1,7,271,168,0,0,0.06557389675576808,30,0.16645016786304034,
4,white,1,7,272,168,0,0,0.04561333267404555,32,0.890061490228983,
4,white,1,7,273,168,0,0,0.19499463570232234,32,0.4714088510576533,
4,white,1,7,274,168,0,0,0.2150217877935603,31,0.32970040553846025,
4,white,1,7,275,168,0,0,0.05857714334318587,22,0.010601050239170795,
4,white,1,7,276,168,1,1,0.0005305569959985768,25,0.3421001580403322,
4,white,1,7,277,168,0,0,0.09475614823668721,30,0.8645835123933436,
4,white,1,7,278,168,0,0,0.12931858543782238,30,0.909047943593048,
4,white,1,7,279,168,0,0,0.03062234935805619,24,0.2854349876264102,
4,white,1,7,280,168,0,0,0.027867246199781204,25,0.45491277104530914,
4,white,1,7,281,168,0,0,0.021813051593978172,24,0.6645392230451341,
4,white,1,7,282,168,0,0,0.20598361762887174,32,0.8894388801695509,
4,white,1,7,283,168,0,0,0.18965421569384777,32,0.9255788473925063,
4,white,1,7,284,168,0,0,0.07900219205730341,30,0.5252889598736261,
4,white,1,7,285,168,0,0,0.0769794578845091,30,0.09877619075559307,
4,white,1,7,286,168,0,0,0.03448345592538704,24,0.12241910073581352,
4,white,1,7,287,168,0,0,0.11043173079331381,28,0.18787875507640273,
4,white,1,7,288,168,0,0,0.1069311453564068,29,0.7529199161792356,
4,white,1,7,289,168,0,0,0.3133100904702133,32,0.9051408557679017,
4,white,1,7,290,168,0,0,0.12707089232485047,32,0.8505181561975288,
4,white,1,7,291,168,0,0,0.08665232402802558,31,0.6740819576358221,
4,white,1,7,292,168,0,0,0.1767131469178015,28,0.08178277522684496,
4,white,1,7,293,168,0,0,0.07894919212953477,30,0.293100047911379,
4,white,1,7,294,168,0,0,0.4108741771319102,30,0.8995616535900854,
4,white,1,7,295,168,0,0,0.1059231098576131,30,0.9487871053131816,
4,white,1,7,296,168,0,0,0.11960595825595688,32,0.31105647093694944,
4,white,1,7,297,168,0,0,0.28829827771420213,31,0.5287059977005731,
4,white,1,7,298,168,0,0,0.12506545522947998,30,0.18945459734465853,
4,white,1,7,299,168,0,0,0.12532470529644357,30,0.23915390371588752,
4,white,1,7,300,168,0,0,0.034894758018849004,30,0.5793128168263899,
4,white,1,7,301,168,0,0,0.09835033650577008,30,0.33213994646251177,
4,white,1,7,302,168,0,0,0.026442112847674726,25,0.11407914632178451,
4,white,1,7,303,168,0,0,0.239398459258214,27,0.9195736228223585,
4,white,1,7,304,168,0,0,0.038327044292144286,26,0.6787711876732407,
4,white,1,7,305,168,0,0,0.014999607581479446,25,0.0418283779438442,
4,white,1,7,306,168,0,0,0.08278470574546737,26,0.19982658835055167,
4,white,1,7,307,168,0,0,0.1294475149918416,32,0.5910901012155045,
4,white,1,7,308,168,0,0,0.30447253944938635,32,0.9700544493699389,
4,white,1,7,309,168,0,0,0.20053095198596516,30,0.7479716842935531,
4,white,1,7,310,168,0,0,0.04248150367467818,26,0.5314082520978978,
4,white,1,7,311,168,0,0,0.07197526920815822,27,0.6068940469219445,
4,white,1,7,312,168,0,0,0.06344831599758971,32,0.35384178954870726,
4,white,1,7,313,168,0,0,0.13713686640025036,31,0.7152019216981441,
4,white,1,7,314,168,0,0,0.02759650901416255,26,0.07656468614073564,
4,white,1,7,315,168,0,0,0.046295731422724806,28,0.7994397968110477,
4,white,1,7,316,168,0,0,0.2265978017874264,32,0.3051118720984738,
4,white,1,7,317,168,0,0,0.037616833993509124,25,0.18373169668609313,
4,white,1,7,318,168,0,0,0.10362783141267362,32,0.3529395595844045,
4,white,1,7,319,168,0,0,0.047949541344953994,32,0.7739995753288698,
4,white,1,7,320,168,0,0,0.15893080830520523,32,0.035379487700222256,
4,white,1,7,321,168,0,0,0.13891373365506832,31,0.42232976279423406,
4,white,1,7,322,168,0,0,0.053575846974175945,27,0.395369144092525,
4,white,1,7,323,168,0,0,0.015934003606101532,29,0.9515922302107648,
4,white,1,7,324,168,0,0,0.049509340750316544,24,0.06621819052268263,
4,white,1,7,325,168,0,0,0.02131942477334514,21,0.9857638652182625,
4,white,1,7,326,168,0,0,0.20659582524278852,31,0.507490337529821,
4,white,1,7,327,168,0,0,0.16154103310331602,31,0.3211513025932865,
4,white,1,7,328,168,0,0,0.012317269373676276,31,0.6661765790853081,
4,white,1,7,329,168,0,0,0.3874892102647203,31,0.818331186523782,
4,white,1,7,330,168,1,1,0.0009656992316268154,28,0.8041374763254516,
4,white,1,7,331,168,0,0,0.009418491136952811,18,0.09927279619087415,
4,white,1,7,332,168,0,0,0.2904291439047815,32,0.37169912391098603,
4,white,1,7,333,168,0,0,0.2796121080198175,30,0.787935749657996,
4,white,1,7,334,168,0,0,0.2697339119665674,32,0.38041250995065745,
4,white,1,7,335,168,0,0,0.23130581613984402,30,0.9919978869169693,
4,white,1,7,336,168,0,0,0.2519150134855108,32,0.43745703134387814,
4,white,1,7,337,168,0,0,0.3112422713262565,28,0.714217988084928,
4,white,1,7,338,168,0,0,0.07050566200850106,32,0.36072556902509056,
4,white,1,7,339,168,0,0,0.006616114754590674,21,0.5917873406054772,
4,white,1,7,340,168,0,0,0.08280602832086603,32,0.7789587743900321,
4,white,1,7,341,168,0,0,0.5749583130080912,31,0.7712886395247222,
4,white,1,7,342,168,0,0,0.26375345222861235,31,0.5063411387106798,
4,white,1,7,343,168,0,0,0.06456709106047254,27,0.603984933929425,
4,white,1,7,344,168,0,0,0.10864068137976834,32,0.6712408349349313,
4,white,1,7,345,168,0,0,0.003936122240348894,19,0.44317912772145174,
4,white,1,7,346,168,0,0,0.09614864895148068,30,0.7104945804191921,
4,white,1,7,347,168,0,0,0.0465177066693333,25,0.6694960173445395,
4,white,1,7,348,168,0,0,0.008296856789262286,22,0.1973341782133501,
4,white,1,7,349,168,0,0,0.1177602189950604,29,0.7502744199199081,
4,white,1,7,350,168,0,0,0.16568973080770566,31,0.6194025061910806,
4,white,1,7,351,168,0,0,0.20047915954830664,32,0.4332516104518307,
4,white,1,7,352,168,0,0,0.04413037600379277,28,0.8283901071420402,
4,white,1,7,353,168,0,0,0.18034194842241436,32,0.4036660922834918,
4,white,1,7,354,168,0,0,0.16181136859590672,29,0.6555044376310901,
4,white,1,7,355,168,0,0,0.158370145204765,32,0.5636409348920557,
4,white,1,7,356,168,0,0,0.10913980840890347,28,0.9623002289485468,
4,white,1,7,357,168,0,0,0.05257145062157709,30,0.5253195043399318,
4,white,1,7,358,168,0,0,0.032903512135066704,28,0.351902562475899,
4,white,1,7,359,168,0,0,0.020983857676455275,25,0.3970408189276814,
4,white,1,7,360,168,0,0,0.41653027298501555,31,0.8786976019786723,
4,white,1,7,361,168,0,0,0.23953065955682795,32,0.0060111413784039724,
4,white,1,7,362,168,0,0,0.09174255414839716,31,0.6456667091438306,
4,white,1,7,363,168,0,0,0.004643603132861163,28,0.16516747995972048,
4,white,1,7,364,168,0,0,0.42458157431192145,31,0.16679056364322153,
4,white,1,7,365,168,0,0,0.06450816555063554,27,0.4979054509406644,
4,white,1,7,366,168,0,0,0.05675487297482085,30,0.8577725901739617,
4,white,1,7,367,168,0,0,0.02711885297828054,31,0.9662486794351675,
4,white,1,7,368,168,0,0,0.003971626090267466,26,0.4439418797381858,
4,white,1,7,369,168,0,0,0.20312278955552976,32,0.1528475428755497,
4,white,1,7,370,168,0,0,0.3819825466665523,30,0.5550261462865682,
4,white,1,7,371,168,0,0,0.17489820068766737,31,0.17239640658694577,
4,white,1,7,372,168,0,0,0.3109964140716325,32,0.8248362694786376,
4,white,1,7,373,168,0,0,0.1494362639477297,30,0.5714510719368945,
4,white,1,7,374,168,0,0,0.0520969771254155,19,0.3639054167912028,
4,white,1,7,375,168,0,0,0.014800177911598711,22,0.27940235265165514,
4,white,1,7,376,168,0,0,0.010489335555974533,18,0.31257458744073463,
4,white,1,7,377,168,0,0,0.0075761903543898335,26,0.8240442565821356,
4,white,1,7,378,168,0,0,0.0606726630773069,30,0.006506964135684634,
4,white,1,7,379,168,0,0,0.15473379774019191,29,0.11849068033207533,
4,white,1,7,380,168,0,0,0.11910672880543416,27,0.7079425043769613,
4,white,1,7,381,168,0,0,0.08992611819463314,25,0.38893488841231605,
4,white,1,7,382,168,0,0,0.1342408095938511,29,0.2769228678497191,
4,white,1,7,383,168,0,0,0.07945090302807445,26,0.4198234931814271,
4,white,1,7,384,168,0,0,0.09611484604277076,31,0.03828120557332604,
4,white,1,7,385,168,0,0,0.06440518726658762,32,0.22406679134845153,
4,white,1,7,386,168,0,0,0.011765487890292525,26,0.10888040329967652,
4,white,1,7,387,168,0,0,0.043335624634592285,29,0.18639933838235345,
4,white,1,7,388,168,0,0,0.2281100242531081,29,0.723122457145739,
4,white,1,7,389,168,0,0,0.456677801929418,32,0.7395810878736158,
4,white,1,7,390,168,0,0,0.18472745144763403,26,0.43502788914604884,
4,white,1,7,391,168,0,0,0.004930910555366097,31,0.44171846226910183,
4,white,1,7,392,168,0,0,0.28335551998539854,32,0.4197395181135346,
4,white,1,7,393,168,0,0,0.07520573582776002,30,0.41412525662374056,
4,white,1,7,394,168,0,0,0.06395636155229378,32,0.23771476065134822,
4,white,1,7,395,168,0,0,0.00875686574651302,30,0.863199429506401,
4,white,1,7,396,168,0,0,0.15437454830195174,32,0.24510035556030196,
4,white,1,7,397,168,0,0,0.03112108431113192,28,0.15274475689068068,
4,white,1,7,398,168,0,0,0.2625245228911517,30,0.9048565637365785,
4,white,1,7,399,168,0,0,0.21254564386549257,32,0.22384285922168745,
4,white,1,7,400,168,0,0,0.08271031957415031,32,0.15753498673466004,
4,white,1,7,401,168,0,0,0.10291186367114791,31,0.5961203236844712,
4,white,1,7,402,168,0,0,0.12435429359865513,32,0.6333152238855588,
4,white,1,7,403,168,0,0,0.20854445415391676,30,0.05821147140434224,
4,white,1,7,404,168,0,0,0.10780550056478044,32,0.49058774656780524,
4,white,1,7,405,168,0,0,0.06809208185930571,31,0.06311122839263472,
4,white,1,7,406,168,0,0,0.2691079728460548,32,0.5128511181887053,
4,white,1,7,407,168,0,0,0.2828726613053205,28,0.6063984495338322,
4,white,1,7,408,168,0,0,0.07971925451404827,32,0.9360826951261612,
4,white,1,7,409,168,1,1,0.0024322420399628397,25,0.6127716420227238,
4,white,1,7,410,168,0,0,0.10025663411595587,26,0.9463901854055231,
4,white,1,7,411,168,0,0,0.10405162860214956,30,0.19776854971588753,
4,white,1,7,412,168,0,0,0.11774663143330044,28,0.3804153547196901,
4,white,1,7,413,168,0,0,0.28859645772561393,32,0.5970344076455759,
4,white,1,7,414,168,0,0,0.11596141085965583,32,0.15097832264849342,
4,white,1,7,415,168,0,0,0.02052640052245225,24,0.7561688348278561,
4,white,1,7,416,168,0,0,0.31902035385500305,30,0.3042214024055603,
4,white,1,7,417,168,0,0,0.24522050528093298,32,0.8291872691460594,
4,white,1,7,418,168,0,0,0.07955035555219359,30,0.5234982126707062,
4,white,1,7,419,168,0,0,0.113718835040308,32,0.1681621603381046,
4,white,1,7,420,168,0,0,0.17396918177614895,32,0.3280380109982296,
4,white,1,7,421,168,0,0,0.22515397814274407,29,0.6737066014504424,
4,white,1,7,422,168,0,0,0.08981098309872615,30,0.5621879219127566,
4,white,1,7,423,168,0,0,0.0955910961067099,32,0.7100858341289156,
4,white,1,7,424,168,0,0,0.3928717091503452,32,0.14109619980425048,
4,white,1,7,425,168,0,0,0.09797426853055569,31,0.4818077783681499,
4,white,1,7,426,168,0,0,0.2639706000354314,28,0.29549473950923755,
4,white,1,7,427,168,0,0,0.20062235922656835,32,0.8922907220203233,
4,white,1,7,428,168,0,0,0.06788747255075522,25,0.6358184769437869,
4,white,1,7,429,168,0,0,0.008012298598906398,31,0.13724223964710547,
4,white,1,7,430,168,0,0,0.26256317785385663,32,0.3123396345449918,
4,white,1,7,431,168,0,0,0.21695263313478974,31,0.6682132823046362,
4,white,1,7,432,168,0,0,0.06601718720729877,31,0.9633769801237149,
4,white,1,7,433,168,0,0,0.08036164275847013,32,0.7666079091219417,
4,white,1,7,434,168,0,0,0.15470713466028285,32,0.9901490977389267,
4,white,1,7,435,168,0,0,0.3447213240597643,32,0.407709985282799,
4,white,1,7,436,168,0,0,0.033862781449078394,31,0.5906783373920375,
4,white,1,7,437,168,0,0,0.3292955883667332,32,0.4796813746840485,
4,white,1,7,438,168,0,0,0.0940239977598245,26,0.7627834656310168,
4,white,1,7,439,168,0,0,0.09301790046691194,30,0.5239278782291893,
4,white,1,7,440,168,0,0,0.01722756105124934,26,0.03696426158806243,
4,white,1,7,441,168,0,0,0.2428094633623714,30,0.8771676558462234,
4,white,1,7,442,168,0,0,0.01944599167364114,31,0.13563633457390234,
4,white,1,7,443,168,0,0,0.05498053923158319,30,0.3469452875433713,
4,white,1,7,444,168,0,0,0.03406484943027177,30,0.3907569995735132,
4,white,1,7,445,168,0,0,0.10406434943696019,32,0.08008064577493335,
4,white,1,7,446,168,0,0,0.14218528078049208,30,0.3767251511267946,
4,white,1,7,447,168,0,0,0.08374873671144833,28,0.19807999331141235,
4,white,1,7,448,168,0,0,0.296760012386596,31,0.0804420585113812,
4,white,1,7,449,168,0,0,0.16060056942904422,31,0.3929269181894145,
4,white,1,7,450,168,0,0,0.14153568563212704,29,0.1099356954435361,
4,white,1,7,451,168,0,0,0.018102100059229187,32,0.32857847704535026,
4,white,1,7,452,168,0,0,0.13939656480829676,32,0.5407631453360185,
4,white,1,7,453,168,0,0,0.16285482611659308,27,0.8841154035207217,
4,white,1,7,454,168,0,0,0.009351463026833429,30,0.9745526460266811,
4,white,1,7,455,168,0,0,0.31728758110318855,29,0.6088185187983665,
4,white,1,7,456,168,0,0,0.055971708743646875,29,0.8396488914532271,
4,white,1,7,457,168,0,0,0.08952742405020597,25,0.42623449597784324,
4,white,1,7,458,168,0,0,0.18912676892709945,31,0.9340359676700998,
4,white,1,7,459,168,0,0,0.11749393311362333,27,0.6538404293282477,
4,white,1,7,460,168,0,0,0.013578604985189702,32,0.3722752171442546,
4,white,1,7,461,168,0,0,0.06065543426432274,27,0.160456841460609,
4,white,1,7,462,168,0,0,0.12319738970170768,31,0.808568472538925,
4,white,1,7,463,168,0,0,0.05010911412855967,28,0.45642440969854137,
4,white,1,7,464,168,0,0,0.11232809519331133,32,0.9113477488820002,
4,white,1,7,465,168,0,0,0.1385654360904064,31,0.036864736451644675,
4,white,1,7,466,168,0,0,0.2596459315387607,28,0.6674723491608447,
4,white,1,7,467,168,0,0,0.07616932159252832,30,0.6564464062352452,
4,white,1,7,468,168,0,0,0.02989668193079953,32,0.7775730565412975,
4,white,1,7,469,168,0,0,0.0946901446738756,31,0.362076919763206,
4,white,1,7,470,168,0,0,0.237139195922335,28,0.001430612224293193,
4,white,1,7,471,168,0,0,0.016740922476934816,31,0.6088692039609249,
4,white,1,7,472,168,0,0,0.16536587650139944,30,0.02282793031166963,
4,white,1,7,473,168,0,0,0.026166241842966675,27,0.14710676478652063,
4,white,1,7,474,168,0,0,0.01662385954708867,30,0.28608574038221724,
4,white,1,7,475,168,0,0,0.15628428839640973,31,0.07476452406661815,
4,white,1,7,476,168,0,0,0.14834680509289933,31,0.4538533666318211,
4,white,1,7,477,168,0,0,0.07202686558582017,31,0.37994170059291843,
4,white,1,7,478,168,0,0,0.06425322774661046,31,0.42083345667092353,
4,white,1,7,479,168,0,0,0.17112148210521771,31,0.922064390432735,
4,white,1,7,480,168,0,0,0.11525016322141979,32,0.9170995574107937,
4,white,1,7,481,168,0,0,0.08243276759537255,29,0.5593821032179116,
4,white,1,7,482,168,0,0,0.03366129282552044,21,0.6505906888066842,
4,white,1,7,483,168,0,0,0.13545961417380803,31,0.9395264788192015,
4,white,1,7,484,168,0,0,0.061830385674029764,28,0.5220413629543748,
4,white,1,7,485,168,0,0,0.005671811717149811,25,0.60436077712905,
4,white,1,7,486,168,0,0,0.05746345110422335,30,0.21506563074316032,
4,white,1,7,487,168,0,0,0.12301202242100084,29,0.055649152207530195,
4,white,1,7,488,168,0,0,0.0137207884369146,23,0.01562951905509291,
4,white,1,7,489,168,0,0,0.26000320605142857,27,0.3633689889702968,
4,white,1,7,490,168,0,0,0.10408905399500956,27,0.17514778257651065,
4,white,1,7,491,168,0,0,0.043799782201026094,31,0.45572919792156097,
4,white,1,7,492,168,0,0,0.17995190841982311,27,0.23547794803230016,
4,white,1,7,493,168,0,0,0.043983088707104434,32,0.27891577177690197,
4,white,1,7,494,168,0,0,0.02374512050334998,24,0.40195020403240933,
4,white,1,7,495,168,0,0,0.15364833566514902,32,0.28927593495332427,
4,white,1,7,496,168,0,0,0.09121069018051853,28,0.15478197777175673,
4,white,1,7,497,168,0,0,0.2730013076184823,28,0.7789565508706848,
4,white,1,7,498,168,0,0,0.18731538006643045,31,0.3825594648990116,
4,white,1,7,499,168,0,0,0.09187490583623092,27,0.4855099711061758,
4,white,1,7,500,168,0,0,0.2617097322240981,31,0.6794306352035374,
4,white,1,7,501,168,0,0,0.03745759478439448,24,0.9550182043271706,
4,white,1,7,502,168,1,1,0.0003354311184953218,22,0.7924201533526749,
4,white,1,7,503,168,0,0,0.061940124869920066,26,0.28065501697503037,
4,white,1,7,504,168,0,0,0.1675816420712929,28,0.31478905945221913,
4,white,1,7,505,168,0,0,0.11133194110300593,29,0.26858342242111566,
4,white,1,7,506,168,0,0,0.10547885621561393,31,0.2601518451971385,
4,white,1,7,507,168,0,0,0.018760708840279805,27,0.6946461421957388,
4,white,1,7,508,168,0,0,0.20184331924210586,29,0.7892840895333546,
4,white,1,7,509,168,0,0,0.03100216616200613,27,0.9875839184110936,
4,white,1,7,510,168,0,0,0.0541116403975932,30,0.8072591785999264,
4,white,1,7,511,168,0,0,0.10531586705006557,30,0.6426219202818217,
4,white,1,7,512,168,0,0,0.23411921185243334,32,0.7313758391125167,
4,white,1,7,513,168,0,0,0.16877470415746543,32,0.14914155294636533,
4,white,1,7,514,168,0,0,0.0037174491924555353,31,0.01702008155922652,
4,white,1,7,515,168,0,0,0.31290641378686124,30,0.11569872041082818,
4,white,1,7,516,168,0,0,0.30985245982640763,31,0.7754082040106156,
4,white,1,7,517,168,0,0,0.08040099446809956,28,0.7020270353441534,
4,white,1,7,518,168,0,0,0.024204610283331096,29,0.8325821439353897,
4,white,1,7,519,168,0,0,0.20189428769795237,29,0.7916975602412011,
4,white,1,7,520,168,0,0,0.03723655868626019,26,0.009867786299010528,
4,white,1,7,521,168,0,0,0.10689556002659839,31,0.4067609735475919,
4,white,1,7,522,168,0,0,0.11259236593319022,27,0.2580064701278335,
4,white,1,7,523,168,0,0,0.14040059569893593,31,0.8057011989927769,
4,white,1,7,524,168,0,0,0.06484790482173619,32,0.9871603036006739,
4,white,1,7,525,168,0,0,0.07715086148570593,27,0.551262760702153,
4,white,1,7,526,168,0,0,0.024831014924750927,32,0.07650704155750776,
4,white,1,7,527,168,0,0,0.04615943575046111,27,0.590132772523478,
4,white,1,7,528,168,0,0,0.018869478357334435,21,0.44435666332178303,
4,white,1,7,529,168,0,0,0.04055831543628996,29,0.34246355853501076,
4,white,1,7,530,168,0,0,0.08974294522938742,29,0.5270491853934369,
4,white,1,7,531,168,0,0,0.048285719214662404,26,0.4126006565761384,
4,white,1,7,532,168,0,0,0.1743301533016055,29,0.12493732984990191,
4,white,1,7,533,168,0,0,0.10208442046344413,25,0.46875551110459446,
4,white,1,7,534,168,0,0,0.009172076568431442,32,0.29925737436558764,
4,white,1,7,535,168,0,0,0.28980978910002153,31,0.3663399980130021,
4,white,1,7,536,168,0,0,0.10635815937358939,31,0.15377467122400457,
4,white,1,7,537,168,0,0,0.10836830190613345,30,0.19158163018997887,
4,white,1,7,538,168,0,0,0.23466831980291203,32,0.007581757416228796,
4,white,1,7,539,168,1,1,0.002569977095300935,25,0.2953372859748553,
4,white,1,7,540,168,0,0,0.05741631673108394,24,0.3643358089842559,
4,white,1,7,541,168,0,0,0.31726532463491075,31,0.6329219108236133,
4,white,1,7,542,168,0,0,0.06430103052060032,31,0.08476827894698158,
4,white,1,7,543,168,0,0,0.0573529523530929,29,0.878112522325987,
4,white,1,7,544,168,0,0,0.27168204536580265,31,0.5630763459398289,
4,white,1,7,545,168,0,0,0.017600370108090457,24,0.18197416726317306,
4,white,1,7,546,168,0,0,0.186311819002017,30,0.4222154293418068,
4,white,1,7,547,168,0,0,0.07118220542651477,31,0.35681228735436776,
4,white,1,7,548,168,0,0,0.16743490404148376,29,0.4644798419114383,
4,white,1,7,549,168,0,1,0.003848317270023771,28,0.09340979342596167,
4,white,1,7,550,168,0,0,0.4943801967002046,32,0.2666999215062882,
4,white,1,7,551,168,0,0,0.10935113979301148,30,0.6031097190429073,
4,white,1,7,552,168,0,0,0.009225354702526722,25,0.4421177815973649,
4,white,1,7,553,168,0,0,0.08904897942277579,32,0.11749636523401785,
4,white,1,7,554,168,0,0,0.011442224786294086,26,0.3530753813017682,
4,white,1,7,555,168,0,0,0.05552844251834632,31,0.24831334664313043,
4,white,1,7,556,168,0,0,0.209937558265616,31,0.9637016082984974,
4,white,1,7,557,168,0,0,0.009846251911012849,20,0.8711176456466813,
4,white,1,7,558,168,0,0,0.0879455241897047,26,0.7156615371922501,
4,white,1,7,559,168,0,0,0.02460460814705312,20,0.24236895746123366,
4,white,1,7,560,168,0,0,0.4149158472544785,32,0.9185474633389215,
4,white,1,7,561,168,0,0,0.08952569677019229,30,0.17430942801840965,
4,white,1,7,562,168,0,0,0.01690743644381787,27,0.30126732626333275,
4,white,1,7,563,168,0,0,0.09921335933359254,32,0.4203748299851374,
4,white,1,7,564,168,0,0,0.026744558115984307,19,0.6240013099640488,
4,white,1,7,565,168,0,0,0.08711992790893985,28,0.7228116025502564,
4,white,1,7,566,168,0,0,0.13647593156837445,29,0.9893705687843256,
4,white,1,7,567,168,0,0,0.20812693229915502,31,0.8486129211425655,
4,white,1,7,568,168,0,0,0.17300546536093975,31,0.2327768668502853,
4,white,1,7,569,168,0,0,0.03737293613619408,27,0.7240737702363353,
4,white,1,7,570,168,0,0,0.023752863742300012,30,0.22167947054599968,
4,white,1,7,571,168,0,0,0.28583120613667734,32,0.4606474567133576,
4,white,1,7,572,168,0,0,0.2680037628094305,32,0.803333087714476,
4,white,1,7,573,168,0,0,0.14649770224499803,31,0.8159150957545099,
4,white,1,7,574,168,0,0,0.006402621747361281,24,0.02144229902060313,
4,white,1,7,575,168,0,0,0.016470485298192505,25,0.7206585483423635,
4,white,1,7,576,168,0,0,0.12684088693937923,29,0.5151498488221191,
4,white,1,7,577,168,0,0,0.02753903855387918,23,0.44872956820407917,
4,white,1,7,578,168,0,0,0.0875151105244465,29,0.46735754089917914,
4,white,1,7,579,168,0,0,0.01798916664232153,21,0.4186547053590306,
4,white,1,7,580,168,0,0,0.027020842473020057,31,0.41128993443405737,
4,white,1,7,581,168,0,0,0.03348038655679275,27,0.4700445705311299,
4,white,1,7,582,168,0,0,0.11001609450428496,30,0.41817957250235227,
4,white,1,7,583,168,0,0,0.061461562415815796,27,0.6821330715415368,
4,white,1,7,584,168,0,0,0.2009028799573609,31,0.7264491456884632,
4,white,1,7,585,168,0,0,0.05775730990268846,25,0.23119858324727594,
4,white,1,7,586,168,0,0,0.0926804334624397,29,0.7256053830032134,
4,white,1,7,587,168,0,0,0.1453083611455397,29,0.015953060499773852,
4,white,1,7,588,168,0,0,0.07968384321757771,25,0.9640124758637569,
4,white,1,7,589,168,0,0,0.05044847854035339,31,0.26616193254330034,
4,white,1,7,590,168,0,0,0.14794899024978636,29,0.4744581446386753,
4,white,1,7,591,168,0,0,0.24751432141342677,31,0.11989443515973675,
4,white,1,7,592,168,0,0,0.08013967655427467,30,0.979048182549749,
4,white,1,7,593,168,0,0,0.07535697879079273,31,0.6507447466286832,
4,white,1,7,594,168,0,0,0.2570074795823638,32,0.3148357024156966,
4,white,1,7,595,168,0,0,0.13498796670798774,31,0.686692284458229,
4,white,1,7,596,168,0,0,0.04181521705028579,25,0.36560894614788053,
4,white,1,7,597,168,0,0,0.053424878730763736,28,0.10549467245011679,
4,white,1,7,598,168,0,0,0.33409674375608467,31,0.7016300596324465,
4,white,1,7,599,168,0,0,0.12170976173232173,29,0.534391254350943,
4,white,1,7,600,168,0,0,0.0854595258337042,25,0.8175383620625573,
4,white,1,7,601,168,0,0,0.05361504381941806,26,0.7184123977958085,
4,white,1,7,602,168,0,0,0.004405948570132767,18,0.5087435549717065,
4,white,1,7,603,168,0,0,0.12796975302623947,26,0.18995115016349629,
4,white,1,7,604,168,0,0,0.017723446481194727,18,0.7559831149500622,
4,white,1,7,605,168,0,0,0.19056766990292195,29,0.09591250446812605,
4,white,1,7,606,168,0,0,0.14469228089265807,29,0.27271338082424745,
4,white,1,7,607,168,0,0,0.2907202302738118,31,0.038323165481800925,
4,white,1,7,608,168,0,0,0.043247487818354635,25,0.4313587063139819,
4,white,1,7,609,168,0,0,0.2886847537352949,31,0.7537284086366021,
4,white,1,7,610,168,0,0,0.15840065611956688,29,0.020221223678053235,
4,white,1,7,611,168,0,0,0.03634783683421672,31,0.9117021977928786,
4,white,1,7,612,168,0,0,0.05932201091823175,27,0.27033280582400043,
4,white,1,7,613,168,0,0,0.07636858365167709,32,0.1872550048828805,
4,white,1,7,614,168,0,0,0.05809315881044075,31,0.6841496435248241,
4,white,1,7,615,168,0,0,0.13524305482636023,30,0.4685520709722626,
4,white,1,7,616,168,0,0,0.019000553431412603,25,0.4680309408305715,
4,white,1,7,617,168,0,0,0.007079582031196852,26,0.6243819332187286,
4,white,1,7,618,168,0,0,0.1912385726615401,25,0.8024559964474343,
4,white,1,7,619,168,0,0,0.29304494662293334,31,0.5214048914662567,
4,white,1,7,620,168,0,0,0.044153309850439526,26,0.5344888548742005,
4,white,1,7,621,168,0,0,0.136008986327677,31,0.1449234528122647,
4,white,1,7,622,168,0,0,0.07037510239774969,32,0.7984230026847843,
4,white,1,7,623,168,0,0,0.08564754587377021,25,0.20520738393160864,
4,white,1,7,624,168,0,0,0.12394486969559892,22,0.4134007025987402,
4,white,1,7,625,168,0,0,0.01668804474821539,24,0.03805238288743085,
4,white,1,7,626,168,0,0,0.04931185584694986,30,0.8361060923997528,
4,white,1,7,627,168,0,0,0.02327640044536461,22,0.31373838771838447,
4,white,1,7,628,168,0,0,0.013802322225997421,31,0.5266317456816718,
4,white,1,7,629,168,0,0,0.07506521614981054,26,0.96401788999375,
4,white,1,7,630,168,0,0,0.0172917837867842,29,0.7244672104057134,
4,white,1,7,631,168,0,0,0.028332050999981262,19,0.7824228687709582,
4,white,1,7,632,168,0,0,0.06702678083550384,32,0.37559200576900076,
4,white,1,7,633,168,0,0,0.19489792351080082,31,0.5922596510757723,
4,white,1,7,634,168,0,0,0.16717841641762488,25,0.18925275137925524,
4,white,1,7,635,168,0,0,0.021273441595822562,32,0.7483262872434108,
4,white,1,7,636,168,0,0,0.08327850797915659,31,0.14816405993246473,
4,white,1,7,637,168,0,0,0.3132495280819825,32,0.26228919079483215,
4,white,1,7,638,168,0,0,0.2767659852131814,31,0.8836141964112684,
4,white,1,7,639,168,0,0,0.19398721288593435,30,0.8357479778068312,
4,white,1,7,640,168,0,0,0.1903784047908399,32,0.3722116817743988,
4,white,1,7,641,168,0,0,0.2370127364491711,32,0.3935559713342405,
4,white,1,7,642,168,0,0,0.09776746548060777,28,0.4080658435042579,
4,white,1,7,643,168,0,0,0.08868857080927783,31,0.5546831147386142,
4,white,1,7,644,168,0,0,0.16250218536861472,28,0.866604671491116,
4,white,1,7,645,168,0,0,0.11242626602188177,30,0.91773778841977,
4,white,1,7,646,168,0,0,0.0180120633095463,24,0.41832888735858786,
4,white,1,7,647,168,0,0,0.2691270621035754,32,0.6349068379687468,
4,white,1,7,648,168,0,0,0.17765918344094944,28,0.6352358610918323,
4,white,1,7,649,168,0,0,0.11440663737940615,30,0.5333823275586138,
4,white,1,7,650,168,0,0,0.09467367419010464,32,0.6014720185167508,
4,white,1,7,651,168,0,0,0.03742133129287373,28,0.92349439570045,
4,white,1,7,652,168,0,0,0.04861989475378048,32,0.4067865291109788,
4,white,1,7,653,168,0,0,0.03845199250277931,30,0.9222046400625101,
4,white,1,7,654,168,0,0,0.1193717105821781,29,0.029593224227005277,
4,white,1,7,655,168,0,0,0.1514515541840462,30,0.16874763125165537,
4,white,1,7,656,168,0,0,0.0929764315007856,31,0.15486659290721305,
4,white,1,7,657,168,0,0,0.06478040851427702,30,0.05637765033400077,
4,white,1,7,658,168,0,0,0.12672186072375502,31,0.6535114601287523,
4,white,1,7,659,168,0,0,0.06340849240698221,30,0.03580664107672982,
4,white,1,7,660,168,0,0,0.041024049882552815,32,0.5358041191903469,
4,white,1,7,661,168,0,0,0.10608324914371214,31,0.1867641189615854,
4,white,1,7,662,168,0,0,0.29383917708692764,32,0.8087961962297011,
4,white,1,7,663,168,0,0,0.2599703867434895,32,0.9840373573267186,
4,white,1,7,664,168,0,0,0.10097526661417489,32,0.5262244560892078,
4,white,1,7,665,168,0,0,0.01729136623137606,26,0.7230713525324948,
4,white,1,7,666,168,0,0,0.09047167826306934,29,0.8621344161408113,
4,white,1,7,667,168,0,0,0.0967019786275577,30,0.6759963458574296,
4,white,1,7,668,168,0,0,0.03437407305623985,27,0.9355124098562417,
4,white,1,7,669,168,0,0,0.29427050437348756,29,0.44698131901300064,
4,white,1,7,670,168,0,0,0.32870453472101824,30,0.18273109941171817,
4,white,1,7,671,168,0,0,0.08410278105997648,24,0.5731128546738675,
4,white,1,7,672,168,0,0,0.2094032153292258,31,0.6555487912224297,
4,white,1,7,673,168,0,0,0.028130728414474282,29,0.8245052286459341,
4,white,1,7,674,168,0,0,0.14860926077166892,30,0.46001487680832176,
4,white,1,7,675,168,0,0,0.11160666655515983,30,0.23197602483419777,
4,white,1,7,676,168,0,0,0.050653301469636425,32,0.5774644992041438,
4,white,1,7,677,168,0,0,0.020026629189196177,26,0.5775792305466655,
4,white,1,7,678,168,0,0,0.295800909731355,32,0.21468911716110206,
4,white,1,7,679,168,0,0,0.12596414784442334,29,0.21515775809867332,
4,white,1,7,680,168,0,0,0.07380822520953412,29,0.15350430598220566,
4,white,1,7,681,168,0,0,0.1531998922732083,28,0.6458908891912544,
4,white,1,7,682,168,0,0,0.017327378875280353,29,0.8916983099375656,
4,white,1,7,683,168,0,0,0.2865660522032556,32,0.07705210132972973,
4,white,1,7,684,168,0,0,0.23360657926032746,31,0.5943851498760984,
4,white,1,7,685,168,0,0,0.033083597102081974,25,0.02523766639359626,
4,white,1,7,686,168,0,0,0.03350538303051065,27,0.8627811928490878,
4,white,1,7,687,168,0,0,0.04883483410284373,29,0.4408658024944544,
4,white,1,7,688,168,0,0,0.13895659025141138,30,0.6567118144847643,
4,white,1,7,689,168,0,0,0.08661678192275257,31,0.6151921427404379,
4,white,1,7,690,168,0,0,0.30081432688246834,31,0.6274233858318039,
4,white,1,7,691,168,0,0,0.2482789398589188,30,0.8335547807894974,
4,white,1,7,692,168,0,0,0.15826361926733257,28,0.23997014813320738,
4,white,1,7,693,168,0,0,0.08405632156689258,30,0.8472251841496787,
4,white,1,7,694,168,0,0,0.4256324450917123,32,0.8423957660766733,
4,white,1,7,695,168,0,0,0.0305353495560724,31,0.6405044272097798,
4,white,1,7,696,168,0,0,0.24488842643240383,32,0.48073276708552426,
4,white,1,7,697,168,0,0,0.04732977059819632,22,0.62092671950846,
4,white,1,7,698,168,0,0,0.01762905982048457,22,0.3353932698514951,
4,white,1,7,699,168,0,0,0.04847264451355371,32,0.13237472059476163,
4,white,1,7,700,168,0,0,0.44942071170233033,31,0.434135288815521,
4,white,1,7,701,168,0,0,0.02546882244048687,25,0.46581697833165203,
4,white,1,7,702,168,0,0,0.07397321042348803,30,0.13401100055603987,
4,white,1,7,703,168,0,0,0.02018521796913597,29,0.09414676983258585,
4,white,1,7,704,168,0,0,0.11762863609459151,27,0.4169318952857056,
4,white,1,7,705,168,1,1,0.0021804355161509914,25,0.701242740669163,
4,white,1,7,706,168,0,0,0.15508788420399744,27,0.2958266210977514,
4,white,1,7,707,168,0,0,0.11508057634368585,31,0.2847406374569127,
4,white,1,7,708,168,0,0,0.19026364485771396,32,0.4778308887216367,
4,white,1,7,709,168,0,0,0.04115472818635468,29,0.5015258798843751,
4,white,1,7,710,168,0,0,0.2589477283086574,32,0.669185105824272,
4,white,1,7,711,168,0,0,0.17866698453086816,32,0.903162994904248,
4,white,1,7,712,168,0,0,0.0063277895780531335,25,0.9513333137462255,
4,white,1,7,713,168,1,1,0.0025353697864312075,32,0.5839186123811007,
4,white,1,7,714,168,0,0,0.07237477628678146,26,0.9950508328573007,
4,white,1,7,715,168,0,0,0.011427550827250443,32,0.36181554552230133,
4,white,1,7,716,168,0,0,0.0531616356317034,29,0.2841841324206391,
4,white,1,7,717,168,0,0,0.05107033597549204,29,0.23247761838867698,
4,white,1,7,718,168,0,0,0.2167019540664693,32,0.5757132562026854,
4,white,1,7,719,168,0,0,0.09431718135327138,27,0.23517858498831212,
4,white,1,7,720,168,0,0,0.12428571983886205,32,0.9526537670800607,
4,white,1,7,721,168,0,0,0.22420100084658923,32,0.2595062013641165,
4,white,1,7,722,168,0,0,0.1111666624298211,31,0.8710237378464517,
4,white,1,7,723,168,0,0,0.1912473846817313,30,0.4204750489889697,
4,white,1,7,724,168,0,0,0.13711859947171046,32,0.756497883796533,
4,white,1,7,725,168,0,0,0.13489538074828,32,0.5724937706293897,
4,white,1,7,726,168,0,0,0.08424168927165365,30,0.1419371521908772,
4,white,1,7,727,168,0,0,0.26902286825027133,31,0.32373908449670097,
4,white,1,7,728,168,0,0,0.10713604269972865,29,0.5281229176137259,
4,white,1,7,729,168,0,0,0.24711116679748302,28,0.8145323389504692,
4,white,1,7,730,168,0,0,0.12410299390610235,26,0.07370656212183913,
4,white,1,7,731,168,0,0,0.14204924921487738,32,0.7626921875324586,
4,white,1,7,732,168,0,0,0.08807441086118306,31,0.8999173454201055,
4,white,1,7,733,168,0,0,0.13919598065938643,30,0.7773330819105371,
4,white,1,7,734,168,0,0,0.05442613406240526,24,0.09804071124803804,
4,white,1,7,735,168,0,0,0.14394293259521795,32,0.8751670576025546,
4,white,1,7,736,168,0,0,0.11294494286805978,31,0.3622841099369857,
4,white,1,7,737,168,0,0,0.08661258083847923,31,0.2264233989795803,
4,white,1,7,738,168,0,0,0.14312002139570001,28,0.5573535863486542,
4,white,1,7,739,168,1,1,0.00155567897265807,21,0.44120807278337015,
4,white,1,7,740,168,0,0,0.18442836824497322,29,0.9393268497400235,
4,white,1,7,741,168,0,0,0.3308728844931649,31,0.4202214029472371,
4,white,1,7,742,168,0,0,0.1572500634804479,31,0.42878840005836527,
4,white,1,7,743,168,0,0,0.05967941749094119,31,0.8834383065213183,
4,white,1,7,744,168,0,0,0.17986625699288772,30,0.18188485017902012,
4,white,1,7,745,168,0,0,0.18669672990713082,32,0.784606987535553,
4,white,1,7,746,168,0,0,0.04654964794496097,22,0.4604629167942007,
4,white,1,7,747,168,0,0,0.11964207224284362,29,0.685910110930254,
4,white,1,7,748,168,0,0,0.29488032462836045,31,0.20911631143917453,
4,white,1,7,749,168,0,0,0.19882514900865278,32,0.9193642273606789,
4,white,1,7,750,168,0,0,0.031691764038959125,25,0.4313457654360049,
4,white,1,7,751,168,0,0,0.0128048900297838,19,0.2550658199328717,
4,white,1,7,752,168,0,0,0.026072538618384322,32,0.05944958438836345,
4,white,1,7,753,168,0,0,0.04076066552675017,26,0.2807694726337997,
4,white,1,7,754,168,0,0,0.03582975138480271,26,0.08102169409936788,
4,white,1,7,755,168,0,0,0.14308533153531755,29,0.41410284838723244,
4,white,1,7,756,168,0,0,0.21393521537876714,29,0.7323130845491876,
4,white,1,7,757,168,0,0,0.04879858250026714,29,0.32373368467971786,
4,white,1,7,758,168,0,0,0.2032633463925415,31,0.15622558776833473,
4,white,1,7,759,168,0,0,0.33916510304167824,32,0.06263534096310608,
4,white,1,7,760,168,0,0,0.22437122498294892,32,0.2609635205273233,
4,white,1,7,761,168,0,0,0.16868442569281872,29,0.5115185973886123,
4,white,1,7,762,168,0,0,0.22202620193708078,31,0.25185836781442705,
4,white,1,7,763,168,0,0,0.00995929819407837,32,0.3793290219394245,
4,white,1,7,764,168,0,0,0.19027783007405852,27,0.44237139663220393,
4,white,1,7,765,168,0,0,0.24462525209300767,31,0.48489201033159135,
4,white,1,7,766,168,0,0,0.3094675844786954,31,0.6407651204008223,
4,white,1,7,767,168,0,0,0.30099873798960064,29,0.9439195383977391,
4,white,1,7,768,168,0,0,0.15333728361010868,32,0.7029256225259659,
4,white,1,7,769,168,0,0,0.46909587541306164,32,0.9477088178149671,
4,white,1,7,770,168,0,0,0.4187215690380872,32,0.1175584920571715,
4,white,1,7,771,168,0,0,0.0971982974418526,32,0.28620925874968317,
4,white,1,7,772,168,0,0,0.07491680784005894,24,0.71944124559282,
4,white,1,7,773,168,0,0,0.09359477253171122,25,0.2840266330151193,
4,white,1,7,774,168,0,0,0.05546650128538566,27,0.205233826106346,
4,white,1,7,775,168,0,0,0.3676167203929317,30,0.4959473516032762,
4,white,1,7,776,168,0,0,0.029473056759977134,29,0.43182828444721366,
4,white,1,7,777,168,0,0,0.06926934074359403,29,0.1335659273184696,
4,white,1,7,778,168,0,0,0.013348187036357206,19,0.707770349720992,
4,white,1,7,779,168,0,0,0.012077753642034006,29,0.1540367241201397,
4,white,1,7,780,168,0,0,0.012438168232832836,32,0.49982448541116786,
4,white,1,7,781,168,0,0,0.008037887836295221,23,0.18641634608381707,
4,white,1,7,782,168,0,0,0.009205146055880964,31,0.8642201182887963,
4,white,1,7,783,168,0,0,0.19171486176969144,29,0.5669292707312312,
4,white,1,7,784,168,0,0,0.056519565149366624,22,0.4998373348538444,
4,white,1,7,785,168,0,0,0.04098097039275783,27,0.6925633125336106,
4,white,1,7,786,168,0,0,0.06747991535638442,30,0.5905161373868468,
4,white,1,7,787,168,0,0,0.03505130908238818,29,0.8309084895327552,
4,white,1,7,788,168,0,0,0.040704854919402345,24,0.24910871388987155,
4,white,1,7,789,168,0,0,0.13468669349027407,31,0.8168155413125625,
4,white,1,7,790,168,0,0,0.03977186634007912,31,0.645697736879885,
4,white,1,7,791,168,0,0,0.14088506813852986,32,0.9788576081145218,
4,white,1,7,792,168,0,0,0.39978570965682125,31,0.37524574258889487,
4,white,1,7,793,168,0,0,0.13483276645468956,32,0.8327839127142111,
4,white,1,7,794,168,0,0,0.07601936719276914,28,0.29830858495186385,
4,white,1,7,795,168,0,0,0.1381318832384809,28,0.0301231675693564,
4,white,1,7,796,168,0,0,0.06734331650906555,29,0.018691252526212176,
4,white,1,7,797,168,0,0,0.2474356563649256,31,0.6030875557752031,
4,white,1,7,798,168,0,0,0.21454253196384987,32,0.5907149378038438,
4,white,1,7,799,168,0,0,0.13901692676635435,31,0.09540606107405636,
4,white,1,7,800,168,0,0,0.328274742928927,30,0.8433586887273634,
4,white,1,7,801,168,0,0,0.028682184196214044,29,0.7856504506687016,
4,white,1,7,802,168,0,0,0.09388415249858462,32,0.3752279721749513,
4,white,1,7,803,168,0,0,0.006837616334693375,27,0.9198434169764729,
4,white,1,7,804,168,0,0,0.3556047207295512,32,0.018104105639027757,
4,white,1,7,805,168,0,0,0.007209143281553976,24,0.7469269222602952,
4,white,1,7,806,168,0,0,0.19105180577420566,28,0.5587298283199533,
4,white,1,7,807,168,0,0,0.158781032296055,26,0.2758963388176978,
4,white,1,7,808,168,0,0,0.058324772246754364,26,0.5651288942509771,
4,white,1,7,809,168,0,0,0.23088570915947426,31,0.4950527263903599,
4,white,1,7,810,168,0,0,0.04008675230516545,24,0.03803065934839889,
4,white,1,7,811,168,0,0,0.08115542144465238,29,0.43667794667092963,
4,white,1,7,812,168,0,0,0.2973903286277009,31,0.4637268159524417,
4,white,1,7,813,168,0,0,0.07734258470803945,28,0.2583126168566112,
4,white,1,7,814,168,0,0,0.0993851925468513,32,0.7486020401872912,
4,white,1,7,815,168,0,0,0.22000896580390805,32,0.05638982811841864,
4,white,1,7,816,168,0,0,0.04364682599490621,23,0.779427702358892,
4,white,1,7,817,168,0,0,0.1363740630726129,31,0.7464424805349066,
4,white,1,7,818,168,0,0,0.4015062722201874,32,0.6627490070225568,
4,white,1,7,819,168,0,0,0.004165135778204543,28,0.35593607887456913,
4,white,1,7,820,168,0,0,0.07853169212586408,32,0.7333306585123576,
4,white,1,7,821,168,0,0,0.12044726463805167,32,0.0012397958500125483,
4,white,1,7,822,168,0,0,0.07175879523658113,27,0.20203636985723772,
4,white,1,7,823,168,0,0,0.021571283124022456,28,0.5150996968885743,
4,white,1,7,824,168,0,0,0.14417863094177497,31,0.7973539210363054,
4,white,1,7,825,168,0,0,0.1476730152562986,30,0.8415039578416695,
4,white,1,7,826,168,0,0,0.0144109427861423,32,0.8430191349886248,
4,white,1,7,827,168,0,0,0.11411709600738873,31,0.18623786506489437,
4,white,1,7,828,168,0,0,0.07134389102538952,30,0.5523643592199453,
4,white,1,7,829,168,0,0,0.29086245038151803,27,0.943101170011237,
4,white,1,7,830,168,0,0,0.04092108410317752,23,0.2914858777020558,
4,white,1,7,831,168,0,0,0.1767239599445921,32,0.5889934442158662,
4,white,1,7,832,168,0,0,0.14409906872234735,30,0.25972136526177125,
4,white,1,7,833,168,0,0,0.04411074278135896,28,0.8075195315981112,
4,white,1,7,834,168,0,0,0.139289206318278,27,0.3049625313015125,
4,white,1,7,835,168,0,0,0.09200914530041193,26,0.163745352475981,
4,white,1,7,836,168,0,0,0.032097898000744696,30,0.9599437963119007,
4,white,1,7,837,168,0,0,0.10909165772832097,31,0.8022660774071643,
4,white,1,7,838,168,0,0,0.2611150492613823,29,0.5064314923263141,
4,white,1,7,839,168,0,0,0.07022082397221296,28,0.17629277957209677,
4,white,1,7,840,168,0,0,0.04152679826739447,29,0.3546870994757966,
4,white,1,7,841,168,0,0,0.0043356804372530755,27,0.5456821325488345,
4,white,1,7,842,168,0,0,0.012479562442830106,27,0.5226377074072848,
4,white,1,7,843,168,0,0,0.035853794175585874,29,0.5180713857104061,
4,white,1,7,844,168,0,0,0.08981581842598652,28,0.30077877281338283,
4,white,1,7,845,168,0,0,0.047683139700726795,25,0.4353283342788945,
4,white,1,7,846,168,0,0,0.1208577294807004,32,0.8667800572984922,
4,white,1,7,847,168,0,0,0.181592537823015,31,0.6416448641727421,
4,white,1,7,848,168,0,0,0.1067741261623455,31,0.6196920904812814,
4,white,1,7,849,168,0,0,0.08165110047866131,29,0.8766843542579611,
4,white,1,7,850,168,0,0,0.014600335150803834,27,0.28011154721934217,
4,white,1,7,851,168,0,0,0.2658519616692213,30,0.1321587674188225,
4,white,1,7,852,168,0,0,0.08582381463650834,26,0.05559692246214076,
4,white,1,7,853,168,0,0,0.293669503143275,31,0.03332344510678531,
4,white,1,7,854,168,0,0,0.15633155561855994,31,0.4590400773673263,
4,white,1,7,855,168,0,0,0.051328051010044784,32,0.555137187171701,
4,white,1,7,856,168,0,0,0.12899772699953516,30,0.43962350365661507,
4,white,1,7,857,168,0,0,0.1980059350718122,32,0.7361261910399063,
4,white,1,7,858,168,0,0,0.43660861011167884,28,0.44052844191487317,
4,white,1,7,859,168,0,0,0.0464987585290223,24,0.5300375842835564,
4,white,1,7,860,168,0,0,0.09565447037720409,27,0.342353762581453,
4,white,1,7,861,168,0,0,0.07349514169623472,28,0.24607975229900625,
4,white,1,7,862,168,0,0,0.012293913055340111,30,0.48715238921713433,
4,white,1,7,863,168,0,0,0.14222152187137171,32,0.9031804579320261,
4,white,1,7,864,168,0,0,0.008731959150934276,24,0.2642370234290726,
4,white,1,7,865,168,0,0,0.06010996711466399,28,0.22132320260975846,
4,white,1,7,866,168,0,0,0.12260401277190403,32,0.13210561732672843,
4,white,1,7,867,168,0,0,0.11148483013820631,27,0.40936082055588874,
4,white,1,7,868,168,0,0,0.2783811798501463,32,0.3629472163898947,
4,white,1,7,869,168,0,0,0.1529285455395949,31,0.7131473979282225,
4,white,1,7,870,168,0,0,0.13236369908586654,29,0.2158026784825572,
4,white,1,7,871,168,0,0,0.02694678165844877,25,0.545591973384563,
4,white,1,7,872,168,0,0,0.18653207112373726,31,0.7163324018144619,
4,white,1,7,873,168,0,0,0.019629655463548668,31,0.06099154138995644,
4,white,1,7,874,168,0,0,0.11040343999294777,31,0.5581042458236504,
4,white,1,7,875,168,0,0,0.40162335985568065,32,0.7113133956685146,
4,white,1,7,876,168,0,0,0.09258742354418092,30,0.21536402032885715,
4,white,1,7,877,168,0,0,0.04132340916031785,29,0.1954583928110014,
4,white,1,7,878,168,0,0,0.10147884135660279,30,0.213794769816665,
4,white,1,7,879,168,0,0,0.1326315296244952,31,0.601455896126448,
4,white,1,7,880,168,0,0,0.13875998162458913,31,0.8105066241442688,
4,white,1,7,881,168,0,0,0.1003395920042136,32,0.6787622782974146,
4,white,1,7,882,168,0,0,0.0418785375327525,32,0.7219433939789032,
4,white,1,7,883,168,0,0,0.13231954915229638,29,0.3565777446418812,
4,white,1,7,884,168,1,1,0.003217507007419851,24,0.06692129632401156,
4,white,1,7,885,168,0,0,0.14761532783229903,31,0.2866328087221124,
4,white,1,7,886,168,0,0,0.01224761342410563,28,0.43657739915585314,
4,white,1,7,887,168,0,0,0.06437095154717265,30,0.45282063790075955,
4,white,1,7,888,168,0,0,0.05166792805106912,31,0.8374393766834676,
4,white,1,7,889,168,0,0,0.10201873108702553,29,0.3916558548784467,
4,white,1,7,890,168,0,0,0.015418325181355108,23,0.9141744212461951,
4,white,1,7,891,168,0,0,0.34090614312142087,31,0.15412964158419518,
4,white,1,7,892,168,0,0,0.2768586561227684,32,0.2815280576465873,
4,white,1,7,893,168,0,0,0.03827801854545121,26,0.6446385324887723,
4,white,1,7,894,168,0,0,0.2649583047964581,32,0.19771974139514992,
4,white,1,7,895,168,0,0,0.09629931121859348,29,0.5456622246023513,
4,white,1,7,896,168,0,0,0.05893652298516838,28,0.16024983387456992,
4,white,1,7,897,168,0,0,0.24737499606795077,31,0.4175274219548629,
4,white,1,7,898,168,0,0,0.06890632807192598,31,0.9465763592787566,
4,white,1,7,899,168,0,0,0.01224436299619891,23,0.8281074428273827,
4,white,1,7,900,168,0,0,0.059372376188640996,32,0.29032819491561934,
4,white,1,7,901,168,0,0,0.05642613598453994,26,0.14060633808187217,
4,white,1,7,902,168,0,0,0.2315073774007026,31,0.20927812600730533,
4,white,1,7,903,168,0,0,0.11503779374800249,32,0.2989159530621711,
4,white,1,7,904,168,0,0,0.01644879115236475,26,0.6286417952797122,
4,white,1,7,905,168,0,0,0.004175717722361139,27,0.48283311035185583,
4,white,1,7,906,168,0,0,0.09225710195657288,31,0.14707257535545815,
4,white,1,7,907,168,0,0,0.27834806578427274,32,0.21127932130956628,
4,white,1,7,908,168,0,0,0.23275580537499385,32,0.9512130492466524,
4,white,1,7,909,168,0,0,0.0349403572298469,28,0.5890362209228697,
4,white,1,7,910,168,0,0,0.03575287307120212,31,0.931917106436658,
4,white,1,7,911,168,0,0,0.09628062904043844,31,0.03163510444787776,
4,white,1,7,912,168,0,0,0.00625535748274475,26,0.9504475089044858,
4,white,1,7,913,168,0,0,0.10725472736962405,30,0.005954130243751021,
4,white,1,7,914,168,0,0,0.18493942284326392,31,0.14709806107877732,
4,white,1,7,915,168,0,0,0.20749101570325446,29,0.5920814692668133,
4,white,1,7,916,168,0,0,0.15958860233333938,26,0.3298956280173392,
4,white,1,7,917,168,0,0,0.022849828099617886,29,0.4563682472812517,
4,white,1,7,918,168,0,0,0.09370227455045943,26,0.5086266492172864,
4,white,1,7,919,168,0,0,0.15070029947121322,31,0.7594196913829401,
4,white,1,7,920,168,0,0,0.06434605150463646,28,0.5069592221359964,
4,white,1,7,921,168,0,0,0.03455914662827608,24,0.857639154897445,
4,white,1,7,922,168,0,0,0.022462091612236335,29,0.2935766876553234,
4,white,1,7,923,168,0,0,0.04259966753837208,32,0.9687078894459104,
4,white,1,7,924,168,0,0,0.004462429884440788,31,0.9072133738280448,
4,white,1,7,925,168,0,0,0.2517679125167067,30,0.23009608611686017,
4,white,1,7,926,168,1,1,0.0011181923416488937,20,0.4757097289907606,
4,white,1,7,927,168,0,0,0.11503074392544266,31,0.2382452433120965,
4,white,1,7,928,168,0,0,0.051690724356382334,31,0.12231425327438117,
4,white,1,7,929,168,0,0,0.07642874830842283,31,0.7108320202573702,
4,white,1,7,930,168,0,0,0.025967857177867537,24,0.004417886613712119,
4,white,1,7,931,168,0,0,0.06396213812338025,28,0.8484847497072173,
4,white,1,7,932,168,0,0,0.019117945405114245,19,0.4772875311503806,
4,white,1,7,933,168,0,0,0.38181341089863163,32,0.6785938848493029,
4,white,1,7,934,168,0,0,0.1858708773945248,32,0.4575043058816054,
4,white,1,7,935,168,0,0,0.12308631552593807,32,0.44925175046383825,
4,white,1,7,936,168,0,0,0.13948774584761137,31,0.7437151094733365,
4,white,1,7,937,168,0,0,0.026094907969226977,29,0.1573866901010652,
4,white,1,7,938,168,0,0,0.09093964207364025,32,0.6679895370815784,
4,white,1,7,939,168,0,0,0.014042879169648081,23,0.664748226431862,
4,white,1,7,940,168,0,0,0.24512341926644088,27,0.3188414842589199,
4,white,1,7,941,168,0,0,0.15896127077051925,28,0.485520142343284,
4,white,1,7,942,168,0,0,0.029391775724227687,24,0.520657610255028,
4,white,1,7,943,168,0,0,0.01634584174387299,24,0.0006516644684950723,
4,white,1,7,944,168,0,0,0.03971807337014521,25,0.8067476241904936,
4,white,1,7,945,168,0,0,0.10862088214715804,31,0.23130965729445097,
4,white,1,7,946,168,0,0,0.1344473041184857,31,0.06877183104640294,
4,white,1,7,947,168,0,0,0.10256208656166299,32,0.050836587045236414,
4,white,1,7,948,168,0,0,0.028890339147603528,31,0.2747139208572609,
4,white,1,7,949,168,0,0,0.05433809999273409,32,0.7053004648847383,
4,white,1,7,950,168,0,0,0.0892076204402329,31,0.889508953929493,
4,white,1,7,951,168,0,0,0.005405396496924064,22,0.05581303904705914,
4,white,1,7,952,168,0,0,0.06936094755724287,29,0.44896705195358366,
4,white,1,7,953,168,1,1,0.0004840600520763516,22,0.5770832440483351,
4,white,1,7,954,168,0,0,0.06238757068849743,32,0.55453444671632,
4,white,1,7,955,168,0,0,0.013438171141320843,25,0.9940322333691233,
4,white,1,7,956,168,0,0,0.07028420963235449,29,0.23471428088571145,
4,white,1,7,957,168,0,0,0.13194977528223406,32,0.45988839468571796,
4,white,1,7,958,168,0,0,0.042519674713094036,31,0.11069948793014606,
4,white,1,7,959,168,0,0,0.271039626899912,29,0.9487376441375149,
4,white,1,7,960,168,1,1,0.003384797414409557,24,0.8253367289067755,
4,white,1,7,961,168,0,0,0.08275423983718633,32,0.601795535254722,
4,white,1,7,962,168,0,0,0.14157844751051218,32,0.18902725293247957,
4,white,1,7,963,168,0,0,0.1696724843657742,30,0.0696019155083083,
4,white,1,7,964,168,0,0,0.06838578655238448,30,0.4063925064057874,
4,white,1,7,965,168,0,0,0.3200861953939226,29,0.2939822348949306,
4,white,1,7,966,168,0,0,0.010300334033823244,29,0.21951362515922412,
4,white,1,7,967,168,0,0,0.00944800644246524,32,0.34117022314352563,
4,white,1,7,968,168,0,0,0.02797899936298709,29,0.7098644930526726,
4,white,1,7,969,168,0,0,0.10336454978313958,28,0.30744230915612625,
4,white,1,7,970,168,0,0,0.3061999815966471,32,0.2669512357266719,
4,white,1,7,971,168,0,0,0.19843995271124082,32,0.3505213624304091,
4,white,1,7,972,168,0,0,0.18398771487785337,32,0.7302722697758328,
4,white,1,7,973,168,0,0,0.009119421454566567,26,0.6678355139913653,
4,white,1,7,974,168,0,0,0.047074963647396384,31,0.48454706643901,
4,white,1,7,975,168,0,0,0.41127946704212537,32,0.9448126849153011,
4,white,1,7,976,168,0,0,0.05361728935924703,22,0.3020586146611095,
4,white,1,7,977,168,0,0,0.14863355570065662,30,0.41488960246030904,
4,white,1,7,978,168,0,0,0.0949299920613269,32,0.009978657994070272,
4,white,1,7,979,168,0,0,0.32017855996386135,32,0.195875333507606,
4,white,1,7,980,168,0,0,0.11827992194025871,31,0.9800471713497678,
4,white,1,7,981,168,0,0,0.16507297276942623,28,0.3176870852314657,
4,white,1,7,982,168,0,0,0.1879333768139927,31,0.21494400449330908,
4,white,1,7,983,168,0,0,0.06857416662748894,27,0.49463899208088546,
4,white,1,7,984,168,0,0,0.05233986813920066,30,0.8028644081833749,
4,white,1,7,985,168,0,0,0.167402157012986,31,0.9070181150885378,
4,white,1,7,986,168,0,0,0.12127691691531561,30,0.3518060022356877,
4,white,1,7,987,168,0,0,0.134269214542172,32,0.35039267669444807,
4,white,1,7,988,168,0,0,0.2706637593467194,32,0.7615494370144626,
4,white,1,7,989,168,0,0,0.08994103899488293,26,0.6996960678397823,
4,white,1,7,990,168,0,0,0.11269258216827871,26,0.5590227679060767,
4,white,1,7,991,168,0,0,0.06198534215262941,29,0.8958695350369738,
4,white,1,7,992,168,0,0,0.19276149515164254,30,0.7443140892323037,
4,white,1,7,993,168,0,0,0.09747228080757553,32,0.8850176240328766,
4,white,1,7,994,168,0,0,0.008027384753736544,22,0.4806029715924096,
4,white,1,7,995,168,0,0,0.19207029182405355,30,0.3827791940266838,
4,white,1,7,996,168,0,0,0.15902760911369218,29,0.26043939057877674,
4,white,1,7,997,168,0,0,0.014959054964800877,28,0.2518727999238348,
4,white,1,7,998,168,0,0,0.008800820018863953,27,0.9352053006800924,
4,white,1,7,999,168,0,0,0.43813120373020076,32,0.5392396753719506,
8,ar1,0.25,14,0,1344,0,0,0.0019869007541006845,30.25,0.09224667578510448,
8,ar1,0.25,14,1,1344,0,0,0.002192229836709192,30,0.004571060996982457,
8,ar1,0.25,14,2,1344,0,0,0.05303097134451429,32,0.0004246544315767986,
8,ar1,0.25,14,3,1344,0,0,0.13196425626471298,31.75,0.046627036698968616,
8,ar1,0.25,14,4,1344,0,0,0.07704512806135488,32,0.025083454848684017,
8,ar1,0.25,14,5,1344,0,0,0.004644646573107369,31.25,0.23764594313647835,
8,ar1,0.25,14,6,1344,0,0,0.3039952605285511,32,0.057216446612747385,
8,ar1,0.25,14,7,1344,0,0,0.04554194104413389,27.75,0.25741607566374025,
8,ar1,0.25,14,8,1344,0,0,0.08342964694873456,30.25,0.31007314060615143,
8,ar1,0.25,14,9,1344,0,0,0.05626244832683558,32,0.000447878827549153,
8,ar1,0.25,14,10,1344,0,0,0.016809349969559184,28.75,0.3347387866112749,
8,ar1,0.25,14,11,1344,0,1,0.010410789504434415,30.25,0.16749694477288912,
8,ar1,0.25,14,12,1344,0,0,0.026100659125348424,32,0.19303830313773063,
8,ar1,0.25,14,13,1344,0,0,0.1115847123104905,32,0.007808235587892898,
8,ar1,0.25,14,14,1344,1,1,0.0007687783832915907,29.25,0.12390892149297494,
8,ar1,0.25,14,15,1344,0,0,0.007286090816792989,29.5,0.03609181828297858,
8,ar1,0.25,14,16,1344,0,0,0.093001241209695,30.75,0.4607271957467517,
8,ar1,0.25,14,17,1344,0,0,0.008180198101076619,32,0.12953409321502674,
8,ar1,0.25,14,18,1344,0,0,0.16403123657258,31.5,0.0008825092004908219,
8,ar1,0.25,14,19,1344,0,0,0.0462944242443567,31.5,0.9688078979662677,
8,ar1,0.25,14,20,1344,0,0,0.015822412714980416,27.75,0.43487361901413646,
8,ar1,0.25,14,21,1344,0,0,0.052809276181535525,29.75,0.00041106980096883294,
8,ar1,0.25,14,22,1344,0,1,0.03687122154298972,31.75,0.2490676700283847,
8,ar1,0.25,14,23,1344,0,0,0.025235102962015477,30.25,0.002156323716086206,
8,ar1,0.25,14,24,1344,0,1,0.0034190946318203297,25.5,0.006540774682039063,
8,ar1,0.25,14,25,1344,0,0,0.007392162619938247,29.5,0.06577882523009138,
8,ar1,0.25,14,26,1344,0,0,0.18545444000581635,31.5,0.09467350215286086,
8,ar1,0.25,14,27,1344,0,0,0.15580936742289997,31.5,0.7606870121694179,
8,ar1,0.25,14,28,1344,0,0,0.07486633862670244,31.75,0.0023621303894164614,
8,ar1,0.25,14,29,1344,0,0,0.020464505939055022,32,0.1801188799640705,
8,ar1,0.25,14,30,1344,0,0,0.003030889913008039,25.5,0.2775632904503045,
8,ar1,0.25,14,31,1344,0,1,0.0011815102230628982,31.5,0.0031896998275023902,
8,ar1,0.25,14,32,1344,0,0,0.029986575856219777,30.5,0.013388180670380168,
8,ar1,0.25,14,33,1344,0,0,0.0032753238709002375,28.25,0.3586992853524624,
8,ar1,0.25,14,34,1344,0,0,0.00994313761757648,30,0.29431308248082666,
8,ar1,0.25,14,35,1344,0,0,0.033439930683591856,31.75,0.0001600693866409264,
8,ar1,0.25,14,36,1344,0,0,0.06972843144148733,31.75,0.06369079494338548,
8,ar1,0.25,14,37,1344,0,0,0.02910933739383681,30.25,0.028764394845947283,
8,ar1,0.25,14,38,1344,0,0,0.0023437084955191256,31.25,0.038597796857496536,
8,ar1,0.25,14,39,1344,0,0,0.023337054606458296,30.5,0.07561799978451589,
8,ar1,0.25,14,40,1344,1,1,0.0007314258107641303,29.75,0.4436887344247491,
8,ar1,0.25,14,41,1344,1,1,0.00011624132644183494,24,0.00037608557864698966,
8,ar1,0.25,14,42,1344,0,0,0.026183096375887227,29.25,0.8146066891374223,
8,ar1,0.25,14,43,1344,0,0,0.05793799026555746,31.5,0.27836013973087503,
8,ar1,0.25,14,44,1344,0,0,0.053062126331514525,29.5,0.05270196163053886,
8,ar1,0.25,14,45,1344,0,0,0.10985326047204902,29,0.40369463519718507,
8,ar1,0.25,14,46,1344,0,1,0.016749742995043393,31,0.28055777221811784,
8,ar1,0.25,14,47,1344,0,0,0.04080407248293538,28,0.0005501107731236132,
8,ar1,0.25,14,48,1344,0,0,0.048874294069381374,28.75,0.14820222453322673,
8,ar1,0.25,14,49,1344,1,1,0.00040985436434626266,29,0.08258554505198457,
8,ar1,0.25,14,50,1344,1,1,0.000025451906933482427,23.75,0.005616759012250894,
8,ar1,0.25,14,51,1344,0,0,0.04310282746850114,32,0.05636027160088464,
8,ar1,0.25,14,52,1344,0,0,0.0025108857140168084,29.75,0.954716183316163,
8,ar1,0.25,14,53,1344,0,0,0.011272226262419416,29.25,0.000948434228028705,
8,ar1,0.25,14,54,1344,0,0,0.010591066597163357,31.5,0.016157999048508787,
8,ar1,0.25,14,55,1344,0,0,0.07867440822714133,31,0.01092325467101607,
8,ar1,0.25,14,56,1344,0,0,0.0165077282285766,26.75,0.11367841149375413,
8,ar1,0.25,14,57,1344,0,1,0.05130152877180694,31.25,0.03041769515965953,
8,ar1,0.25,14,58,1344,0,0,0.1072365202690585,31.5,0.32430399301081003,
8,ar1,0.25,14,59,1344,0,0,0.003683762345487396,25.5,0.01951880035180098,
8,ar1,0.25,14,60,1344,0,0,0.00859644370420698,27.75,0.9210381377729144,
8,ar1,0.25,14,61,1344,0,0,0.05363497665392347,32,0.004598370033143229,
8,ar1,0.25,14,62,1344,0,0,0.1112753731325773,31.5,0.0010809774729682031,
8,ar1,0.25,14,63,1344,0,0,0.0010366291493418833,22.5,0.08533723288815898,
8,ar1,0.25,14,64,1344,0,0,0.016261864806136783,28.75,0.034808166179513544,
8,ar1,0.25,14,65,1344,0,0,0.0021431434072676225,27,0.007281477320451146,
8,ar1,0.25,14,66,1344,0,0,0.006408287699607329,31.5,0.09544810717599816,
8,ar1,0.25,14,67,1344,0,0,0.0014744534421889943,29.5,0.15821801337805108,
8,ar1,0.25,14,68,1344,0,0,0.029516794006094416,29.75,0.2955125202407619,
8,ar1,0.25,14,69,1344,0,0,0.01192268897327009,31.5,0.9857147322199102,
8,ar1,0.25,14,70,1344,1,1,0.0007998891315632584,27.5,0.018096109175501418,
8,ar1,0.25,14,71,1344,0,0,0.04401062118869237,30.75,0.002710018979768858,
8,ar1,0.25,14,72,1344,0,0,0.07925043489894523,30,0.010363845279379169,
8,ar1,0.25,14,73,1344,0,0,0.003762201091708106,30.25,0.42567588641329546,
8,ar1,0.25,14,74,1344,0,0,0.00504545198442663,29.5,0.03141512748792519,
8,ar1,0.25,14,75,1344,0,0,0.027154440487584752,31.25,0.12725349251524798,
8,ar1,0.25,14,76,1344,1,1,0.0006386385659384874,28.25,0.510858531167249,
8,ar1,0.25,14,77,1344,0,0,0.020739800874588488,31.25,0.12067366107144795,
8,ar1,0.25,14,78,1344,0,0,0.0482616839421105,31.5,0.8119986704360651,
8,ar1,0.25,14,79,1344,0,0,0.03147806833973321,29.25,0.08109661877060692,
8,ar1,0.25,14,80,1344,0,0,0.012865914010714907,30.75,0.0006694428582975087,
8,ar1,0.25,14,81,1344,0,0,0.0013755555001455644,29.25,0.012932570259225895,
8,ar1,0.25,14,82,1344,1,1,0.0004844019204505168,29.5,0.0000010231651969005995,
8,ar1,0.25,14,83,1344,1,1,0.00001267422187056777,28.75,0.6044292158914591,
8,ar1,0.25,14,84,1344,0,0,0.0016846250928601592,28.5,0.7019353928962001,
8,ar1,0.25,14,85,1344,0,0,0.011675957559070138,29.5,0.5119221662128217,
8,ar1,0.25,14,86,1344,0,1,0.029477602996643704,31.5,0.8856307671901369,
8,ar1,0.25,14,87,1344,0,0,0.01986072401484773,31.75,0.4824879419490943,
8,ar1,0.25,14,88,1344,0,0,0.03233712668193767,32,0.8469418096675712,
8,ar1,0.25,14,89,1344,0,0,0.03039560721876078,30.75,0.45368317207397424,
8,ar1,0.25,14,90,1344,0,0,0.01458471260456673,30.5,0.6931388715281337,
8,ar1,0.25,14,91,1344,0,0,0.0762063704762036,31,0.49286226913772757,
8,ar1,0.25,14,92,1344,0,0,0.001364378856631543,24.75,9.673993917047596e-8,
8,ar1,0.25,14,93,1344,0,0,0.2734390055909388,31.75,0.6065979485356371,
8,ar1,0.25,14,94,1344,0,0,0.018061617029877852,28,0.011404794908651872,
8,ar1,0.25,14,95,1344,0,0,0.09061227982784248,30.75,0.100735815704033,
8,ar1,0.25,14,96,1344,0,0,0.04271910978005988,31,0.013135566530784959,
8,ar1,0.25,14,97,1344,0,0,0.005121030028109708,28.75,0.04423611477027878,
8,ar1,0.25,14,98,1344,0,1,0.005715536623921547,28.75,0.17953738961136845,
8,ar1,0.25,14,99,1344,0,0,0.2031941056189318,30.75,0.9762962552380394,
8,ar1,0.25,14,100,1344,1,1,0.00020986118035226653,28.25,0.9890170564313226,
8,ar1,0.25,14,101,1344,1,1,0.0007510033671431771,28.75,0.01786708925094649,
8,ar1,0.25,14,102,1344,0,0,0.04907162053127323,29.25,0.9348335166188873,
8,ar1,0.25,14,103,1344,0,0,0.00663199653091584,31,0.3086318030865087,
8,ar1,0.25,14,104,1344,0,0,0.0208511912250251,29.5,0.32618686994327994,
8,ar1,0.25,14,105,1344,0,0,0.007168038997345749,30,0.25837010755248146,
8,ar1,0.25,14,106,1344,0,0,0.020688594157310947,30.75,0.2523500784063448,
8,ar1,0.25,14,107,1344,0,0,0.043058195275958,29.75,0.3684080867185069,
8,ar1,0.25,14,108,1344,0,0,0.0036876666880766296,26.25,0.4282858732568148,
8,ar1,0.25,14,109,1344,0,0,0.06598468636103016,31.5,0.5191510804879688,
8,ar1,0.25,14,110,1344,0,0,0.001846192168987959,28,0.5663426331807968,
8,ar1,0.25,14,111,1344,0,0,0.11912999894552678,32,0.18115627889737695,
8,ar1,0.25,14,112,1344,0,0,0.12084261614070135,30.5,0.008345437001985201,
8,ar1,0.25,14,113,1344,0,0,0.03347625108507257,31.25,0.06725399267367627,
8,ar1,0.25,14,114,1344,0,0,0.028801204225053945,31.5,0.3225274392953501,
8,ar1,0.25,14,115,1344,0,0,0.003313266178462615,31.75,0.2429637942731313,
8,ar1,0.25,14,116,1344,0,0,0.008988690107246344,29.25,0.004267374260811252,
8,ar1,0.25,14,117,1344,0,0,0.005344876871592685,29.75,0.006025126191572472,
8,ar1,0.25,14,118,1344,0,0,0.07355399594957945,31,0.3294560779968063,
8,ar1,0.25,14,119,1344,0,0,0.2073328310617918,31.75,0.8913311378779353,
8,ar1,0.25,14,120,1344,0,0,0.003093008048056123,30,0.2652006451709137,
8,ar1,0.25,14,121,1344,0,0,0.04489345324892535,30.75,0.4003368788761852,
8,ar1,0.25,14,122,1344,0,0,0.028297390380726317,32,0.18677384591353619,
8,ar1,0.25,14,123,1344,0,0,0.19883001580473403,32,0.005157072219155734,
8,ar1,0.25,14,124,1344,0,0,0.0012863069478514788,29.75,0.8606384976335753,
8,ar1,0.25,14,125,1344,0,0,0.10689664020606093,30,0.000031039702900970134,
8,ar1,0.25,14,126,1344,0,0,0.08221930175674452,28.25,0.7746812033999696,
8,ar1,0.25,14,127,1344,0,0,0.0009835536436006986,29.5,0.02259963296040024,
8,ar1,0.25,14,128,1344,0,0,0.01887329982396113,31.5,0.00027040027030489355,
8,ar1,0.25,14,129,1344,0,1,0.015330136081916357,30.25,0.0007198411731860199,
8,ar1,0.25,14,130,1344,0,0,0.08704428966107569,30.25,0.3370658009816968,
8,ar1,0.25,14,131,1344,0,0,0.016148653824505033,30.25,0.4806726859014635,
8,ar1,0.25,14,132,1344,0,0,0.10900384398862395,31.75,0.9229515682774001,
8,ar1,0.25,14,133,1344,0,0,0.047456179175749735,30.75,0.008767351318716088,
8,ar1,0.25,14,134,1344,0,0,0.06322900652755525,29.75,0.40194817596079846,
8,ar1,0.25,14,135,1344,1,1,0.00007981624211395033,27,0.0433400581561324,
8,ar1,0.25,14,136,1344,1,1,0.0005670075094493798,25,0.00006614620711076213,
8,ar1,0.25,14,137,1344,0,0,0.007398005585037226,28.75,0.0035758020270270086,
8,ar1,0.25,14,138,1344,1,1,0.0002051442570154549,30.25,0.1956554750089583,
8,ar1,0.25,14,139,1344,0,0,0.06476646449204848,30.75,0.9831413405201952,
8,ar1,0.25,14,140,1344,0,0,0.006144806798919045,32,0.6630087514412336,
8,ar1,0.25,14,141,1344,0,1,0.012445731522233272,30,0.9884724232758352,
8,ar1,0.25,14,142,1344,0,0,0.07986647824693083,32,0.002676383926198622,
8,ar1,0.25,14,143,1344,0,0,0.0128693871891431,26.25,0.44776870845397343,
8,ar1,0.25,14,144,1344,0,0,0.02234780915088075,32,0.623815904305366,
8,ar1,0.25,14,145,1344,0,0,0.12674230683875964,30.5,0.4642466898866885,
8,ar1,0.25,14,146,1344,0,0,0.10755709699161609,31.5,0.5703004635544717,
8,ar1,0.25,14,147,1344,0,0,0.030863933612865102,30.5,0.04551586802701446,
8,ar1,0.25,14,148,1344,0,1,0.07358178903439594,30.25,0.03888021480076764,
8,ar1,0.25,14,149,1344,0,0,0.01773611785102991,28.25,0.7275811490861634,
8,ar1,0.25,14,150,1344,1,1,0.00016423735728166022,26.5,0.5032932729681479,
8,ar1,0.25,14,151,1344,0,0,0.0015247845055540443,27,0.382908911052093,
8,ar1,0.25,14,152,1344,0,0,0.007643501692165433,28.25,0.5094577670686702,
8,ar1,0.25,14,153,1344,0,0,0.06782565575019694,31.5,0.00013301749238625593,
8,ar1,0.25,14,154,1344,1,1,0.0005122523993866812,29,0.26782384550316574,
8,ar1,0.25,14,155,1344,0,0,0.0047098994110935655,28.75,0.32250107009781614,
8,ar1,0.25,14,156,1344,1,1,0.00012679204453502901,27.75,0.0029056330911564343,
8,ar1,0.25,14,157,1344,0,0,0.0066486367113052225,26.75,0.05648606377957588,
8,ar1,0.25,14,158,1344,0,0,0.018592435176047584,26.5,0.5136815407487046,
8,ar1,0.25,14,159,1344,0,0,0.13586055573018574,31.5,0.04455018277146594,
8,ar1,0.25,14,160,1344,0,0,0.029738049039953585,29,0.005923109293712536,
8,ar1,0.25,14,161,1344,0,0,0.007630076341108238,31.5,0.26925055879178705,
8,ar1,0.25,14,162,1344,0,0,0.016880823096077302,31.5,0.08692090112671558,
8,ar1,0.25,14,163,1344,0,0,0.0010008939653550764,25.5,0.003024652393708971,
8,ar1,0.25,14,164,1344,0,0,0.0016459165345702464,30,0.32974920394378027,
8,ar1,0.25,14,165,1344,0,0,0.03472973819395886,29.75,0.18618761182902233,
8,ar1,0.25,14,166,1344,0,0,0.015483418031085439,30.5,0.6068802162757664,
8,ar1,0.25,14,167,1344,0,0,0.011711848137198944,31.75,0.7051889002269673,
8,ar1,0.25,14,168,1344,0,0,0.006290318113816973,29,0.5178074236743607,
8,ar1,0.25,14,169,1344,0,0,0.0009208341867791292,24,0.005225819534036558,
8,ar1,0.25,14,170,1344,0,0,0.04068142401329922,30.75,0.01166033093529506,
8,ar1,0.25,14,171,1344,0,0,0.006532887496234263,27.25,0.014622435435207692,
8,ar1,0.25,14,172,1344,0,0,0.0021938051714044393,21.75,0.0020917284543864323,
8,ar1,0.25,14,173,1344,0,0,0.22712317202325805,32,0.0335831760422689,
8,ar1,0.25,14,174,1344,0,0,0.024391086744364854,30.5,0.1532248490558662,
8,ar1,0.25,14,175,1344,0,0,0.011300179572992897,30,0.01164442538662136,
8,ar1,0.25,14,176,1344,0,0,0.1670274710320825,30.25,0.00043913312327892307,
8,ar1,0.25,14,177,1344,0,0,0.008722890234336256,32,0.000003429626750262038,
8,ar1,0.25,14,178,1344,0,0,0.005287174149656515,29.5,0.15380131320050439,
8,ar1,0.25,14,179,1344,0,0,0.019712035451773025,29,0.019444773142990424,
8,ar1,0.25,14,180,1344,0,0,0.007325835073839326,29.25,0.12141318978622906,
8,ar1,0.25,14,181,1344,0,0,0.0024118714040121114,28,0.46422436934591993,
8,ar1,0.25,14,182,1344,0,0,0.09288394275134026,32,0.011819564659911963,
8,ar1,0.25,14,183,1344,0,0,0.048591615636386476,28.5,0.8376329916234639,
8,ar1,0.25,14,184,1344,0,0,0.004759378984666607,28.75,0.0009537079146257899,
8,ar1,0.25,14,185,1344,0,0,0.17588957765350077,31.25,0.00041859891163431584,
8,ar1,0.25,14,186,1344,0,0,0.002097843430108215,28,0.051839285966500004,
8,ar1,0.25,14,187,1344,0,0,0.02866093611557119,28.5,0.07137834494465145,
8,ar1,0.25,14,188,1344,0,0,0.14892664309512837,31.75,0.44937080494206694,
8,ar1,0.25,14,189,1344,0,0,0.11332785402120837,32,0.007236298659767382,
8,ar1,0.25,14,190,1344,0,0,0.0009591071172335708,29.5,0.3208304462803667,
8,ar1,0.25,14,191,1344,1,1,0.000019097300413495333,25,0.15300874080022142,
8,ar1,0.25,14,192,1344,0,0,0.03942842467394547,28.25,0.079178089457831,
8,ar1,0.25,14,193,1344,0,0,0.02983367241772883,30,0.028115609701860778,
8,ar1,0.25,14,194,1344,1,1,0.0005046643084573033,22.5,0.017911303960524094,
8,ar1,0.25,14,195,1344,0,0,0.021475690046397045,31.75,0.21039693457213626,
8,ar1,0.25,14,196,1344,0,1,0.010746644641615788,30.5,0.2926128491258305,
8,ar1,0.25,14,197,1344,0,0,0.13006594314084663,30.5,0.0000014940638183302823,
8,ar1,0.25,14,198,1344,0,0,0.019431629996745414,28.75,0.01757511548200308,
8,ar1,0.25,14,199,1344,0,0,0.01726101843994543,29,0.16481174324234182,
8,ar1,0.25,14,200,1344,0,0,0.006596156301776124,24.75,0.0019015136114044484,
8,ar1,0.25,14,201,1344,0,0,0.0018207046890600376,30.25,0.3965016999177323,
8,ar1,0.25,14,202,1344,0,0,0.02613419433130404,28.5,0.18527304938358524,
8,ar1,0.25,14,203,1344,0,0,0.07746083884836252,31.5,0.5579471689515789,
8,ar1,0.25,14,204,1344,1,1,0.0000908206620715557,28,0.9421487894473234,
8,ar1,0.25,14,205,1344,0,0,0.04721723055638649,29.75,0.16273294132361837,
8,ar1,0.25,14,206,1344,0,0,0.09806100052192934,29.75,0.8853517639988633,
8,ar1,0.25,14,207,1344,1,1,0.00021275188715275117,29.75,0.7467594431699698,
8,ar1,0.25,14,208,1344,0,0,0.019282040383069354,29.25,0.8205253238197203,
8,ar1,0.25,14,209,1344,0,0,0.07831848918247264,31.75,0.8367558178775718,
8,ar1,0.25,14,210,1344,0,0,0.008904575586825114,29,0.1603166572301089,
8,ar1,0.25,14,211,1344,1,1,0.0004038698400337104,23.75,0.00023974240961399662,
8,ar1,0.25,14,212,1344,0,0,0.02045780097211425,32,0.4985858054165738,
8,ar1,0.25,14,213,1344,0,0,0.010551114592256439,31,0.007930029576038278,
8,ar1,0.25,14,214,1344,0,0,0.01918063723049479,28,0.2780804159384036,
8,ar1,0.25,14,215,1344,1,1,0.00007375540639054101,29.25,0.015036540890859484,
8,ar1,0.25,14,216,1344,0,1,0.002405290397723525,31.5,0.6660424559986696,
8,ar1,0.25,14,217,1344,0,0,0.0454258689629935,30.75,0.9588419498182907,
8,ar1,0.25,14,218,1344,0,0,0.07304163427875987,31.75,0.009005860675717181,
8,ar1,0.25,14,219,1344,0,0,0.0037227057291233656,32,0.20869963680895487,
8,ar1,0.25,14,220,1344,0,1,0.002651569258937836,30,0.8984539623750497,
8,ar1,0.25,14,221,1344,0,0,0.0579763878107693,27.5,0.05162969699313369,
8,ar1,0.25,14,222,1344,0,0,0.03735615962036043,29.75,0.003494954446128684,
8,ar1,0.25,14,223,1344,0,0,0.02987420041403044,30.25,0.8816950891316695,
8,ar1,0.25,14,224,1344,0,0,0.08965678920340303,32,0.12852918260770296,
8,ar1,0.25,14,225,1344,0,0,0.05893203353462195,30.5,0.9435546375167376,
8,ar1,0.25,14,226,1344,0,0,0.0031381820754305956,31.5,0.31191245153736924,
8,ar1,0.25,14,227,1344,0,0,0.008306396502994584,29.75,0.41588041687040445,
8,ar1,0.25,14,228,1344,0,0,0.03454536668685382,30.5,0.8827665639487664,
8,ar1,0.25,14,229,1344,1,1,0.00029184075827060063,26,0.552135507634847,
8,ar1,0.25,14,230,1344,0,0,0.0029866888021912175,31,0.014300701887449807,
8,ar1,0.25,14,231,1344,0,0,0.05398448503135045,31.75,0.002243793879369238,
8,ar1,0.25,14,232,1344,0,0,0.1850388609367677,30.75,0.000049656367720474215,
8,ar1,0.25,14,233,1344,0,0,0.04487744396893811,31.75,0.016592650190519143,
8,ar1,0.25,14,234,1344,0,0,0.012306139239636416,29.75,0.17644517457466447,
8,ar1,0.25,14,235,1344,0,0,0.048618721401715415,30.5,0.003957052427322361,
8,ar1,0.25,14,236,1344,1,1,0.000011705757037239195,28.25,0.09588542958835722,
8,ar1,0.25,14,237,1344,0,0,0.014235884393301146,31.75,0.00013730565655667437,
8,ar1,0.25,14,238,1344,0,0,0.053671116921397144,31.5,0.01057363542922407,
8,ar1,0.25,14,239,1344,0,1,0.010538424947192815,30.5,0.45574185302523107,
8,ar1,0.25,14,240,1344,0,0,0.07725301139892427,30,0.7806203832439128,
8,ar1,0.25,14,241,1344,0,0,0.045091182005854824,26.5,0.20374115038156293,
8,ar1,0.25,14,242,1344,0,0,0.0013631815900025934,21.25,0.7375979401553813,
8,ar1,0.25,14,243,1344,0,0,0.10618437848951345,32,0.015597056042058632,
8,ar1,0.25,14,244,1344,0,0,0.09489425512130767,31.5,0.6402744862834986,
8,ar1,0.25,14,245,1344,0,0,0.2479495444538129,32,0.45377336197574436,
8,ar1,0.25,14,246,1344,0,0,0.009900265025678423,29.5,0.3561376463012671,
8,ar1,0.25,14,247,1344,0,0,0.003977983052035228,26.5,0.0006198034601903046,
8,ar1,0.25,14,248,1344,1,1,0.000004511572003429443,26.5,0.34868165802141915,
8,ar1,0.25,14,249,1344,0,0,0.06220728496374628,31.25,0.8541528617304703,
8,ar1,0.25,14,250,1344,1,1,0.0008930180943096389,27.75,0.40879983682778753,
8,ar1,0.25,14,251,1344,0,1,0.0020466389861892864,32,0.05821202013026916,
8,ar1,0.25,14,252,1344,1,1,0.0005762959993698136,30.5,0.3337745266967572,
8,ar1,0.25,14,253,1344,0,0,0.030680682414235383,31.5,0.021300852006979953,
8,ar1,0.25,14,254,1344,0,0,0.0017344610511319525,31.75,0.20567503505534468,
8,ar1,0.25,14,255,1344,0,0,0.07231019482341505,31.25,0.03180578260229139,
8,ar1,0.25,14,256,1344,0,1,0.007589184515437997,31.5,0.3490760756327995,
8,ar1,0.25,14,257,1344,0,0,0.0019838568910066634,29.75,0.1228681268988907,
8,ar1,0.25,14,258,1344,0,0,0.005431822137451525,29.25,0.017002515692151055,
8,ar1,0.25,14,259,1344,1,1,0.000012390546077600817,27,0.19810176670811885,
8,ar1,0.25,14,260,1344,0,0,0.012696327997664736,28.25,0.008485700259275641,
8,ar1,0.25,14,261,1344,0,0,0.11122696211404093,31.75,0.0019756338384349093,
8,ar1,0.25,14,262,1344,1,1,0.000015030020528050692,32,0.00012902698887751196,
8,ar1,0.25,14,263,1344,0,1,0.01442785483527842,29.5,0.8035834133579267,
8,ar1,0.25,14,264,1344,0,0,0.0386205457089559,30,0.1586478526935471,
8,ar1,0.25,14,265,1344,0,0,0.026926635661850384,25.25,0.05870386659337312,
8,ar1,0.25,14,266,1344,0,0,0.028219046793041436,31.25,0.08207364963599728,
8,ar1,0.25,14,267,1344,0,0,0.0372592126055451,30.75,0.7304698074971125,
8,ar1,0.25,14,268,1344,0,0,0.005521132432054876,28.25,0.00443006575324123,
8,ar1,0.25,14,269,1344,0,0,0.001365752168048573,25.5,0.034964270286565236,
8,ar1,0.25,14,270,1344,0,0,0.008232769155699926,28.75,0.0004991375895166961,
8,ar1,0.25,14,271,1344,0,0,0.021378497400138308,31.75,0.000917670452495245,
8,ar1,0.25,14,272,1344,1,1,0.0004488781549978338,26.75,0.0032479488644584498,
8,ar1,0.25,14,273,1344,0,0,0.008507341207464325,31.5,0.18805751738989407,
8,ar1,0.25,14,274,1344,0,0,0.0019641307440649847,32,0.13510848427332434,
8,ar1,0.25,14,275,1344,0,0,0.01343281358320969,30.5,0.00001838397997633301,
8,ar1,0.25,14,276,1344,0,1,0.04194041979075336,31.25,0.13963469643177473,
8,ar1,0.25,14,277,1344,0,0,0.0709970273369872,31.75,0.9900313936127879,
8,ar1,0.25,14,278,1344,1,1,0.00036925196210602085,27.75,0.002005782294985714,
8,ar1,0.25,14,279,1344,0,0,0.04958100608984606,31.25,0.29145481711043497,
8,ar1,0.25,14,280,1344,1,1,0.0008841877528975584,27.5,0.8784278881022731,
8,ar1,0.25,14,281,1344,0,0,0.0011905392168789497,30.75,0.3865709124671741,
8,ar1,0.25,14,282,1344,0,0,0.0459375075844759,30.5,0.030073953374727735,
8,ar1,0.25,14,283,1344,0,0,0.0027907905218906848,30.5,0.0010176175846630109,
8,ar1,0.25,14,284,1344,0,0,0.04944041732663074,30.5,0.09075577055680506,
8,ar1,0.25,14,285,1344,0,0,0.0010525413060351596,27.25,0.010705575263238232,
8,ar1,0.25,14,286,1344,0,0,0.001938566394887764,28,0.02760034392185351,
8,ar1,0.25,14,287,1344,0,0,0.09404077500030539,31,0.010898355933285142,
8,ar1,0.25,14,288,1344,0,0,0.03320215843017027,31.75,0.023287825382818594,
8,ar1,0.25,14,289,1344,0,0,0.060224236210557835,31.75,0.20133174716574787,
8,ar1,0.25,14,290,1344,0,0,0.14585440408347128,30.75,0.20524775031450304,
8,ar1,0.25,14,291,1344,0,0,0.10462007626418779,31.75,0.035718045154135125,
8,ar1,0.25,14,292,1344,0,1,0.02151078245177729,30,0.2636396751508261,
8,ar1,0.25,14,293,1344,0,0,0.011242486401021545,28.75,0.030053521312259135,
8,ar1,0.25,14,294,1344,0,0,0.001417635290875352,31.75,0.51613277153644,
8,ar1,0.25,14,295,1344,0,0,0.1926128317229423,31.75,0.028851623179330432,
8,ar1,0.25,14,296,1344,0,0,0.04270863990705298,31.5,0.0007784134298458589,
8,ar1,0.25,14,297,1344,0,0,0.01051681417774597,31.75,0.0009543635154612984,
8,ar1,0.25,14,298,1344,0,0,0.1453563103928679,31.75,0.00029615363130053307,
8,ar1,0.25,14,299,1344,0,0,0.0753337699924791,32,0.04010966700809515,
8,ar1,0.25,14,300,1344,1,1,0.0007436845189212615,30.75,0.00030952885341783976,
8,ar1,0.25,14,301,1344,0,0,0.007088496378806708,29.75,0.10335048657860968,
8,ar1,0.25,14,302,1344,0,0,0.09762660088954256,31,0.004692299434588265,
8,ar1,0.25,14,303,1344,0,0,0.10252204411539023,32,0.20714937892121643,
8,ar1,0.25,14,304,1344,1,1,3.315633404499252e-7,31.25,0.0035429200164263097,
8,ar1,0.25,14,305,1344,0,0,0.06665212902538653,31.25,0.05278240364317077,
8,ar1,0.25,14,306,1344,0,0,0.0026912679253411342,30,0.057028389752612374,
8,ar1,0.25,14,307,1344,0,0,0.1781205497068472,31.75,0.012836395053843264,
8,ar1,0.25,14,308,1344,0,0,0.002206800053855318,28.5,0.01099916734637818,
8,ar1,0.25,14,309,1344,1,1,0.0000061102317125971695,28.75,0.0003117961715140005,
8,ar1,0.25,14,310,1344,0,0,0.006160247983881484,29.75,0.8167820366617206,
8,ar1,0.25,14,311,1344,0,0,0.0058184115232763345,26.75,0.04660440778716235,
8,ar1,0.25,14,312,1344,0,0,0.001038451843428767,31.25,0.12453941543351033,
8,ar1,0.25,14,313,1344,0,0,0.008396024583073092,28.25,0.028478135015540973,
8,ar1,0.25,14,314,1344,0,0,0.12916947611999097,32,0.023888780357904205,
8,ar1,0.25,14,315,1344,0,0,0.004562699982226914,29.5,0.0017523933360433785,
8,ar1,0.25,14,316,1344,1,1,0.0004564002829499092,25,0.01729187435447188,
8,ar1,0.25,14,317,1344,0,0,0.001904900668643017,29.5,0.26550709930572847,
8,ar1,0.25,14,318,1344,0,0,0.008205889944162825,28.25,0.34232253585282335,
8,ar1,0.25,14,319,1344,0,0,0.19436471861910065,31.75,0.6111106355139553,
8,ar1,0.25,14,320,1344,0,0,0.24110069911982268,30.25,0.8809577897019782,
8,ar1,0.25,14,321,1344,0,0,0.0031227118320608094,26,0.28665715655958235,
8,ar1,0.25,14,322,1344,0,0,0.0016626048995314058,28.5,0.10850483989342419,
8,ar1,0.25,14,323,1344,0,0,0.005575840475189553,25.5,0.8633663643047371,
8,ar1,0.25,14,324,1344,0,0,0.003520645631739705,27,0.04957431855840866,
8,ar1,0.25,14,325,1344,0,0,0.020449266788094445,30.5,0.763226160409248,
8,ar1,0.25,14,326,1344,0,0,0.08979072015666567,30.75,0.0017726984622390418,
8,ar1,0.25,14,327,1344,0,0,0.17044660847377346,31.25,0.09948045268563233,
8,ar1,0.25,14,328,1344,0,0,0.09559650998619351,30.5,0.03408815421452105,
8,ar1,0.25,14,329,1344,0,0,0.04687432281315862,31.25,0.14887234469178035,
8,ar1,0.25,14,330,1344,1,1,0.00021074108469787411,29.25,0.15415036541407612,
8,ar1,0.25,14,331,1344,1,1,0.0001648365055425538,26.75,0.1994728211214578,
8,ar1,0.25,14,332,1344,0,0,0.00324336277526438,31,0.08199192484429019,
8,ar1,0.25,14,333,1344,0,0,0.0011989463543422563,30.75,0.5904645626009648,
8,ar1,0.25,14,334,1344,0,0,0.008889209217102345,31.25,0.07499225770297346,
8,ar1,0.25,14,335,1344,0,0,0.016429268627521032,29.75,0.00012989016443998302,
8,ar1,0.25,14,336,1344,0,0,0.05434537498214831,29.75,0.5897754164220117,
8,ar1,0.25,14,337,1344,0,0,0.05460493157441915,31.25,0.005372287451568147,
8,ar1,0.25,14,338,1344,0,0,0.2631084373781192,31.75,0.6584949556686709,
8,ar1,0.25,14,339,1344,0,0,0.027740536883966715,30,0.01888290238152801,
8,ar1,0.25,14,340,1344,0,0,0.002217508517668665,29.75,0.6749446351221499,
8,ar1,0.25,14,341,1344,0,0,0.003666236522036015,27.25,0.8754955697105297,
8,ar1,0.25,14,342,1344,0,0,0.07742810228563246,32,0.004135502862265827,
8,ar1,0.25,14,343,1344,0,0,0.02074110904440607,30,0.030512377323119733,
8,ar1,0.25,14,344,1344,0,0,0.029269092753952952,29.25,0.461441786097773,
8,ar1,0.25,14,345,1344,1,1,0.00014282690563927058,25.75,0.7621223855000248,
8,ar1,0.25,14,346,1344,0,0,0.0033753334030378612,24,0.00012024337398253149,
8,ar1,0.25,14,347,1344,0,0,0.022704862085271227,28.75,0.000020233211604714363,
8,ar1,0.25,14,348,1344,0,0,0.1081764876736866,29,0.000031937655879166194,
8,ar1,0.25,14,349,1344,0,0,0.01731945540979507,26.75,0.0006787058729815776,
8,ar1,0.25,14,350,1344,1,1,0.00043937810790850573,27.5,0.04442317809072949,
8,ar1,0.25,14,351,1344,0,0,0.016942182059190736,29.5,0.4012958903477488,
8,ar1,0.25,14,352,1344,0,0,0.025282225696217075,31.25,0.026582219769081372,
8,ar1,0.25,14,353,1344,0,1,0.24296634842675147,31.75,0.39286771529157527,
8,ar1,0.25,14,354,1344,0,0,0.002352318377952911,29,0.2663866584762158,
8,ar1,0.25,14,355,1344,0,0,0.09830424752192868,30.25,0.00653298938429514,
8,ar1,0.25,14,356,1344,0,0,0.035160330103889414,30,0.20669991010143018,
8,ar1,0.25,14,357,1344,0,0,0.0020762615032025034,28,0.05936156648781943,
8,ar1,0.25,14,358,1344,0,0,0.00837846243359075,26.25,0.2261309066598307,
8,ar1,0.25,14,359,1344,0,0,0.008891940253586528,24.5,0.01863886353775257,
8,ar1,0.25,14,360,1344,0,0,0.008611381336309232,27.25,0.010458895824264625,
8,ar1,0.25,14,361,1344,0,0,0.0035444758784620722,28,0.10658620447316336,
8,ar1,0.25,14,362,1344,0,0,0.0070194003109004255,28.75,0.000001126728882971939,
8,ar1,0.25,14,363,1344,0,1,0.03717909756132454,30.75,0.8767881556800405,
8,ar1,0.25,14,364,1344,0,0,0.044734534074933,32,0.4913022973131934,
8,ar1,0.25,14,365,1344,0,0,0.0017306089842928918,28,0.06904947216327817,
8,ar1,0.25,14,366,1344,0,0,0.002420107655221604,25.75,0.02661390357903326,
8,ar1,0.25,14,367,1344,0,0,0.022159378174019362,30.75,0.0495354575210285,
8,ar1,0.25,14,368,1344,0,0,0.026520621494032448,31.25,0.15503625160463685,
8,ar1,0.25,14,369,1344,0,0,0.1187538429737427,32,0.6063760060362982,
8,ar1,0.25,14,370,1344,0,1,0.005211998168974885,30.25,0.40118203595559043,
8,ar1,0.25,14,371,1344,0,0,0.0688877422353602,31,0.02021635326794602,
8,ar1,0.25,14,372,1344,0,0,0.004630895789357603,29,0.8935118643808124,
8,ar1,0.25,14,373,1344,0,0,0.007597466892888094,28.25,0.22346227122657902,
8,ar1,0.25,14,374,1344,0,0,0.007476029622447533,29.75,0.03949886582750928,
8,ar1,0.25,14,375,1344,0,0,0.019728756565266625,31.5,0.1585089168317253,
8,ar1,0.25,14,376,1344,0,0,0.02676100610184806,30.75,0.00014845347664493858,
8,ar1,0.25,14,377,1344,0,0,0.005033606369283072,31.25,0.02010269571434553,
8,ar1,0.25,14,378,1344,1,1,0.00008683662066211184,31,0.8976554441925998,
8,ar1,0.25,14,379,1344,0,0,0.08361193363277264,30.25,0.15117533455201948,
8,ar1,0.25,14,380,1344,0,0,0.09934505634976354,28.75,0.2276955919233331,
8,ar1,0.25,14,381,1344,0,0,0.01098348017145201,30.75,0.2816003874366235,
8,ar1,0.25,14,382,1344,0,0,0.050788390748821355,30.75,0.39601389596445546,
8,ar1,0.25,14,383,1344,0,0,0.032966896441995686,27.75,0.7622748603862567,
8,ar1,0.25,14,384,1344,0,0,0.00799191442331304,30.75,0.022973721816936354,
8,ar1,0.25,14,385,1344,0,0,0.0022922112253656035,28.75,0.012529312820526495,
8,ar1,0.25,14,386,1344,1,1,0.00016602368529361478,27.5,0.008975939101514174,
8,ar1,0.25,14,387,1344,1,1,0.00041049311005514344,29,0.010486185497861067,
8,ar1,0.25,14,388,1344,0,0,0.006920942670202934,30.5,0.06783241850246124,
8,ar1,0.25,14,389,1344,0,0,0.01860516561468606,32,0.8079846072238601,
8,ar1,0.25,14,390,1344,0,0,0.015395164261097771,29.75,0.0003693889203618683,
8,ar1,0.25,14,391,1344,1,1,0.00008782347260294365,30.5,0.9971266560795472,
8,ar1,0.25,14,392,1344,0,0,0.06776285384364578,30,0.09132613442606174,
8,ar1,0.25,14,393,1344,0,0,0.0011256472390681616,29.75,0.021210530280150963,
8,ar1,0.25,14,394,1344,0,0,0.03730680480519366,31.25,0.000024392286587793244,
8,ar1,0.25,14,395,1344,1,1,0.0007318319512261695,30.5,0.06271543759363418,
8,ar1,0.25,14,396,1344,0,0,0.006612781800887979,28,0.19222933159733469,
8,ar1,0.25,14,397,1344,0,0,0.03435683806640921,30.5,0.027412943740706686,
8,ar1,0.25,14,398,1344,0,0,0.0021893102900418793,23.75,0.0000652699384922073,
8,ar1,0.25,14,399,1344,0,0,0.05497697348538044,31.5,0.6314621637713727,
8,ar1,0.25,14,400,1344,0,0,0.053123063257938696,28.75,0.3211321347758952,
8,ar1,0.25,14,401,1344,0,0,0.005699837526674245,29.75,0.10803627522107762,
8,ar1,0.25,14,402,1344,0,0,0.06503327346488341,28.5,0.041181635588739884,
8,ar1,0.25,14,403,1344,0,0,0.01575877803174719,27.25,0.00006869275797727337,
8,ar1,0.25,14,404,1344,0,0,0.0017588257617375813,30,0.796137157941577,
8,ar1,0.25,14,405,1344,0,0,0.02110340349173634,29.5,0.13614328464901315,
8,ar1,0.25,14,406,1344,0,0,0.0553373552507892,27.75,0.8652559362241581,
8,ar1,0.25,14,407,1344,0,0,0.012076836201361907,31.25,0.007755353804600462,
8,ar1,0.25,14,408,1344,0,0,0.009911584805693319,28.5,0.03138066212116497,
8,ar1,0.25,14,409,1344,0,0,0.015045209934013482,32,0.0015292321148729915,
8,ar1,0.25,14,410,1344,0,1,0.03790170197776299,30,0.0289993098770287,
8,ar1,0.25,14,411,1344,0,0,0.15210097809259904,31.5,0.35042032100949916,
8,ar1,0.25,14,412,1344,0,0,0.029143969008610937,30.5,0.000018343732043790695,
8,ar1,0.25,14,413,1344,0,0,0.05090617531376063,32,0.39006613441398663,
8,ar1,0.25,14,414,1344,1,1,0.000024103876681058622,29.75,0.015522244555203568,
8,ar1,0.25,14,415,1344,0,0,0.003860281409253208,31.25,0.12529100069227828,
8,ar1,0.25,14,416,1344,0,0,0.02440938246384472,32,0.10451630618820984,
8,ar1,0.25,14,417,1344,0,0,0.029136612913691406,30,0.05894754131064217,
8,ar1,0.25,14,418,1344,1,1,0.000026528710583284543,31.75,0.33511164253578796,
8,ar1,0.25,14,419,1344,0,0,0.029528207709402565,29.5,0.09535776992531675,
8,ar1,0.25,14,420,1344,0,0,0.08359090986174234,31.5,0.6513943782492411,
8,ar1,0.25,14,421,1344,0,0,0.028954555371911717,31.75,0.8828643703043552,
8,ar1,0.25,14,422,1344,0,0,0.02649603289553948,27.75,0.29803102851942187,
8,ar1,0.25,14,423,1344,0,0,0.12813316772845307,31,0.354762410902004,
8,ar1,0.25,14,424,1344,0,0,0.02170281550705866,32,0.8283023490876076,
8,ar1,0.25,14,425,1344,1,1,0.00013813029153009193,24.75,0.4778707077632536,
8,ar1,0.25,14,426,1344,0,0,0.12208727066530112,31,0.9004658494140303,
8,ar1,0.25,14,427,1344,0,0,0.0031748283358438156,27.25,0.006281308349630033,
8,ar1,0.25,14,428,1344,0,0,0.21553205385193985,31.75,0.5256426538756218,
8,ar1,0.25,14,429,1344,0,0,0.0010121332707616615,31,0.23233761922845697,
8,ar1,0.25,14,430,1344,0,0,0.15494901195082778,31.25,0.8234902775627853,
8,ar1,0.25,14,431,1344,0,0,0.00656509456890364,29.5,0.31463093162260947,
8,ar1,0.25,14,432,1344,0,1,0.012761392386189452,31.5,0.6382764592761883,
8,ar1,0.25,14,433,1344,0,0,0.12312105363399783,31.75,0.36800297112419544,
8,ar1,0.25,14,434,1344,1,1,0.0003422299060817924,29.5,0.7628975974118528,
8,ar1,0.25,14,435,1344,0,1,0.056511854556710484,31.25,0.8321561548601197,
8,ar1,0.25,14,436,1344,0,0,0.09257684274500944,31.25,0.3296721662675691,
8,ar1,0.25,14,437,1344,0,1,0.021406247932500233,30,0.8919949517218144,
8,ar1,0.25,14,438,1344,0,0,0.048523856012592126,30.25,0.000007918011568075478,
8,ar1,0.25,14,439,1344,0,0,0.0010771902132946654,31.5,0.06701560401936157,
8,ar1,0.25,14,440,1344,0,1,0.017005089674165363,28.5,0.5866934133452916,
8,ar1,0.25,14,441,1344,0,0,0.1279435055908016,32,0.1552079449707099,
8,ar1,0.25,14,442,1344,0,0,0.006930565525623211,27.25,0.4847043883596551,
8,ar1,0.25,14,443,1344,0,0,0.004047456178564834,28.5,0.0008221534197224711,
8,ar1,0.25,14,444,1344,0,0,0.0031786681863320565,30,0.12986978897770773,
8,ar1,0.25,14,445,1344,0,0,0.012450164927861218,31,0.09766647531711015,
8,ar1,0.25,14,446,1344,0,1,0.0013580927402350174,26.5,0.017671884732672005,
8,ar1,0.25,14,447,1344,0,0,0.0009108673649956822,30.75,0.9782057133896904,
8,ar1,0.25,14,448,1344,0,0,0.017447697949592222,31.75,0.0009711108364188759,
8,ar1,0.25,14,449,1344,0,0,0.06431982073167275,32,0.07569617387110616,
8,ar1,0.25,14,450,1344,0,0,0.005715227362783848,30.25,0.000011688069069037965,
8,ar1,0.25,14,451,1344,0,0,0.052684142352858565,30.25,1.37844545444743e-7,
8,ar1,0.25,14,452,1344,0,0,0.028809393251148396,29.75,0.2652207490402336,
8,ar1,0.25,14,453,1344,0,0,0.0016006903043929155,29,0.28381870286378486,
8,ar1,0.25,14,454,1344,0,1,0.0048685485741776224,31.75,0.13308334196865146,
8,ar1,0.25,14,455,1344,0,0,0.0043890281142557885,30.75,0.2632532092943525,
8,ar1,0.25,14,456,1344,0,0,0.0013850712049540137,30.75,0.29893682563278645,
8,ar1,0.25,14,457,1344,0,0,0.028094670700842816,31,0.17952318595978456,
8,ar1,0.25,14,458,1344,0,0,0.02144989073921677,32,0.00733807754129967,
8,ar1,0.25,14,459,1344,0,0,0.00967424381767601,31.25,0.00410916614150969,
8,ar1,0.25,14,460,1344,0,0,0.08507261613884365,31.75,0.08576347961979192,
8,ar1,0.25,14,461,1344,1,1,0.00014723611348999022,30,0.21191770273138222,
8,ar1,0.25,14,462,1344,0,0,0.01889604938657541,30.25,0.00015060821958012838,
8,ar1,0.25,14,463,1344,0,0,0.0014758937278644968,29.5,0.000007223029052649821,
8,ar1,0.25,14,464,1344,0,0,0.02091641964903057,29.75,0.9799128931454022,
8,ar1,0.25,14,465,1344,0,0,0.05010357355057837,30,0.0005398752541306839,
8,ar1,0.25,14,466,1344,0,1,0.12171551451661267,31.75,0.5907777929524829,
8,ar1,0.25,14,467,1344,0,0,0.19834545503394496,31.25,0.2082131184551248,
8,ar1,0.25,14,468,1344,0,0,0.0030546125533886803,26.5,0.657313288730167,
8,ar1,0.25,14,469,1344,0,1,0.01638979092299886,31.75,0.06730415671575074,
8,ar1,0.25,14,470,1344,0,0,0.11289933309493272,32,0.8164932372952498,
8,ar1,0.25,14,471,1344,0,0,0.00984683507832751,30.75,0.28149203386264776,
8,ar1,0.25,14,472,1344,0,0,0.04430184439400964,32,0.39227973353712475,
8,ar1,0.25,14,473,1344,1,1,0.0006642245955004178,28.75,0.027740422900108697,
8,ar1,0.25,14,474,1344,0,0,0.007256149381054344,30.25,0.0013819843828382083,
8,ar1,0.25,14,475,1344,0,0,0.0016576681365430002,28.5,0.19260529826573358,
8,ar1,0.25,14,476,1344,0,0,0.05767010790810534,32,0.5650003381040365,
8,ar1,0.25,14,477,1344,0,0,0.08239687975379995,31.75,0.8898709633451616,
8,ar1,0.25,14,478,1344,1,1,0.000012995304409124664,25.25,0.07343964805207825,
8,ar1,0.25,14,479,1344,0,0,0.045800273649488465,29,0.4248257331962073,
8,ar1,0.25,14,480,1344,1,1,0.0005122461061226602,29,0.253352095106407,
8,ar1,0.25,14,481,1344,0,0,0.0013687859621419607,27.75,0.26721793585810394,
8,ar1,0.25,14,482,1344,0,0,0.162043132409602,31.75,0.008475600342357725,
8,ar1,0.25,14,483,1344,0,0,0.011012713684347197,31.5,0.37995204644289104,
8,ar1,0.25,14,484,1344,0,0,0.02750109140521928,26.75,0.035850445888106264,
8,ar1,0.25,14,485,1344,0,0,0.007975988143929635,29.5,0.11050211011283195,
8,ar1,0.25,14,486,1344,0,0,0.046132039945813386,32,0.09050821566394707,
8,ar1,0.25,14,487,1344,1,1,0.000007880702397877748,30.25,0.7029847420409537,
8,ar1,0.25,14,488,1344,0,0,0.0038407126474613307,27.25,0.8102344735367268,
8,ar1,0.25,14,489,1344,0,0,0.0010951525383414706,30.75,0.03260671607581944,
8,ar1,0.25,14,490,1344,0,0,0.030601868228433138,29,0.2095104668514789,
8,ar1,0.25,14,491,1344,0,0,0.0028219950065069277,31.75,0.605225942967986,
8,ar1,0.25,14,492,1344,0,0,0.015510339253385519,30.25,0.10273314654972654,
8,ar1,0.25,14,493,1344,0,0,0.001567031710904887,29.75,0.8134158785187456,
8,ar1,0.25,14,494,1344,0,0,0.0028544584163999742,30.25,0.3596398879559224,
8,ar1,0.25,14,495,1344,0,0,0.07266771988224141,31.25,0.29479635771624324,
8,ar1,0.25,14,496,1344,0,1,0.0011758179619132392,30.75,0.04855948833109913,
8,ar1,0.25,14,497,1344,0,0,0.0029983624989988744,30.5,0.02810572251139054,
8,ar1,0.25,14,498,1344,0,0,0.2511985163687944,31.5,0.3782355526362954,
8,ar1,0.25,14,499,1344,0,0,0.004890365405147867,31.5,0.09058457175516521,
8,ar1,0.25,14,500,1344,1,1,0.0007507690619147356,28.25,0.2762328311879294,
8,ar1,0.25,14,501,1344,0,0,0.06718364096945717,31.75,0.16937645852256045,
8,ar1,0.25,14,502,1344,0,0,0.0012857905699207306,31.25,0.3327761416168583,
8,ar1,0.25,14,503,1344,0,0,0.08154614712986041,31.25,0.007907684961329431,
8,ar1,0.25,14,504,1344,1,1,0.00010320616566728003,32,0.12710972149040067,
8,ar1,0.25,14,505,1344,0,0,0.020087072233559877,29.75,0.17053111066085602,
8,ar1,0.25,14,506,1344,0,0,0.02223431852824931,31.5,0.3025451332997131,
8,ar1,0.25,14,507,1344,0,0,0.011747530642833737,31.75,0.9103443679434993,
8,ar1,0.25,14,508,1344,0,0,0.04924936053513784,30.25,0.07614064218462402,
8,ar1,0.25,14,509,1344,0,0,0.056861916399485235,29.25,0.0188739328664157,
8,ar1,0.25,14,510,1344,0,0,0.02095323969372287,30.5,0.000259321780178845,
8,ar1,0.25,14,511,1344,0,0,0.02446492704600134,30,0.15764794440274188,
8,ar1,0.25,14,512,1344,0,0,0.03827730166490495,31.5,0.5171632212134538,
8,ar1,0.25,14,513,1344,0,0,0.022490733895985437,29.75,0.07782173432711181,
8,ar1,0.25,14,514,1344,1,1,0.000001084763167957803,29.75,0.053148750570101044,
8,ar1,0.25,14,515,1344,0,0,0.0011019254411330781,28.75,0.4680294535262177,
8,ar1,0.25,14,516,1344,0,0,0.0013200138426920915,31.25,0.007356006272458249,
8,ar1,0.25,14,517,1344,0,0,0.030419681493553452,28.25,0.6248245819979481,
8,ar1,0.25,14,518,1344,0,0,0.05138803312073803,31.75,0.21389727177250328,
8,ar1,0.25,14,519,1344,0,0,0.029422954579812366,29.75,0.09571655107081922,
8,ar1,0.25,14,520,1344,0,0,0.03800581866053343,31,0.28906789319036075,
8,ar1,0.25,14,521,1344,0,0,0.010027443173416195,30.75,0.4534206889636134,
8,ar1,0.25,14,522,1344,0,0,0.0013166619863634876,26.75,0.2579990574750055,
8,ar1,0.25,14,523,1344,0,0,0.10227337423848948,30.25,0.0017257546709904537,
8,ar1,0.25,14,524,1344,0,0,0.04108645637296282,30.75,0.04624921720061792,
8,ar1,0.25,14,525,1344,0,0,0.22450793396940738,32,0.09724267932819008,
8,ar1,0.25,14,526,1344,0,0,0.019341986172273562,29.25,0.4861380769331518,
8,ar1,0.25,14,527,1344,0,0,0.010866217039146697,28,0.5162433887581896,
8,ar1,0.25,14,528,1344,0,0,0.03416546672144549,27.25,0.21175250872419926,
8,ar1,0.25,14,529,1344,0,0,0.178247173836787,31.75,0.7159262495646461,
8,ar1,0.25,14,530,1344,0,0,0.22703502838703338,29,0.0028038000042640565,
8,ar1,0.25,14,531,1344,0,0,0.001252668031549553,24.75,0.0020306719567547704,
8,ar1,0.25,14,532,1344,0,1,0.0022819297452838505,29.25,0.04181232564788595,
8,ar1,0.25,14,533,1344,0,0,0.014149386257914398,27,0.0022065736680582093,
8,ar1,0.25,14,534,1344,1,1,0.00008985282402573791,26.25,0.0038109293713127768,
8,ar1,0.25,14,535,1344,0,0,0.04476446379800847,32,0.13669580580315954,
8,ar1,0.25,14,536,1344,0,0,0.0548866078403234,30.5,0.0021703907965249236,
8,ar1,0.25,14,537,1344,0,0,0.05634717365133146,29.25,0.14519965113563882,
8,ar1,0.25,14,538,1344,0,0,0.10042911475439653,29.75,0.0009389957422735185,
8,ar1,0.25,14,539,1344,0,0,0.018096367113076606,28.75,0.6720814070662922,
8,ar1,0.25,14,540,1344,0,0,0.050004164480291546,31.5,0.04721238476084544,
8,ar1,0.25,14,541,1344,0,0,0.001037269692805487,31.25,0.005665224740117658,
8,ar1,0.25,14,542,1344,0,0,0.019767779659844775,31.75,0.5187613605053637,
8,ar1,0.25,14,543,1344,0,1,0.007822026053583508,27.75,0.10643542436088671,
8,ar1,0.25,14,544,1344,1,1,0.000753448306298532,29.5,0.20057732363566483,
8,ar1,0.25,14,545,1344,1,1,0.000019248755570577814,26.75,0.6092028398366933,
8,ar1,0.25,14,546,1344,0,0,0.08434921084827529,32,0.10931376512186897,
8,ar1,0.25,14,547,1344,0,0,0.03787273171781136,30.25,0.09375981218313767,
8,ar1,0.25,14,548,1344,0,0,0.0014607308261205265,31.25,0.005551348082822538,
8,ar1,0.25,14,549,1344,0,0,0.001880156839640712,30.5,0.24371318683828547,
8,ar1,0.25,14,550,1344,1,1,0.0000070364613976581225,28.75,0.33917052864017805,
8,ar1,0.25,14,551,1344,0,0,0.004247269015930644,29,0.06552382597339701,
8,ar1,0.25,14,552,1344,0,0,0.0803306218214005,29.75,0.5464917357076936,
8,ar1,0.25,14,553,1344,0,0,0.06912087793153687,31.5,0.02890839835553405,
8,ar1,0.25,14,554,1344,0,0,0.05443138910954959,30,0.1767289456522616,
8,ar1,0.25,14,555,1344,0,0,0.002451092850264347,31.5,0.04440557272329548,
8,ar1,0.25,14,556,1344,0,0,0.004390289364439526,32,0.33222827692971035,
8,ar1,0.25,14,557,1344,0,0,0.0026923094833176675,26.5,0.06392973776533206,
8,ar1,0.25,14,558,1344,1,1,0.0005881871555407647,31.5,0.5097102115421771,
8,ar1,0.25,14,559,1344,0,0,0.006080347230779659,29.75,0.8996481886945539,
8,ar1,0.25,14,560,1344,0,0,0.06807114090663913,31.75,0.03903689536870292,
8,ar1,0.25,14,561,1344,0,0,0.011443145570754765,31.5,0.1816390249573232,
8,ar1,0.25,14,562,1344,0,0,0.0325360166731965,30,0.9716890909581273,
8,ar1,0.25,14,563,1344,0,0,0.10888475143996712,32,0.002061668444712783,
8,ar1,0.25,14,564,1344,0,0,0.026291758327678938,31.75,0.002764465920397585,
8,ar1,0.25,14,565,1344,0,0,0.11624201509282783,31,0.004736803702114156,
8,ar1,0.25,14,566,1344,0,0,0.0759374786138659,30.75,0.09439911730747541,
8,ar1,0.25,14,567,1344,0,0,0.018813887627822545,30,0.7563059090751361,
8,ar1,0.25,14,568,1344,0,0,0.01868525218438377,28.75,0.003737892436945889,
8,ar1,0.25,14,569,1344,0,0,0.030996340840312553,29.75,0.5277430108896536,
8,ar1,0.25,14,570,1344,0,0,0.24723359808571077,31,0.004221978169343554,
8,ar1,0.25,14,571,1344,0,0,0.008493145726859774,29,0.006410961418431449,
8,ar1,0.25,14,572,1344,0,0,0.01373417208615535,27.25,0.09724746779872684,
8,ar1,0.25,14,573,1344,0,1,0.048852736247773754,32,0.010052178733572892,
8,ar1,0.25,14,574,1344,0,0,0.05776480521894389,32,0.41250438972644143,
8,ar1,0.25,14,575,1344,0,0,0.007730091950092333,30.75,0.015945544802744793,
8,ar1,0.25,14,576,1344,0,0,0.007025336650228753,29.5,0.46290553182964134,
8,ar1,0.25,14,577,1344,0,0,0.01252879883530511,29,0.46410162518100795,
8,ar1,0.25,14,578,1344,0,0,0.15966697889343973,31.25,0.10779870658973012,
8,ar1,0.25,14,579,1344,0,0,0.05935016959416817,30.75,0.00021018843658648922,
8,ar1,0.25,14,580,1344,0,0,0.011300536327664923,29.5,0.0038591914714517506,
8,ar1,0.25,14,581,1344,1,1,0.00013040194757985013,28.5,0.7723022167018978,
8,ar1,0.25,14,582,1344,0,0,0.008754679782251862,32,0.752391247332858,
8,ar1,0.25,14,583,1344,0,1,0.017499375174053755,32,0.00012579289875291888,
8,ar1,0.25,14,584,1344,1,1,0.00006649033206718169,27.25,0.06140620614012382,
8,ar1,0.25,14,585,1344,0,0,0.002734209365071072,29.25,0.17180008118778,
8,ar1,0.25,14,586,1344,0,0,0.004785158437481285,29.75,0.1913826476259577,
8,ar1,0.25,14,587,1344,0,0,0.05791070922387431,31.5,0.05758256873425316,
8,ar1,0.25,14,588,1344,0,0,0.03624013035534457,32,0.05198961302741323,
8,ar1,0.25,14,589,1344,1,1,0.000179664849690786,23,0.14970362626519274,
8,ar1,0.25,14,590,1344,0,0,0.014667064033737631,27,9.198749125749472e-7,
8,ar1,0.25,14,591,1344,1,1,0.00036797951715883404,30.75,0.00010114639615255161,
8,ar1,0.25,14,592,1344,0,0,0.03242490169702472,31.25,0.47481342653778313,
8,ar1,0.25,14,593,1344,1,1,0.00037567268597071823,26.5,0.00002478644609293923,
8,ar1,0.25,14,594,1344,0,0,0.0019013580533087104,31.25,0.629826113862654,
8,ar1,0.25,14,595,1344,1,1,0.0004201508876012783,27.25,0.03414829106576245,
8,ar1,0.25,14,596,1344,1,1,0.0003628776075663698,27.75,0.1563826732469381,
8,ar1,0.25,14,597,1344,0,0,0.006258510035775822,30.75,0.0028050489329453088,
8,ar1,0.25,14,598,1344,0,0,0.11852666648704357,31.75,0.02602839794482048,
8,ar1,0.25,14,599,1344,1,1,0.0005522608760162306,28,0.39049993458901033,
8,ar1,0.25,14,600,1344,1,1,0.0004726213822414671,26.5,0.0011577356917632509,
8,ar1,0.25,14,601,1344,0,0,0.012523469389233544,28.5,0.6749607217445484,
8,ar1,0.25,14,602,1344,0,0,0.059414208919173594,31.5,0.6715661667838462,
8,ar1,0.25,14,603,1344,0,1,0.0035203067955958955,30,0.19016104499541786,
8,ar1,0.25,14,604,1344,1,1,0.00027874545365080827,29.5,0.32099757095445547,
8,ar1,0.25,14,605,1344,0,0,0.00691182919827904,25,0.13274009882583315,
8,ar1,0.25,14,606,1344,0,0,0.12432366222616453,29.5,0.14815400609149665,
8,ar1,0.25,14,607,1344,0,0,0.015608706997501942,30.25,0.15663629267604318,
8,ar1,0.25,14,608,1344,0,0,0.07301803552093933,31,0.608264130378702,
8,ar1,0.25,14,609,1344,0,0,0.2545384503861229,30.25,0.2015494244177185,
8,ar1,0.25,14,610,1344,0,0,0.0349623389514131,29,0.28629163592061635,
8,ar1,0.25,14,611,1344,0,1,0.034497449411023284,31.75,0.9126846841178956,
8,ar1,0.25,14,612,1344,1,1,0.0007399307813833467,30.75,0.006052204010216777,
8,ar1,0.25,14,613,1344,0,1,0.08863670859238337,30.75,0.039955827498713625,
8,ar1,0.25,14,614,1344,0,0,0.06094622634676328,32,0.6419148849441088,
8,ar1,0.25,14,615,1344,0,0,0.08132511674691034,29,0.005529397515961043,
8,ar1,0.25,14,616,1344,1,1,0.00003088158497077664,29.75,0.976351517665482,
8,ar1,0.25,14,617,1344,1,1,0.0001950356378563889,23.25,0.40753947143384317,
8,ar1,0.25,14,618,1344,1,1,0.00047922062288385803,30.5,0.15732693203190673,
8,ar1,0.25,14,619,1344,0,0,0.009758897036155068,31.75,0.5071360259079238,
8,ar1,0.25,14,620,1344,0,0,0.0029286251562863352,28.5,0.5485135751210575,
8,ar1,0.25,14,621,1344,0,0,0.002183951990169075,26,0.4085749298478065,
8,ar1,0.25,14,622,1344,0,0,0.12470920510320826,30.75,0.43721018886388163,
8,ar1,0.25,14,623,1344,0,1,0.03312082210370382,30.75,0.0006052145205109882,
8,ar1,0.25,14,624,1344,0,0,0.09601588490320223,30,0.6359330446282168,
8,ar1,0.25,14,625,1344,0,0,0.16805766450394632,30.25,0.3452717119888563,
8,ar1,0.25,14,626,1344,0,0,0.06488315252920596,31.25,0.04208292976303041,
8,ar1,0.25,14,627,1344,0,0,0.03089875877491921,28.5,0.5503782081924524,
8,ar1,0.25,14,628,1344,0,0,0.01105570107628795,31.5,0.42478557782006954,
8,ar1,0.25,14,629,1344,0,0,0.03219424448534869,29.25,0.08651618633806213,
8,ar1,0.25,14,630,1344,0,0,0.001330799428818863,30,0.0004569826214716466,
8,ar1,0.25,14,631,1344,0,0,0.0014702863008265732,30.75,0.0004770076390038236,
8,ar1,0.25,14,632,1344,0,0,0.0010693384736988332,25.75,0.23359397541283466,
8,ar1,0.25,14,633,1344,0,0,0.0029985151714864156,26.75,0.692327602485568,
8,ar1,0.25,14,634,1344,0,0,0.010248284192363899,29.25,0.23840368091984732,
8,ar1,0.25,14,635,1344,0,0,0.00186333324598853,26.75,0.09627492926407233,
8,ar1,0.25,14,636,1344,0,0,0.027654353637628803,30.75,0.8118884677844325,
8,ar1,0.25,14,637,1344,0,0,0.0015348631888393305,26.5,0.10231555671117598,
8,ar1,0.25,14,638,1344,1,1,0.0002894653724004881,25.75,0.03607218767868292,
8,ar1,0.25,14,639,1344,0,0,0.14369049593957417,29.75,0.03806692695804481,
8,ar1,0.25,14,640,1344,0,0,0.02466804768815023,29,0.14007308545483377,
8,ar1,0.25,14,641,1344,0,0,0.003262251896678503,31.25,0.00008976903894697408,
8,ar1,0.25,14,642,1344,0,0,0.03045504423368084,28.75,0.05882357337070432,
8,ar1,0.25,14,643,1344,0,0,0.08016279620733613,32,0.47831669624791184,
8,ar1,0.25,14,644,1344,0,0,0.15329350596367686,31.5,0.5809065302145828,
8,ar1,0.25,14,645,1344,0,0,0.03205997245163439,28,0.9733252649139172,
8,ar1,0.25,14,646,1344,0,0,0.008282298456268489,31,0.038509616241862554,
8,ar1,0.25,14,647,1344,0,0,0.06801383923679438,31.25,0.5598060154632074,
8,ar1,0.25,14,648,1344,0,0,0.12528987274958703,29.75,0.06893185488435238,
8,ar1,0.25,14,649,1344,0,0,0.08462062852010155,30.25,0.3537974127363188,
8,ar1,0.25,14,650,1344,0,0,0.013186079358969427,30.75,0.005823620519828543,
8,ar1,0.25,14,651,1344,0,0,0.007500091819008681,29.75,0.15386824356498108,
8,ar1,0.25,14,652,1344,1,1,0.00002882072195276031,24.5,4.6473557668846865e-8,
8,ar1,0.25,14,653,1344,0,0,0.008822752224242336,31.5,0.4692528872349866,
8,ar1,0.25,14,654,1344,1,1,0.0006093401918336738,30,0.27684322276793183,
8,ar1,0.25,14,655,1344,0,0,0.014230168810762778,32,0.018677225734289093,
8,ar1,0.25,14,656,1344,0,0,0.02016824137382156,31.25,0.9165799934417962,
8,ar1,0.25,14,657,1344,0,0,0.020555061118805118,29,0.695547734383787,
8,ar1,0.25,14,658,1344,0,0,0.023773161005603116,30.75,0.586323253143627,
8,ar1,0.25,14,659,1344,0,0,0.18679057885333306,31.75,0.023622334585176485,
8,ar1,0.25,14,660,1344,0,0,0.15039241615939203,30.75,0.000338503494808462,
8,ar1,0.25,14,661,1344,0,1,0.017626144442137393,30.75,0.3684328119190712,
8,ar1,0.25,14,662,1344,0,0,0.008670698132270616,27,0.01723293266036341,
8,ar1,0.25,14,663,1344,0,0,0.10879649697526228,30,0.00021778724851395648,
8,ar1,0.25,14,664,1344,0,0,0.11476809678868272,30.75,0.04766008041298675,
8,ar1,0.25,14,665,1344,0,0,0.0014234415319867022,31,0.13613317744710063,
8,ar1,0.25,14,666,1344,0,0,0.04345764442107458,31.25,0.10896755695404181,
8,ar1,0.25,14,667,1344,0,0,0.004547396033387052,28.25,0.4478851103587286,
8,ar1,0.25,14,668,1344,0,0,0.010781275040731897,28.75,0.3824561223607885,
8,ar1,0.25,14,669,1344,0,0,0.022149350404181756,30,0.39399316214543756,
8,ar1,0.25,14,670,1344,0,0,0.007380830586043219,25.75,0.9136607907539909,
8,ar1,0.25,14,671,1344,0,0,0.08380221147746625,32,0.02157410887840927,
8,ar1,0.25,14,672,1344,0,0,0.10684800249756743,31.75,0.008700896563632043,
8,ar1,0.25,14,673,1344,0,0,0.03495286774949791,31.75,0.09319250026125059,
8,ar1,0.25,14,674,1344,0,0,0.0027290934244987852,26.25,0.0886696354408889,
8,ar1,0.25,14,675,1344,0,0,0.15852814266359716,30.5,0.23999341801365914,
8,ar1,0.25,14,676,1344,0,0,0.032903058115009154,29.25,0.33659896744041606,
8,ar1,0.25,14,677,1344,0,0,0.14622023605549872,31.5,0.006356869739141624,
8,ar1,0.25,14,678,1344,0,0,0.09836706650193727,29.25,0.0016759157818967418,
8,ar1,0.25,14,679,1344,0,0,0.024037381978699535,30.25,0.04171683563152284,
8,ar1,0.25,14,680,1344,0,0,0.02992979155231823,28.75,0.47308745289263165,
8,ar1,0.25,14,681,1344,0,0,0.011521368517346975,29.5,0.049438351480912246,
8,ar1,0.25,14,682,1344,0,0,0.012200070565202115,26.75,0.30762699403812965,
8,ar1,0.25,14,683,1344,0,0,0.06879148907639654,29,0.0020489154732723502,
8,ar1,0.25,14,684,1344,0,0,0.032402182043545724,29,0.004614510027106777,
8,ar1,0.25,14,685,1344,0,0,0.005949778181182808,29.75,0.009711248212384893,
8,ar1,0.25,14,686,1344,0,1,0.014630150703359934,29.75,0.447033785654952,
8,ar1,0.25,14,687,1344,0,0,0.008038876117091753,30.5,0.01969405282298431,
8,ar1,0.25,14,688,1344,0,0,0.051594675925855316,30.75,0.3961659220907717,
8,ar1,0.25,14,689,1344,1,1,0.0008516548361460208,25.5,0.03645738951876243,
8,ar1,0.25,14,690,1344,1,1,0.00025858290092251046,25.5,0.06629687717482824,
8,ar1,0.25,14,691,1344,0,0,0.0022460041046094004,27.5,0.43215934656195054,
8,ar1,0.25,14,692,1344,0,0,0.12999810994202932,31.25,0.010114041056650591,
8,ar1,0.25,14,693,1344,0,0,0.00937482549638724,31.25,0.024851971261499628,
8,ar1,0.25,14,694,1344,0,0,0.042995497911613834,31.5,0.007813707561285077,
8,ar1,0.25,14,695,1344,0,0,0.001687504745704893,31,0.29406884171921055,
8,ar1,0.25,14,696,1344,0,0,0.004550991471441224,31,0.15199963188419385,
8,ar1,0.25,14,697,1344,0,0,0.0338881044403454,32,0.04446103867723383,
8,ar1,0.25,14,698,1344,1,1,0.0003693912448412551,30,0.37042038699146473,
8,ar1,0.25,14,699,1344,0,0,0.017929475362465808,31,0.38571305150310464,
8,ar1,0.25,14,700,1344,0,0,0.01101754253127174,28.25,0.09477792939471708,
8,ar1,0.25,14,701,1344,0,0,0.029420144402547366,31.25,0.1328160964913392,
8,ar1,0.25,14,702,1344,0,0,0.07559605081213816,32,0.0004904761979342975,
8,ar1,0.25,14,703,1344,0,0,0.010998089478343798,30.25,0.019616843444225762,
8,ar1,0.25,14,704,1344,0,0,0.015459222524550786,32,0.16012686196367398,
8,ar1,0.25,14,705,1344,0,0,0.011269226884019101,28.25,0.0006897281269709898,
8,ar1,0.25,14,706,1344,0,0,0.073924134640724,29.5,0.5216905215863847,
8,ar1,0.25,14,707,1344,0,0,0.021917262657592973,29.25,0.0004994665905133644,
8,ar1,0.25,14,708,1344,1,1,0.0006014362970818699,29.25,0.20681981580786224,
8,ar1,0.25,14,709,1344,0,0,0.008755531067273226,30,0.1313827948588342,
8,ar1,0.25,14,710,1344,1,1,0.0000040874943870727876,30.75,0.0641808353424187,
8,ar1,0.25,14,711,1344,0,0,0.08527517223589709,31.75,0.3175329784733656,
8,ar1,0.25,14,712,1344,0,0,0.3814596486203632,32,0.04350534369742021,
8,ar1,0.25,14,713,1344,1,1,0.000009847144316621481,21.5,0.2579018967896016,
8,ar1,0.25,14,714,1344,0,0,0.08612218265231031,30,0.19583089714412827,
8,ar1,0.25,14,715,1344,0,1,0.04150610741799876,31.75,0.007717249833870343,
8,ar1,0.25,14,716,1344,0,0,0.1611711682613608,31.5,0.03164994243328545,
8,ar1,0.25,14,717,1344,0,0,0.058467579548076354,28.75,0.011960144892208646,
8,ar1,0.25,14,718,1344,0,0,0.05558151556749724,27.75,0.919404826216105,
8,ar1,0.25,14,719,1344,0,0,0.005561625117627367,28.5,0.4638847595962381,
8,ar1,0.25,14,720,1344,0,0,0.0034004126515015942,30,0.029706238221728465,
8,ar1,0.25,14,721,1344,0,0,0.0176922092718248,30.25,0.09569386806847568,
8,ar1,0.25,14,722,1344,0,0,0.08729061939267879,29.5,0.28183007309211305,
8,ar1,0.25,14,723,1344,0,0,0.0016633367113515485,23,0.006885578911847712,
8,ar1,0.25,14,724,1344,0,0,0.025948045246617202,27.75,0.42282408343717115,
8,ar1,0.25,14,725,1344,0,0,0.04621540678987612,28.5,0.19049797140543845,
8,ar1,0.25,14,726,1344,0,0,0.27545759186237173,31,0.0008471917524439654,
8,ar1,0.25,14,727,1344,0,0,0.058053118183454155,30.25,0.012234900993492559,
8,ar1,0.25,14,728,1344,1,1,0.00017236904624406968,29,0.4906271171026598,
8,ar1,0.25,14,729,1344,0,0,0.0040972707069836245,30.75,1.7973703292373244e-7,
8,ar1,0.25,14,730,1344,0,1,0.014894814731911343,31.25,0.1556638905522585,
8,ar1,0.25,14,731,1344,1,1,0.00033846106027657363,32,0.1290744857019014,
8,ar1,0.25,14,732,1344,0,0,0.001383481397613573,30.25,0.9460964279541503,
8,ar1,0.25,14,733,1344,0,0,0.018708536240984452,31.25,0.6923288849946558,
8,ar1,0.25,14,734,1344,1,1,0.00014266812086860536,27.5,0.8543384100749845,
8,ar1,0.25,14,735,1344,0,0,0.060699696566152594,29.5,0.004764816846766884,
8,ar1,0.25,14,736,1344,0,0,0.014922242391578133,32,0.9097313915851357,
8,ar1,0.25,14,737,1344,0,0,0.0012496108059749655,28.5,0.29273546286301233,
8,ar1,0.25,14,738,1344,0,1,0.008631510197908865,30.75,0.000009479457055094898,
8,ar1,0.25,14,739,1344,0,0,0.009385417342652635,30.5,0.3414940180746332,
8,ar1,0.25,14,740,1344,0,0,0.008820448535729275,29,0.010294434315328171,
8,ar1,0.25,14,741,1344,0,0,0.017454357420097266,31.5,0.22013595451977863,
8,ar1,0.25,14,742,1344,0,0,0.08554222640788978,32,0.10403380623864988,
8,ar1,0.25,14,743,1344,1,1,0.0007236633249743107,31.75,0.9288749918550488,
8,ar1,0.25,14,744,1344,0,0,0.0049167612233902425,31.25,0.1743292852669529,
8,ar1,0.25,14,745,1344,0,0,0.003936379997965256,29,0.1842263002734239,
8,ar1,0.25,14,746,1344,0,1,0.019815981999593335,30.75,0.8743708247887843,
8,ar1,0.25,14,747,1344,0,0,0.02196310673679569,29.75,0.1312590005387373,
8,ar1,0.25,14,748,1344,0,0,0.010517391269457832,31.75,0.28389969453612063,
8,ar1,0.25,14,749,1344,0,0,0.03065978850053308,26.25,0.5085441573348151,
8,ar1,0.25,14,750,1344,0,0,0.010372381120707486,26.75,0.11104978061366699,
8,ar1,0.25,14,751,1344,1,1,0.0007145982715567323,24.5,0.0000330880088771357,
8,ar1,0.25,14,752,1344,0,1,0.011146051413937208,29,0.5433734194765074,
8,ar1,0.25,14,753,1344,1,1,0.00015159831210742603,27,0.009576989734546903,
8,ar1,0.25,14,754,1344,0,0,0.021086282164857417,31.75,0.7955636667527792,
8,ar1,0.25,14,755,1344,0,0,0.028128430401920368,29.25,0.758855330179252,
8,ar1,0.25,14,756,1344,0,0,0.033284964159221,32,0.007061082433964749,
8,ar1,0.25,14,757,1344,0,0,0.03315397267733955,32,0.31480057264870465,
8,ar1,0.25,14,758,1344,0,1,0.005540585668460496,29.25,0.0023407700840426537,
8,ar1,0.25,14,759,1344,0,0,0.00844323529302582,28.75,0.014504337125278655,
8,ar1,0.25,14,760,1344,0,0,0.005980745465541171,31.5,0.002527741581497711,
8,ar1,0.25,14,761,1344,0,0,0.01128142533548604,31.5,0.8386226183578626,
8,ar1,0.25,14,762,1344,0,0,0.028527957215495392,29.5,0.010601915877636148,
8,ar1,0.25,14,763,1344,0,0,0.04111174326015343,26.5,0.07373757752961685,
8,ar1,0.25,14,764,1344,0,0,0.018483170870530974,27.75,0.698106824334866,
8,ar1,0.25,14,765,1344,0,0,0.03739413951266546,30.25,0.00737497204319737,
8,ar1,0.25,14,766,1344,0,0,0.05864997172035591,31.5,0.15340255271880876,
8,ar1,0.25,14,767,1344,0,0,0.18535298280099644,31.25,0.4227726577126738,
8,ar1,0.25,14,768,1344,0,0,0.003355044516914596,29,0.0007746447407867008,
8,ar1,0.25,14,769,1344,0,0,0.00147177154801581,31.75,0.00047075372899452184,
8,ar1,0.25,14,770,1344,0,0,0.055409151319000816,30.25,0.09367958512132357,
8,ar1,0.25,14,771,1344,0,0,0.06010327537285809,29.5,0.019482476626962564,
8,ar1,0.25,14,772,1344,0,0,0.013400858826633444,29,0.28831406956400063,
8,ar1,0.25,14,773,1344,0,0,0.0022030461205292395,28.25,0.00013888129926087345,
8,ar1,0.25,14,774,1344,1,1,0.0007586285523607517,31.75,0.0007486783969826716,
8,ar1,0.25,14,775,1344,1,1,0.00009100560940866753,29.5,0.1059262297794289,
8,ar1,0.25,14,776,1344,0,1,0.09061112649896463,29.75,0.5625660800818428,
8,ar1,0.25,14,777,1344,1,1,0.0006507756328560932,31.25,0.8762478386243221,
8,ar1,0.25,14,778,1344,0,0,0.0074601280142951865,28,0.39050600117470213,
8,ar1,0.25,14,779,1344,0,0,0.01565314436694365,29,0.7063072925449448,
8,ar1,0.25,14,780,1344,0,0,0.014283978034890676,31.5,0.0023662970680751183,
8,ar1,0.25,14,781,1344,0,0,0.010793265965665322,27.5,0.4983174019145118,
8,ar1,0.25,14,782,1344,0,1,0.00863189961592481,31,0.12579053770187776,
8,ar1,0.25,14,783,1344,0,0,0.008294199178385808,30.75,0.00007581798686329133,
8,ar1,0.25,14,784,1344,0,0,0.02240322596073896,31,0.14788184526103054,
8,ar1,0.25,14,785,1344,0,0,0.11194110586839057,31.75,0.17567666156502937,
8,ar1,0.25,14,786,1344,0,0,0.01964205416011744,31.75,0.6023542416130322,
8,ar1,0.25,14,787,1344,0,0,0.002918664431363349,30.75,0.0067344391662576,
8,ar1,0.25,14,788,1344,0,0,0.22192490768776518,31.75,0.31781264447721225,
8,ar1,0.25,14,789,1344,0,0,0.18183058877045877,32,0.03114449643593009,
8,ar1,0.25,14,790,1344,0,0,0.012260316870377763,30.25,0.6610509584092599,
8,ar1,0.25,14,791,1344,0,1,0.04129247359673793,32,0.21973086687934273,
8,ar1,0.25,14,792,1344,0,0,0.004404881949753081,29.5,0.16650056411608127,
8,ar1,0.25,14,793,1344,1,1,0.000716715255415501,26.5,0.007683355680847326,
8,ar1,0.25,14,794,1344,0,0,0.012008857620825597,32,0.28939850190955674,
8,ar1,0.25,14,795,1344,0,1,0.014983209410273646,28.75,0.23306725878374035,
8,ar1,0.25,14,796,1344,0,0,0.04983979181883036,31,0.049778414195541965,
8,ar1,0.25,14,797,1344,0,0,0.02554199430840587,30.5,0.16805687698091165,
8,ar1,0.25,14,798,1344,1,1,0.000050019924141331273,24.5,0.006948177809272038,
8,ar1,0.25,14,799,1344,0,0,0.06670667466664038,32,0.5825789975809372,
8,ar1,0.25,14,800,1344,0,0,0.07555178759722936,31.5,0.9752984759441375,
8,ar1,0.25,14,801,1344,0,0,0.00751240189800817,26.75,0.030123624483817224,
8,ar1,0.25,14,802,1344,0,0,0.008950365237043068,29.5,0.413746188081188,
8,ar1,0.25,14,803,1344,0,0,0.053725660651470664,30.75,0.00000987012829589684,
8,ar1,0.25,14,804,1344,1,1,0.0007231557756117724,30.25,0.0004450950672434395,
8,ar1,0.25,14,805,1344,0,0,0.07907352368158915,31,0.39067546098673533,
8,ar1,0.25,14,806,1344,0,0,0.009850848478746066,28.5,0.9009009559320432,
8,ar1,0.25,14,807,1344,0,0,0.009788371640979121,28.5,0.03718318534073961,
8,ar1,0.25,14,808,1344,0,0,0.10442510463667198,31.5,0.09248209790711992,
8,ar1,0.25,14,809,1344,1,1,0.00023339648203490881,31.25,0.768353029025588,
8,ar1,0.25,14,810,1344,0,0,0.020861300936598992,30.25,0.09391219800780393,
8,ar1,0.25,14,811,1344,1,1,0.0005898059967176517,30.25,0.09833241899628964,
8,ar1,0.25,14,812,1344,0,0,0.0014951472008033484,26.5,0.00043212003546522215,
8,ar1,0.25,14,813,1344,0,0,0.0549210264299117,31.5,0.18053470677422256,
8,ar1,0.25,14,814,1344,0,0,0.01882051948011887,28.75,0.22886823374754828,
8,ar1,0.25,14,815,1344,0,0,0.00972360938977479,29,0.6064069702947543,
8,ar1,0.25,14,816,1344,0,0,0.21663573838178418,31.75,0.054275681940016085,
8,ar1,0.25,14,817,1344,0,0,0.1758375847139073,31.25,0.899544059848325,
8,ar1,0.25,14,818,1344,0,0,0.0039474406374028215,27.75,2.6549981102519382e-8,
8,ar1,0.25,14,819,1344,0,1,0.00258608757763501,31.75,0.23170447151197493,
8,ar1,0.25,14,820,1344,0,0,0.019860064957497703,31.5,0.004925828016304479,
8,ar1,0.25,14,821,1344,1,1,0.0003310619398380066,29.25,0.043197714834303236,
8,ar1,0.25,14,822,1344,1,1,0.00020666536208990838,26.25,0.01628551166139036,
8,ar1,0.25,14,823,1344,0,1,0.08358562292383187,32,0.6324071450641546,
8,ar1,0.25,14,824,1344,0,0,0.14472713055658915,31.25,0.40924818540637486,
8,ar1,0.25,14,825,1344,1,1,0.00002377840193046321,24.25,0.007780388505095548,
8,ar1,0.25,14,826,1344,0,0,0.0028824242379956733,27.5,0.14557578507027913,
8,ar1,0.25,14,827,1344,0,0,0.09647320160979145,32,0.11835718704624731,
8,ar1,0.25,14,828,1344,0,0,0.08937367142055819,32,0.0007858678779533168,
8,ar1,0.25,14,829,1344,0,1,0.0049228152838605155,31.75,0.00007958087937043334,
8,ar1,0.25,14,830,1344,0,0,0.0354635198208233,32,0.6736105481315031,
8,ar1,0.25,14,831,1344,0,0,0.03736877289019225,31,0.06208863970982481,
8,ar1,0.25,14,832,1344,0,0,0.012043154427176184,31.75,0.23666562521039403,
8,ar1,0.25,14,833,1344,0,0,0.10149967304741714,32,0.27907828547697755,
8,ar1,0.25,14,834,1344,0,0,0.11824318135582079,31.75,0.38379240057650044,
8,ar1,0.25,14,835,1344,0,0,0.022176439638019296,30,0.040215720941291,
8,ar1,0.25,14,836,1344,0,0,0.0549002709756613,31,0.011265689513004218,
8,ar1,0.25,14,837,1344,0,0,0.3208186580721172,32,0.000001218003891079178,
8,ar1,0.25,14,838,1344,0,0,0.011671688086564047,31.25,0.17085363194902603,
8,ar1,0.25,14,839,1344,0,0,0.04799484168872814,31.75,0.6517450951375631,
8,ar1,0.25,14,840,1344,1,1,0.0005018158948053575,22.75,0.001457916634238443,
8,ar1,0.25,14,841,1344,0,0,0.004979231090917913,29.25,0.527019651821641,
8,ar1,0.25,14,842,1344,0,0,0.007787370402408955,29.75,0.5471471056355725,
8,ar1,0.25,14,843,1344,0,0,0.04081976508474472,32,0.0002644501092370355,
8,ar1,0.25,14,844,1344,0,0,0.009905916131531467,31,0.006488567299715142,
8,ar1,0.25,14,845,1344,0,0,0.02401017192936039,30.25,0.9530522198614252,
8,ar1,0.25,14,846,1344,0,0,0.00582006028834936,28.5,0.6137060949553834,
8,ar1,0.25,14,847,1344,0,0,0.0671141611446664,30.5,0.028059185375188034,
8,ar1,0.25,14,848,1344,0,0,0.004135237344083831,32,0.035073621328204574,
8,ar1,0.25,14,849,1344,0,0,0.008808746599977213,27,0.000016827074028280542,
8,ar1,0.25,14,850,1344,0,0,0.03729243495063084,29.75,0.9267394654111673,
8,ar1,0.25,14,851,1344,0,0,0.0031999814629500856,28.75,0.00031331564275782764,
8,ar1,0.25,14,852,1344,0,0,0.32310005049027457,31,0.19152571312412836,
8,ar1,0.25,14,853,1344,1,1,5.585135497421234e-7,24.75,0.000023465025302704667,
8,ar1,0.25,14,854,1344,0,0,0.005585348988038086,29,0.4549563253227473,
8,ar1,0.25,14,855,1344,1,1,0.000018446449758124928,27.75,0.013301761916613697,
8,ar1,0.25,14,856,1344,0,0,0.010595455287721989,30.25,0.008469039825389046,
8,ar1,0.25,14,857,1344,0,0,0.0013357651880777643,26.5,0.038819005494872605,
8,ar1,0.25,14,858,1344,0,0,0.016825735377468454,31.75,0.4577293390817543,
8,ar1,0.25,14,859,1344,0,0,0.015703369752978813,31.25,0.6473725121402117,
8,ar1,0.25,14,860,1344,1,1,0.0004335635626030454,31.25,0.642752953028942,
8,ar1,0.25,14,861,1344,0,0,0.14200812656564854,31.75,0.05518214834583268,
8,ar1,0.25,14,862,1344,0,0,0.006922184395814046,30.5,0.3111358351356196,
8,ar1,0.25,14,863,1344,0,0,0.0031089589354588165,31.25,0.02965671355317001,
8,ar1,0.25,14,864,1344,0,0,0.07446952149168784,31.25,0.5786593819112265,
8,ar1,0.25,14,865,1344,0,0,0.05085040371699501,30.75,0.5527550930116911,
8,ar1,0.25,14,866,1344,0,0,0.06941481181860487,31.75,0.007921531593144238,
8,ar1,0.25,14,867,1344,0,0,0.06716909699023366,30,0.1113657234094444,
8,ar1,0.25,14,868,1344,1,1,0.00029862289408588705,28,0.0007897146305472225,
8,ar1,0.25,14,869,1344,1,1,1.908094572344865e-7,31,0.06838488005635734,
8,ar1,0.25,14,870,1344,0,0,0.009391341255024388,29.5,0.06447194559461622,
8,ar1,0.25,14,871,1344,0,0,0.011891624547345825,27.75,0.09596006178685701,
8,ar1,0.25,14,872,1344,1,1,0.0007015968576122855,27.25,0.7396960764452363,
8,ar1,0.25,14,873,1344,0,0,0.016794765849500015,30.75,0.5968205515604779,
8,ar1,0.25,14,874,1344,0,0,0.11175177131048342,30.5,0.0012535908827180364,
8,ar1,0.25,14,875,1344,0,0,0.03000668344978441,30.25,0.00417284382811145,
8,ar1,0.25,14,876,1344,0,1,0.019541454396670876,30.5,0.8027902032966958,
8,ar1,0.25,14,877,1344,0,0,0.0027603223910576125,31.25,0.04886704248075535,
8,ar1,0.25,14,878,1344,0,0,0.004428934096328718,26,0.23642266460102435,
8,ar1,0.25,14,879,1344,0,0,0.004521927053967034,30.75,0.28600524089343393,
8,ar1,0.25,14,880,1344,1,1,0.00020157830065437032,27,0.021983579840677336,
8,ar1,0.25,14,881,1344,0,0,0.004766254518314805,28.5,0.00018388792065771042,
8,ar1,0.25,14,882,1344,0,0,0.023184989089927388,31.25,0.4021312579632208,
8,ar1,0.25,14,883,1344,1,1,0.00038416544538810715,32,0.00008015473344480384,
8,ar1,0.25,14,884,1344,1,1,0.00002912177682956596,23,0.08504545125999563,
8,ar1,0.25,14,885,1344,0,0,0.038117519165085434,29.75,0.5987887212468679,
8,ar1,0.25,14,886,1344,0,1,0.03890177053871402,32,0.0004697036658413145,
8,ar1,0.25,14,887,1344,0,0,0.03435438317034434,28.75,0.12208517947237207,
8,ar1,0.25,14,888,1344,0,0,0.03931423444501947,30.75,0.3748327326886888,
8,ar1,0.25,14,889,1344,0,0,0.004889424991689761,29,0.6937033242193893,
8,ar1,0.25,14,890,1344,0,0,0.2299759022068213,31.25,0.4171446165422267,
8,ar1,0.25,14,891,1344,0,0,0.12616843179469817,31.25,0.017845161370766194,
8,ar1,0.25,14,892,1344,0,1,0.04718048155758914,28.75,0.0076065290340598946,
8,ar1,0.25,14,893,1344,0,0,0.02334849730489963,28.5,0.0010157137772281999,
8,ar1,0.25,14,894,1344,0,0,0.08988653791883827,31,0.036327919579541734,
8,ar1,0.25,14,895,1344,0,0,0.009579108911136669,30.75,0.000019468057145588524,
8,ar1,0.25,14,896,1344,0,0,0.17640732237624657,32,0.005354921195014795,
8,ar1,0.25,14,897,1344,0,0,0.001012293049422075,29.75,0.050321255788911556,
8,ar1,0.25,14,898,1344,0,0,0.007444259256140451,31.5,0.0009534697937506609,
8,ar1,0.25,14,899,1344,0,0,0.005638729981416457,31.5,0.025409093316766995,
8,ar1,0.25,14,900,1344,0,1,0.008167463291695598,30.75,0.8835457618433552,
8,ar1,0.25,14,901,1344,0,0,0.03242114870806301,28.25,0.02220595451175822,
8,ar1,0.25,14,902,1344,0,0,0.04384293243138582,32,0.12982238921601752,
8,ar1,0.25,14,903,1344,0,1,0.005447903700343315,28.25,0.0000013692009983579112,
8,ar1,0.25,14,904,1344,0,0,0.05634584538171117,32,0.0033774134435298198,
8,ar1,0.25,14,905,1344,0,1,0.0824513713254944,31.5,0.22348358852850314,
8,ar1,0.25,14,906,1344,0,0,0.034268171793158886,30.5,0.28793397001737464,
8,ar1,0.25,14,907,1344,0,0,0.10403212031709619,31.75,0.3798984136122162,
8,ar1,0.25,14,908,1344,0,1,0.03822488168217231,32,0.034872025850151034,
8,ar1,0.25,14,909,1344,0,0,0.00573160268594064,31.25,0.14922134666924092,
8,ar1,0.25,14,910,1344,0,1,0.0010789781496769457,27.25,0.38871191144422323,
8,ar1,0.25,14,911,1344,0,1,0.013005115455144822,30.75,0.0585983865866605,
8,ar1,0.25,14,912,1344,0,1,0.032683307311981324,30.5,0.00013607298303708326,
8,ar1,0.25,14,913,1344,0,0,0.04872654039724311,31.25,0.48002581236180486,
8,ar1,0.25,14,914,1344,0,0,0.01853025367648009,32,0.6771982777586486,
8,ar1,0.25,14,915,1344,0,1,0.03010766152898825,30,0.0020498412354460482,
8,ar1,0.25,14,916,1344,1,1,0.0008817577039691438,21.5,0.17581615615612933,
8,ar1,0.25,14,917,1344,0,0,0.009856932892065573,28.75,0.11799493511323855,
8,ar1,0.25,14,918,1344,0,0,0.005127954814989288,31.75,0.00022449855253259265,
8,ar1,0.25,14,919,1344,0,0,0.006548446624048521,30,0.21037076948790967,
8,ar1,0.25,14,920,1344,0,0,0.06310743062973223,31,0.1581270809645572,
8,ar1,0.25,14,921,1344,0,0,0.05885512547884597,30.5,0.6739659950049848,
8,ar1,0.25,14,922,1344,0,0,0.009531648589408914,30,0.0012415152217261083,
8,ar1,0.25,14,923,1344,0,0,0.0944311594020264,30.25,0.1126737695636092,
8,ar1,0.25,14,924,1344,0,0,0.011697692478318866,26,0.0017998414822694153,
8,ar1,0.25,14,925,1344,1,1,0.0005607298215690726,23,0.15162495774590246,
8,ar1,0.25,14,926,1344,0,0,0.024965556461690297,30.75,0.7237377567619536,
8,ar1,0.25,14,927,1344,0,0,0.017137562940996443,30.5,0.005743421474665555,
8,ar1,0.25,14,928,1344,0,0,0.0065575566479157965,25.75,0.3035798231833411,
8,ar1,0.25,14,929,1344,0,0,0.04814091714852231,31,0.27726232518030536,
8,ar1,0.25,14,930,1344,0,0,0.04476259192193777,31.75,0.10447404073506283,
8,ar1,0.25,14,931,1344,0,0,0.015213475177951463,30.75,0.913579209051974,
8,ar1,0.25,14,932,1344,0,1,0.0013581703224266883,26.25,0.05421180591767594,
8,ar1,0.25,14,933,1344,0,0,0.05740944349657773,32,0.9138376167875002,
8,ar1,0.25,14,934,1344,0,0,0.0976628331638032,32,0.3176408683742262,
8,ar1,0.25,14,935,1344,0,1,0.0013103007850930881,32,0.05841402644369531,
8,ar1,0.25,14,936,1344,0,0,0.020440864066510023,31.5,0.39566754412859284,
8,ar1,0.25,14,937,1344,0,0,0.056925834899280714,31.25,0.1323649673763143,
8,ar1,0.25,14,938,1344,0,0,0.14829925953985246,28.5,0.7442406589239032,
8,ar1,0.25,14,939,1344,0,1,0.038611093471572655,30.25,0.013994828583326013,
8,ar1,0.25,14,940,1344,0,0,0.0015133724216787048,26.25,0.1597543183138288,
8,ar1,0.25,14,941,1344,1,1,0.0006249319705702305,29.5,0.8699277423981806,
8,ar1,0.25,14,942,1344,0,0,0.023110982980005468,29.75,0.000027293953683837913,
8,ar1,0.25,14,943,1344,0,0,0.0910615081587316,30.75,0.00022815398324305125,
8,ar1,0.25,14,944,1344,0,0,0.09290299482326891,32,0.00005737653570170309,
8,ar1,0.25,14,945,1344,0,0,0.01892068992004703,31.75,0.41795890447305817,
8,ar1,0.25,14,946,1344,0,0,0.034032343804171195,31.5,0.44492723021434455,
8,ar1,0.25,14,947,1344,0,0,0.004893284499674966,24.75,0.004233884720259984,
8,ar1,0.25,14,948,1344,0,0,0.08849173424957824,32,0.0011584895787299931,
8,ar1,0.25,14,949,1344,1,1,0.0004924860382885532,30.75,0.3079913078250234,
8,ar1,0.25,14,950,1344,0,0,0.23410409548497924,31.25,0.0367707959867446,
8,ar1,0.25,14,951,1344,0,0,0.006827582637905727,29.25,0.02472595861201643,
8,ar1,0.25,14,952,1344,0,0,0.0218557794555182,31.25,0.0003947664639286641,
8,ar1,0.25,14,953,1344,0,0,0.073524953980309,28.75,0.03324463908276032,
8,ar1,0.25,14,954,1344,0,0,0.04180813966769925,29.25,0.5293307994541929,
8,ar1,0.25,14,955,1344,0,1,0.08312205593818156,31,0.15649194945119171,
8,ar1,0.25,14,956,1344,0,0,0.06029064502737369,30,0.2091843873158461,
8,ar1,0.25,14,957,1344,0,0,0.05394846003601628,30.25,0.0007392092776630221,
8,ar1,0.25,14,958,1344,0,0,0.041331993031247016,32,0.5262570247899558,
8,ar1,0.25,14,959,1344,0,0,0.0062619459625193885,29,0.4357937179776228,
8,ar1,0.25,14,960,1344,1,1,0.0007683926502571881,31,0.6634921338771389,
8,ar1,0.25,14,961,1344,0,0,0.01964530050772839,26.5,0.18916725592876382,
8,ar1,0.25,14,962,1344,0,0,0.0018077305604065064,26.5,0.223434895562589,
8,ar1,0.25,14,963,1344,0,1,0.001241914585485615,30.5,0.06949942465929626,
8,ar1,0.25,14,964,1344,0,0,0.0039158846793808655,26.5,0.08061482738276782,
8,ar1,0.25,14,965,1344,1,1,0.0004076130050298943,29.75,0.35202507066979416,
8,ar1,0.25,14,966,1344,0,0,0.040328320459444233,31.25,0.9760692275760271,
8,ar1,0.25,14,967,1344,0,0,0.02501573662802903,29.25,0.000904241213739998,
8,ar1,0.25,14,968,1344,0,0,0.024637443338685117,31.25,0.17091867004430872,
8,ar1,0.25,14,969,1344,0,0,0.005463300263359505,28.25,0.03338100338466354,
8,ar1,0.25,14,970,1344,0,0,0.002215956722511514,29.5,0.02156010489204907,
8,ar1,0.25,14,971,1344,0,1,0.09672273881023974,31.75,0.2797309750407614,
8,ar1,0.25,14,972,1344,0,0,0.015260627855620545,31.75,0.0000416295199945349,
8,ar1,0.25,14,973,1344,0,1,0.1885228327248254,31.25,0.39524963943054814,
8,ar1,0.25,14,974,1344,0,0,0.1030302844118215,32,0.000038987586703953525,
8,ar1,0.25,14,975,1344,0,0,0.023899207455518878,28,0.24164687277259844,
8,ar1,0.25,14,976,1344,0,0,0.007903633194725312,30.5,0.05399530747682413,
8,ar1,0.25,14,977,1344,0,0,0.009116987729037684,31,0.003549395153919388,
8,ar1,0.25,14,978,1344,0,0,0.030949078317510703,29.75,0.6699846858638239,
8,ar1,0.25,14,979,1344,0,0,0.00333029762413406,27,0.0021921594647184017,
8,ar1,0.25,14,980,1344,0,0,0.03202675419522849,31.25,0.0005474248264242254,
8,ar1,0.25,14,981,1344,0,0,0.04549763289665898,31.5,0.38434904016799,
8,ar1,0.25,14,982,1344,0,0,0.010573403777663137,26.75,0.4703548317316685,
8,ar1,0.25,14,983,1344,0,0,0.04610763452548716,31,0.03326996985745123,
8,ar1,0.25,14,984,1344,0,0,0.0009585646947983806,29.5,0.9165421912414637,
8,ar1,0.25,14,985,1344,0,0,0.04173494435437386,31.25,0.000001763530075638009,
8,ar1,0.25,14,986,1344,0,0,0.0022017664452285146,28,0.000058124705787254705,
8,ar1,0.25,14,987,1344,0,0,0.012294594955849614,29.25,0.17094937970534463,
8,ar1,0.25,14,988,1344,0,0,0.00919994673732738,27.75,0.4240042090614087,
8,ar1,0.25,14,989,1344,0,0,0.0025847926491278095,31.25,0.590898441703926,
8,ar1,0.25,14,990,1344,0,0,0.027442123538388152,32,0.2618317967420952,
8,ar1,0.25,14,991,1344,0,0,0.06579925850816326,28.25,0.000003496789615087259,
8,ar1,0.25,14,992,1344,0,0,0.02502985069775643,31.25,0.009308927133434342,
8,ar1,0.25,14,993,1344,0,0,0.0021616458627223833,27.25,0.8276499278233613,
8,ar1,0.25,14,994,1344,0,1,0.01807366017937695,29.25,0.008344896740110519,
8,ar1,0.25,14,995,1344,0,0,0.024672855681354244,32,0.18599313641586357,
8,ar1,0.25,14,996,1344,1,1,0.00016252054478993472,23.5,0.000002317279243602144,
8,ar1,0.25,14,997,1344,0,0,0.004616588605787064,29.5,0.24483774345357412,
8,ar1,0.25,14,998,1344,0,0,0.017534431015410634,28.5,0.050977283347169,
8,ar1,0.25,14,999,1344,0,0,0.04014187440235073,32,0.8555388639595354,
